15 998 32745 1009 31762 31756 967 935 871 743 487 30746 29722 27674 23578 15386
15 2022 31721 1969 30802 31756 1991 31659 1895 1767 1511 949 28762 26714 22618 14426
15 2022 27625 6065 30802 31756 1991 27563 1895 1767 1511 5045 28762 27676 22618 14426
15 2022 11241 22449 30802 31756 1991 11179 1895 1767 1511 21429 28762 27676 22618 15388
15 998 2025 31665 31826 31756 967 1963 871 743 487 30810 29724 27676 23580 15388
15 998 1001 32689 31826 31756 967 939 871 743 487 30748 29724 27676 23580 15388
15 4070 29673 3761 29010 31756 4039 29611 3943 29419 3559 2741 1717 24922 20826 12634
15 4070 21481 11953 29010 31756 4039 21419 3943 21227 3559 10933 9909 24922 23580 12634
15 2022 7145 26289 31058 31756 1991 7083 1895 6891 1511 25269 29018 26970 23580 15388
15 2022 3049 30385 31058 31756 1991 2987 1895 2795 1511 29365 29018 27676 23580 15388
15 2022 1001 32433 31058 31756 1991 939 1895 747 1511 31413 29724 27676 23580 15388
15 9190 8169 25265 23890 31756 9159 8107 9063 7915 8679 22874 21850 19802 17077 15388
15 998 4073 29361 32082 31756 967 4011 871 3819 487 31066 30042 27676 23580 15388
15 998 2025 31409 32082 31756 967 1963 871 1771 487 31066 29724 27676 23580 15388
15 998 1001 32433 32082 31756 967 939 871 747 487 30748 29724 27676 23580 15388
15 2022 10729 22193 31058 32268 1991 10667 1895 10475 21685 21173 29018 28188 22874 15900
15 3886 3945 32689 32595 28876 3975 28826 28788 3631 3375 2863 1839 24796 20700 12508
15 3886 12137 24497 32595 28876 3975 28826 28788 3631 3375 2863 1839 24796 20698 12508
15 3886 28521 8113 32595 28876 3975 28826 28788 3631 3375 2863 1839 24796 20698 12506
15 3886 32617 4017 32595 28876 3975 28826 28788 3631 3375 2863 1839 24794 20698 12506
15 3886 8041 28593 24403 28876 12167 28826 28788 3631 3375 2863 1839 24794 20724 12508
15 3886 24425 12209 24403 28876 12167 28826 28788 3631 3375 2863 1839 24794 20724 12506
15 3886 3945 32177 32595 28876 3975 29338 28788 3631 3435 2863 1839 24796 20700 12508
15 3886 3945 32177 24403 28876 12167 29338 28788 3631 3435 2863 1839 24796 20724 12508
15 3886 3945 32177 8019 28876 28551 29338 28788 3631 3435 2863 1839 24796 20724 12532
15 3886 8041 28081 32595 28876 3975 29338 28788 3631 7531 2863 1839 25306 20700 12508
15 3886 16233 19889 32595 28876 3975 29338 28788 3631 15723 2863 1839 25306 21210 12508
15 3886 16233 19889 16211 28876 20359 29338 28788 3631 15723 2863 1839 25306 21210 12532
15 3886 8041 28081 24403 28876 12167 29338 28788 3631 7531 2863 1839 25306 20724 12508
15 3886 8041 28081 8019 28876 28551 29338 28788 3631 7531 2863 1839 25306 20724 12532
15 3886 3945 32177 3923 28876 32647 29338 28788 3631 3435 2863 1839 24820 20724 12532
15 7982 3945 30129 28499 28876 8071 27290 28788 7727 3435 6959 1899 26037 20700 12508
15 7982 3945 30129 12115 28876 24455 27290 28788 7727 3435 6959 1899 26037 20700 12532
15 7982 12137 21937 28499 28876 8071 27290 28788 7727 11627 6959 10091 17845 19162 12508
15 7982 3945 30129 3923 28876 32647 27290 28788 7727 3435 6959 1899 26037 20724 12532
15 3886 3945 30129 32595 28876 3975 31386 28788 3631 3435 2863 1899 24796 20700 12508
15 3886 3945 30129 24403 28876 12167 31386 28788 3631 3435 2863 1899 24796 20724 12508
15 7982 7529 28593 32083 25292 8071 28826 25204 7727 28085 6959 5935 3435 17116 8924
15 7982 7529 28593 15699 25292 24455 28826 25204 7727 28085 6959 5935 3435 17116 8948
15 7982 15721 20401 32083 25292 8071 28826 25204 7727 19893 6959 5935 11627 20698 8924
15 7982 32105 4017 32083 25292 8071 28826 25204 7727 3509 6959 5935 28011 20698 12506
15 7982 15721 20401 15699 25292 24455 28826 25204 7727 19893 6959 5935 11627 20698 8948
15 7982 7529 28593 7507 25292 32647 28826 25204 7727 28085 6959 5935 3435 17140 8948
15 7982 7529 28593 32083 29388 3975 28826 25204 7727 28085 6959 5935 27995 21212 13020
15 7982 23913 12209 32083 29388 3975 28826 25204 7727 11701 6959 5935 27995 21212 12506
15 7982 32105 4017 32083 29388 3975 28826 25204 7727 3509 6959 5935 27995 20698 12506
15 7982 15721 20401 15699 29388 20359 28826 25204 7727 19893 6959 5935 11611 20698 8948
15 3886 3433 32689 32083 29388 3975 28826 29300 3631 32181 2863 1839 25308 21212 13020
15 3886 19817 16305 32083 29388 3975 28826 29300 3631 15797 2863 1839 25308 21212 12506
15 3886 28009 8113 32083 29388 3975 28826 29300 3631 7605 2863 1839 25308 20698 12506
15 3886 19817 16305 23891 29388 12167 28826 29300 3631 15797 2863 1839 25308 21236 12506
15 3886 32105 4017 32083 29388 3975 28826 29300 3631 3509 2863 1839 24794 20698 12506
15 3886 28009 8113 27987 29388 8071 28826 29300 3631 7605 2863 1839 25332 20698 12506
15 3886 19817 16305 19795 29388 16263 28826 29300 3631 15797 2863 1839 25332 21236 12506
15 3886 3433 32689 3411 29388 32647 28826 29300 3631 32181 2863 1839 25332 21236 13044
15 3886 7529 26545 32083 29388 3975 30874 29300 3631 26037 2863 5483 26842 21212 13020
15 3886 23913 10161 32083 29388 3975 30874 29300 3631 9653 2863 21867 26842 21212 14554
15 16174 13673 20401 30035 19148 16263 28826 19060 15919 19893 15151 18357 9579 5483 2780
15 16174 30057 4017 30035 19148 16263 28826 19060 15919 3509 15151 1973 25963 21867 12506
15 16174 13673 20401 13651 19148 32647 28826 19060 15919 19893 15151 18357 9579 5483 2804
15 7982 30057 4017 30035 27340 8071 28826 27252 7727 3509 6959 1973 25963 20698 12506
15 7982 21865 12209 21843 27340 16263 28826 27252 7727 11701 6959 10165 17771 19188 12506
15 16174 30057 4017 30035 23244 12167 28826 19060 15919 3509 15151 1973 25947 21867 12506
15 16174 13673 20401 13651 23244 28551 28826 19060 15919 19893 15151 18357 9563 5483 2804
15 16174 30057 4017 30035 31436 3975 28826 19060 15919 3509 15151 1973 25947 21851 12506
15 24366 21865 12209 30035 15052 20359 28826 10868 24111 11701 23343 10165 25947 6876 5483
15 24366 21865 12209 30035 31436 3975 28826 10868 24111 11701 23343 10165 25947 23260 13659
15 7982 21865 12209 30035 31436 3975 28826 27252 7727 11701 6959 10165 25947 23260 12506
15 7982 30057 4017 30035 31436 3975 28826 27252 7727 3509 6959 1973 25947 20698 12506
15 7982 21865 12209 21843 31436 12167 28826 27252 7727 11701 6959 10165 17755 19188 12506
15 3886 30057 4017 30035 31436 3975 28826 31348 3631 3509 2863 1973 24794 20698 12506
15 20270 19817 14257 32083 15052 18311 30874 12916 20015 13749 19247 30043 10972 6876 3435
15 3886 28009 6065 32083 31436 1927 30874 29300 3631 5557 2863 30043 27356 22746 14554
15 3886 11625 22449 15699 31436 18311 30874 29300 3631 21941 2863 13659 27356 22746 13044
15 3886 23913 10161 23891 31436 10119 30874 29300 3631 9653 2863 21851 26842 21236 14554
15 16174 15721 20401 30035 25292 8071 28826 19060 15919 19893 15151 6055 11627 21851 8924
15 16174 32105 4017 30035 25292 8071 28826 19060 15919 3509 15151 6055 28011 21851 12506
15 7982 7529 28593 30035 25292 8071 28826 27252 7727 28085 6959 6055 3435 17116 8924
15 7982 15721 20401 30035 25292 8071 28826 27252 7727 19893 6959 6055 11627 20698 8924
15 7982 32105 4017 30035 25292 8071 28826 27252 7727 3509 6959 6055 28011 20698 12506
15 7982 7529 28593 21843 25292 16263 28826 27252 7727 28085 6959 14247 3435 19188 8924
15 7982 23913 12209 21843 25292 16263 28826 27252 7727 11701 6959 14247 19819 19188 12506
15 7982 7529 28593 5459 25292 32647 28826 27252 7727 28085 6959 30631 3435 19188 10996
15 7982 23913 12209 30035 29388 3975 28826 27252 7727 11701 6959 1959 25947 21212 12506
15 7982 7529 28593 13651 29388 20359 28826 27252 7727 28085 6959 18343 9563 21212 10996
15 7982 32105 4017 30035 29388 3975 28826 27252 7727 3509 6959 1959 25947 20698 12506
15 7982 23913 12209 21843 29388 12167 28826 27252 7727 11701 6959 10151 17755 19188 12506
15 3886 3433 32689 30035 29388 3975 28826 31348 3631 32181 2863 1959 25308 21212 13020
15 3886 19817 16305 30035 29388 3975 28826 31348 3631 15797 2863 1959 25308 21212 12506
15 3886 28009 8113 30035 29388 3975 28826 31348 3631 7605 2863 1959 25308 20698 12506
15 3886 32105 4017 30035 29388 3975 28826 31348 3631 3509 2863 1959 24794 20698 12506
15 3886 3433 32689 25939 29388 8071 28826 31348 3631 32181 2863 6055 27380 21212 13020
15 3886 19817 16305 25939 29388 8071 28826 31348 3631 15797 2863 6055 27380 21212 12506
15 3886 28009 8113 25939 29388 8071 28826 31348 3631 7605 2863 6055 27380 20698 12506
15 20270 19817 16305 17747 29388 16263 28826 14964 20015 15797 19247 14247 10996 6900 1371
15 7982 23913 10161 31059 29388 3975 30874 26228 7727 9653 2983 21867 26971 21212 14554
15 3886 11625 22449 31059 29388 3975 30874 30324 3631 21941 2983 9579 25308 22746 13020
15 32558 32105 4017 29011 29388 3975 28826 3700 32303 3509 2983 1959 24923 20827 12635
15 16174 32105 4017 29011 29388 3975 28826 20084 15919 3509 2983 1959 24923 20827 12506
15 7982 23913 12209 29011 29388 3975 28826 28276 7727 11701 2983 1959 24923 21212 12506
15 7982 32105 4017 29011 29388 3975 28826 28276 7727 3509 2983 1959 24923 20698 12506
15 3886 32105 4017 29011 29388 3975 28826 32372 3631 3509 2983 1959 24794 20698 12506
15 13166 15721 29681 32083 20172 15239 29855 20084 14895 31157 18650 18362 9071 4975 3804
15 13166 15721 29681 15699 20172 31623 29855 20084 14895 31157 18650 18362 9071 4975 3828
15 13166 32105 13297 32083 20172 15239 29855 20084 14895 14773 18650 18362 9071 4975 3290
15 13166 23913 13297 23891 28364 15239 29855 28276 14895 14773 18650 18362 9071 5109 3290
15 13166 15721 29681 23891 20172 15239 21663 28276 14895 31157 18650 26554 9071 7079 3804
15 13166 32105 13297 23891 20172 15239 21663 28276 14895 14773 18650 26554 9071 7079 3290
15 13166 15721 29681 32083 20172 15239 21663 20084 14895 31157 18650 26554 9071 6959 3804
15 13166 15721 29681 15699 20172 31623 21663 20084 14895 31157 18650 26554 9071 6959 3828
15 13166 32105 13297 32083 20172 15239 21663 20084 14895 14773 18650 26554 9071 6959 3290
15 13166 7529 29681 7507 28364 31623 21663 28276 14895 31157 18650 26554 9071 23477 12020
15 13166 23913 13297 23891 28364 15239 21663 28276 14895 14773 18650 26554 9071 7093 3290
15 4974 32105 5105 32083 28364 7047 29855 28276 6703 6581 26842 26554 879 19674 11482
15 5998 32105 6129 32083 28364 23431 13471 28276 23087 22965 10463 26554 17263 19674 15290
15 29550 32105 25585 32083 3788 31623 29855 3700 31279 27061 6362 6074 28011 21359 13167
15 29550 32105 9201 32083 3788 31623 29855 3700 31279 10677 22746 22458 28011 21359 15723
15 29550 15721 25585 15699 20172 31623 29855 20084 31279 27061 6362 6074 11627 21359 9205
15 13166 15721 25585 32083 20172 15239 29855 20084 14895 27061 22746 22458 11627 4975 3804
15 13166 15721 25585 15699 20172 31623 29855 20084 14895 27061 22746 22458 11627 4975 3828
15 29550 32105 25585 32083 3788 31623 13471 3700 31279 27061 6362 22458 28011 21359 15151
15 29550 15721 25585 15699 20172 31623 13471 20084 31279 27061 6362 22458 11627 21359 11189
15 13166 32105 9201 32083 20172 15239 29855 20084 14895 10677 22746 22458 28011 4975 7386
15 29550 32105 1009 32083 3788 31623 29855 3700 31279 2485 30938 30650 28011 23915 15723
15 29550 15721 17393 15699 20172 31623 29855 20084 31279 18869 14554 14266 11627 7531 1013
15 13166 15721 17393 32083 20172 15239 29855 20084 14895 18869 30938 30650 11627 7531 3804
15 13166 15721 17393 15699 20172 31623 29855 20084 14895 18869 30938 30650 11627 7531 3828
15 29550 15721 17393 15699 20172 31623 13471 20084 31279 18869 14554 30650 11627 7531 2997
15 13166 32105 1009 32083 20172 15239 29855 20084 14895 2485 30938 30650 28011 23915 15578
15 13166 23913 9201 23891 28364 15239 29855 28276 14895 10677 22746 22458 19819 1013 7386
15 29550 32105 1009 32083 11980 23431 29855 3700 31279 2485 30938 30650 28011 23899 15723
15 29550 15721 17393 15699 28364 23431 29855 20084 31279 18869 14554 14266 11627 7515 1013
15 29550 32105 1009 32083 28364 7047 29855 3700 31279 2485 30938 30650 28011 23899 15707
15 13166 15721 17393 15699 28364 23431 29855 20084 14895 18869 30938 30650 11627 7515 3828
15 29550 15721 17393 15699 28364 23431 13471 20084 31279 18869 14554 30650 11627 7515 2997
15 13166 32105 1009 32083 28364 7047 29855 20084 14895 2485 30938 30650 28011 23899 15578
15 29550 32105 25585 23891 3788 31623 21663 11892 31279 27061 6362 14266 28011 23463 13167
15 29550 32105 9201 23891 3788 31623 21663 11892 31279 10677 22746 30650 28011 23463 15723
15 29550 15721 25585 7507 20172 31623 21663 28276 31279 27061 6362 14266 11627 23463 9205
15 29550 32105 9201 23891 20172 15239 21663 11892 31279 10677 22746 30650 28011 7079 7515
15 13166 15721 25585 23891 20172 15239 21663 28276 14895 27061 22746 30650 11627 7079 3804
15 29550 32105 25585 7507 3788 31623 5279 28276 31279 27061 6362 30650 28011 23463 15271
15 13166 15721 25585 7507 20172 31623 21663 28276 14895 27061 22746 30650 11627 23463 12020
15 29550 32105 25585 23891 3788 31623 5279 11892 31279 27061 6362 30650 28011 23463 15151
15 29550 15721 25585 7507 20172 31623 5279 28276 31279 27061 6362 30650 11627 23463 11189
15 13166 32105 9201 23891 20172 15239 21663 28276 14895 10677 22746 30650 28011 7079 7386
15 4974 23913 9201 23891 28364 15239 29855 28276 6703 10677 30938 30650 19819 20212 15578
15 29550 32105 9201 32083 3788 31623 21663 3700 31279 10677 22746 30650 28011 23343 15723
15 13166 15721 25585 32083 20172 15239 21663 20084 14895 27061 22746 30650 11627 6959 3804
15 13166 15721 25585 15699 20172 31623 21663 20084 14895 27061 22746 30650 11627 6959 3828
15 29550 32105 25585 32083 3788 31623 5279 3700 31279 27061 6362 30650 28011 23343 15151
15 29550 15721 25585 15699 20172 31623 5279 20084 31279 27061 6362 30650 11627 23343 11189
15 13166 32105 9201 32083 20172 15239 21663 20084 14895 10677 22746 30650 28011 6959 7386
15 13166 23913 9201 23891 28364 15239 21663 28276 14895 10677 22746 30650 19819 2997 7386
15 4974 32105 1009 32083 28364 7047 29855 28276 6703 2485 30938 30650 28011 23770 15578
15 29550 32105 25585 32083 7884 27527 29855 3700 31279 27061 6362 6074 27995 21359 13167
15 29550 32105 9201 32083 7884 27527 29855 3700 31279 10677 22746 22458 27995 21359 15723
15 29550 15721 25585 15699 24268 27527 29855 20084 31279 27061 6362 6074 11611 21359 9205
15 29550 32105 9201 32083 24268 11143 29855 3700 31279 10677 22746 22458 27995 21359 15707
15 29550 32105 25585 15699 7884 27527 13471 20084 31279 27061 6362 22458 11611 21359 11175
15 13166 15721 25585 15699 24268 27527 29855 20084 14895 27061 22746 22458 11611 4975 3828
15 29550 32105 25585 32083 7884 27527 13471 3700 31279 27061 6362 22458 27995 21359 15151
15 29550 15721 25585 15699 24268 27527 13471 20084 31279 27061 6362 22458 11611 21359 11189
15 13166 32105 9201 32083 24268 11143 29855 20084 14895 10677 22746 22458 27995 4975 7386
15 13166 23913 9201 23891 32460 11143 29855 28276 14895 10677 22746 22458 19803 1013 7386
15 29550 15721 17393 15699 32460 19335 29855 20084 31279 18869 14554 14266 11611 7515 1013
15 29550 32105 1009 32083 32460 2951 29855 3700 31279 2485 30938 30650 27995 23899 15707
15 29550 32105 17393 15699 16076 19335 13471 20084 31279 18869 14554 30650 11611 7515 2983
15 13166 15721 17393 15699 32460 19335 29855 20084 14895 18869 30938 30650 11611 7515 3828
15 29550 15721 17393 15699 32460 19335 13471 20084 31279 18869 14554 30650 11611 7515 2997
15 13166 32105 1009 32083 32460 2951 29855 20084 14895 2485 30938 30650 27995 23899 15578
15 21358 23913 25585 32083 16076 19335 29855 11892 23087 27061 14554 14266 27995 7900 4975
15 21358 23913 9201 32083 16076 19335 29855 11892 23087 10677 30938 30650 27995 7900 7531
15 21358 23913 9201 32083 32460 2951 29855 11892 23087 10677 30938 30650 27995 24284 15707
15 21358 23913 25585 15699 16076 19335 13471 28276 23087 27061 14554 30650 11611 7900 2983
15 21358 23913 25585 32083 32460 2951 29855 28276 6703 10677 30938 14266 27995 24284 13535
15 21358 23913 25585 32083 16076 19335 13471 11892 23087 27061 14554 30650 27995 7900 6959
15 4974 23913 9201 32083 32460 2951 29855 28276 6703 10677 30938 30650 27995 24284 15578
15 13166 32105 9201 23891 24268 11143 21663 28276 14895 10677 22746 30650 19803 2983 7386
15 4974 23913 9201 23891 32460 11143 29855 28276 6703 10677 30938 30650 19803 20212 15578
15 29550 32105 9201 32083 7884 27527 21663 3700 31279 10677 22746 30650 27995 23343 15723
15 29550 15721 25585 15699 24268 27527 21663 20084 31279 27061 6362 14266 11611 23343 9205
15 29550 32105 9201 32083 24268 11143 21663 3700 31279 10677 22746 30650 27995 23343 15707
15 29550 32105 25585 15699 7884 27527 5279 20084 31279 27061 6362 30650 11611 23343 11175
15 13166 15721 25585 15699 24268 27527 21663 20084 14895 27061 22746 30650 11611 6959 3828
15 29550 32105 25585 32083 7884 27527 5279 3700 31279 27061 6362 30650 27995 23343 15151
15 29550 15721 25585 15699 24268 27527 5279 20084 31279 27061 6362 30650 11611 23343 11189
15 13166 32105 9201 32083 24268 11143 21663 20084 14895 10677 22746 30650 27995 6959 7386
15 13166 23913 9201 23891 32460 11143 21663 28276 14895 10677 22746 30650 19803 2997 7386
15 4974 32105 1009 32083 32460 2951 29855 28276 6703 2485 30938 30650 27995 23770 15578
15 29550 32105 13297 19795 20172 15239 17567 15988 31279 14773 18650 30650 11175 7079 3419
15 29550 32105 29681 19795 20172 15239 17567 32372 14895 14773 18650 14266 11175 7079 1247
15 13166 32105 13297 19795 20172 15239 17567 32372 14895 14773 18650 30650 11175 7079 3290
15 13166 15721 29681 27987 20172 15239 17567 24180 14895 31157 18650 30650 11175 6959 3804
15 29550 32105 29681 27987 20172 15239 17567 24180 14895 14773 18650 14266 11175 6959 1247
15 13166 32105 13297 27987 20172 15239 17567 24180 14895 14773 18650 30650 11175 6959 3290
15 4974 32105 5105 27987 28364 7047 25759 32372 6703 6581 26842 30650 2983 19674 11482
15 29550 32105 29681 32083 7884 27527 29855 7796 27183 27061 6362 1978 25823 21359 13167
15 29550 32105 13297 32083 7884 27527 29855 7796 27183 10677 22746 18362 25823 21359 15723
15 29550 15721 29681 15699 24268 27527 29855 24180 27183 27061 6362 1978 25823 21359 13301
15 29550 32105 13297 32083 24268 11143 29855 7796 27183 10677 22746 18362 25823 21359 15707
15 13166 15721 29681 32083 24268 11143 29855 24180 10799 27061 22746 18362 25823 4975 7900
15 29550 32105 29681 15699 7884 27527 13471 24180 27183 27061 6362 18362 9439 21359 11175
15 29550 32105 29681 32083 24268 11143 29855 24180 10799 10677 22746 1978 25823 21359 13535
15 13166 15721 29681 15699 24268 27527 29855 24180 10799 27061 22746 18362 25823 4975 7924
15 29550 32105 29681 32083 7884 27527 13471 7796 27183 27061 6362 18362 9439 21359 11055
15 29550 15721 29681 15699 24268 27527 13471 24180 27183 27061 6362 18362 9439 21359 11189
15 13166 32105 13297 32083 24268 11143 29855 24180 10799 10677 22746 18362 25823 4975 7386
15 29550 32105 5105 32083 7884 27527 29855 7796 27183 2485 30938 26554 25823 23915 15723
15 29550 32105 5105 32083 24268 11143 29855 7796 27183 2485 30938 26554 25823 23915 15707
15 13166 15721 21489 32083 24268 11143 29855 24180 10799 18869 30938 26554 25823 7531 7900
15 29550 32105 21489 15699 7884 27527 13471 24180 27183 18869 14554 26554 9439 23915 11175
15 29550 32105 21489 32083 24268 11143 29855 24180 10799 2485 30938 10170 25823 23915 13535
15 13166 15721 21489 15699 24268 27527 29855 24180 10799 18869 30938 26554 25823 7531 7924
15 29550 32105 21489 32083 7884 27527 13471 7796 27183 18869 14554 26554 9439 23915 11055
15 29550 15721 21489 15699 24268 27527 13471 24180 27183 18869 14554 26554 9439 7531 2997
15 13166 32105 5105 32083 24268 11143 29855 24180 10799 2485 30938 26554 25823 23915 15578
15 29550 32105 5105 32083 32460 2951 29855 7796 27183 2485 30938 26554 25823 23899 15707
15 29550 32105 21489 15699 16076 19335 13471 24180 27183 18869 14554 26554 9439 7515 2983
15 29550 32105 21489 32083 32460 2951 29855 24180 10799 2485 30938 10170 25823 23899 13535
15 29550 32105 21489 32083 16076 19335 13471 7796 27183 18869 14554 26554 9439 23899 11055
15 29550 15721 21489 15699 32460 19335 13471 24180 27183 18869 14554 26554 9439 7515 2997
15 13166 32105 5105 32083 32460 2951 29855 24180 10799 2485 30938 26554 25823 23899 15578
15 13166 32105 13297 23891 24268 11143 21663 32372 10799 10677 22746 26554 17631 2983 7386
15 29550 32105 29681 15699 16076 19335 13471 32372 18991 18869 14554 18362 9439 5343 2983
15 29550 32105 29681 32083 32460 2951 29855 32372 2607 2485 30938 1978 25823 21727 13535
15 29550 32105 29681 32083 16076 19335 13471 15988 18991 18869 14554 18362 9439 5343 2863
15 13166 32105 13297 32083 32460 2951 29855 32372 2607 2485 30938 18362 25823 21727 15578
15 13166 32105 13297 32083 24268 11143 21663 24180 10799 10677 22746 26554 17631 2863 7386
15 4974 32105 5105 32083 32460 2951 29855 32372 2607 2485 30938 26554 25823 23770 15578
15 21358 32105 21489 32083 16076 19399 21695 15988 27183 27061 14554 10170 25823 8090 4975
15 21358 32105 5105 32083 16076 19399 21695 15988 27183 10677 30938 26554 25823 24474 15723
15 21358 32105 5105 32083 32460 3015 21695 15988 27183 10677 30938 26554 25823 24474 15707
15 21358 32105 21489 15699 16076 19399 21695 32372 27183 27061 14554 26554 9439 8090 3047
15 4974 32105 5105 32083 32460 3015 21695 32372 10799 10677 30938 26554 25823 24474 15578
15 4974 15721 21489 15699 32460 19399 5311 32372 27183 27061 30938 26554 9439 24474 12212
15 4974 15721 21489 32083 32460 3015 5311 32372 27183 27061 30938 26554 25823 24474 16284
15 21358 32105 21489 15699 16076 19399 5311 32372 27183 27061 14554 26554 9439 24474 11175
15 13166 15721 29681 32083 20172 15239 17567 20084 14895 31157 18650 30650 11055 6959 3804
15 29550 32105 29681 32083 20172 15239 17567 20084 14895 14773 18650 14266 11055 6959 1247
15 13166 15721 29681 15699 20172 31623 17567 20084 14895 31157 18650 30650 11055 6959 3828
15 13166 32105 13297 32083 20172 15239 17567 20084 14895 14773 18650 30650 11055 6959 3290
15 29550 23913 29681 23891 28364 15239 17567 28276 14895 14773 18650 14266 11055 7093 1247
15 13166 23913 13297 23891 28364 15239 17567 28276 14895 14773 18650 30650 11055 7093 3290
15 4974 32105 5105 32083 28364 7047 25759 28276 6703 6581 26842 30650 2863 19674 11482
15 878 32105 1009 32083 32460 2951 29855 32372 2607 2485 30938 30650 27866 23770 15578
15 25454 32105 25585 32083 7884 31623 25759 7796 31279 31157 6362 6074 4026 17263 9071
15 25454 15721 25585 15699 24268 31623 25759 24180 31279 31157 6362 6074 4026 17263 9205
15 9070 32105 9201 32083 24268 15239 25759 24180 14895 14773 22746 22458 20410 879 7386
15 25454 32105 17393 32083 7884 31623 25759 7796 31279 22965 14554 14266 12218 23915 9071
15 25454 32105 1009 32083 7884 31623 25759 7796 31279 6581 30938 30650 28602 23915 15723
15 25454 15721 17393 15699 24268 31623 25759 24180 31279 22965 14554 14266 12218 7531 1013
15 25454 32105 17393 15699 7884 31623 9375 24180 31279 22965 14554 30650 28602 23915 15271
15 25454 32105 17393 32083 24268 15239 25759 24180 14895 6581 30938 14266 12218 23915 9439
15 9070 15721 17393 15699 24268 31623 25759 24180 14895 22965 30938 30650 28602 7531 7924
15 25454 32105 17393 32083 7884 31623 9375 7796 31279 22965 14554 30650 28602 23915 15151
15 25454 15721 17393 15699 24268 31623 9375 24180 31279 22965 14554 30650 28602 7531 7093
15 9070 32105 1009 32083 24268 15239 25759 24180 14895 6581 30938 30650 28602 23915 15578
15 25454 32105 17393 32083 16076 23431 25759 7796 31279 22965 14554 14266 12218 23899 9071
15 25454 32105 1009 32083 16076 23431 25759 7796 31279 6581 30938 30650 28602 23899 15723
15 25454 15721 17393 15699 32460 23431 25759 24180 31279 22965 14554 14266 12218 7515 1013
15 25454 32105 1009 32083 32460 7047 25759 7796 31279 6581 30938 30650 28602 23899 15707
15 9070 15721 17393 32083 32460 7047 25759 24180 14895 22965 30938 30650 28602 23899 16092
15 25454 32105 17393 15699 16076 23431 9375 24180 31279 22965 14554 30650 28602 7515 7079
15 25454 32105 17393 32083 32460 7047 25759 24180 14895 6581 30938 14266 12218 23899 9439
15 9070 15721 17393 15699 32460 23431 25759 24180 14895 22965 30938 30650 28602 7515 7924
15 25454 32105 17393 32083 16076 23431 9375 7796 31279 22965 14554 30650 28602 23899 15151
15 25454 15721 17393 15699 32460 23431 9375 24180 31279 22965 14554 30650 28602 7515 7093
15 9070 32105 1009 32083 32460 7047 25759 24180 14895 6581 30938 30650 28602 23899 15578
15 25454 32105 25585 23891 7884 31623 17567 15988 31279 31157 6362 14266 12218 23463 9071
15 25454 32105 25585 7507 7884 31623 1183 32372 31279 31157 6362 30650 28602 23463 15271
15 25454 32105 25585 23891 24268 15239 17567 32372 14895 14773 22746 14266 12218 7079 1247
15 9070 32105 9201 23891 24268 15239 17567 32372 14895 14773 22746 30650 28602 7079 7386
15 25454 32105 25585 32083 16076 23431 25759 15988 23087 22965 14554 6074 4026 17631 9071
15 25454 32105 25585 32083 32460 7047 25759 32372 6703 6581 30938 6074 4026 17631 9439
15 9070 32105 9201 32083 32460 7047 25759 32372 6703 6581 30938 22458 20410 17631 15578
15 25454 32105 25585 32083 7884 31623 17567 7796 31279 31157 6362 14266 12218 23343 9071
15 25454 15721 25585 15699 24268 31623 17567 24180 31279 31157 6362 14266 12218 23343 9205
15 25454 32105 25585 15699 7884 31623 1183 24180 31279 31157 6362 30650 28602 23343 15271
15 25454 32105 25585 32083 24268 15239 17567 24180 14895 14773 22746 14266 12218 6959 1247
15 25454 32105 25585 32083 7884 31623 1183 7796 31279 31157 6362 30650 28602 23343 15151
15 25454 15721 25585 15699 24268 31623 1183 24180 31279 31157 6362 30650 28602 23343 15285
15 9070 32105 9201 32083 24268 15239 17567 24180 14895 14773 22746 30650 28602 6959 7386
15 878 32105 1009 32083 32460 7047 25759 32372 6703 6581 30938 30650 28602 23770 15578
15 17262 32105 17393 32083 16076 31623 17567 15988 31279 31157 14554 14266 12218 8122 879
15 17262 32105 1009 32083 16076 31623 17567 15988 31279 14773 30938 30650 28602 24506 15723
15 17262 32105 1009 32083 32460 15239 17567 15988 31279 14773 30938 30650 28602 24506 15707
15 17262 32105 17393 15699 16076 31623 1183 32372 31279 31157 14554 30650 28602 24506 15271
15 17262 32105 17393 32083 32460 15239 17567 32372 14895 14773 30938 14266 12218 8122 1247
15 17262 32105 17393 32083 16076 31623 1183 15988 31279 31157 14554 30650 28602 24506 15151
15 878 32105 1009 32083 32460 15239 17567 32372 14895 14773 30938 30650 28602 24506 15578
15 878 32105 1009 32083 32460 31623 1183 32372 31279 31157 30938 30650 28602 24506 16314
15 29550 32105 13297 27987 20172 15239 29855 7796 31279 14773 18650 18362 9191 21359 11611
15 13166 15721 29681 27987 20172 15239 29855 24180 14895 31157 18650 18362 9191 4975 3804
15 13166 32105 13297 27987 20172 15239 29855 24180 14895 14773 18650 18362 9191 4975 3290
15 29550 32105 21489 27987 3788 31623 29855 7796 31279 22965 10458 10170 25575 23915 13167
15 29550 32105 5105 27987 3788 31623 29855 7796 31279 6581 26842 26554 25575 23915 15723
15 29550 15721 21489 11603 20172 31623 29855 24180 31279 22965 10458 10170 25575 7531 5109
15 29550 32105 5105 27987 20172 15239 29855 7796 31279 6581 26842 26554 9191 23915 11611
15 13166 15721 21489 27987 20172 15239 29855 24180 14895 22965 26842 26554 9191 7531 3804
15 29550 32105 21489 11603 3788 31623 13471 24180 31279 22965 10458 26554 25575 23915 15271
15 13166 15721 21489 11603 20172 31623 29855 24180 14895 22965 26842 26554 25575 7531 7924
15 13166 32105 5105 27987 20172 15239 29855 24180 14895 6581 26842 26554 9191 23915 11482
15 29550 32105 5105 27987 28364 7047 29855 7796 31279 6581 26842 26554 999 19803 11611
15 13166 15721 21489 27987 28364 7047 29855 24180 14895 22965 26842 26554 999 19803 11996
15 13166 32105 5105 27987 28364 7047 29855 24180 14895 6581 26842 26554 999 19803 11482
15 29550 32105 13297 19795 20172 15239 21663 15988 31279 14773 18650 26554 9191 7079 3419
15 13166 32105 13297 19795 20172 15239 21663 32372 14895 14773 18650 26554 9191 7079 3290
15 29550 32105 29681 27987 11980 23431 29855 15988 23087 22965 10458 1978 25575 21727 13167
15 29550 32105 13297 27987 11980 23431 29855 15988 23087 6581 26842 18362 25575 21727 15723
15 29550 32105 13297 27987 28364 7047 29855 15988 23087 6581 26842 18362 9191 21727 11611
15 29550 32105 29681 11603 11980 23431 13471 32372 23087 22965 10458 18362 25575 5343 7079
15 29550 32105 29681 27987 28364 7047 29855 32372 6703 6581 26842 1978 25575 21727 13535
15 29550 32105 29681 27987 11980 23431 13471 15988 23087 22965 10458 18362 25575 5343 6959
15 13166 32105 13297 27987 28364 7047 29855 32372 6703 6581 26842 18362 9191 21727 11482
15 13166 32105 13297 27987 28364 23431 13471 32372 23087 22965 26842 18362 9191 5343 4026
15 29550 32105 29681 11603 11980 23431 29855 32372 23087 22965 10458 1978 25575 21727 13287
15 4974 32105 5105 27987 28364 7047 29855 32372 6703 6581 26842 26554 999 19674 11482
15 5998 32105 6129 27987 28364 8071 29855 32372 23087 22965 10495 26554 17383 19674 15322
15 29550 32105 29681 32083 3788 31623 29855 3700 31279 27061 6362 1978 25967 21359 13167
15 29550 32105 13297 32083 3788 31623 29855 3700 31279 10677 22746 18362 25967 21359 15723
15 13166 15721 29681 32083 20172 15239 29855 20084 14895 27061 22746 18362 9583 4975 3804
15 13166 15721 29681 15699 20172 31623 29855 20084 14895 27061 22746 18362 9583 4975 3828
15 29550 15721 29681 15699 20172 31623 13471 20084 31279 27061 6362 18362 9583 21359 11189
15 13166 32105 13297 32083 20172 15239 29855 20084 14895 10677 22746 18362 25967 4975 7386
15 29550 32105 29681 32083 3788 31623 29855 3700 31279 10677 22746 1978 25967 21359 13679
15 29550 32105 5105 32083 3788 31623 29855 3700 31279 2485 30938 26554 25967 23915 15723
15 13166 15721 21489 32083 20172 15239 29855 20084 14895 18869 30938 26554 9583 7531 3804
15 13166 15721 21489 15699 20172 31623 29855 20084 14895 18869 30938 26554 9583 7531 3828
15 29550 32105 21489 32083 3788 31623 13471 3700 31279 18869 14554 26554 25967 23915 15151
15 29550 15721 21489 15699 20172 31623 13471 20084 31279 18869 14554 26554 9583 7531 2997
15 13166 32105 5105 32083 20172 15239 29855 20084 14895 2485 30938 26554 25967 23915 15578
15 29550 32105 21489 32083 3788 31623 29855 3700 31279 2485 30938 10170 25967 23915 13679
15 29550 23913 29681 23891 11980 31623 29855 11892 31279 27061 6362 1978 25967 21493 13167
15 29550 23913 13297 23891 11980 31623 29855 11892 31279 10677 22746 18362 25967 5109 7531
15 29550 7529 29681 7507 28364 31623 29855 28276 31279 27061 6362 1978 25967 21493 13301
15 29550 23913 13297 23891 28364 15239 29855 11892 31279 10677 22746 18362 25967 5109 7515
15 13166 7529 29681 23891 28364 15239 29855 28276 14895 27061 22746 18362 9583 21493 11996
15 29550 23913 29681 7507 11980 31623 13471 28276 31279 27061 6362 18362 25967 21493 15271
15 29550 23913 29681 23891 28364 15239 29855 28276 14895 10677 22746 1978 25967 21493 13535
15 13166 7529 29681 7507 28364 31623 29855 28276 14895 27061 22746 18362 9583 21493 12020
15 29550 23913 29681 23891 11980 31623 13471 11892 31279 27061 6362 18362 25967 21493 15151
15 29550 7529 29681 7507 28364 31623 13471 28276 31279 27061 6362 18362 9583 21493 11189
15 13166 23913 13297 23891 28364 15239 29855 28276 14895 10677 22746 18362 25967 5109 7386
15 29550 23913 29681 23891 11980 31623 29855 11892 31279 10677 22746 1978 25967 21493 13679
15 29550 32105 21489 32083 11980 23431 29855 3700 31279 18869 14554 10170 25967 23899 13167
15 29550 32105 5105 32083 11980 23431 29855 3700 31279 2485 30938 26554 25967 23899 15723
15 29550 32105 5105 32083 28364 7047 29855 3700 31279 2485 30938 26554 25967 23899 15707
15 13166 15721 21489 32083 28364 7047 29855 20084 14895 18869 30938 26554 9583 23899 11996
15 29550 32105 21489 15699 11980 23431 13471 20084 31279 18869 14554 26554 25967 7515 7079
15 13166 15721 21489 15699 28364 23431 29855 20084 14895 18869 30938 26554 9583 7515 3828
15 29550 32105 21489 32083 11980 23431 13471 3700 31279 18869 14554 26554 25967 23899 15151
15 29550 15721 21489 15699 28364 23431 13471 20084 31279 18869 14554 26554 9583 7515 2997
15 13166 32105 5105 32083 28364 7047 29855 20084 14895 2485 30938 26554 25967 23899 15578
15 29550 32105 21489 32083 11980 23431 29855 3700 31279 2485 30938 10170 25967 23899 13679
15 4974 7529 29681 32083 28364 7047 29855 28276 6703 27061 30938 26554 1391 20188 11996
15 4974 7529 29681 15699 28364 23431 29855 28276 6703 27061 30938 26554 1391 20188 12020
15 21358 7529 29681 15699 28364 23431 13471 28276 23087 27061 14554 26554 1391 20188 11189
15 4974 23913 13297 32083 28364 7047 29855 28276 6703 10677 30938 26554 17775 20188 15578
15 29550 7529 29681 7507 28364 31623 5279 28276 31279 27061 6362 26554 1391 19381 11189
15 13166 23913 13297 23891 28364 15239 21663 28276 14895 10677 22746 26554 17775 2997 7386
15 21358 32105 21489 32083 11980 31623 21663 11892 31279 27061 14554 10170 17775 4026 4975
15 21358 32105 5105 32083 11980 31623 21663 11892 31279 10677 30938 26554 17775 20410 15723
15 21358 15721 21489 15699 28364 31623 21663 28276 31279 27061 14554 10170 17775 4026 5109
15 21358 32105 5105 32083 28364 15239 21663 11892 31279 10677 30938 26554 17775 20410 15707
15 4974 15721 21489 32083 28364 15239 21663 28276 14895 27061 30938 26554 1391 20410 11996
15 21358 15721 21489 15699 28364 31623 5279 28276 31279 27061 14554 26554 1391 20410 11189
15 4974 32105 5105 32083 28364 31623 5279 28276 31279 27061 30938 26554 1391 20410 12218
15 21358 23913 29681 23891 11980 31623 21663 11892 31279 27061 14554 10170 17775 4020 4975
15 21358 23913 13297 23891 11980 31623 21663 11892 31279 10677 30938 26554 17775 4020 7531
15 21358 7529 29681 7507 28364 31623 21663 28276 31279 27061 14554 10170 17775 20404 13301
15 21358 23913 13297 23891 28364 15239 21663 11892 31279 10677 30938 26554 17775 4020 7515
15 4974 7529 29681 23891 28364 15239 21663 28276 14895 27061 30938 26554 1391 20404 11996
15 21358 23913 29681 7507 11980 31623 5279 28276 31279 27061 14554 26554 17775 20404 15271
15 21358 23913 29681 23891 28364 15239 21663 28276 14895 10677 30938 10170 17775 4020 5343
15 4974 7529 29681 7507 28364 31623 21663 28276 14895 27061 30938 26554 1391 20404 12020
15 21358 23913 29681 23891 11980 31623 5279 11892 31279 27061 14554 26554 17775 20404 15151
15 21358 7529 29681 7507 28364 31623 5279 28276 31279 27061 14554 26554 1391 20404 11189
15 4974 23913 13297 23891 28364 15239 21663 28276 14895 10677 30938 26554 17775 20404 15578
15 4974 23913 13297 23891 28364 31623 5279 28276 31279 27061 30938 26554 1391 20404 12218
15 21358 23913 29681 23891 11980 31623 21663 11892 31279 10677 30938 10170 17775 4020 5487
15 4974 7529 29681 7507 28364 31623 5279 28276 31279 27061 30938 26554 1391 20404 12212
15 4974 23913 13297 23891 28364 15239 21663 28276 14895 27061 30938 26554 1391 20404 11994
15 21358 23913 13297 23891 28364 15239 21663 28276 14895 10677 30938 26554 17775 4020 7387
15 5102 7657 29681 23891 28364 15239 21663 11895 31279 27061 30938 26554 17775 20404 16220
15 5102 23913 13297 23891 28364 31623 5279 11893 31279 27061 30938 26554 17775 20404 16186
15 29550 32105 21489 32083 3788 31623 21663 3700 31279 27061 14554 10170 25967 24363 13167
15 29550 32105 5105 32083 3788 31623 21663 3700 31279 10677 30938 26554 25967 24363 15723
15 29550 15721 21489 15699 20172 31623 21663 20084 31279 27061 14554 10170 25967 7979 5109
15 29550 32105 5105 32083 20172 15239 21663 3700 31279 10677 30938 26554 25967 24363 15707
15 13166 15721 21489 32083 20172 15239 21663 20084 14895 27061 30938 26554 9583 7979 3804
15 29550 15721 21489 15699 20172 31623 5279 20084 31279 27061 14554 26554 9583 24363 11189
15 13166 32105 5105 32083 20172 31623 5279 20084 31279 27061 30938 26554 9583 24363 12218
15 29550 32105 5105 32083 3788 31623 5279 3700 31279 27061 30938 26554 25967 24363 16171
15 26478 32105 29681 32083 7884 31623 29855 7796 31279 28085 27355 6074 2558 18287 10095
15 26478 32105 13297 32083 7884 31623 29855 7796 31279 11701 27355 22458 18942 18287 15723
15 26478 15721 29681 15699 24268 31623 29855 24180 31279 28085 10971 6074 18942 18287 13301
15 26478 32105 13297 32083 24268 15239 29855 7796 31279 11701 27355 22458 18942 18287 15707
15 10094 15721 29681 32083 24268 15239 29855 24180 14895 28085 27355 22458 18942 1903 7900
15 26478 32105 5105 32083 7884 31623 29855 7796 31279 3509 27355 30650 27134 23915 15723
15 26478 32105 5105 32083 24268 15239 29855 7796 31279 3509 27355 30650 27134 23915 15707
15 26478 32105 21489 15699 7884 31623 13471 24180 31279 19893 10971 30650 27134 23915 15271
15 10094 15721 21489 15699 24268 31623 29855 24180 14895 19893 27355 30650 27134 7531 7924
15 26478 32105 21489 32083 7884 31623 13471 7796 31279 19893 10971 30650 27134 23915 15151
15 26478 23913 13297 23891 16076 31623 29855 15988 31279 11701 19163 22458 27134 5109 7531
15 26478 7529 29681 7507 32460 31623 29855 32372 31279 28085 2779 6074 27134 21493 13301
15 26478 23913 13297 23891 32460 15239 29855 15988 31279 11701 19163 22458 27134 5109 7515
15 10094 7529 29681 23891 32460 15239 29855 32372 14895 28085 19163 22458 27134 21493 16092
15 26478 23913 29681 7507 16076 31623 13471 32372 31279 28085 2779 22458 27134 21493 15271
15 26478 23913 29681 23891 32460 15239 29855 32372 14895 11701 19163 6074 27134 21493 13535
15 10094 7529 29681 7507 32460 31623 29855 32372 14895 28085 19163 22458 27134 21493 16116
15 26478 23913 29681 23891 16076 31623 13471 15988 31279 28085 2779 22458 27134 21493 15151
15 26478 7529 29681 7507 32460 31623 13471 32372 31279 28085 19163 22458 10750 21493 12213
15 26478 23913 13297 23891 32460 15239 29855 32372 14895 28085 19163 22458 10750 5109 3803
15 26478 32105 5105 32083 32460 7047 29855 7796 31279 3509 27355 30650 27134 23899 15707
15 10094 15721 21489 32083 32460 7047 29855 24180 14895 19893 27355 30650 27134 23899 16092
15 26478 32105 21489 15699 16076 23431 13471 24180 31279 19893 10971 30650 27134 7515 7079
15 10094 15721 21489 15699 32460 23431 29855 24180 14895 19893 27355 30650 27134 7515 7924
15 18286 23913 13297 32083 16076 23431 29855 15988 23087 11701 27355 30650 27134 7900 7531
15 1902 7529 29681 32083 32460 7047 29855 32372 6703 28085 27355 30650 27134 24284 16092
15 1902 7529 29681 15699 32460 23431 29855 32372 6703 28085 27355 30650 27134 24284 16116
15 18286 32105 21489 32083 16076 31623 21663 15988 31279 28085 27355 14266 10750 8122 1903
15 18286 32105 5105 32083 16076 31623 21663 15988 31279 11701 27355 30650 27134 24506 15723
15 18286 15721 21489 15699 32460 31623 21663 32372 31279 28085 10971 14266 27134 8122 5109
15 18286 32105 5105 32083 32460 15239 21663 15988 31279 11701 27355 30650 27134 24506 15707
15 1902 15721 21489 32083 32460 15239 21663 32372 14895 28085 27355 30650 27134 24506 16092
15 18286 15721 21489 15699 32460 31623 5279 32372 31279 28085 27355 30650 10750 24506 12213
15 1902 32105 5105 32083 32460 31623 5279 32372 31279 28085 27355 30650 27134 24506 16314
15 1902 32105 21489 32083 32460 31623 21663 32372 31279 11701 10971 30650 27134 24506 14846
15 18286 23913 29681 23891 16076 31623 21663 15988 31279 28085 19163 14266 10750 7092 1903
15 18286 23913 13297 23891 16076 31623 21663 15988 31279 11701 19163 30650 27134 7092 7531
15 18286 7529 29681 7507 32460 31623 21663 32372 31279 28085 2779 14266 27134 23476 13301
15 18286 23913 13297 23891 32460 15239 21663 15988 31279 11701 19163 30650 27134 7092 7515
15 1902 7529 29681 23891 32460 15239 21663 32372 14895 28085 19163 30650 27134 23476 16092
15 18286 23913 29681 7507 16076 31623 5279 32372 31279 28085 2779 30650 27134 23476 15271
15 18286 23913 29681 23891 32460 15239 21663 32372 14895 11701 19163 14266 27134 7092 5343
15 1902 7529 29681 7507 32460 31623 21663 32372 14895 28085 19163 30650 27134 23476 16116
15 18286 23913 29681 23891 16076 31623 5279 15988 31279 28085 2779 30650 27134 23476 15151
15 1902 23913 13297 23891 32460 31623 5279 32372 31279 28085 19163 30650 27134 23476 16314
15 1902 7529 29681 7507 32460 31623 5279 32372 31279 28085 2779 30650 27134 23476 15284
15 1902 23913 13297 23891 32460 15239 21663 32372 14895 11701 19163 30650 27134 23476 15578
15 18286 23913 13297 23891 16076 31623 21663 15988 31279 28085 19163 30650 10750 7092 3947
15 18286 23913 29681 23891 32460 15239 21663 32372 14895 28085 19163 14266 10750 7092 1759
15 18286 23913 13297 23891 32460 15239 21663 32372 14895 11701 19163 30650 27134 7092 7387
15 26478 32105 21489 32083 7884 31623 21663 7796 31279 28085 27355 14266 2558 20267 10095
15 26478 32105 5105 32083 7884 31623 21663 7796 31279 11701 27355 30650 18942 20267 15723
15 26478 15721 21489 15699 24268 31623 21663 24180 31279 28085 10971 14266 18942 3883 5109
15 26478 32105 5105 32083 24268 15239 21663 7796 31279 11701 27355 30650 18942 20267 15707
15 10094 15721 21489 32083 24268 15239 21663 24180 14895 28085 27355 30650 18942 3883 7900
15 26478 15721 21489 15699 24268 31623 5279 24180 31279 28085 27355 30650 2558 20267 12213
15 10094 32105 5105 32083 24268 31623 5279 24180 31279 28085 27355 30650 18942 20267 16314
15 10094 32105 21489 32083 24268 31623 21663 24180 31279 11701 10971 30650 18942 3883 6654
15 26478 32105 5105 32083 7884 31623 5279 7796 31279 28085 27355 30650 2558 20267 12075
15 10094 15721 21489 15699 24268 31623 5279 24180 31279 28085 10971 30650 18942 20267 15284
15 10094 15721 21489 15699 24268 31623 21663 24180 31279 28085 10971 30650 18942 3883 7156
15 26478 32105 21489 32083 7884 31623 21663 7796 31279 11701 10971 14266 18942 20267 12655
15 26478 15721 21489 15699 24268 31623 21663 24180 14895 28085 27355 14266 18942 3883 5877
15 26478 32105 21489 32083 24268 31623 21663 24180 31279 11701 10971 14266 18942 3883 4607
15 26478 32105 29681 23891 7884 31623 21663 15988 31279 28085 27355 14266 2558 20391 10095
15 26478 32105 13297 23891 7884 31623 21663 15988 31279 11701 27355 30650 18942 20391 15723
15 26478 32105 13297 23891 24268 15239 21663 15988 31279 11701 27355 30650 18942 4007 7515
15 26478 32105 29681 7507 7884 31623 5279 32372 31279 28085 10971 30650 18942 20391 15271
15 26478 32105 29681 23891 24268 15239 21663 32372 14895 11701 27355 14266 18942 4007 5343
15 26478 32105 29681 23891 7884 31623 5279 15988 31279 28085 10971 30650 18942 20391 15151
15 26478 32105 13297 23891 24268 15239 21663 32372 14895 28085 27355 30650 2558 20391 11995
15 10094 32105 13297 23891 24268 31623 5279 32372 31279 28085 27355 30650 18942 20391 16314
15 10094 15721 29681 7507 24268 31623 5279 32372 31279 28085 10971 30650 18942 20391 15284
15 10094 15721 29681 23891 24268 31623 21663 32372 31279 28085 10971 30650 18942 4007 7164
15 10094 32105 13297 23891 24268 15239 21663 32372 14895 11701 27355 30650 18942 4007 7386
15 26478 32105 29681 23891 7884 31623 21663 15988 31279 11701 10971 14266 18942 20391 12655
15 26478 32105 29681 23891 24268 31623 21663 15988 31279 11701 10971 14266 18942 4007 4479
15 26478 32105 29681 23891 24268 15239 21663 15988 31279 11701 27355 14266 18942 4007 5471
15 26478 32105 29681 23891 7884 31623 29855 15988 31279 28085 27355 6074 2558 18407 10095
15 26478 32105 13297 23891 7884 31623 29855 15988 31279 11701 27355 22458 18942 18407 15723
15 26478 15721 29681 7507 24268 31623 29855 32372 31279 28085 10971 6074 18942 18407 13301
15 26478 32105 13297 23891 24268 15239 29855 15988 31279 11701 27355 22458 18942 2023 7515
15 10094 15721 29681 23891 24268 15239 29855 32372 14895 28085 27355 22458 18942 2023 7900
15 26478 32105 29681 7507 7884 31623 13471 32372 31279 28085 10971 22458 18942 18407 15271
15 26478 32105 29681 23891 24268 15239 29855 32372 14895 11701 27355 6074 18942 18407 13535
15 10094 15721 29681 7507 24268 31623 29855 32372 14895 28085 27355 22458 18942 18407 16116
15 10094 15721 29681 7507 24268 31623 13471 32372 31279 28085 10971 22458 18942 18407 15284
15 10094 15721 29681 23891 24268 31623 13471 32372 31279 28085 10971 22458 18942 2023 7100
15 10094 32105 13297 23891 24268 15239 29855 32372 14895 11701 27355 22458 18942 2023 7386
15 26478 32105 13297 23891 7884 31623 13471 15988 31279 28085 27355 22458 2558 18407 12075
15 26478 32105 29681 7507 7884 31623 13471 32372 31279 28085 27355 22458 2558 18407 12199
15 26478 32105 13297 23891 24268 15239 29855 15988 31279 28085 27355 22458 2558 18407 12123
15 10094 32105 13305 7511 24268 31623 13471 32372 31279 28085 27355 22458 18942 18407 16306
15 26478 32105 13305 8023 7884 31623 29855 32372 31279 11709 27355 22458 18942 18407 15843
15 26478 15849 29681 23891 24268 15239 29855 15990 31279 28085 27355 22458 18942 2023 8029
15 26478 23913 29681 23891 16076 31623 29855 15988 23087 28085 27355 6074 2558 18165 10095
15 26478 23913 13297 23891 16076 31623 29855 15988 23087 11701 27355 22458 18942 1781 7531
15 26478 7529 29681 7507 32460 31623 29855 32372 23087 28085 10971 6074 18942 18165 13301
15 26478 23913 13297 23891 32460 15239 29855 15988 23087 11701 27355 22458 18942 1781 7515
15 10094 7529 29681 23891 32460 15239 29855 32372 6703 28085 27355 22458 18942 18165 16092
15 26478 23913 29681 7507 16076 31623 13471 32372 23087 28085 10971 22458 18942 18165 15271
15 26478 23913 29681 23891 32460 15239 29855 32372 6703 11701 27355 6074 18942 18165 13535
15 10094 7529 29681 7507 32460 31623 29855 32372 6703 28085 27355 22458 18942 18165 16116
15 26478 23913 29681 23891 16076 31623 13471 15988 23087 28085 10971 22458 18942 1781 6959
15 10094 23913 13297 23891 32460 31623 13471 32372 23087 28085 27355 22458 18942 1781 8122
15 26478 7529 29681 7507 32460 31623 29855 32372 6703 28085 27355 6074 2558 18165 9973
15 10094 7529 29681 7507 32460 31623 13471 32372 23087 28085 10971 22458 18942 18165 15284
15 10094 23913 13297 23891 32460 15239 29855 32372 6703 11701 27355 22458 18942 18165 15578
15 10094 23913 13297 23891 32460 15239 29855 32372 23087 11701 27355 22458 18942 1781 7642
15 10094 23913 29681 23891 32460 31623 13471 32372 23087 28085 10971 22458 18942 1781 7102
15 26478 23913 13297 23891 16076 31623 13471 15988 23087 28085 27355 22458 2558 18165 12075
15 26478 23913 13297 23891 16076 31623 13471 15988 23087 28085 27355 22458 18942 1781 7979
15 26478 7529 29681 23891 32460 15239 29855 32372 6703 28085 27355 6074 2558 18165 9949
15 26478 23913 29681 8019 32460 31623 29855 32372 6703 11709 27355 6074 18942 18165 13559
15 29550 28137 29681 32083 7884 27527 29855 3702 31279 31157 6362 1978 26461 21359 13167
15 29550 11753 29681 15699 24268 27527 29855 20086 31279 31157 6362 1978 26461 21359 13301
15 29550 28137 13297 32083 24268 11143 29855 3702 31279 14773 22746 18362 26461 21359 15707
15 29550 28137 29681 15699 7884 27527 13471 20086 31279 31157 6362 18362 10077 21359 11175
15 29550 28137 29681 32083 24268 11143 29855 20086 14895 14773 22746 1978 26461 21359 13535
15 13166 28137 13297 32083 24268 11143 29855 20086 14895 14773 22746 18362 26461 4975 7386
15 29550 28137 21489 32083 7884 27527 29855 11894 31279 22965 14554 10170 18269 19947 13167
15 29550 28137 5105 32083 7884 27527 29855 28278 31279 6581 30938 26554 1885 19947 11755
15 29550 11753 21489 15699 24268 27527 29855 28278 31279 22965 14554 10170 18269 3563 5109
15 29550 28137 5105 32083 24268 11143 29855 11894 31279 6581 30938 26554 18269 19947 15707
15 13166 11753 21489 32083 24268 11143 29855 28278 14895 22965 30938 26554 18269 3563 7900
15 29550 28137 21489 15699 7884 27527 13471 28278 31279 22965 14554 26554 1885 19947 11175
15 29550 28137 21489 32083 24268 11143 29855 28278 14895 6581 30938 10170 18269 19947 13535
15 13166 28137 21489 15699 24268 27527 29855 28278 14895 22965 30938 26554 1885 19947 12022
15 29550 28137 21489 32083 7884 27527 13471 11894 31279 22965 14554 26554 18269 19947 15151
15 29550 11753 21489 15699 24268 27527 13471 28278 31279 22965 14554 26554 18269 3563 7093
15 13166 28137 5105 32083 24268 11143 29855 28278 14895 6581 30938 26554 18269 19947 15578
15 13166 28137 5105 32083 24268 27527 13471 28278 31279 22965 30938 26554 1885 19947 12218
15 29550 11753 21489 32083 24268 11143 29855 11894 31279 22965 30938 10170 18269 3563 5981
15 29550 11753 21489 15699 32460 19335 29855 20086 31279 22965 14554 10170 26461 7515 5109
15 29550 28137 5105 32083 32460 2951 29855 3702 31279 6581 30938 26554 26461 23899 15707
15 13166 11753 21489 32083 32460 2951 29855 20086 14895 22965 30938 26554 26461 23899 16092
15 29550 28137 21489 15699 16076 19335 13471 20086 31279 22965 14554 26554 10077 7515 2983
15 29550 28137 21489 32083 32460 2951 29855 20086 14895 6581 30938 10170 26461 23899 13535
15 13166 28137 5105 32083 32460 2951 29855 20086 14895 6581 30938 26554 26461 23899 15578
15 29550 28137 29681 7507 7884 27527 5279 28278 31279 31157 6362 26554 1885 19367 11175
15 29550 28137 29681 15699 16076 19335 13471 28278 23087 22965 14554 18362 10077 5343 2983
15 29550 28137 29681 32083 32460 2951 29855 28278 6703 6581 30938 1978 26461 21727 13535
15 13166 28137 13297 32083 32460 2951 29855 28278 6703 6581 30938 18362 26461 21727 15578
15 29550 11753 29681 32083 32460 2951 29855 11894 23087 22965 30938 1978 26461 21727 14173
15 29550 28137 29681 32083 7884 27527 21663 3702 31279 31157 6362 10170 26461 23343 13167
15 29550 11753 29681 15699 24268 27527 21663 20086 31279 31157 6362 10170 26461 23343 13301
15 29550 28137 13297 32083 24268 11143 21663 3702 31279 14773 22746 26554 26461 23343 15707
15 13166 11753 29681 32083 24268 11143 21663 20086 14895 31157 22746 26554 26461 6959 7900
15 29550 28137 29681 15699 7884 27527 5279 20086 31279 31157 6362 26554 10077 23343 11175
15 29550 28137 29681 32083 24268 11143 21663 20086 14895 14773 22746 10170 26461 6959 5343
15 29550 28137 29681 32083 7884 27527 5279 3702 31279 31157 6362 26554 26461 23343 15151
15 29550 11753 29681 15699 24268 27527 5279 20086 31279 31157 6362 26554 26461 23343 15285
15 13166 28137 13297 32083 24268 11143 21663 20086 14895 14773 22746 26554 26461 6959 7386
15 21358 28137 21489 15699 16076 19335 13471 28278 23087 22965 14554 26554 10077 7386 2983
15 4974 28137 5105 32083 32460 2951 29855 28278 6703 6581 30938 26554 26461 23770 15578
15 21358 28137 21489 32083 16076 27527 21663 11894 31279 31157 14554 10170 18269 4026 4975
15 21358 28137 5105 32083 32460 11143 21663 11894 31279 14773 30938 26554 18269 20410 15707
15 21358 28137 21489 15699 16076 27527 5279 28278 31279 31157 14554 26554 1885 20410 11175
15 21358 28137 21489 32083 32460 11143 21663 28278 14895 14773 30938 10170 18269 4026 5343
15 21358 28137 21489 32083 16076 27527 5279 11894 31279 31157 14554 26554 18269 20410 15151
15 4974 28137 5105 32083 32460 11143 21663 28278 14895 14773 30938 26554 18269 20410 15578
15 4974 28137 5105 32083 32460 27527 5279 28278 31279 31157 30938 26554 1885 20410 12218
15 21358 11753 21489 32083 32460 11143 21663 11894 31279 31157 30938 10170 18269 4026 5981
15 29550 19945 29681 32083 16076 19335 29855 3702 31279 31157 14554 1978 26461 22365 13167
15 29550 19945 13297 32083 32460 2951 29855 3702 31279 14773 30938 18362 26461 22365 15707
15 29550 19945 29681 15699 16076 19335 13471 20086 31279 31157 14554 18362 10077 5981 2983
15 29550 19945 29681 32083 16076 19335 13471 3702 31279 31157 14554 18362 26461 22365 15151
15 13166 19945 13297 32083 32460 2951 29855 20086 14895 14773 30938 18362 26461 22365 15578
15 29550 3561 29681 32083 32460 2951 29855 3702 31279 31157 30938 1978 26461 22365 14173
15 21358 19945 29681 23891 16076 27527 21663 11894 31279 31157 14554 10170 26461 8116 4975
15 21358 19945 13297 23891 16076 27527 21663 28278 31279 14773 30938 26554 10077 8116 3563
15 21358 3561 29681 7507 32460 27527 21663 28278 31279 31157 14554 10170 26461 24500 13301
15 21358 19945 13297 23891 32460 11143 21663 11894 31279 14773 30938 26554 26461 8116 7515
15 4974 3561 29681 23891 32460 11143 21663 28278 14895 31157 30938 26554 26461 24500 16092
15 21358 19945 29681 7507 16076 27527 5279 28278 31279 31157 14554 26554 10077 24500 11175
15 21358 19945 29681 23891 32460 11143 21663 28278 14895 14773 30938 10170 26461 8116 5343
15 4974 19945 29681 7507 32460 27527 21663 28278 14895 31157 30938 26554 10077 24500 12022
15 21358 19945 29681 23891 16076 27527 5279 11894 31279 31157 14554 26554 26461 24500 15151
15 21358 3561 29681 7507 32460 27527 5279 28278 31279 31157 14554 26554 26461 24500 15285
15 4974 19945 13297 23891 32460 11143 21663 28278 14895 14773 30938 26554 26461 24500 15578
15 4974 19945 13297 23891 32460 27527 5279 28278 31279 31157 30938 26554 10077 24500 12218
15 21358 3561 29681 23891 32460 11143 21663 11894 31279 31157 30938 10170 26461 24500 14173
15 4974 3561 29681 7507 32460 27527 5279 28278 31279 31157 30938 26554 26461 24500 16308
15 4974 19945 13297 23891 32460 27527 21663 28278 14895 14773 30938 26554 10077 24500 11514
15 4974 19945 29681 7507 32460 27527 5279 28278 31279 31157 30938 26554 10077 24500 12214
15 21358 3561 29681 23891 32460 27527 21663 11894 31279 31157 14554 10170 26461 24500 13181
15 21358 19945 29681 23891 32460 11143 21663 11894 31279 14773 30938 10170 26461 8116 5471
15 21358 3561 29681 23891 32460 11143 21663 28278 14895 31157 30938 10170 26461 24500 14045
15 21358 19945 13297 23891 32460 11143 21663 28278 14895 14773 30938 26554 26461 8116 7387
15 21358 19945 13297 23891 32460 27527 21663 28278 14895 14773 30938 26554 10077 8116 3323
15 21358 28137 21489 32083 16076 27527 29855 11894 23087 22965 14554 10170 18269 3322 4975
15 21358 28137 5105 32083 16076 27527 29855 28278 23087 6581 30938 26554 1885 19706 11755
15 21358 28137 21489 15699 16076 27527 13471 28278 23087 22965 14554 26554 1885 19706 11175
15 21358 28137 21489 32083 32460 11143 29855 28278 6703 6581 30938 10170 18269 19706 13535
15 4974 28137 5105 32083 32460 11143 29855 28278 6703 6581 30938 26554 18269 19706 15578
15 13166 28137 13297 32083 32460 11143 29855 28278 23087 22965 30938 26554 18269 3327 8154
15 21358 28137 29681 23891 16076 27527 21663 11894 31279 31157 14554 10170 18269 4022 4975
15 21358 28137 13297 23891 16076 27527 21663 28278 31279 14773 30938 26554 1885 20406 11755
15 21358 11753 29681 7507 32460 27527 21663 28278 31279 31157 14554 10170 18269 20406 13301
15 21358 28137 13297 23891 32460 11143 21663 11894 31279 14773 30938 26554 18269 4022 7515
15 4974 11753 29681 23891 32460 11143 21663 28278 14895 31157 30938 26554 18269 20406 16092
15 21358 28137 29681 7507 16076 27527 5279 28278 31279 31157 14554 26554 1885 20406 11175
15 21358 28137 29681 23891 32460 11143 21663 28278 14895 14773 30938 10170 18269 4022 5343
15 4974 28137 29681 7507 32460 27527 21663 28278 14895 31157 30938 26554 1885 20406 12022
15 21358 28137 29681 23891 16076 27527 5279 11894 31279 31157 14554 26554 18269 20406 15151
15 21358 11753 29681 7507 32460 27527 5279 28278 31279 31157 14554 26554 18269 20406 15285
15 4974 28137 13297 23891 32460 11143 21663 28278 14895 14773 30938 26554 18269 20406 15578
15 4974 28137 13297 23891 32460 27527 5279 28278 31279 31157 30938 26554 1885 20406 12218
15 21358 11753 29681 23891 32460 11143 21663 11894 31279 31157 30938 10170 18269 4022 5981
15 4974 28137 29681 7507 32460 27527 5279 28278 31279 31157 30938 26554 1885 20406 12214
15 4974 11753 29681 7507 32460 27527 21663 28278 14895 31157 30938 26554 18269 20406 16116
15 4974 28137 13297 23891 32460 27527 21663 28278 14895 14773 30938 26554 1885 20406 11514
15 21358 28137 13297 23891 16076 27527 5279 11894 31279 31157 30938 26554 18269 20406 16171
15 21358 28137 29681 7507 16076 27527 21663 28278 31279 31157 14554 10170 18269 20406 13287
15 21358 28137 29681 23891 16076 27527 21663 11894 31279 14773 30938 10170 18269 4022 5487
15 21358 11753 29681 23891 32460 27527 21663 11894 31279 31157 14554 10170 18269 4022 4989
15 21358 28137 29681 23891 32460 11143 21663 11894 31279 14773 30938 10170 18269 4022 5471
15 21358 11753 29681 7507 32460 27527 21663 28278 14895 31157 30938 10170 18269 20406 14069
15 21358 11753 29681 23891 32460 11143 21663 28278 14895 31157 30938 10170 18269 4022 5853
15 21358 28137 13297 23891 32460 11143 21663 28278 14895 14773 30938 26554 18269 4022 7387
15 5102 11753 29681 23891 32460 11143 21663 11895 31279 31157 30938 26554 18269 20406 16220
15 29550 28137 29681 23891 7884 27527 29855 11894 31279 31157 6362 1978 26461 21479 13167
15 29550 28137 13297 23891 7884 27527 29855 28278 31279 14773 22746 18362 10077 21479 11755
15 29550 28137 13297 23891 24268 11143 29855 11894 31279 14773 22746 18362 26461 5095 7515
15 29550 28137 29681 7507 7884 27527 13471 28278 31279 31157 6362 18362 10077 21479 11175
15 29550 28137 29681 23891 24268 11143 29855 28278 14895 14773 22746 1978 26461 21479 13535
15 29550 28137 29681 23891 7884 27527 13471 11894 31279 31157 6362 18362 26461 21479 15151
15 13166 28137 13297 23891 24268 11143 29855 28278 14895 14773 22746 18362 26461 5095 7386
15 13166 28137 13297 23891 24268 27527 13471 28278 31279 31157 22746 18362 10077 5095 4026
15 29550 11753 29681 23891 24268 11143 29855 11894 31279 31157 22746 1978 26461 21479 14173
15 29550 28137 29681 7507 7884 27527 29855 28278 31279 31157 6362 1978 26461 21479 13287
15 29550 11753 29681 23891 24268 27527 13471 11894 31279 31157 6362 18362 26461 21479 15165
15 29550 28137 29681 23891 24268 11143 29855 11894 31279 14773 22746 1978 26461 21479 13663
15 29550 28137 29681 32083 7884 27527 29855 3702 31279 22965 14554 1978 26461 21871 13167
15 29550 28137 13297 32083 7884 27527 29855 20086 31279 6581 30938 18362 10077 21871 11755
15 29550 11753 29681 15699 24268 27527 29855 20086 31279 22965 14554 1978 26461 21871 13301
15 29550 28137 13297 32083 24268 11143 29855 3702 31279 6581 30938 18362 26461 21871 15707
15 13166 11753 29681 32083 24268 11143 29855 20086 14895 22965 30938 18362 26461 5487 7900
15 29550 28137 29681 15699 7884 27527 13471 20086 31279 22965 14554 18362 10077 21871 11175
15 29550 28137 29681 32083 24268 11143 29855 20086 14895 6581 30938 1978 26461 21871 13535
15 13166 28137 29681 15699 24268 27527 29855 20086 14895 22965 30938 18362 10077 5487 3830
15 29550 28137 29681 32083 7884 27527 13471 3702 31279 22965 14554 18362 26461 21871 15151
15 29550 11753 29681 15699 24268 27527 13471 20086 31279 22965 14554 18362 26461 5487 7093
15 13166 28137 13297 32083 24268 11143 29855 20086 14895 6581 30938 18362 26461 21871 15578
15 13166 28137 13297 32083 24268 27527 13471 20086 31279 22965 30938 18362 10077 5487 4026
15 29550 11753 29681 32083 24268 11143 29855 3702 31279 22965 30938 1978 26461 21871 14173
15 29550 28137 29681 32083 7884 27527 29855 3702 31279 6581 30938 1978 26461 21871 13679
15 13166 11753 29681 15699 24268 27527 13471 20086 31279 22965 30938 18362 26461 5487 8116
15 13166 28137 13297 32083 24268 11143 29855 20086 14895 22965 30938 18362 26461 5487 7898
15 13166 28137 13297 32083 24268 27527 29855 20086 14895 22965 30938 18362 10077 5487 3834
15 29550 28137 13297 32083 7884 27527 29855 3702 31279 6581 30938 18362 26461 21871 15723
15 29550 11753 29681 32083 24268 27527 13471 3702 31279 22965 14554 18362 26461 21871 15165
15 29550 11753 29681 32083 24268 27527 29855 3702 31279 22965 14554 1978 26461 21871 13181
15 29550 28137 29681 32083 24268 11143 29855 3702 31279 6581 30938 1978 26461 21871 13663
15 29550 28137 29681 15699 24268 27527 13471 20086 31279 22965 14554 18362 10077 5487 2999
15 29550 19945 29681 32083 16076 27527 21663 3702 31279 31157 6362 10170 26461 23357 13167
15 29550 19945 13297 32083 16076 27527 21663 20086 31279 14773 22746 26554 10077 6973 3563
15 29550 19945 13297 32083 32460 11143 21663 3702 31279 14773 22746 26554 26461 23357 15707
15 29550 19945 29681 15699 16076 27527 5279 20086 31279 31157 6362 26554 10077 23357 11175
15 29550 19945 29681 32083 32460 11143 21663 20086 14895 14773 22746 10170 26461 6973 5343
15 29550 19945 29681 32083 16076 27527 5279 3702 31279 31157 6362 26554 26461 23357 15151
15 13166 19945 13297 32083 32460 11143 21663 20086 14895 14773 22746 26554 26461 6973 7386
15 13166 19945 13297 32083 32460 27527 5279 20086 31279 31157 22746 26554 10077 23357 12218
15 29550 3561 29681 32083 32460 11143 21663 3702 31279 31157 22746 10170 26461 23357 14173
15 29550 3561 29681 32083 32460 27527 5279 3702 31279 31157 6362 26554 26461 23357 15165
15 13166 19945 13297 32083 32460 27527 21663 20086 14895 14773 22746 26554 10077 6973 3322
15 29550 19945 29681 32083 16076 27527 29855 3702 31279 31157 6362 1978 26461 21373 13167
15 29550 19945 13297 32083 16076 27527 29855 20086 31279 14773 22746 18362 10077 4989 3563
15 29550 19945 13297 32083 32460 11143 29855 3702 31279 14773 22746 18362 26461 21373 15707
15 29550 19945 29681 15699 16076 27527 13471 20086 31279 31157 6362 18362 10077 21373 11175
15 29550 19945 29681 32083 32460 11143 29855 20086 14895 14773 22746 1978 26461 21373 13535
15 29550 19945 29681 32083 16076 27527 13471 3702 31279 31157 6362 18362 26461 21373 15151
15 13166 19945 13297 32083 32460 11143 29855 20086 14895 14773 22746 18362 26461 4989 7386
15 13166 19945 13297 32083 32460 27527 13471 20086 31279 31157 22746 18362 10077 4989 4026
15 29550 3561 29681 32083 32460 11143 29855 3702 31279 31157 22746 1978 26461 21373 14173
15 29550 3561 29681 32083 32460 27527 29855 3702 31279 31157 6362 1978 26461 21373 13181
15 13166 19945 13297 32083 32460 27527 29855 20086 14895 14773 22746 18362 10077 4989 3322
15 29550 19945 29681 15699 16076 27527 13471 20086 31279 31157 22746 18362 10077 4989 4007
15 29550 19945 29681 15699 16076 27527 29855 20086 31279 31157 6362 1978 26461 21373 13287
15 29550 3561 29681 32083 32460 27527 13471 3702 31279 31157 6362 18362 26461 21373 15165
15 29550 19945 29681 32083 32460 11143 29855 3702 31279 14773 22746 1978 26461 21373 13663
15 29550 28137 29681 32083 16076 19335 29855 3702 31279 22965 14554 1978 26461 21855 13167
15 29550 28137 13297 32083 16076 19335 29855 20086 31279 6581 30938 18362 10077 21855 11755
15 29550 11753 29681 15699 32460 19335 29855 20086 31279 22965 14554 1978 26461 21855 13301
15 29550 28137 13297 32083 32460 2951 29855 3702 31279 6581 30938 18362 26461 21855 15707
15 13166 11753 29681 32083 32460 2951 29855 20086 14895 22965 30938 18362 26461 21855 16092
15 29550 28137 29681 15699 16076 19335 13471 20086 31279 22965 14554 18362 10077 5471 2983
15 29550 28137 29681 32083 32460 2951 29855 20086 14895 6581 30938 1978 26461 21855 13535
15 13166 28137 29681 15699 32460 19335 29855 20086 14895 22965 30938 18362 10077 5471 3830
15 29550 28137 29681 32083 16076 19335 13471 3702 31279 22965 14554 18362 26461 21855 15151
15 29550 11753 29681 15699 32460 19335 13471 20086 31279 22965 14554 18362 26461 5471 7093
15 13166 28137 13297 32083 32460 2951 29855 20086 14895 6581 30938 18362 26461 21855 15578
15 13166 28137 13297 32083 32460 19335 13471 20086 31279 22965 30938 18362 10077 5471 4026
15 29550 11753 29681 32083 32460 2951 29855 3702 31279 22965 30938 1978 26461 21855 14173
15 29550 28137 29681 32083 32460 2951 29855 3702 31279 6581 30938 1978 26461 21855 13663
15 13166 28137 13297 32083 32460 19335 29855 20086 14895 22965 30938 18362 10077 5471 3834
15 29550 11753 29681 32083 32460 19335 13471 3702 31279 22965 14554 18362 26461 21855 15165
15 21358 28137 21489 32083 16076 19399 21695 11894 31279 31157 14554 10170 26461 8090 4975
15 21358 28137 5105 32083 16076 19399 21695 28278 31279 14773 30938 26554 10077 24474 11755
15 21358 28137 5105 32083 32460 3015 21695 11894 31279 14773 30938 26554 26461 24474 15707
15 21358 28137 21489 15699 16076 19399 21695 28278 31279 31157 14554 26554 10077 8090 3047
15 21358 28137 21489 32083 32460 19399 21695 28278 14895 14773 30938 10170 26461 8090 5375
15 21358 28137 21489 32083 16076 19399 5311 11894 31279 31157 14554 26554 26461 24474 15151
15 4974 28137 5105 32083 32460 3015 21695 28278 14895 14773 30938 26554 26461 24474 15578
15 4974 28137 5105 32083 32460 19399 5311 28278 31279 31157 30938 26554 10077 24474 12218
15 21358 11753 21489 32083 32460 3015 21695 11894 31279 31157 30938 10170 26461 24474 14173
15 4974 28137 5105 32083 32460 3015 5311 28278 31279 31157 30938 26554 26461 24474 16282
15 4974 11753 21489 15699 32460 19399 5311 28278 31279 31157 30938 26554 26461 24474 16308
15 4974 11753 21489 15699 32460 19399 21695 28278 14895 31157 30938 26554 26461 24474 16116
15 4974 11753 21489 32083 32460 3015 5311 28278 31279 31157 30938 26554 26461 24474 16284
15 4974 28137 5105 32083 32460 19399 21695 28278 14895 14773 30938 26554 10077 24474 11514
15 4974 28137 21489 15699 32460 19399 5311 28278 31279 31157 30938 26554 10077 24474 12214
15 21358 28137 21489 15699 16076 19399 5311 28278 31279 31157 14554 26554 10077 24474 11175
15 21358 28137 21489 15699 16076 19399 21695 28278 31279 31157 14554 10170 26461 8090 5095
15 21358 28137 21489 32083 16076 19399 21695 28278 31279 14773 30938 26554 10077 8090 3567
15 21358 11753 21489 32083 32460 3015 5311 11894 31279 31157 30938 26554 26461 24474 16157
15 21358 11753 21489 32083 32460 19399 5311 11894 31279 31157 14554 26554 26461 24474 15165
15 21358 11753 21489 32083 32460 19399 21695 11894 31279 31157 14554 10170 26461 8090 4989
15 21358 28137 21489 32083 32460 3015 21695 11894 31279 14773 30938 10170 26461 24474 13663
15 21358 28137 21489 32083 32460 3015 21695 28278 14895 14773 30938 10170 26461 24474 13535
15 21358 28137 21489 32083 32460 19399 21695 28278 14895 14773 30938 26554 10077 8090 3327
15 29550 19945 29681 32083 16076 19399 21695 3702 31279 31157 14554 10170 26461 24349 13167
15 29550 19945 13297 32083 16076 19399 21695 20086 31279 14773 30938 26554 10077 7965 3563
15 29550 19945 13297 32083 32460 3015 21695 3702 31279 14773 30938 26554 26461 24349 15707
15 29550 19945 29681 15699 16076 19399 21695 20086 31279 31157 14554 26554 10077 7965 3047
15 29550 19945 29681 32083 32460 19399 21695 20086 14895 14773 30938 10170 26461 7965 5375
15 13166 19945 13297 32083 32460 3015 21695 20086 14895 14773 30938 26554 26461 24349 15578
15 29550 3561 29681 32083 32460 3015 21695 3702 31279 31157 30938 10170 26461 24349 14173
15 13166 3561 29681 15699 32460 19399 21695 20086 14895 31157 30938 26554 26461 24349 16116
15 13166 3561 29681 32083 32460 3015 5311 20086 31279 31157 30938 26554 26461 24349 16284
15 13166 19945 13297 32083 32460 19399 21695 20086 14895 14773 30938 26554 10077 7965 3322
15 13166 19945 29681 15699 32460 19399 5311 20086 31279 31157 30938 26554 10077 24349 12214
15 29550 19945 29681 15699 16076 19399 5311 20086 31279 31157 14554 26554 10077 24349 11175
15 29550 3561 29681 32083 32460 19399 5311 3702 31279 31157 14554 26554 26461 24349 15165
15 29550 28137 29681 32083 16076 24455 29855 11894 31279 31157 6394 10170 18301 19423 13167
15 29550 28137 13297 32083 16076 24455 29855 28278 31279 14773 22778 26554 1917 19423 11755
15 29550 28137 29681 15699 16076 24455 13471 28278 31279 31157 22778 26554 18301 3039 8103
15 29550 28137 29681 32083 32460 8071 29855 28278 14895 14773 22778 10170 18301 19423 13535
15 13166 28137 13297 32083 32460 24455 29855 28278 14895 14773 22778 26554 18301 3039 7418
15 29550 28137 29681 32083 32460 8071 29855 28278 31279 31157 6394 26554 1917 19423 11231
15 13166 11753 29681 15699 32460 24455 13471 28278 31279 31157 22778 26554 18301 3039 8116
15 13166 11753 29681 15699 32460 24455 29855 28278 14895 31157 22778 26554 18301 3039 7924
15 13166 28137 13297 32083 32460 8071 29855 28278 14895 14773 22778 26554 1917 19423 11482
15 13166 28137 13297 32083 32460 24455 13471 28278 31279 31157 22778 26554 18301 3039 8122
15 13166 28137 29681 15699 32460 24455 13471 28278 31279 31157 22778 26554 1917 19423 12214
15 29550 28137 29681 15699 16076 24455 13471 28278 31279 31157 6394 26554 1917 19423 11175
15 29550 28137 29681 15699 16076 24455 29855 28278 31279 31157 6394 10170 18301 19423 13287
15 29550 28137 29681 15699 16076 24455 29855 28278 31279 31157 22778 10170 18301 3039 6119
15 13166 28137 13297 32083 24268 15239 29855 20086 14895 14773 18650 18362 9085 4975 3290
15 29550 28137 21489 32083 7884 31623 29855 11894 31279 22965 10458 10170 17277 19947 13167
15 29550 28137 5105 32083 7884 31623 29855 28278 31279 6581 26842 26554 893 19947 11755
15 29550 11753 21489 15699 24268 31623 29855 28278 31279 22965 10458 10170 17277 3563 5109
15 29550 28137 5105 32083 24268 15239 29855 11894 31279 6581 26842 26554 17277 19947 15707
15 13166 11753 21489 32083 24268 15239 29855 28278 14895 22965 26842 26554 17277 3563 7900
15 29550 28137 21489 32083 24268 15239 29855 28278 14895 6581 26842 10170 17277 19947 13535
15 29550 28137 21489 32083 7884 31623 13471 11894 31279 22965 10458 26554 17277 19947 15151
15 29550 11753 21489 15699 24268 31623 13471 28278 31279 22965 10458 26554 17277 3563 7093
15 13166 28137 5105 32083 24268 15239 29855 28278 14895 6581 26842 26554 893 19947 11482
15 4974 28137 5105 32083 32460 7047 29855 28278 6703 6581 26842 26554 893 19674 11482
15 5998 28137 6129 32083 32460 8071 29855 28278 23087 22965 10495 26554 17277 19674 15322
15 21358 19945 29681 23891 16076 31623 29855 11894 23087 31157 10458 10170 25469 7924 4975
15 21358 19945 13297 23891 16076 31623 29855 28278 23087 14773 26842 26554 9085 7924 3563
15 21358 3561 29681 7507 32460 31623 29855 28278 23087 31157 10458 10170 25469 24308 13301
15 4974 3561 29681 23891 32460 15239 29855 28278 6703 31157 26842 26554 25469 24308 16092
15 21358 19945 29681 7507 16076 31623 13471 28278 23087 31157 10458 26554 25469 24308 15271
15 21358 19945 29681 23891 32460 15239 29855 28278 6703 14773 26842 10170 25469 24308 13535
15 4974 19945 13297 23891 32460 15239 29855 28278 6703 14773 26842 26554 9085 24308 11482
15 4974 3561 29681 7507 32460 31623 29855 28278 6703 31157 26842 26554 25469 24308 16116
15 21358 19945 13297 23891 16076 31623 13471 28278 23087 31157 26842 26554 9085 7924 4011
15 21358 19945 13297 23891 16076 31623 29855 11894 23087 14773 26842 26554 25469 7924 7531
15 21358 19945 29681 7507 16076 31623 29855 28278 23087 31157 10458 10170 25469 24308 13287
15 21358 19945 13297 23891 32460 15239 29855 28278 23087 14773 26842 26554 9085 7924 3547
15 29550 28137 13297 23891 7884 31623 29855 28278 31279 14773 18650 18362 9085 21479 11755
15 29550 28137 13297 23891 24268 15239 29855 11894 31279 14773 18650 18362 25469 5095 7515
15 13166 28137 13297 23891 24268 15239 29855 28278 14895 14773 18650 18362 9085 5095 3290
15 14702 15209 32177 31571 18124 15751 31387 18036 15407 17626 17332 12655 10607 6511 1756
15 14702 31593 15793 31571 18124 15751 31387 18036 15407 17626 17332 12655 10607 6511 1754
15 6510 7017 32177 31571 26316 7559 31387 26228 7215 25818 25524 4463 2415 18140 9948
15 6510 31593 7601 31571 26316 7559 31387 26228 7215 25818 25524 4463 2415 18138 9946
15 14702 15209 28081 31571 18124 15751 31387 18036 15407 21722 17332 12655 11115 6511 1756
15 14702 15209 28081 15187 18124 32135 31387 18036 15407 21722 17332 12655 11115 6511 1780
15 14702 31593 11697 31571 18124 15751 31387 18036 15407 21722 17332 12655 27499 6511 5850
15 14702 15209 28081 15187 18124 32135 15003 18036 31791 21722 17332 12655 11115 6511 1972
15 6510 7017 28081 31571 26316 7559 31387 26228 7215 29914 25524 4463 2923 18140 9948
15 6510 7017 28081 15187 26316 23943 31387 26228 7215 29914 25524 4463 2923 18140 9972
15 6510 7017 28081 6995 26316 32135 31387 26228 7215 29914 25524 4463 2923 18164 9972
15 31086 27497 15793 27475 5836 32135 27291 5748 31791 17626 5044 29039 11701 22895 11115
15 31086 27497 15793 27475 22220 15751 27291 5748 31791 17626 5044 29039 11701 22895 11099
15 14702 11113 32177 27475 22220 15751 27291 22132 15407 17626 21428 12655 28085 6511 5852
15 31086 27497 15793 27475 22220 15751 27291 22132 15407 17626 5044 29039 11701 22895 10971
15 14702 11113 32177 11091 22220 32135 27291 22132 15407 17626 21428 12655 28085 6511 5876
15 14702 27497 15793 27475 22220 15751 27291 22132 15407 17626 21428 12655 11701 6511 1754
15 14702 11113 32177 11091 22220 32135 10907 22132 31791 17626 21428 12655 28085 6511 6068
15 14702 27497 7601 27475 22220 15751 27291 22132 15407 25818 21428 12655 3509 19307 9946
15 14702 11113 23985 11091 22220 32135 10907 22132 31791 25818 21428 12655 19893 2923 6068
15 14702 11113 23985 11091 30412 23943 27291 22132 15407 25818 21428 12655 19893 2907 5876
15 14702 27497 7601 27475 30412 7559 27291 22132 15407 25818 21428 12655 3509 19291 9946
15 14702 11113 23985 11091 30412 23943 10907 22132 31791 25818 21428 12655 19893 2907 6068
15 22894 19305 15793 27475 14028 23943 27291 13940 23599 25818 13236 20847 11701 5852 2923
15 22894 19305 15793 27475 30412 7559 27291 13940 23599 25818 13236 20847 11701 22236 11099
15 31086 27497 15793 19283 5836 32135 19099 13940 31791 17626 13236 29039 11701 23975 11115
15 31086 27497 15793 19283 22220 15751 19099 13940 31791 17626 13236 29039 11701 7591 2907
15 14702 11113 32177 19283 22220 15751 19099 30324 15407 17626 29620 12655 28085 7591 5852
15 31086 27497 15793 19283 22220 15751 19099 30324 15407 17626 13236 29039 11701 7591 2779
15 14702 11113 32177 2899 22220 32135 19099 30324 15407 17626 29620 12655 28085 23975 14068
15 14702 27497 15793 19283 22220 15751 19099 30324 15407 17626 29620 12655 11701 7591 1754
15 14702 11113 32177 2899 22220 32135 2715 30324 31791 17626 29620 12655 28085 23975 14260
15 6510 27497 7601 27475 30412 7559 27291 30324 7215 25818 29620 4463 3509 18138 9946
15 7022 27497 8113 27475 30412 23943 27291 30324 23599 9439 29620 20847 19893 18138 15866
15 7022 27497 8113 27475 30412 8071 27291 30324 23599 9471 29620 20847 19893 18138 15834
15 14702 15209 28081 31571 22220 11655 31387 18036 15407 21722 17332 12655 27483 6511 5852
15 31086 31593 28081 15187 5836 28039 15003 18036 31791 5338 17332 29039 11099 22895 11687
15 14702 15209 28081 15187 22220 28039 31387 18036 15407 21722 17332 12655 11099 6511 1780
15 14702 31593 11697 31571 22220 11655 31387 18036 15407 21722 17332 12655 27483 6511 5850
15 14702 15209 28081 15187 22220 28039 15003 18036 31791 21722 17332 12655 11099 6511 1972
15 31086 15209 19889 15187 22220 28039 15003 18036 31791 13530 17332 29039 11099 7019 3509
15 14702 15209 19889 15187 22220 28039 31387 18036 15407 29914 17332 12655 11099 7019 1780
15 14702 31593 11697 23379 22220 11655 23195 26228 15407 21722 25524 12655 19291 3495 5850
15 6510 7017 28081 6995 30412 28039 31387 26228 7215 29914 25524 4463 2907 18164 9972
15 6510 7017 28081 6995 30412 28039 15003 26228 23599 29914 25524 4463 2907 18164 10164
15 19310 23401 28081 23379 14028 28039 23195 13940 27695 21723 13236 24943 9946 7604 2927
15 3054 7145 28081 23379 30412 11655 23195 13943 27695 21723 29620 24943 26330 23988 16220
15 2926 23401 12217 6999 30412 28039 23195 30324 27695 5343 29620 24943 26330 23988 15858
15 2942 23401 11697 23379 14029 28039 23195 30324 27695 21723 29620 24943 26330 23988 16362
15 2942 23401 11761 23379 14029 28039 6815 30324 27695 21723 29620 24943 26330 23988 16298
15 2942 23401 12209 23379 14029 28039 23195 30324 27695 5343 29620 24943 26330 23988 15850
15 29054 31593 30129 31571 30413 32135 31387 3700 31791 3290 2996 2026 24959 20863 12671
15 29054 15209 30129 15187 30413 32135 15003 20084 31791 3290 19380 2026 24959 20863 13749
15 12670 15209 30129 15187 30413 32135 31387 20084 15407 19674 19380 18410 8575 4479 3828
15 12670 31593 13745 31571 30413 15751 31387 20084 15407 19674 19380 18410 8575 4479 3802
15 12670 15209 30129 15187 30413 32135 15003 20084 31791 19674 19380 18410 8575 4479 4020
15 29054 31593 21937 31571 22221 32135 31387 3700 31791 11482 2996 10218 24959 23403 12671
15 29054 31593 5553 31571 5837 32135 31387 3700 31791 27866 2996 26602 24959 23403 15211
15 29054 15209 21937 15187 22221 32135 15003 20084 31791 11482 19380 10218 24959 7019 5557
15 12670 15209 21937 15187 22221 32135 31387 20084 15407 27866 19380 26602 8575 7019 3828
15 12670 31593 5553 31571 22221 15751 31387 20084 15407 27866 19380 26602 8575 23403 11994
15 12670 15209 21937 15187 22221 32135 15003 20084 31791 27866 19380 26602 8575 7019 4020
15 29054 7017 30129 6995 30413 32135 6811 28276 31791 3290 27572 2026 24959 21941 13749
15 29054 31593 21937 31571 30413 23943 31387 3700 31791 11482 2996 10218 24959 23387 12671
15 29054 31593 5553 31571 14029 23943 31387 3700 31791 27866 2996 26602 24959 23387 15211
15 29054 15209 21937 15187 30413 23943 15003 20084 31791 11482 19380 10218 24959 7003 5557
15 29054 31593 5553 31571 30413 7559 31387 3700 31791 27866 2996 26602 24959 23387 15195
15 12670 15209 21937 15187 30413 23943 31387 20084 15407 27866 19380 26602 8575 7003 3828
15 12670 31593 5553 31571 30413 7559 31387 20084 15407 27866 19380 26602 8575 23387 11994
15 12670 15209 21937 15187 30413 23943 15003 20084 31791 27866 19380 26602 8575 7003 4020
15 29054 23401 30129 31571 30413 23943 31387 11892 23599 11482 11188 2026 24959 22237 12671
15 29054 23401 13745 31571 14029 23943 31387 11892 23599 27866 11188 18410 24959 5853 7019
15 29054 7017 30129 15187 30413 23943 15003 28276 23599 11482 27572 2026 24959 22237 13749
15 29054 23401 13745 31571 30413 7559 31387 11892 23599 27866 11188 18410 24959 22237 15195
15 29054 23401 30129 15187 14029 23943 15003 28276 23599 11482 27572 18410 24959 5853 7591
15 12670 7017 30129 15187 30413 23943 31387 28276 7215 27866 27572 18410 8575 22237 12020
15 12670 23401 13745 31571 14029 23943 31387 28276 23599 27866 27572 18410 8575 5853 4074
15 29054 31593 30129 23379 22221 32135 23195 11892 31791 3290 11188 10218 24959 23975 12671
15 29054 31593 13745 23379 5837 32135 23195 11892 31791 19674 11188 26602 24959 23975 15211
15 29054 15209 30129 6995 22221 32135 6811 28276 31791 3290 27572 10218 24959 23975 13749
15 29054 31593 13745 23379 22221 15751 23195 11892 31791 19674 11188 26602 24959 7591 7003
15 29054 31593 30129 6995 5837 32135 6811 28276 31791 3290 27572 26602 24959 23975 15783
15 29054 31593 13745 23379 22221 15751 23195 28276 15407 19674 11188 26602 24959 7591 6875
15 12670 15209 30129 6995 22221 32135 23195 28276 15407 19674 27572 26602 8575 23975 12020
15 29054 31593 30129 23379 5837 32135 6811 11892 31791 3290 27572 26602 24959 23975 15663
15 12670 31593 13745 23379 22221 15751 23195 28276 15407 19674 27572 26602 8575 7591 3802
15 12670 15209 30129 6995 22221 32135 6811 28276 31791 19674 27572 26602 8575 23975 12212
15 29054 31593 21937 31571 30413 23943 31387 11892 23599 11482 2996 10218 24959 23259 12671
15 29054 31593 5553 31571 14029 23943 31387 11892 23599 27866 2996 26602 24959 23259 15211
15 29054 15209 21937 15187 30413 23943 15003 28276 23599 11482 19380 10218 24959 6875 5557
15 29054 31593 5553 31571 30413 7559 31387 11892 23599 27866 2996 26602 24959 23259 15195
15 29054 31593 5553 31571 30413 7559 31387 28276 7215 27866 2996 26602 24959 23259 15067
15 12670 15209 21937 15187 30413 23943 31387 28276 7215 27866 19380 26602 8575 23259 12020
15 12670 31593 5553 31571 30413 7559 31387 28276 7215 27866 19380 26602 8575 23259 11994
15 12670 15209 21937 15187 30413 23943 15003 28276 23599 27866 19380 26602 8575 6875 4020
15 20862 7017 30129 6995 30413 32135 15003 28276 23599 11482 27572 10218 16767 20212 13749
15 29054 31593 30129 31571 22221 32135 23195 3700 31791 3290 11188 10218 24959 23855 12671
15 29054 31593 13745 31571 5837 32135 23195 3700 31791 19674 11188 26602 24959 23855 15211
15 29054 15209 30129 15187 22221 32135 6811 20084 31791 3290 27572 10218 24959 23855 13749
15 29054 31593 13745 31571 22221 15751 23195 3700 31791 19674 11188 26602 24959 23855 15195
15 29054 31593 13745 31571 22221 15751 23195 20084 15407 19674 11188 26602 24959 7471 6875
15 12670 15209 30129 15187 22221 32135 23195 20084 15407 19674 27572 26602 8575 7471 3828
15 29054 31593 30129 31571 5837 32135 6811 3700 31791 3290 27572 26602 24959 23855 15663
15 12670 31593 13745 31571 22221 15751 23195 20084 15407 19674 27572 26602 8575 7471 3802
15 20862 15209 21937 15187 30413 23943 15003 28276 23599 11482 27572 10218 16767 3802 5557
15 20862 7017 30129 6995 30413 32135 6811 28276 31791 11482 27572 10218 16767 20404 13749
15 5502 23401 13745 23379 14029 32135 23195 28276 31791 27866 11189 26602 16767 20404 15338
15 29054 15209 17841 15187 18125 32135 15003 20084 31791 15578 19380 14314 11115 7019 1461
15 29054 15209 17841 31571 18125 15751 31387 20084 15407 31962 19380 14314 11115 7019 1757
15 12670 15209 17841 15187 18125 32135 31387 20084 15407 31962 19380 30698 11115 7019 3828
15 12670 15209 17841 15187 18125 32135 15003 20084 31791 31962 19380 30698 11115 7019 4020
15 29054 7017 26033 6995 26317 32135 6811 28276 31791 7386 27572 6122 2923 17845 9653
15 29054 15209 17841 15187 26317 23943 15003 28276 23599 15578 19380 14314 11115 6875 1461
15 12670 15209 17841 15187 26317 23943 15003 28276 23599 31962 19380 30698 11115 6875 4020
15 20862 15209 17841 15187 26317 23943 15003 28276 23599 15578 27572 14314 11115 7898 1461
15 29054 2921 30129 2899 30413 32135 2715 32372 31791 3290 31668 2026 26037 21941 13749
15 29054 19437 21939 27475 30413 23943 27291 7798 31791 11482 15284 10218 26037 24409 12671
15 29054 19437 21939 11091 30413 23943 10907 24182 31791 11482 31668 10218 26037 8025 5559
15 29054 19437 5555 27475 30413 7559 27291 7798 31791 27866 15284 26602 9653 24409 11099
15 29054 19437 21939 27475 14029 23943 10907 7798 31791 11482 31668 26602 26037 24409 15663
15 12670 3053 5555 27475 30413 7559 27291 24182 15407 27866 31668 26602 26037 24409 16088
15 12670 3053 21939 11091 30413 23943 27291 24182 15407 27866 31668 26602 26037 24409 16116
15 12670 19437 21939 27475 30413 23943 27291 24182 15407 27866 31668 26602 9653 8025 3838
15 29054 15209 17841 15187 22221 28039 15003 20084 31791 15578 19380 14314 11099 7019 1461
15 12670 15209 17841 15187 22221 28039 31387 20084 15407 31962 19380 30698 11099 7019 3828
15 12670 15209 17841 15187 22221 28039 15003 20084 31791 31962 19380 30698 11099 7019 4020
15 29054 7017 26033 6995 30413 28039 6811 28276 31791 7386 27572 6122 2907 17845 9653
15 29054 15209 17841 15187 30413 19847 15003 20084 31791 15578 19380 14314 11099 7003 1461
15 29054 31593 17841 15187 14029 19847 15003 20084 31791 15578 19380 30698 11099 7003 3495
15 12670 15209 17841 15187 30413 19847 31387 20084 15407 31962 19380 30698 11099 7003 3828
15 12670 15209 17841 15187 30413 19847 15003 20084 31791 31962 19380 30698 11099 7003 4020
15 29054 15209 17841 15187 30413 19847 15003 28276 23599 15578 19380 14314 11099 6875 1461
15 29054 31593 17841 15187 14029 19847 15003 28276 23599 15578 19380 30698 11099 6875 3495
15 29054 31593 5553 27475 1741 32135 27291 7796 31791 27866 7092 30698 28071 23403 15211
15 29054 15209 21937 11091 18125 32135 10907 24180 31791 11482 23476 14314 28071 7019 5557
15 29054 31593 5553 27475 18125 15751 27291 7796 31791 27866 7092 30698 11687 23403 11099
15 29054 15209 21937 27475 18125 15751 27291 24180 15407 27866 23476 14314 11687 7019 1757
15 29054 31593 21937 11091 1741 32135 10907 24180 31791 11482 23476 30698 28071 23403 15783
15 29054 31593 5553 27475 18125 15751 27291 24180 15407 27866 7092 30698 11687 23403 10971
15 29054 31593 21937 27475 1741 32135 10907 7796 31791 11482 23476 30698 28071 23403 15663
15 12670 31593 5553 27475 18125 15751 27291 24180 15407 27866 23476 30698 11687 23403 11994
15 29054 7017 30129 2899 26317 32135 2715 32372 31791 3290 31668 6122 28071 21941 13749
15 29054 15209 21937 11091 26317 23943 10907 24180 31791 11482 23476 14314 19879 2907 5557
15 29054 15209 30129 2899 18125 32135 2715 32372 31791 3290 31668 14314 28071 23975 13749
15 29054 31593 13745 19283 18125 15751 19099 15988 31791 19674 15284 30698 11687 7591 2907
15 29054 15209 30129 19283 18125 15751 19099 32372 15407 19674 31668 14314 11687 7591 1757
15 29054 31593 30129 2899 1741 32135 2715 32372 31791 3290 31668 30698 28071 23975 15783
15 29054 31593 13745 19283 18125 15751 19099 32372 15407 19674 15284 30698 11687 7591 2779
15 12670 31593 13745 19283 18125 15751 19099 32372 15407 19674 31668 30698 11687 7591 3802
15 29054 15209 21937 11091 26317 23943 10907 32372 23599 11482 23476 14314 19879 2779 5557
15 20862 23401 13745 19283 9933 32135 27291 15988 23599 27866 15284 30698 28071 7924 7019
15 20862 7017 30129 2899 26317 32135 10907 32372 23599 11482 31668 14314 28071 24308 13749
15 20862 23401 13745 19283 26317 15751 27291 15988 23599 27866 15284 30698 11687 7924 2907
15 20862 7017 30129 19283 26317 15751 27291 32372 7215 27866 31668 14314 11687 24308 9949
15 20862 23401 30129 2899 9933 32135 10907 32372 23599 11482 31668 30698 28071 24308 15783
15 20862 23401 13745 19283 26317 15751 27291 32372 7215 27866 15284 30698 11687 24308 10971
15 4478 7017 30129 2899 26317 32135 27291 32372 7215 27866 31668 30698 28071 24308 16116
15 20862 23401 30129 19283 9933 32135 10907 15988 23599 11482 31668 30698 28071 7924 7471
15 4478 23401 13745 19283 26317 15751 27291 32372 7215 27866 31668 30698 11687 24308 11994
15 4478 7017 30129 2899 26317 32135 10907 32372 23599 27866 31668 30698 28071 24308 16308
15 20862 15209 21937 11091 26317 23943 10907 32372 23599 11482 31668 14314 19879 3802 5557
15 20862 23401 13745 19283 9933 32135 19099 15988 31791 27866 15284 30698 28071 8116 7019
15 20862 7017 30129 2899 26317 32135 2715 32372 31791 11482 31668 14314 28071 24500 13749
15 20862 23401 13745 19283 26317 15751 19099 15988 31791 27866 15284 30698 11687 8116 2907
15 20862 23401 30129 2899 9933 32135 2715 32372 31791 11482 31668 30698 28071 24500 15783
15 24958 11113 21937 11091 22221 32135 15003 24180 27695 15578 23476 14314 20212 2923 5557
15 24958 2921 30129 2899 30413 32135 6811 32372 27695 7386 31668 6122 28404 21941 13749
15 24958 11113 21937 11091 30413 23943 15003 24180 27695 15578 23476 14314 20212 2907 5557
15 24958 27497 5553 27475 14029 23943 31387 15988 19503 31962 7092 30698 12020 23259 11115
15 24958 11113 21937 11091 30413 23943 15003 32372 19503 15578 23476 14314 28404 6875 5557
15 24958 27497 5553 27475 30413 7559 31387 15988 19503 31962 7092 30698 12020 23259 11099
15 24958 27497 5553 27475 30413 7559 31387 32372 3119 31962 7092 30698 28404 23259 15067
15 8574 11113 21937 11091 30413 23943 31387 32372 3119 31962 23476 30698 28404 23259 16116
15 24958 27497 21937 27475 14029 23943 15003 15988 19503 15578 23476 30698 12020 6875 3375
15 8574 27497 5553 27475 30413 7559 31387 32372 3119 31962 23476 30698 28404 23259 16090
15 8574 11113 21937 11091 30413 23943 15003 32372 19503 31962 23476 30698 28404 6875 8116
15 16766 19305 30129 19283 30413 32135 31387 15988 19503 15578 15284 14314 12020 7924 383
15 16766 19305 13745 19283 14029 32135 31387 15988 19503 31962 15284 30698 12020 7924 2923
15 16766 2921 30129 2899 30413 32135 15003 32372 19503 15578 31668 14314 28404 24308 13749
15 16766 19305 13745 19283 30413 15751 31387 15988 19503 31962 15284 30698 12020 7924 2907
15 382 2921 30129 2899 30413 32135 31387 32372 3119 31962 31668 30698 28404 24308 16116
15 16766 19305 30129 19283 14029 32135 15003 15988 19503 15578 31668 30698 12020 7924 3375
15 24958 11113 30129 11091 22221 32135 6811 24180 27695 7386 31668 14314 20212 19759 13749
15 16766 27497 21937 27475 30413 23943 31387 15988 19503 15578 15284 14314 12020 7898 383
15 16766 27497 5553 27475 14029 23943 31387 15988 19503 31962 15284 30698 12020 24282 11115
15 16766 11113 21937 11091 30413 23943 15003 32372 19503 15578 31668 14314 28404 7898 5557
15 16766 27497 5553 27475 30413 7559 31387 15988 19503 31962 15284 30698 12020 24282 11099
15 382 11113 21937 11091 30413 23943 31387 32372 3119 31962 31668 30698 28404 24282 16116
15 16766 27497 21937 27475 14029 23943 15003 15988 19503 15578 31668 30698 12020 7898 3375
15 382 27497 5553 27475 30413 7559 31387 32372 3119 31962 31668 30698 28404 24282 16090
15 16766 19305 30129 19283 30413 32135 23195 15988 27695 15578 15284 14314 12020 8116 383
15 16766 19305 13745 19283 14029 32135 23195 15988 27695 31962 15284 30698 12020 8116 2923
15 16766 2921 30129 2899 30413 32135 6811 32372 27695 15578 31668 14314 28404 24500 13749
15 16766 19305 13745 19283 30413 15751 23195 15988 27695 31962 15284 30698 12020 8116 2907
15 382 2921 30129 2899 30413 32135 23195 32372 11311 31962 31668 30698 28404 24500 16116
15 382 2921 30129 2899 30413 32135 6811 32372 27695 31962 31668 30698 28404 24500 16308
15 24958 31593 26033 31571 26317 32135 31387 7796 31791 7386 7092 6122 4074 16767 8575
15 24958 15209 26033 15187 26317 32135 15003 24180 31791 7386 23476 6122 4074 16767 9653
15 24958 31593 17841 31571 18125 32135 31387 7796 31791 15578 7092 14314 12266 23403 8575
15 24958 15209 17841 15187 18125 32135 15003 24180 31791 15578 23476 14314 12266 7019 1461
15 24958 15209 17841 31571 18125 15751 31387 24180 15407 31962 23476 14314 12266 7019 1757
15 24958 7017 26033 6995 26317 32135 6811 32372 31791 7386 31668 6122 4074 17845 9653
15 24958 31593 17841 31571 26317 23943 31387 7796 31791 15578 7092 14314 12266 23387 8575
15 24958 15209 17841 15187 26317 23943 15003 24180 31791 15578 23476 14314 12266 7003 1461
15 24958 15209 17841 31571 26317 7559 31387 24180 15407 31962 23476 14314 12266 23387 9949
15 24958 31593 26033 23379 18125 32135 23195 15988 31791 7386 15284 14314 12266 23975 8575
15 24958 31593 9649 23379 1741 32135 23195 15988 31791 23770 15284 30698 28650 23975 15211
15 24958 15209 26033 6995 18125 32135 6811 32372 31791 7386 31668 14314 12266 23975 9653
15 24958 31593 9649 23379 18125 15751 23195 15988 31791 23770 15284 30698 28650 7591 7003
15 24958 15209 26033 23379 18125 15751 23195 32372 15407 23770 31668 14314 12266 7591 1757
15 24958 31593 26033 6995 1741 32135 6811 32372 31791 7386 31668 30698 28650 23975 15783
15 24958 31593 9649 23379 18125 15751 23195 32372 15407 23770 15284 30698 28650 7591 6875
15 8574 15209 26033 6995 18125 32135 23195 32372 15407 23770 31668 30698 28650 23975 16116
15 8574 31593 9649 23379 18125 15751 23195 32372 15407 23770 31668 30698 28650 7591 7898
15 8574 15209 26033 6995 18125 32135 6811 32372 31791 23770 31668 30698 28650 23975 16308
15 16766 23401 26033 23379 26317 32135 31387 15988 23599 15578 15284 14314 12266 7924 383
15 16766 23401 9649 23379 9933 32135 31387 15988 23599 31962 15284 30698 28650 7924 7019
15 16766 7017 26033 6995 26317 32135 15003 32372 23599 15578 31668 14314 12266 24308 9653
15 16766 23401 9649 23379 26317 15751 31387 15988 23599 31962 15284 30698 28650 7924 7003
15 16766 7017 26033 23379 26317 15751 31387 32372 7215 31962 31668 14314 12266 24308 9949
15 16766 23401 9649 23379 26317 15751 31387 32372 7215 31962 15284 30698 28650 24308 15067
15 382 7017 26033 6995 26317 32135 31387 32372 7215 31962 31668 30698 28650 24308 16116
15 16766 23401 26033 23379 9933 32135 15003 15988 23599 15578 31668 30698 28650 7924 7471
15 382 23401 9649 23379 26317 15751 31387 32372 7215 31962 31668 30698 28650 24308 16090
15 382 7017 26033 6995 26317 32135 15003 32372 23599 31962 31668 30698 28650 24308 16308
15 16766 31593 17841 31571 18125 32135 31387 15988 31791 15578 15284 14314 12266 8170 383
15 16766 15209 17841 15187 18125 32135 15003 32372 31791 15578 31668 14314 12266 8170 1461
15 16766 31593 17841 15187 1741 32135 15003 32372 31791 15578 31668 30698 28650 24554 15783
15 382 15209 17841 15187 18125 32135 31387 32372 15407 31962 31668 30698 28650 24554 16116
15 24958 27497 30129 31571 30413 28039 31387 7796 27695 7386 7092 6122 3804 16767 8575
15 24958 27497 13745 31571 14029 28039 31387 7796 27695 23770 7092 22506 3804 16767 11115
15 24958 11113 30129 15187 30413 28039 15003 24180 27695 7386 23476 6122 20188 16767 13749
15 24958 27497 30129 15187 14029 28039 15003 24180 27695 7386 23476 22506 3804 16767 11687
15 24958 27497 30129 31571 14029 28039 15003 7796 27695 7386 23476 22506 3804 16767 11567
15 9086 11113 30129 31571 30413 12167 31387 24180 27695 7419 23476 22506 20188 16767 15836
15 12670 27497 13745 31571 14029 28039 31387 24180 27695 23770 23476 22506 3805 16767 12266
15 24958 27497 5553 31571 5837 28039 31387 7796 27695 31962 7092 30698 3804 19307 11115
15 24958 19305 13745 23379 14029 28039 23195 15988 27695 23770 15284 22506 11996 5557 2923
15 24958 2921 30129 6995 30413 28039 6811 32372 27695 7386 31668 6122 28380 21941 13749
15 24958 27497 21937 31571 30413 19847 31387 7796 27695 15578 7092 14314 11996 23387 8575
15 24958 27497 5553 31571 14029 19847 31387 7796 27695 31962 7092 30698 11996 23387 11115
15 24958 11113 21937 15187 30413 19847 15003 24180 27695 15578 23476 14314 28380 7003 5557
15 24958 27497 5553 31571 30413 3463 31387 7796 27695 31962 7092 30698 28380 23387 15195
15 24958 11113 21937 31571 30413 3463 31387 24180 11311 31962 23476 14314 28380 23387 14045
15 24958 27497 21937 15187 14029 19847 15003 24180 27695 15578 23476 30698 11996 7003 3495
15 24958 27497 5553 31571 30413 3463 31387 24180 11311 31962 7092 30698 28380 23387 15067
15 8574 11113 21937 15187 30413 19847 31387 24180 11311 31962 23476 30698 28380 7003 7924
15 24958 27497 21937 31571 14029 19847 15003 7796 27695 15578 23476 30698 11996 23387 11567
15 8574 27497 5553 31571 30413 3463 31387 24180 11311 31962 23476 30698 28380 23387 16090
15 8574 11113 21937 31571 30413 3463 31387 24180 11311 31962 23476 30698 28380 23387 16092
15 24958 19305 30129 31571 30413 19847 31387 15988 19503 15578 15284 6122 11996 22237 8575
15 24958 19305 13745 31571 14029 19847 31387 15988 19503 31962 15284 22506 11996 5853 2923
15 24958 2921 30129 15187 30413 19847 15003 32372 19503 15578 31668 6122 28380 22237 13749
15 24958 2921 30129 31571 30413 3463 31387 32372 3119 31962 31668 6122 28380 22237 14045
15 24958 19305 30129 15187 14029 19847 15003 32372 19503 15578 31668 22506 11996 5853 3495
15 24958 19305 13745 31571 30413 3463 31387 32372 3119 31962 15284 22506 28380 22237 15067
15 8574 2921 30129 15187 30413 19847 31387 32372 3119 31962 31668 22506 28380 22237 16116
15 24958 19305 30129 31571 14029 19847 15003 15988 19503 15578 31668 22506 11996 5853 3375
15 8574 19305 13745 31571 30413 3463 31387 32372 3119 31962 31668 22506 28380 22237 16090
15 8574 2921 30129 31571 30413 3463 31387 32372 3119 31962 31668 22506 28380 22237 16092
15 24958 27497 13745 23379 5837 28039 23195 15988 27695 23770 15284 30698 3804 19879 11115
15 24958 11113 30129 6995 22221 28039 6811 32372 27695 7386 31668 14314 20188 19879 13749
15 24958 27497 30129 6995 5837 28039 6811 32372 27695 7386 31668 30698 3804 19879 11687
15 24958 27497 30129 23379 5837 28039 6811 15988 27695 7386 31668 30698 3804 19879 11567
15 24958 27497 21937 31571 30413 19847 31387 15988 19503 15578 7092 14314 11996 23259 8575
15 24958 27497 5553 31571 14029 19847 31387 15988 19503 31962 7092 30698 11996 23259 11115
15 24958 11113 21937 15187 30413 19847 15003 32372 19503 15578 23476 14314 28380 6875 5557
15 24958 27497 21937 15187 14029 19847 15003 32372 19503 15578 23476 30698 11996 6875 3495
15 24958 27497 5553 31571 30413 3463 31387 32372 3119 31962 7092 30698 28380 23259 15067
15 24958 27497 21937 31571 14029 19847 15003 15988 19503 15578 23476 30698 11996 6875 3375
15 8574 27497 5553 31571 30413 3463 31387 32372 3119 31962 23476 30698 28380 23259 16090
15 8574 11113 21937 31571 30413 3463 31387 32372 3119 31962 23476 30698 28380 23259 16092
15 16766 19305 30129 23379 30413 28039 31387 15988 19503 15578 15284 14314 11996 7924 383
15 16766 19305 13745 23379 14029 28039 31387 15988 19503 31962 15284 30698 11996 7924 2923
15 16766 2921 30129 6995 30413 28039 15003 32372 19503 15578 31668 14314 28380 24308 13749
15 16766 19305 30129 6995 14029 28039 15003 32372 19503 15578 31668 30698 11996 24308 11687
15 16766 19305 13745 23379 30413 11655 31387 32372 3119 31962 15284 30698 28380 24308 15067
15 382 2921 30129 6995 30413 28039 31387 32372 3119 31962 31668 30698 28380 24308 16116
15 16766 19305 30129 23379 14029 28039 15003 15988 19503 15578 31668 30698 11996 7924 3375
15 382 19305 13745 23379 30413 11655 31387 32372 3119 31962 31668 30698 28380 24308 16090
15 382 2921 30129 23379 30413 11655 31387 32372 3119 31962 31668 30698 28380 24308 16092
15 24958 27497 13745 31571 5837 28039 23195 7796 27695 23770 15284 30698 3804 19759 11115
15 24958 11113 30129 15187 22221 28039 6811 24180 27695 7386 31668 14314 20188 19759 13749
15 24958 27497 30129 31571 5837 28039 6811 7796 27695 7386 31668 30698 3804 19759 11567
15 16766 27497 21937 31571 30413 19847 31387 15988 19503 15578 15284 14314 11996 7898 383
15 16766 27497 5553 31571 14029 19847 31387 15988 19503 31962 15284 30698 11996 24282 11115
15 16766 11113 21937 15187 30413 19847 15003 32372 19503 15578 31668 14314 28380 7898 5557
15 16766 27497 21937 15187 14029 19847 15003 32372 19503 15578 31668 30698 11996 7898 3495
15 16766 27497 21937 31571 14029 19847 15003 15988 19503 15578 31668 30698 11996 7898 3375
15 382 27497 5553 31571 30413 3463 31387 32372 3119 31962 31668 30698 28380 24282 16090
15 382 11113 21937 31571 30413 3463 31387 32372 3119 31962 31668 30698 28380 24282 16092
15 16766 19305 30129 23379 30413 28039 23195 15988 27695 15578 15284 14314 11996 8116 383
15 16766 19305 13745 23379 14029 28039 23195 15988 27695 31962 15284 30698 11996 8116 2923
15 16766 2921 30129 6995 30413 28039 6811 32372 27695 15578 31668 14314 28380 24500 13749
15 16766 19305 13745 23379 30413 11655 23195 15988 27695 31962 15284 30698 28380 8116 7003
15 16766 2921 30129 23379 30413 11655 23195 32372 11311 31962 31668 14314 28380 24500 14045
15 16766 19305 30129 6995 14029 28039 6811 32372 27695 15578 31668 30698 11996 24500 11687
15 16766 19305 13745 23379 30413 11655 23195 32372 11311 31962 15284 30698 28380 8116 6875
15 382 2921 30129 6995 30413 28039 23195 32372 11311 31962 31668 30698 28380 24500 16116
15 16766 19305 30129 23379 14029 28039 6811 15988 27695 15578 31668 30698 11996 24500 11567
15 382 19305 13745 23379 30413 11655 23195 32372 11311 31962 31668 30698 28380 24500 16090
15 382 2921 30129 6995 30413 28039 6811 32372 27695 31962 31668 30698 28380 24500 16308
15 382 2921 30129 23379 30413 11655 23195 32372 11311 31962 31668 30698 28380 24500 16092
15 16766 27497 21937 31571 22221 28039 31387 15988 27695 15578 15284 14314 11996 8170 383
15 16766 27497 5553 31571 5837 28039 31387 15988 27695 31962 15284 30698 11996 24554 11115
15 16766 11113 21937 15187 22221 28039 15003 32372 27695 15578 31668 14314 28380 8170 5557
15 16766 27497 5553 31571 22221 11655 31387 15988 27695 31962 15284 30698 28380 24554 15195
15 16766 11113 21937 31571 22221 11655 31387 32372 11311 31962 31668 14314 28380 8170 5853
15 16766 27497 21937 15187 5837 28039 15003 32372 27695 15578 31668 30698 11996 24554 11687
15 16766 27497 5553 31571 22221 11655 31387 32372 11311 31962 15284 30698 28380 24554 15067
15 382 11113 21937 15187 22221 28039 31387 32372 11311 31962 31668 30698 28380 24554 16116
15 16766 27497 21937 31571 5837 28039 15003 15988 27695 15578 31668 30698 11996 24554 11567
15 382 27497 5553 31571 22221 11655 31387 32372 11311 31962 31668 30698 28380 24554 16090
15 382 11113 21937 15187 22221 28039 15003 32372 27695 31962 31668 30698 28380 24554 16308
15 382 27497 5553 31571 5837 28039 31387 32372 27695 31962 31668 30698 28380 24554 16362
15 382 11113 21937 31571 22221 11655 31387 32372 11311 31962 31668 30698 28380 24554 16092
15 16766 19305 30129 31571 30413 19847 31387 15988 19503 15578 15284 14314 11996 7900 383
15 16766 19305 13745 31571 14029 19847 31387 15988 19503 31962 15284 30698 11996 7900 2923
15 16766 2921 30129 15187 30413 19847 15003 32372 19503 15578 31668 14314 28380 24284 13749
15 16766 19305 30129 15187 14029 19847 15003 32372 19503 15578 31668 30698 11996 7900 3495
15 16766 19305 30129 31571 14029 19847 15003 15988 19503 15578 31668 30698 11996 7900 3375
15 382 2921 30129 31571 30413 3463 31387 32372 3119 31962 31668 30698 28380 24284 16092
15 24958 27497 30129 31571 22221 28039 31387 7796 27695 7386 7092 14314 3804 18799 8575
15 24958 27497 13745 31571 5837 28039 31387 7796 27695 23770 7092 30698 3804 18799 11115
15 24958 11113 30129 15187 22221 28039 15003 24180 27695 7386 23476 14314 20188 18799 13749
15 24958 27497 13745 31571 22221 11655 31387 7796 27695 23770 7092 30698 20188 18799 15195
15 24958 27497 30129 15187 5837 28039 15003 24180 27695 7386 23476 30698 3804 18799 11687
15 8574 11113 30129 15187 22221 28039 31387 24180 11311 23770 23476 30698 20188 2415 7924
15 8574 27497 13745 31571 5837 28039 31387 24180 27695 23770 23476 30698 20188 18799 16362
15 8574 11113 30129 31571 22221 11655 31387 24180 11311 23770 23476 30698 20188 2415 7900
15 24958 31593 30129 27475 26317 32135 27291 7796 31791 7386 7092 6122 4006 16767 8575
15 24958 15209 30129 11091 26317 32135 10907 24180 31791 7386 23476 6122 20390 16767 13749
15 24958 31593 13745 27475 26317 15751 27291 7796 31791 23770 7092 22506 4006 16767 11099
15 24958 15209 30129 27475 26317 15751 27291 24180 15407 23770 23476 6122 4006 16767 9949
15 24958 31593 13745 27475 26317 15751 27291 24180 15407 23770 7092 22506 4006 16767 10971
15 24958 31593 21937 27475 18125 32135 27291 7796 31791 15578 7092 14314 12198 23403 8575
15 24958 31593 5553 27475 1741 32135 27291 7796 31791 31962 7092 30698 28582 23403 15211
15 24958 15209 21937 11091 18125 32135 10907 24180 31791 15578 23476 14314 28582 7019 5557
15 24958 31593 5553 27475 18125 15751 27291 7796 31791 31962 7092 30698 12198 23403 11099
15 24958 15209 21937 27475 18125 15751 27291 24180 15407 31962 23476 14314 12198 7019 1757
15 24958 31593 21937 11091 1741 32135 10907 24180 31791 15578 23476 30698 28582 23403 15783
15 24958 31593 5553 27475 18125 15751 27291 24180 15407 31962 7092 30698 12198 23403 10971
15 24958 31593 21937 27475 1741 32135 10907 7796 31791 15578 23476 30698 28582 23403 15663
15 8574 31593 5553 27475 18125 15751 27291 24180 15407 31962 23476 30698 28582 23403 16090
15 8574 15209 21937 11091 18125 32135 10907 24180 31791 31962 23476 30698 28582 7019 8116
15 8574 31593 21937 11091 1741 32135 10907 24180 31791 31962 23476 30698 28582 23403 16294
15 24958 7017 30129 2899 26317 32135 2715 32372 31791 7386 31668 6122 28582 21941 13749
15 24958 15209 21937 11091 26317 23943 10907 24180 31791 15578 23476 14314 20390 2907 5557
15 24958 31593 5553 27475 26317 7559 27291 7796 31791 31962 7092 30698 4006 19291 11099
15 24958 31593 5553 27475 26317 7559 27291 24180 15407 31962 7092 30698 4006 19291 10971
15 24958 31593 30129 19283 18125 32135 19099 15988 31791 7386 15284 14314 12198 23975 8575
15 24958 15209 30129 2899 18125 32135 2715 32372 31791 7386 31668 14314 28582 23975 13749
15 24958 31593 13745 19283 18125 15751 19099 15988 31791 23770 15284 30698 12198 7591 2907
15 24958 15209 30129 19283 18125 15751 19099 32372 15407 23770 31668 14314 12198 7591 1757
15 24958 31593 30129 2899 1741 32135 2715 32372 31791 7386 31668 30698 28582 23975 15783
15 24958 31593 13745 19283 18125 15751 19099 32372 15407 23770 15284 30698 12198 7591 2779
15 8574 15209 30129 2899 18125 32135 2715 32372 31791 23770 31668 30698 28582 23975 16308
15 8574 31593 30129 2899 1741 32135 2715 32372 31791 23770 31668 30698 28582 23975 16294
15 16766 23401 30129 19283 26317 32135 27291 15988 23599 15578 15284 14314 12198 7924 383
15 16766 23401 13745 19283 9933 32135 27291 15988 23599 31962 15284 30698 28582 7924 7019
15 16766 7017 30129 2899 26317 32135 10907 32372 23599 15578 31668 14314 28582 24308 13749
15 16766 23401 13745 19283 26317 15751 27291 15988 23599 31962 15284 30698 12198 7924 2907
15 16766 7017 30129 19283 26317 15751 27291 32372 7215 31962 31668 14314 12198 24308 9949
15 16766 23401 30129 2899 9933 32135 10907 32372 23599 15578 31668 30698 28582 24308 15783
15 16766 23401 13745 19283 26317 15751 27291 32372 7215 31962 15284 30698 12198 24308 10971
15 382 7017 30129 2899 26317 32135 27291 32372 7215 31962 31668 30698 28582 24308 16116
15 16766 23401 30129 19283 9933 32135 10907 15988 23599 15578 31668 30698 28582 7924 7471
15 382 7017 30129 2899 26317 32135 10907 32372 23599 31962 31668 30698 28582 24308 16308
15 382 23401 30129 2899 9933 32135 10907 32372 23599 31962 31668 30698 28582 24308 16294
15 16766 31593 21937 27475 18125 32135 27291 15988 31791 15578 15284 14314 12198 8170 383
15 16766 31593 5553 27475 1741 32135 27291 15988 31791 31962 15284 30698 28582 24554 15211
15 16766 15209 21937 11091 18125 32135 10907 32372 31791 15578 31668 14314 28582 8170 5557
15 16766 31593 5553 27475 18125 15751 27291 15988 31791 31962 15284 30698 12198 24554 11099
15 16766 31593 21937 11091 1741 32135 10907 32372 31791 15578 31668 30698 28582 24554 15783
15 382 15209 21937 11091 18125 32135 27291 32372 15407 31962 31668 30698 28582 24554 16116
15 382 31593 5553 27475 1741 32135 27291 32372 31791 31962 31668 30698 28582 24554 16362
15 382 31593 21937 11091 1741 32135 10907 32372 31791 31962 31668 30698 28582 24554 16294
15 16766 31593 30129 19283 18125 32135 19099 15988 31791 15578 15284 14314 12198 8102 383
15 16766 15209 30129 2899 18125 32135 2715 32372 31791 15578 31668 14314 28582 24486 13749
15 16766 31593 13745 19283 18125 15751 19099 15988 31791 31962 15284 30698 12198 8102 2907
15 382 31593 30129 2899 1741 32135 2715 32372 31791 31962 31668 30698 28582 24486 16294
15 16766 23401 30129 27475 26317 23943 27291 15988 23599 15578 15284 14314 12198 7900 383
15 16766 23401 13745 27475 9933 23943 27291 15988 23599 31962 15284 30698 28582 7900 7019
15 16766 7017 30129 11091 26317 23943 10907 32372 23599 15578 31668 14314 28582 24284 13749
15 16766 23401 13745 27475 26317 7559 27291 15988 23599 31962 15284 30698 12198 24284 11099
15 16766 23401 30129 11091 9933 23943 10907 32372 23599 15578 31668 30698 28582 7900 7591
15 382 7017 30129 11091 26317 23943 27291 32372 7215 31962 31668 30698 28582 24284 16116
15 382 23401 13745 27475 26317 7559 27291 32372 7215 31962 31668 30698 28582 24284 16090
15 382 7017 30129 11091 26317 23943 10907 32372 23599 31962 31668 30698 28582 24284 16308
15 382 23401 13745 27475 9933 23943 27291 32372 23599 31962 31668 30698 28582 24284 16362
15 16766 23401 13745 27475 26317 23943 27291 15988 23599 31962 15284 30698 12198 7900 2939
15 29054 31593 30129 31571 30413 32135 27291 3700 31791 3290 7092 2026 25919 20863 12671
15 29054 31593 13745 31571 14029 32135 27291 3700 31791 19674 7092 18410 25919 20863 15211
15 29054 15209 30129 15187 30413 32135 10907 20084 31791 3290 23476 2026 25919 20863 13749
15 29054 31593 30129 15187 14029 32135 10907 20084 31791 3290 23476 18410 25919 20863 15783
15 29054 31593 13745 31571 30413 15751 27291 20084 15407 19674 7092 18410 9535 20863 10971
15 12670 15209 30129 15187 30413 32135 27291 20084 15407 19674 23476 18410 9535 4479 3828
15 29054 31593 30129 31571 14029 32135 10907 3700 31791 3290 23476 18410 25919 20863 15663
15 12670 31593 13745 31571 30413 15751 27291 20084 15407 19674 23476 18410 9535 4479 3802
15 29054 31593 30129 31571 30413 32135 10907 3700 31791 3290 23476 2026 25919 20863 13631
15 29054 31593 5553 31571 5837 32135 27291 3700 31791 27866 7092 26602 25919 23403 15211
15 29054 15209 21937 15187 22221 32135 10907 20084 31791 11482 23476 10218 25919 7019 5557
15 29054 31593 5553 31571 22221 15751 27291 3700 31791 27866 7092 26602 25919 23403 15195
15 29054 31593 21937 15187 5837 32135 10907 20084 31791 11482 23476 26602 25919 23403 15783
15 29054 31593 5553 31571 22221 15751 27291 20084 15407 27866 7092 26602 9535 23403 10971
15 12670 15209 21937 15187 22221 32135 27291 20084 15407 27866 23476 26602 9535 7019 3828
15 29054 31593 21937 31571 5837 32135 10907 3700 31791 11482 23476 26602 25919 23403 15663
15 12670 31593 5553 31571 22221 15751 27291 20084 15407 27866 23476 26602 9535 23403 11994
15 29054 31593 21937 31571 22221 32135 10907 3700 31791 11482 23476 10218 25919 23403 13631
15 29054 7017 30129 6995 30413 32135 2715 28276 31791 3290 31668 2026 25919 21941 13749
15 29054 31593 21937 31571 30413 23943 27291 3700 31791 11482 7092 10218 25919 23387 12671
15 29054 15209 21937 15187 30413 23943 10907 20084 31791 11482 23476 10218 25919 7003 5557
15 29054 31593 5553 31571 30413 7559 27291 3700 31791 27866 7092 26602 25919 23387 15195
15 29054 31593 5553 31571 30413 7559 27291 20084 15407 27866 7092 26602 9535 23387 10971
15 12670 15209 21937 15187 30413 23943 27291 20084 15407 27866 23476 26602 9535 7003 3828
15 29054 31593 21937 31571 14029 23943 10907 3700 31791 11482 23476 26602 25919 23387 15663
15 12670 31593 5553 31571 30413 7559 27291 20084 15407 27866 23476 26602 9535 23387 11994
15 29054 31593 21937 31571 30413 23943 10907 3700 31791 11482 23476 10218 25919 23387 13631
15 29054 23401 30129 31571 30413 23943 27291 11892 23599 11482 15284 2026 25919 22237 12671
15 29054 23401 13745 31571 14029 23943 27291 11892 23599 27866 15284 18410 25919 5853 7019
15 29054 7017 30129 15187 30413 23943 10907 28276 23599 11482 31668 2026 25919 22237 13749
15 29054 23401 13745 31571 30413 7559 27291 11892 23599 27866 15284 18410 25919 22237 15195
15 29054 7017 30129 31571 30413 7559 27291 28276 7215 27866 31668 2026 25919 22237 14045
15 29054 23401 30129 15187 14029 23943 10907 28276 23599 11482 31668 18410 25919 5853 7591
15 29054 23401 13745 31571 30413 7559 27291 28276 7215 27866 15284 18410 9535 22237 10971
15 12670 7017 30129 15187 30413 23943 27291 28276 7215 27866 31668 18410 9535 22237 12020
15 29054 23401 30129 31571 14029 23943 10907 11892 23599 11482 31668 18410 25919 5853 7471
15 12670 23401 13745 31571 30413 7559 27291 28276 7215 27866 31668 18410 9535 22237 11994
15 12670 7017 30129 15187 30413 23943 10907 28276 23599 27866 31668 18410 25919 22237 16308
15 12670 23401 13745 31571 14029 23943 27291 28276 23599 27866 31668 18410 9535 5853 4074
15 29054 23401 30129 31571 30413 23943 10907 11892 23599 11482 31668 2026 25919 22237 13631
15 29054 15209 30129 6995 22221 32135 2715 28276 31791 3290 31668 10218 25919 23975 13749
15 29054 31593 13745 23379 22221 15751 19099 11892 31791 19674 15284 26602 25919 7591 7003
15 29054 31593 30129 6995 5837 32135 2715 28276 31791 3290 31668 26602 25919 23975 15783
15 29054 31593 13745 23379 22221 15751 19099 28276 15407 19674 15284 26602 9535 7591 2779
15 12670 15209 30129 6995 22221 32135 19099 28276 15407 19674 31668 26602 9535 23975 12020
15 29054 31593 30129 23379 5837 32135 2715 11892 31791 3290 31668 26602 25919 23975 15663
15 12670 31593 13745 23379 22221 15751 19099 28276 15407 19674 31668 26602 9535 7591 3802
15 29054 31593 30129 23379 22221 32135 2715 11892 31791 3290 31668 10218 25919 23975 13631
15 29054 15209 21937 15187 30413 23943 10907 28276 23599 11482 23476 10218 17727 2779 5557
15 29054 31593 5553 31571 30413 7559 27291 28276 7215 27866 7092 26602 1343 19163 10971
15 12670 31593 5553 31571 30413 7559 27291 28276 7215 27866 23476 26602 1343 19163 11994
15 20862 7017 30129 6995 30413 32135 10907 28276 23599 11482 31668 10218 17727 20212 13749
15 20862 23401 13745 23379 30413 15751 27291 28276 7215 27866 15284 26602 1343 20212 10971
15 4478 7017 30129 6995 30413 32135 27291 28276 7215 27866 31668 26602 1343 20212 12020
15 4478 23401 13745 23379 30413 15751 27291 28276 7215 27866 31668 26602 1343 20212 11994
15 29054 15209 30129 15187 22221 32135 2715 20084 31791 3290 31668 10218 25919 23855 13749
15 29054 31593 13745 31571 22221 15751 19099 20084 15407 19674 15284 26602 9535 7471 2779
15 12670 15209 30129 15187 22221 32135 19099 20084 15407 19674 31668 26602 9535 7471 3828
15 29054 31593 30129 31571 5837 32135 2715 3700 31791 3290 31668 26602 25919 23855 15663
15 12670 31593 13745 31571 22221 15751 19099 20084 15407 19674 31668 26602 9535 7471 3802
15 29054 31593 30129 31571 22221 32135 2715 3700 31791 3290 31668 10218 25919 23855 13631
15 20862 15209 21937 15187 30413 23943 10907 28276 23599 11482 31668 10218 17727 3802 5557
15 4478 31593 5553 31571 30413 7559 27291 28276 7215 27866 31668 26602 1343 20186 11994
15 20862 23401 30129 23379 30413 32135 19099 11892 31791 11482 15284 10218 25919 8116 4479
15 20862 23401 13745 23379 14029 32135 19099 11892 31791 27866 15284 26602 25919 8116 7019
15 20862 7017 30129 6995 30413 32135 2715 28276 31791 11482 31668 10218 25919 24500 13749
15 20862 23401 13745 23379 30413 15751 19099 11892 31791 27866 15284 26602 25919 8116 7003
15 20862 23401 30129 6995 14029 32135 2715 28276 31791 11482 31668 26602 25919 24500 15783
15 20862 23401 13745 23379 30413 15751 19099 28276 15407 27866 15284 26602 9535 8116 2779
15 4478 7017 30129 6995 30413 32135 19099 28276 15407 27866 31668 26602 9535 24500 12020
15 20862 23401 30129 23379 14029 32135 2715 11892 31791 11482 31668 26602 25919 24500 15663
15 4478 23401 13745 23379 30413 15751 19099 28276 15407 27866 31668 26602 9535 24500 11994
15 4478 7017 30129 6995 30413 32135 2715 28276 31791 27866 31668 26602 25919 24500 16308
15 4478 23401 13745 23379 14029 32135 19099 28276 31791 27866 31668 26602 9535 24500 12266
15 20862 23401 30129 23379 30413 32135 2715 11892 31791 11482 31668 10218 25919 24500 13631
15 20862 31593 21937 31571 22221 32135 27291 11892 31791 11482 15284 10218 17727 4074 4479
15 20862 31593 5553 31571 5837 32135 27291 11892 31791 27866 15284 26602 17727 20458 15211
15 20862 15209 21937 15187 22221 32135 10907 28276 31791 11482 31668 10218 17727 4074 5557
15 20862 31593 5553 31571 22221 15751 27291 11892 31791 27866 15284 26602 17727 20458 15195
15 20862 31593 21937 15187 5837 32135 10907 28276 31791 11482 31668 26602 17727 20458 15783
15 20862 31593 5553 31571 22221 15751 27291 28276 15407 27866 15284 26602 1343 20458 10971
15 4478 15209 21937 15187 22221 32135 27291 28276 15407 27866 31668 26602 1343 20458 12020
15 20862 31593 21937 31571 5837 32135 10907 11892 31791 11482 31668 26602 17727 20458 15663
15 4478 31593 5553 31571 22221 15751 27291 28276 15407 27866 31668 26602 1343 20458 11994
15 4478 31593 5553 31571 5837 32135 27291 28276 31791 27866 31668 26602 1343 20458 12266
15 20862 31593 21937 31571 22221 32135 10907 11892 31791 11482 31668 10218 17727 4074 5439
15 29054 15209 30129 15187 30413 32135 2715 20084 31791 3290 31668 2026 25919 21823 13749
15 29054 31593 13745 31571 30413 15751 19099 20084 15407 19674 15284 18410 9535 5439 2779
15 12670 15209 30129 15187 30413 32135 19099 20084 15407 19674 31668 18410 9535 5439 3828
15 12670 31593 13745 31571 30413 15751 19099 20084 15407 19674 31668 18410 9535 5439 3802
15 29054 31593 30129 31571 30413 32135 2715 3700 31791 3290 31668 2026 25919 21823 13631
15 20862 23401 30129 31571 30413 23943 27291 11892 23599 11482 15284 10218 17727 3804 4479
15 20862 23401 13745 31571 14029 23943 27291 11892 23599 27866 15284 26602 17727 3804 7019
15 20862 23401 13745 31571 30413 7559 27291 11892 23599 27866 15284 26602 17727 20188 15195
15 20862 7017 30129 31571 30413 7559 27291 28276 7215 27866 31668 10218 17727 20188 14045
15 20862 23401 13745 31571 30413 7559 27291 28276 7215 27866 15284 26602 1343 20188 10971
15 20862 23401 30129 31571 14029 23943 10907 11892 23599 11482 31668 26602 17727 3804 7471
15 4478 23401 13745 31571 30413 7559 27291 28276 7215 27866 31668 26602 1343 20188 11994
15 20862 31593 30129 23379 22221 32135 27291 11892 31791 11482 15284 10218 17727 4070 4479
15 20862 31593 13745 23379 5837 32135 27291 11892 31791 27866 15284 26602 17727 20454 15211
15 20862 15209 30129 6995 22221 32135 10907 28276 31791 11482 31668 10218 17727 20454 13749
15 20862 31593 13745 23379 22221 15751 27291 11892 31791 27866 15284 26602 17727 4070 7003
15 20862 15209 30129 23379 22221 15751 27291 28276 15407 27866 31668 10218 17727 4070 5853
15 20862 31593 30129 6995 5837 32135 10907 28276 31791 11482 31668 26602 17727 20454 15783
15 20862 31593 30129 23379 5837 32135 10907 11892 31791 11482 31668 26602 17727 20454 15663
15 4478 31593 13745 23379 22221 15751 27291 28276 15407 27866 31668 26602 1343 20454 11994
15 4478 15209 30129 6995 22221 32135 10907 28276 31791 27866 31668 26602 17727 20454 16308
15 4478 31593 30129 6995 5837 32135 10907 28276 31791 27866 31668 26602 17727 20454 16294
15 20862 31593 30129 23379 5837 32135 27291 11892 31791 11482 15284 26602 17727 20454 14703
15 20862 31593 30129 23379 22221 15751 27291 11892 31791 27866 15284 10218 17727 4070 4959
15 20862 15209 30129 6995 22221 32135 27291 28276 15407 27866 31668 10218 17727 20454 14069
15 29054 31593 30129 31571 22221 32135 27291 3700 31791 3290 7092 10218 25919 22895 12671
15 29054 31593 13745 31571 5837 32135 27291 3700 31791 19674 7092 26602 25919 22895 15211
15 29054 15209 30129 15187 22221 32135 10907 20084 31791 3290 23476 10218 25919 22895 13749
15 29054 31593 13745 31571 22221 15751 27291 3700 31791 19674 7092 26602 25919 22895 15195
15 29054 15209 30129 31571 22221 15751 27291 20084 15407 19674 23476 10218 25919 6511 5853
15 29054 31593 30129 15187 5837 32135 10907 20084 31791 3290 23476 26602 25919 22895 15783
15 29054 31593 13745 31571 22221 15751 27291 20084 15407 19674 7092 26602 9535 22895 10971
15 12670 15209 30129 15187 22221 32135 27291 20084 15407 19674 23476 26602 9535 6511 3828
15 29054 31593 30129 31571 5837 32135 10907 3700 31791 3290 23476 26602 25919 22895 15663
15 12670 31593 13745 31571 22221 15751 27291 20084 15407 19674 23476 26602 9535 6511 3802
15 12670 15209 30129 15187 22221 32135 10907 20084 31791 19674 23476 26602 25919 6511 8116
15 12670 31593 13745 31571 5837 32135 27291 20084 31791 19674 23476 26602 9535 22895 12266
15 29054 31593 30129 31571 22221 32135 10907 3700 31791 3290 23476 10218 25919 22895 13631
15 29054 31593 30129 31571 5837 32135 27291 3700 31791 3290 7092 26602 25919 22895 14703
15 12670 15209 30129 31571 22221 15751 27291 20084 15407 19674 23476 26602 9535 6511 3804
15 29054 15209 30129 15187 22221 32135 10907 20084 31791 19674 23476 10218 25919 6511 6069
15 29054 31593 21937 31571 22221 32135 27291 11892 31791 11482 7092 10218 17727 19435 12671
15 29054 31593 5553 31571 5837 32135 27291 11892 31791 27866 7092 26602 17727 19435 15211
15 29054 15209 21937 15187 22221 32135 10907 28276 31791 11482 23476 10218 17727 3051 5557
15 29054 31593 5553 31571 22221 15751 27291 11892 31791 27866 7092 26602 17727 19435 15195
15 29054 15209 21937 31571 22221 15751 27291 28276 15407 27866 23476 10218 17727 3051 5853
15 29054 31593 21937 15187 5837 32135 10907 28276 31791 11482 23476 26602 17727 19435 15783
15 29054 31593 5553 31571 22221 15751 27291 28276 15407 27866 7092 26602 1343 19435 10971
15 12670 15209 21937 15187 22221 32135 27291 28276 15407 27866 23476 26602 1343 19435 12020
15 29054 31593 21937 31571 5837 32135 10907 11892 31791 11482 23476 26602 17727 19435 15663
15 12670 31593 5553 31571 22221 15751 27291 28276 15407 27866 23476 26602 1343 19435 11994
15 12670 15209 21937 15187 22221 32135 10907 28276 31791 27866 23476 26602 17727 3051 8116
15 12670 31593 5553 31571 5837 32135 27291 28276 31791 27866 23476 26602 1343 19435 12266
15 29054 31593 21937 31571 22221 32135 10907 11892 31791 11482 23476 10218 17727 3051 5439
15 29054 31593 5553 31571 5837 32135 27291 28276 31791 27866 7092 26602 1343 19435 11243
15 29054 31593 21937 31571 5837 32135 27291 11892 31791 11482 7092 26602 17727 19435 14703
15 29054 31593 30129 31571 30413 23943 27291 11892 23599 11482 7092 2026 25919 21215 12671
15 29054 31593 13745 31571 14029 23943 27291 11892 23599 27866 7092 18410 25919 21215 15211
15 29054 15209 30129 15187 30413 23943 10907 28276 23599 11482 23476 2026 25919 21215 13749
15 29054 31593 13745 31571 30413 7559 27291 11892 23599 27866 7092 18410 25919 21215 15195
15 29054 15209 30129 31571 30413 7559 27291 28276 7215 27866 23476 2026 25919 21215 14045
15 29054 31593 30129 15187 14029 23943 10907 28276 23599 11482 23476 18410 25919 4831 7591
15 29054 31593 13745 31571 30413 7559 27291 28276 7215 27866 7092 18410 9535 21215 10971
15 12670 15209 30129 15187 30413 23943 27291 28276 7215 27866 23476 18410 9535 21215 12020
15 29054 31593 30129 31571 14029 23943 10907 11892 23599 11482 23476 18410 25919 4831 7471
15 12670 31593 13745 31571 30413 7559 27291 28276 7215 27866 23476 18410 9535 21215 11994
15 12670 15209 30129 15187 30413 23943 10907 28276 23599 27866 23476 18410 25919 4831 8116
15 12670 31593 13745 31571 14029 23943 27291 28276 23599 27866 23476 18410 9535 4831 4074
15 29054 31593 30129 31571 30413 23943 10907 11892 23599 11482 23476 2026 25919 21215 13631
15 29054 31593 30129 31571 30413 7559 27291 28276 7215 27866 7092 2026 25919 21215 13023
15 12670 15209 30129 15187 30413 23943 27291 28276 23599 27866 23476 18410 9535 4831 4084
15 12670 15209 30129 31571 30413 7559 27291 28276 7215 27866 23476 18410 9535 21215 11996
15 12670 31593 30129 15187 14029 23943 10907 28276 23599 27866 23476 18410 25919 4831 8102
15 12670 31593 30129 15187 14029 23943 27291 28276 23599 27866 23476 18410 9535 4831 4070
15 29054 31593 30129 31571 30413 7559 27291 11892 23599 27866 7092 2026 25919 21215 13151
15 29054 15209 30129 15187 30413 23943 10907 28276 23599 11482 23476 18410 25919 4831 7605
15 29054 23401 30129 23379 30413 32135 27291 11892 23599 11482 15284 2026 25919 22261 12671
15 29054 23401 13745 23379 14029 32135 27291 11892 23599 27866 15284 18410 25919 5877 7019
15 29054 7017 30129 6995 30413 32135 10907 28276 23599 11482 31668 2026 25919 22261 13749
15 29054 23401 13745 23379 30413 15751 27291 11892 23599 27866 15284 18410 25919 5877 7003
15 29054 23401 30129 6995 14029 32135 10907 28276 23599 11482 31668 18410 25919 22261 15783
15 12670 7017 30129 6995 30413 32135 27291 28276 7215 27866 31668 18410 9535 22261 12020
15 12670 23401 13745 23379 14029 32135 27291 28276 23599 27866 31668 18410 9535 5877 4074
15 29054 23401 30129 23379 30413 32135 10907 11892 23599 11482 31668 2026 25919 22261 13631
15 12670 7017 30129 23379 30413 15751 27291 28276 7215 27866 31668 18410 9535 22261 11996
15 12670 23401 13745 23379 30413 15751 27291 28276 23599 27866 31668 18410 9535 5877 4058
15 12670 23401 30129 6995 14029 32135 10907 28276 23599 27866 31668 18410 25919 22261 16294
15 29054 23401 30129 23379 30413 15751 27291 11892 23599 27866 15284 2026 25919 22261 13151
15 29054 23401 13745 23379 30413 15751 27291 28276 23599 27866 15284 18410 9535 5877 3035
15 7742 32617 7857 32595 32461 8071 24986 24948 24810 7231 6719 5695 3647 16858 8666
15 7742 32617 7857 32595 16077 24455 24986 24948 24810 7231 6719 5695 3647 16858 8682
15 7742 24425 16049 24403 32461 16263 24986 24948 24810 7231 6719 5695 3647 16884 8666
15 7742 8041 32433 8019 32461 32647 24986 24948 24810 7231 6719 5695 3647 16884 8692
15 7742 28521 7857 28499 32461 8071 24986 29044 24810 7231 6719 5695 3765 16858 8666
15 7742 28521 7857 28499 16077 24455 24986 29044 24810 7231 6719 5695 3765 16858 8682
15 7742 20329 16049 20307 32461 16263 24986 29044 24810 7231 6719 5695 11957 20980 8666
15 7742 3945 32433 3923 32461 32647 24986 29044 24810 7231 6719 5695 28341 20980 12788
15 3646 32617 3761 32595 32461 3975 29082 29044 28906 3135 2623 1599 25050 20954 12762
15 3646 32617 3761 32595 24269 12167 29082 29044 28906 3135 2623 1599 25050 20970 12762
15 3646 3945 32433 3923 32461 32647 29082 29044 28906 3135 2623 1599 25076 20980 12788
15 7742 26473 7857 26451 32461 8071 24986 31092 24810 7231 6719 5813 3765 16858 8666
15 7742 26473 7857 26451 16077 24455 24986 31092 24810 7231 6719 5813 3765 16858 8682
15 24126 18281 16049 18259 16077 32647 24986 14708 24810 23615 23103 14005 11957 6644 1899
15 7742 18281 16049 18259 32461 16263 24986 31092 24810 7231 6719 14005 11957 23028 8666
15 7742 1897 32433 1875 32461 32647 24986 31092 24810 7231 6719 30389 28341 23028 14836
15 3646 26473 7857 26451 32461 8071 29082 31092 28906 3135 2623 5813 27124 20954 12762
15 3646 26473 7857 26451 16077 24455 29082 31092 28906 3135 2623 5813 27124 20954 12778
15 15934 24425 15025 24403 31437 16263 17818 24948 17642 15423 23403 13887 11839 6837 1498
15 15934 8041 31409 8019 31437 32647 17818 24948 17642 15423 7019 13887 11839 23221 8692
15 15934 24425 15025 24403 15053 32647 17818 24948 17642 15423 23403 13887 11839 6837 1514
15 7742 32617 6833 32595 31437 8071 26010 24948 25834 7231 31595 5695 3647 17882 9690
15 7742 16233 23217 16211 31437 24455 26010 24948 25834 7231 15211 5695 3647 17882 8692
15 7742 32617 6833 32595 15053 24455 26010 24948 25834 7231 31595 5695 3647 17882 9706
15 7742 8041 31409 8019 31437 32647 26010 24948 25834 7231 7019 5695 3647 16884 8692
15 7742 16233 23217 16211 23245 32647 26010 24948 25834 7231 15211 5695 3647 17898 8692
15 7742 32617 6833 32595 6861 32647 26010 24948 25834 7231 31595 5695 3647 17898 9706
15 32318 8041 27313 8019 27341 32647 5530 24948 5354 31807 7019 30271 3947 19125 10933
15 15934 8041 27313 8019 27341 32647 21914 24948 21738 15423 7019 13887 3947 19125 8692
15 32318 8041 27313 16211 27341 24455 13722 24948 5354 31807 7019 30271 3947 19165 10933
15 15934 24425 10929 32595 27341 8071 30106 24948 21738 15423 23403 13887 20331 19165 13786
15 15934 8041 27313 16211 27341 24455 30106 24948 21738 15423 7019 13887 3947 19165 8692
15 15934 24425 10929 32595 10957 24455 30106 24948 21738 15423 23403 13887 20331 2781 5610
15 24126 16233 19121 16211 27341 24455 13722 24948 13546 23615 15211 22079 12139 5594 2741
15 7742 16233 19121 16211 27341 24455 30106 24948 29930 7231 15211 5695 12139 21978 8692
15 7742 8041 27313 8019 27341 32647 30106 24948 29930 7231 7019 5695 3947 16884 8692
15 24126 16233 19121 16211 19149 32647 13722 24948 13546 23615 15211 22079 12139 5610 2741
15 7742 16233 19121 16211 19149 32647 30106 24948 29930 7231 15211 5695 12139 21994 8692
15 15934 20329 15025 20307 31437 16263 17818 29044 17642 15423 19307 13887 10933 6837 1498
15 15934 20329 15025 20307 15053 32647 17818 29044 17642 15423 19307 13887 10933 6837 1514
15 7742 3945 31409 3923 31437 32647 26010 29044 25834 7231 2923 5695 27317 20980 12788
15 32318 8041 27313 8019 31437 28551 5530 24948 5354 31807 7019 30271 3931 19125 10933
15 15934 8041 27313 8019 31437 28551 21914 24948 21738 15423 7019 13887 3931 19125 8692
15 24126 16233 19121 16211 31437 20359 13722 24948 13546 23615 15211 22079 12123 5594 2741
15 7742 16233 19121 16211 31437 20359 30106 24948 29930 7231 15211 5695 12123 21978 8692
15 7742 8041 27313 8019 31437 28551 30106 24948 29930 7231 7019 5695 3931 16884 8692
15 20030 16233 19121 16211 31437 20359 13722 29044 13546 19519 15211 17983 9690 5594 2741
15 20030 8041 27313 8019 31437 28551 13722 29044 13546 19519 7019 17983 9690 20980 10933
15 3646 8041 27313 8019 31437 28551 30106 29044 29930 3135 7019 1599 26074 20980 12788
15 20030 16233 19121 16211 23245 28551 13722 29044 13546 19519 15211 17983 9690 5610 2741
15 3646 3945 31409 3923 31437 32647 30106 29044 29930 3135 2923 1599 25076 20980 12788
15 20030 8041 27313 8019 27341 32647 13722 29044 13546 19519 7019 17983 9706 20980 10933
15 3646 8041 27313 8019 27341 32647 30106 29044 29930 3135 7019 1599 26090 20980 12788
15 20030 16233 19121 16211 19149 32647 13722 29044 13546 19519 15211 17983 9706 5610 2741
15 32318 8041 25265 8019 25293 32647 7578 24948 7402 31807 7019 5995 3947 17077 8885
15 32318 8041 25265 16211 25293 24455 15770 24948 7402 31807 7019 5995 3947 17117 8885
15 32318 8041 25265 32595 25293 8071 32154 24948 7402 31807 7019 5995 3947 17117 8925
15 15934 8041 25265 16211 25293 24455 32154 24948 23786 15423 7019 5995 3947 17117 8692
15 24126 8041 25265 8019 25293 32647 15770 24948 15594 23615 7019 5995 3947 16884 8885
15 7742 8041 25265 8019 25293 32647 32154 24948 31978 7231 7019 5995 3947 16884 8692
15 32318 3945 29361 3923 29389 32647 3482 29044 3306 31807 2923 1899 25269 21173 12981
15 32318 3945 29361 8019 29389 28551 7578 29044 3306 31807 2923 1899 25309 21173 12981
15 28222 8041 25265 8019 29389 28551 7578 29044 7402 27711 7019 5995 3546 17077 8885
15 28222 8041 25265 16211 29389 20359 15770 29044 7402 27711 7019 5995 11738 21213 8885
15 11838 8041 25265 16211 29389 20359 32154 29044 23786 11327 7019 5995 28122 21213 12788
15 20030 8041 25265 8019 29389 28551 15770 29044 15594 19519 7019 5995 11738 20980 8885
15 3646 8041 25265 8019 29389 28551 32154 29044 31978 3135 7019 5995 28122 20980 12788
15 28222 3945 29361 3923 29389 32647 7578 29044 7402 27711 2923 1899 25076 21173 12981
15 3646 3945 29361 3923 29389 32647 32154 29044 31978 3135 2923 1899 25076 20980 12788
15 28222 8041 25265 8019 25293 32647 7578 29044 7402 27711 7019 5995 3562 17077 8885
15 28222 8041 25265 16211 25293 24455 15770 29044 7402 27711 7019 5995 3562 17117 8885
15 20030 8041 25265 8019 25293 32647 15770 29044 15594 19519 7019 5995 11754 20980 8885
15 20030 8041 25265 24403 25293 16263 32154 29044 15594 19519 7019 5995 11754 20980 8925
15 3646 8041 25265 8019 25293 32647 32154 29044 31978 3135 7019 5995 28138 20980 12788
15 32318 8041 25265 8019 27341 30599 7578 24948 7402 31807 7019 5979 3947 17077 8885
15 32318 8041 25265 16211 27341 22407 15770 24948 7402 31807 7019 14171 3947 19165 8885
15 15934 8041 25265 16211 27341 22407 32154 24948 23786 15423 7019 14171 3947 19165 8692
15 24126 8041 25265 8019 27341 30599 15770 24948 15594 23615 7019 5979 3947 16884 8885
15 7742 8041 25265 8019 27341 30599 32154 24948 31978 7231 7019 5979 3947 16884 8692
15 32318 3945 29361 3923 31437 30599 3482 29044 3306 31807 2923 1883 25269 21173 12981
15 28222 8041 25265 8019 31437 26503 7578 29044 7402 27711 7019 5979 3546 17077 8885
15 20030 8041 25265 8019 31437 26503 15770 29044 15594 19519 7019 5979 11738 20980 8885
15 3646 8041 25265 8019 31437 26503 32154 29044 31978 3135 7019 5979 28122 20980 12788
15 28222 3945 29361 3923 31437 30599 7578 29044 7402 27711 2923 1883 25076 21173 12981
15 3646 3945 29361 3923 31437 30599 32154 29044 31978 3135 2923 1883 25076 20980 12788
15 26174 3945 29361 3923 31437 30599 7578 31092 7402 25663 2923 5594 27124 21173 12981
15 26174 3945 29361 3923 29389 32647 7578 31092 7402 25663 2923 5610 27124 21173 12981
15 15934 25449 7857 25427 24269 16263 24986 23924 24810 15423 6837 5813 3765 17259 8666
15 15934 25449 7857 25427 7885 32647 24986 23924 24810 15423 6837 5813 3765 17259 8682
15 7742 25449 7857 25427 32461 8071 24986 32116 24810 7231 6837 5813 3765 16858 8666
15 7742 25449 7857 25427 16077 24455 24986 32116 24810 7231 6837 5813 3765 16858 8682
15 15934 31593 7857 32595 24269 15239 26010 17780 24810 15423 23261 13887 11839 23403 9690
15 15934 15209 24241 16211 24269 31623 26010 17780 24810 15423 23261 13887 11839 7019 1524
15 15934 31593 7857 32595 7885 31623 26010 17780 24810 15423 6877 13887 11839 23403 8682
15 15934 31593 16049 24403 24269 15239 17818 25972 24810 15423 23261 13887 11839 7079 1498
15 15934 15209 32433 8019 24269 31623 17818 25972 24810 15423 23261 13887 11839 23463 9716
15 7742 31593 7857 32595 32461 7047 26010 25972 24810 7231 31453 5695 3647 17882 9690
15 7742 31593 7857 32595 16077 23431 26010 25972 24810 7231 15069 5695 3647 17882 8682
15 7742 23401 16049 24403 32461 15239 26010 25972 24810 7231 31453 5695 3647 17908 9690
15 7742 7017 32433 8019 32461 31623 26010 25972 24810 7231 31453 5695 3647 17908 9716
15 7742 23401 16049 24403 16077 31623 26010 25972 24810 7231 15069 5695 3647 17908 8682
15 7742 31593 7857 32595 7885 31623 26010 25972 24810 7231 6877 5695 3647 16874 8682
15 15934 23401 11953 24403 11981 31623 21914 25972 20714 15423 10973 13887 19307 3765 4586
15 24126 15209 20145 16211 28365 23431 13722 25972 12522 23615 27357 22079 11115 5594 3765
15 7742 31593 3761 32595 28365 7047 30106 25972 28906 7231 27357 5695 27499 21978 13786
15 7742 15209 20145 16211 28365 23431 30106 25972 28906 7231 27357 5695 11115 21978 9716
15 7742 31593 3761 32595 11981 23431 30106 25972 28906 7231 10973 5695 27499 21978 12778
15 7742 7017 28337 8019 28365 31623 30106 25972 28906 7231 27357 5695 2923 17908 9716
15 7742 23401 11953 24403 11981 31623 30106 25972 28906 7231 10973 5695 19307 17908 12778
15 7742 31593 3761 32595 3789 31623 30106 25972 28906 7231 2781 5695 27499 20970 12778
15 7742 27497 7857 28499 16077 23431 26010 30068 24810 7231 15069 5695 3765 17882 8682
15 24126 19305 16049 20307 16077 31623 26010 13684 24810 23615 15069 22079 11957 5620 2923
15 7742 19305 16049 20307 32461 15239 26010 30068 24810 7231 31453 5695 11957 22004 9690
15 7742 2921 32433 3923 32461 31623 26010 30068 24810 7231 31453 5695 28341 22004 13812
15 7742 19305 16049 20307 16077 31623 26010 30068 24810 7231 15069 5695 11957 22004 8682
15 7742 27497 7857 28499 7885 31623 26010 30068 24810 7231 6877 5695 3765 16874 8682
15 32318 27497 7857 32595 7885 27527 30106 5492 24810 31807 6877 30271 3805 19307 11115
15 15934 27497 7857 32595 24269 11143 30106 21876 24810 15423 23261 13887 20189 19307 13786
15 15934 27497 7857 32595 7885 27527 30106 21876 24810 15423 6877 13887 3805 19307 8682
15 32318 27497 32433 8019 7885 27527 5530 30068 24810 31807 6877 30271 3805 19367 11175
15 15934 27497 16049 24403 24269 11143 21914 30068 24810 15423 23261 13887 20189 2983 5594
15 15934 11113 32433 8019 24269 27527 21914 30068 24810 15423 23261 13887 20189 19367 13812
15 15934 27497 16049 24403 7885 27527 21914 30068 24810 15423 6877 13887 3805 19367 8682
15 7742 27497 7857 32595 7885 27527 30106 30068 24810 7231 6877 5695 3805 16874 8682
15 15934 23401 16049 20307 28365 15239 17818 30068 20714 15423 27357 13887 11175 7861 1498
15 15934 7017 32433 3923 28365 31623 17818 30068 20714 15423 27357 13887 27559 24245 13812
15 7742 31593 7857 28499 28365 7047 26010 30068 28906 7231 27357 5695 2983 17882 9690
15 7742 31593 7857 28499 11981 23431 26010 30068 28906 7231 10973 5695 19367 17882 12778
15 7742 23401 16049 20307 28365 15239 26010 30068 28906 7231 27357 5695 11175 22004 9690
15 7742 7017 32433 3923 28365 31623 26010 30068 28906 7231 27357 5695 27559 22004 13812
15 20030 15209 20145 16211 32461 19335 13722 30068 12522 19519 31453 17983 9690 5594 3765
15 3646 31593 3761 32595 16077 19335 30106 30068 28906 3135 15069 1599 26074 21978 12778
15 3646 31593 3761 32595 7885 27527 30106 30068 28906 3135 6877 1599 26074 20970 12778
15 3646 27497 7857 28499 7885 31623 30106 30068 28906 3135 6877 1599 26100 20970 12778
15 3646 31593 3761 32595 3789 31623 30106 30068 28906 3135 2781 1599 25066 20970 12778
15 28222 7017 26289 8019 30413 27527 7578 30068 6378 27711 29405 4971 3546 18101 9909
15 20030 15209 18097 16211 22221 27527 15770 30068 14570 19519 21213 13163 11738 6634 1717
15 15934 25449 7857 26451 7885 31623 26010 23924 24810 15423 6877 5813 3765 17259 8682
15 7742 25449 7857 26451 7885 31623 26010 32116 24810 7231 6877 5813 3765 16874 8682
15 32318 15209 22193 16211 24269 29575 11674 17780 10474 31807 23261 14171 28223 7019 5813
15 32318 31593 22193 16211 7885 29575 11674 17780 26858 31807 6877 14171 28223 23403 13223
15 15934 31593 5809 32595 24269 13191 28058 17780 26858 15423 23261 30555 11839 23403 11738
15 15934 15209 22193 16211 24269 29575 28058 17780 26858 15423 23261 14171 11839 7019 1524
15 15934 31593 5809 32595 7885 29575 28058 17780 26858 15423 6877 30555 11839 23403 10730
15 15934 7017 30385 8019 32461 29575 19866 25972 18666 15423 31453 5979 11839 22197 9716
15 15934 23401 14001 24403 16077 29575 19866 25972 18666 15423 15069 22363 11839 5813 2538
15 32318 15209 30385 8019 24269 29575 3482 25972 10474 31807 23261 5979 28223 21415 14005
15 32318 31593 30385 8019 7885 29575 3482 25972 26858 31807 6877 5979 28223 21415 13223
15 15934 31593 14001 24403 24269 13191 19866 25972 26858 15423 23261 22363 11839 5031 3546
15 15934 15209 30385 8019 24269 29575 19866 25972 26858 15423 23261 5979 11839 21415 9716
15 15934 31593 14001 24403 7885 29575 19866 25972 26858 15423 6877 22363 11839 21415 10730
15 24126 15209 22193 16211 32461 21383 11674 25972 10474 23615 31453 14171 20031 3546 5813
15 7742 31593 5809 32595 32461 4999 28058 25972 26858 7231 31453 30555 3647 19930 11738
15 7742 15209 22193 16211 32461 21383 28058 25972 26858 7231 31453 14171 3647 19930 9716
15 7742 31593 5809 32595 16077 21383 28058 25972 26858 7231 15069 30555 3647 19930 10730
15 7742 7017 30385 8019 32461 29575 28058 25972 26858 7231 31453 5979 3647 17908 9716
15 7742 23401 14001 24403 16077 29575 28058 25972 26858 7231 15069 22363 3647 17908 10730
15 7742 31593 5809 32595 7885 29575 28058 25972 26858 7231 6877 30555 3647 18922 10730
15 32318 7017 26289 8019 28365 29575 7578 25972 6378 31807 27357 5979 2923 18101 9909
15 32318 15209 26289 8019 20173 29575 7578 25972 14570 31807 19165 5979 11115 21415 9909
15 15934 15209 26289 8019 20173 29575 23962 25972 30954 15423 19165 5979 11115 21415 9716
15 24126 15209 18097 16211 28365 21383 15770 25972 14570 23615 27357 14171 11115 7642 1717
15 24126 31593 18097 16211 11981 21383 15770 25972 30954 23615 10973 14171 27499 7642 5031
15 24126 7017 26289 8019 28365 29575 15770 25972 14570 23615 27357 5979 2923 17908 9909
15 24126 15209 18097 16211 20173 29575 15770 25972 14570 23615 19165 14171 11115 6634 1717
15 7742 15209 18097 16211 20173 29575 32154 25972 30954 7231 19165 14171 11115 23018 9716
15 15934 19305 14001 20307 16077 29575 19866 30068 18666 15423 15069 18267 9909 5813 2538
15 32318 15209 18097 16211 24269 25479 15770 17780 14570 31807 23261 14171 12123 7019 1717
15 32318 31593 18097 16211 7885 25479 15770 17780 30954 31807 6877 14171 12123 23403 9127
15 15934 15209 18097 16211 24269 25479 32154 17780 30954 15423 23261 14171 12123 7019 1524
15 32318 7017 26289 8019 32461 25479 7578 25972 6378 31807 31453 5979 3931 18101 9909
15 32318 15209 26289 8019 24269 25479 7578 25972 14570 31807 23261 5979 3931 17319 9909
15 32318 31593 26289 8019 7885 25479 7578 25972 30954 31807 6877 5979 3931 17319 9127
15 15934 15209 26289 8019 24269 25479 23962 25972 30954 15423 23261 5979 3931 17319 9716
15 24126 15209 18097 16211 24269 25479 15770 25972 14570 23615 23261 14171 12123 6634 1717
15 24126 31593 18097 16211 7885 25479 15770 25972 30954 23615 6877 14171 12123 23018 9127
15 15934 31593 14001 20307 20173 13191 19866 30068 30954 15423 19165 18267 9127 5031 3546
15 24126 15209 22193 12115 20173 29575 11674 30068 14570 23615 19165 10075 25511 6634 5813
15 20030 15209 18097 16211 20173 29575 15770 30068 14570 19519 19165 14171 10730 6634 1717
15 32318 19305 16049 18259 14029 31623 17818 15732 18666 31807 13021 29607 11957 7861 2923
15 15934 19305 16049 18259 30413 15239 17818 32116 18666 15423 29405 13223 11957 7861 1498
15 7742 27497 7857 26451 30413 7047 26010 32116 26858 7231 29405 5031 3765 17882 9690
15 20030 15209 20145 14163 22221 27527 13722 32116 14570 19519 21213 25511 9690 6634 3765
15 11838 27497 7857 26451 22221 15239 30106 23924 30954 11327 21213 13223 19956 19307 13786
15 28222 19305 16049 18259 14029 31623 21914 15732 22762 27711 13021 29607 11764 7861 2923
15 28222 2921 32433 1875 30413 31623 5530 32116 6378 27711 29405 29607 28148 24245 16053
15 31294 17257 16049 17235 16077 32647 17818 15732 17642 30783 14836 14005 11957 7861 875
15 32318 3945 28849 3923 28877 32647 3994 29044 3818 3435 2923 1899 24757 20661 12469
15 32318 3945 28849 8019 28877 28551 8090 29044 3818 3435 2923 1899 24797 20661 12469
15 32318 3945 28849 16211 28877 20359 16282 29044 3818 3435 2923 1899 24797 20701 12469
15 24126 3945 28849 8019 28877 28551 16282 29044 12010 3435 2923 1899 24797 20980 12469
15 32318 3945 28849 3923 29901 31623 3994 29044 3818 3435 2907 1899 24757 20661 12469
15 32318 3945 28849 8019 29901 27527 8090 29044 3818 3435 7003 1899 25821 20661 12469
15 24126 3945 28849 8019 29901 27527 16282 29044 12010 3435 7003 1899 25821 20980 12469
15 28222 3945 28849 3923 29901 31623 8090 29044 7914 3435 2907 1899 25076 20661 12469
15 20030 3945 28849 3923 29901 31623 16282 29044 16106 3435 2907 1899 25076 20980 12469
15 31294 3945 28849 3923 29901 31623 3994 30068 3818 3435 3034 1899 24757 20661 12469
15 31294 3945 28849 8019 29901 27527 8090 30068 3818 3435 7130 1899 25821 20661 12469
15 31294 3945 28849 3923 31949 29575 3994 30068 3818 3435 3034 1883 24757 20661 12469
15 31294 8041 28849 3923 27853 29575 3994 30068 7914 7531 3034 1883 25511 20661 12469
15 32318 24937 7857 24915 7885 32647 24986 8052 24810 7349 6837 5813 3765 16747 8555
15 32318 24937 7857 24915 24269 16263 24986 8052 24810 7349 6837 5813 3765 16747 8539
15 15934 24937 7857 24915 24269 16263 24986 24436 24810 7349 6837 5813 3765 16747 8666
15 15422 32617 16049 32083 31949 16263 17306 17268 17130 16870 14399 13375 11327 7231 986
15 15422 32617 16049 32083 15565 32647 17306 17268 17130 16870 14399 13375 11327 7231 1002
15 31806 30569 16049 30035 31949 16263 17306 2932 17130 2534 30783 14005 27711 23615 13659
15 15422 30569 16049 30035 31949 16263 17306 19316 17130 18918 14399 14005 11327 7231 986
15 15422 14185 32433 13651 31949 32647 17306 19316 17130 18918 14399 30389 11327 7231 3060
15 15422 30569 16049 30035 15565 32647 17306 19316 17130 18918 14399 14005 11327 7231 1002
15 15422 30569 32433 13651 15565 32647 17306 19316 17130 18918 14399 30389 11327 7231 3046
15 31806 22377 16049 21843 31949 16263 17306 11124 17130 10726 30783 14005 27711 7861 5467
15 15422 22377 16049 21843 31949 16263 17306 27508 17130 27110 14399 14005 11327 7861 986
15 15422 22377 16049 21843 15565 32647 17306 27508 17130 27110 14399 14005 11327 7861 1002
15 7230 30569 7857 30035 31949 8071 25498 27508 25322 27110 6207 5813 3135 17370 9178
15 7230 30569 7857 30035 15565 24455 25498 27508 25322 27110 6207 5813 3135 17370 9194
15 7230 30569 7857 30035 7373 32647 25498 27508 25322 27110 6207 5813 3135 17386 9194
15 31806 18281 16049 17747 15565 32647 17306 15220 17130 31206 30783 14005 11957 7861 1899
15 31806 18281 16049 17747 31949 16263 17306 15220 17130 14822 30783 14005 11957 7861 1371
15 15422 18281 16049 17747 31949 16263 17306 31604 17130 31206 14399 14005 11957 7861 986
15 15422 18281 16049 17747 15565 32647 17306 31604 17130 31206 14399 14005 11957 7861 1002
15 31806 26473 7857 25939 31949 8071 25498 7028 25322 6630 30783 5813 3765 17755 9563
15 7230 26473 7857 25939 7373 32647 25498 31604 25322 31206 6207 5813 3765 17386 9194
15 15422 30569 16049 32083 31949 14215 19354 19316 17130 16870 14399 29917 11327 7231 3034
15 15422 30569 16049 32083 15565 30599 19354 19316 17130 16870 14399 13533 11327 7231 1002
15 15422 22377 16049 32083 15565 22407 27546 27508 17130 16870 14399 13533 11327 7389 1002
15 7230 30569 7857 32083 7373 30599 27546 27508 25322 25062 6207 5341 3135 17386 9194
15 7230 30569 24241 15699 7373 30599 27546 27508 25322 25062 6207 5341 3135 17386 9190
15 31806 26473 16049 27987 31949 14215 19354 7028 17130 4582 30783 29917 11957 23615 11611
15 15422 26473 16049 27987 31949 14215 19354 23412 17130 20966 14399 29917 11957 7231 3034
15 15422 26473 16049 27987 15565 30599 19354 23412 17130 20966 14399 13533 11957 7231 1002
15 15422 26473 32433 11603 15565 30599 19354 23412 17130 20966 14399 13533 28341 7231 5094
15 31806 18281 16049 19795 15565 30599 19354 15220 17130 29158 30783 13533 11957 7861 1899
15 31806 18281 16049 19795 31949 14215 19354 15220 17130 12774 30783 29917 11957 7861 3419
15 15422 18281 16049 19795 15565 30599 19354 31604 17130 29158 14399 13533 11957 7861 1002
15 15422 26473 7857 27987 15565 22407 27546 23412 25322 20966 14399 13533 3765 19803 9194
15 7230 26473 7857 27987 7373 30599 27546 31604 25322 29158 6207 5341 3765 17386 9194
15 7230 26473 16049 19795 7373 30599 27546 31604 25322 29158 6207 5341 11957 21478 9194
15 30014 30569 32433 32083 31949 30599 2970 2932 29419 2534 30783 1756 25919 21823 13631
15 13630 30569 16049 32083 31949 14215 19354 19316 29419 18918 14399 18140 9535 5439 3034
15 13630 14185 32433 15699 31949 30599 19354 19316 29419 18918 14399 18140 9535 5439 3060
15 13630 30569 32433 15699 15565 30599 19354 19316 29419 18918 14399 18140 9535 5439 3046
15 13630 14185 32433 32083 31949 14215 19354 19316 13035 18918 30783 18140 9535 5439 3804
15 30014 30569 24241 32083 23757 30599 11162 2932 29419 10726 30783 1756 25919 22379 13631
15 30014 30569 7857 32083 23757 14215 27546 2932 29419 10726 30783 18140 25919 22379 15707
15 13630 14185 24241 15699 23757 30599 27546 19316 29419 27110 14399 18140 9535 5995 3060
15 30014 30569 32433 23891 23757 30599 2970 11124 29419 10726 30783 1756 25919 22439 13631
15 30014 30569 16049 23891 23757 14215 19354 11124 29419 10726 30783 18140 25919 6055 7515
15 30014 30569 32433 7507 7373 30599 2970 27508 29419 27110 30783 1756 25919 22439 14247
15 13630 30569 16049 23891 23757 14215 19354 27508 29419 27110 14399 18140 9535 6055 3034
15 13630 30569 32433 7507 7373 30599 19354 27508 29419 27110 14399 18140 9535 22439 11238
15 13630 14185 32433 23891 23757 14215 19354 27508 13035 27110 30783 18140 9535 6055 3804
15 30014 30569 24241 32083 23757 30599 11162 11124 29419 10726 22591 1756 25919 21483 13631
15 30014 30569 7857 32083 7373 30599 27546 11124 29419 27110 22591 1756 25919 21483 14187
15 30014 30569 7857 32083 23757 14215 27546 11124 29419 10726 22591 18140 25919 21483 15707
15 30014 14185 24241 32083 23757 14215 27546 27508 13035 10726 22591 18140 25919 5099 7389
15 30014 30569 24241 15699 7373 30599 11162 27508 29419 27110 22591 1756 25919 21483 14247
15 13630 30569 7857 32083 23757 14215 27546 27508 29419 27110 6207 18140 9535 21483 11226
15 30014 30569 7857 32083 7373 30599 27546 27508 29419 27110 6207 1756 25919 21483 13291
15 13630 30569 24241 15699 7373 30599 27546 27508 29419 27110 6207 18140 9535 21483 11238
15 30014 30569 24241 32083 23757 30599 11162 11124 13035 10726 22591 18140 25919 5099 7231
15 13630 14185 24241 32083 23757 14215 27546 27508 13035 27110 22591 18140 9535 5099 3804
15 5950 30569 16049 23891 23757 14215 27546 27508 29419 10727 22591 26332 17727 19430 15834
15 30014 30569 32433 32083 31949 30599 2970 2932 21227 2534 30783 9948 25919 23615 13631
15 13630 30569 16049 32083 31949 14215 19354 19316 21227 18918 14399 26332 9535 7231 3034
15 13630 14185 32433 15699 31949 30599 19354 19316 21227 18918 14399 26332 9535 7231 3060
15 30014 26473 32433 27987 31949 30599 2970 7028 25323 6630 30783 5852 28341 21823 13631
15 30014 26473 16049 27987 15565 30599 19354 7028 25323 23014 30783 5852 11957 21823 10091
15 30014 10089 32433 11603 31949 30599 2970 23412 8939 23014 30783 22236 28341 21823 16053
15 30014 26473 16049 27987 31949 14215 19354 7028 25323 6630 30783 22236 11957 21823 11611
15 30014 26473 32433 11603 15565 30599 2970 23412 25323 23014 30783 5852 28341 21823 14247
15 13630 26473 16049 27987 31949 14215 19354 23412 25323 23014 14399 22236 11957 5439 3034
15 13630 10089 32433 11603 31949 30599 19354 23412 25323 23014 14399 22236 28341 5439 7156
15 30014 26473 16049 27987 15565 30599 19354 23412 25323 23014 14399 5852 11957 21823 9195
15 13630 26473 32433 11603 15565 30599 19354 23412 25323 23014 14399 22236 28341 5439 7142
15 30014 26473 32433 27987 31949 30599 2970 7028 8939 6630 30783 22236 28341 21823 15423
15 13630 10089 32433 27987 31949 14215 19354 23412 8939 23014 30783 22236 28341 5439 7900
15 30014 18281 16049 19795 15565 30599 19354 15220 17131 31206 30783 14044 11957 7861 1899
15 30014 1897 32433 3411 31949 30599 2970 31604 747 31206 30783 30428 28341 24245 16053
15 30014 18281 16049 19795 31949 14215 19354 15220 17131 14822 30783 30428 11957 7861 3419
15 30014 18281 16049 27987 15565 22407 27546 15220 17131 23014 30783 14044 11957 7389 1899
15 30014 1897 32433 11603 31949 22407 11162 31604 747 23014 30783 30428 28341 23773 16053
15 30014 1897 32433 27987 31949 6023 27546 31604 747 6630 30783 30428 28341 23773 15581
15 30014 18281 32433 11603 15565 22407 11162 31604 17131 23014 30783 14044 28341 7389 6055
15 30014 18281 16049 27987 15565 22407 27546 31604 17131 23014 14399 14044 11957 7389 1003
15 13630 1897 32433 27987 31949 6023 27546 31604 747 23014 30783 30428 28341 23773 16092
15 30014 10089 32433 3411 23757 30599 2970 31604 8939 31206 30783 22236 28341 22439 16053
15 30014 26473 16049 19795 23757 14215 19354 15220 25323 14822 30783 22236 11957 6055 3419
15 25918 26473 32433 27987 31949 30599 7066 7028 25323 6630 30783 5852 3828 17727 9535
15 25918 26473 16049 27987 31949 14215 23450 7028 25323 6630 30783 22236 3828 17727 11611
15 25918 26473 16049 27987 15565 30599 23450 23412 25323 23014 14399 5852 3828 17727 9195
15 25918 26473 24241 27987 23757 30599 15258 7028 25323 14822 30783 5852 3828 18283 9535
15 25918 26473 7857 27987 7373 30599 31642 7028 25323 31206 30783 5852 3828 18283 10091
15 25918 26473 7857 27987 23757 14215 31642 7028 25323 14822 30783 22236 3828 18283 11611
15 25918 18281 32433 19795 31949 30599 7066 15220 17131 14822 30783 14044 12020 24245 9535
15 25918 18281 16049 19795 15565 30599 23450 15220 17131 31206 30783 14044 12020 7861 1899
15 25918 1897 32433 3411 31949 30599 7066 31604 747 31206 30783 30428 28404 24245 16053
15 25918 18281 16049 19795 31949 14215 23450 15220 17131 14822 30783 30428 12020 7861 3419
15 25918 18281 16049 19795 15565 30599 23450 31604 17131 31206 14399 14044 12020 7861 1003
15 9534 1897 32433 19795 31949 14215 23450 31604 747 31206 30783 30428 28404 24245 16092
15 9534 1897 32433 3411 31949 30599 23450 31604 747 31206 30783 30428 28404 24245 16116
15 25918 26473 7857 27987 31949 6023 31642 7028 25323 6630 30783 30428 3828 19803 11611
15 25918 26473 7857 27987 15565 22407 31642 23412 25323 23014 14399 14044 3828 19803 9195
15 25918 18281 32433 27987 31949 22407 15258 15220 17131 6630 30783 14044 12020 23773 9535
15 25918 18281 16049 27987 15565 22407 31642 15220 17131 23014 30783 14044 12020 7389 1899
15 25918 1897 32433 11603 31949 22407 15258 31604 747 23014 30783 30428 28404 23773 16053
15 25918 18281 16049 27987 31949 6023 31642 15220 17131 6630 30783 30428 12020 23773 11611
15 25918 1897 32433 27987 31949 6023 31642 31604 747 6630 30783 30428 28404 23773 15581
15 9534 1897 32433 11603 31949 22407 31642 31604 17131 23014 14399 30428 28404 23773 15348
15 25918 18281 16049 27987 15565 22407 31642 31604 17131 23014 14399 14044 12020 7389 1003
15 9534 1897 32433 27987 31949 6023 31642 31604 747 23014 30783 30428 28404 23773 16092
15 9534 1897 32433 11603 31949 22407 31642 31604 747 23014 30783 30428 28404 23773 16116
15 25918 26473 32433 19795 23757 30599 7066 15220 25323 14822 30783 5852 12020 22439 9535
15 25918 26473 16049 19795 7373 30599 23450 15220 25323 31206 30783 5852 12020 22439 10091
15 25918 10089 32433 3411 23757 30599 7066 31604 8939 31206 30783 22236 28404 22439 16053
15 25918 26473 16049 19795 23757 14215 23450 15220 25323 14822 30783 22236 12020 6055 3419
15 25918 10089 32433 19795 23757 14215 23450 31604 8939 14822 30783 22236 28404 6055 7389
15 25918 26473 32433 3411 7373 30599 7066 31604 25323 31206 30783 5852 28404 22439 14247
15 9534 26473 16049 19795 23757 14215 23450 31604 25323 31206 14399 22236 28404 6055 7130
15 9534 10089 32433 3411 23757 30599 23450 31604 25323 31206 14399 22236 28404 22439 15348
15 25918 26473 16049 19795 7373 30599 23450 31604 25323 31206 14399 5852 12020 22439 9195
15 9534 26473 32433 3411 7373 30599 23450 31604 25323 31206 14399 22236 28404 22439 15334
15 9534 10089 32433 19795 23757 14215 23450 31604 8939 31206 30783 22236 28404 6055 7900
15 9534 10089 32433 3411 23757 30599 23450 31604 8939 31206 30783 22236 28404 22439 16116
15 17726 26473 24241 27987 31949 22407 15258 15220 25323 14822 22591 14044 12020 7130 1343
15 17726 26473 7857 27987 15565 22407 31642 15220 25323 31206 22591 14044 12020 23514 10091
15 17726 10089 24241 11603 31949 22407 15258 31604 8939 31206 22591 30428 28404 7130 7861
15 17726 26473 7857 27987 31949 6023 31642 15220 25323 14822 22591 30428 12020 23514 11611
15 17726 10089 24241 27987 31949 6023 31642 31604 8939 14822 22591 30428 28404 23514 15581
15 1342 26473 7857 27987 31949 6023 31642 31604 25323 31206 6207 30428 28404 23514 15322
15 1342 10089 24241 11603 31949 22407 31642 31604 25323 31206 6207 30428 28404 23514 15348
15 17726 26473 7857 27987 15565 22407 31642 31604 25323 31206 6207 14044 12020 23514 9195
15 1342 26473 24241 11603 15565 22407 31642 31604 25323 31206 6207 30428 28404 23514 15334
15 17726 26473 24241 27987 31949 22407 15258 15220 8939 14822 22591 30428 28404 7130 7231
15 1342 10089 24241 27987 31949 6023 31642 31604 8939 31206 22591 30428 28404 23514 16092
15 1342 10089 24241 11603 31949 22407 31642 31604 8939 31206 22591 30428 28404 23514 16116
15 17726 18281 32433 19795 31949 30599 15258 15220 25323 14822 22591 14044 12020 7156 1343
15 17726 18281 16049 19795 15565 30599 31642 15220 25323 31206 22591 14044 12020 7156 1899
15 17726 1897 32433 3411 31949 30599 15258 31604 8939 31206 22591 30428 28404 23540 16053
15 17726 18281 16049 19795 31949 14215 31642 15220 25323 14822 22591 30428 12020 7156 3419
15 1342 1897 32433 3411 31949 30599 31642 31604 25323 31206 6207 30428 28404 23540 15348
15 17726 18281 16049 19795 15565 30599 31642 31604 25323 31206 6207 14044 12020 23540 9195
15 1342 1897 32433 19795 31949 14215 31642 31604 8939 31206 22591 30428 28404 23540 16092
15 1342 1897 32433 3411 31949 30599 31642 31604 8939 31206 22591 30428 28404 23540 16116
15 25918 26473 7857 27987 7373 30599 31642 15220 25323 31206 22591 5852 3828 17387 10091
15 25918 26473 7857 27987 7373 30599 31642 31604 25323 31206 6207 5852 3828 17387 9195
15 17726 26473 32433 19795 23757 30599 15258 15220 25323 14822 22591 14044 12020 7142 1343
15 17726 26473 16049 19795 7373 30599 31642 15220 25323 31206 22591 14044 12020 23526 10091
15 17726 10089 32433 3411 23757 30599 15258 31604 8939 31206 22591 30428 28404 23526 16053
15 17726 26473 16049 19795 23757 14215 31642 15220 25323 14822 22591 30428 12020 7142 3419
15 17726 10089 32433 19795 23757 14215 31642 31604 8939 14822 22591 30428 28404 7142 7389
15 1342 10089 32433 3411 23757 30599 31642 31604 25323 31206 6207 30428 28404 23526 15348
15 17726 26473 16049 19795 7373 30599 31642 31604 25323 31206 6207 14044 12020 23526 9195
15 1342 26473 32433 3411 7373 30599 31642 31604 25323 31206 6207 30428 28404 23526 15334
15 1342 10089 32433 19795 23757 14215 31642 31604 8939 31206 22591 30428 28404 23526 16092
15 1342 10089 32433 3411 23757 30599 31642 31604 8939 31206 22591 30428 28404 23526 16116
15 25918 26473 32433 27987 31949 30599 7066 7028 17131 6630 30783 14044 12020 23615 9535
15 25918 26473 16049 27987 15565 30599 23450 7028 17131 23014 30783 14044 12020 23615 10091
15 25918 10089 32433 11603 31949 30599 7066 23412 747 23014 30783 30428 28404 23615 16053
15 25918 26473 16049 27987 31949 14215 23450 7028 17131 6630 30783 30428 12020 23615 11611
15 25918 10089 32433 27987 31949 14215 23450 23412 747 6630 30783 30428 28404 23615 15581
15 25918 26473 32433 11603 15565 30599 7066 23412 17131 23014 30783 14044 28404 23615 14247
15 9534 10089 32433 11603 31949 30599 23450 23412 17131 23014 14399 30428 28404 7231 7156
15 25918 26473 16049 27987 15565 30599 23450 23412 17131 23014 14399 14044 12020 7231 1003
15 9534 26473 32433 11603 15565 30599 23450 23412 17131 23014 14399 30428 28404 7231 7142
15 25918 26473 32433 27987 31949 30599 7066 7028 747 6630 30783 30428 28404 23615 15423
15 9534 10089 32433 27987 31949 14215 23450 23412 747 23014 30783 30428 28404 23615 16092
15 9534 10089 32433 11603 31949 30599 23450 23412 747 23014 30783 30428 28404 23615 16116
15 17726 18281 32433 27987 31949 22407 15258 15220 17131 14822 30783 14044 12020 7900 1343
15 17726 18281 16049 27987 15565 22407 31642 15220 17131 31206 30783 14044 12020 7900 1899
15 17726 18281 16049 27987 31949 6023 31642 15220 17131 14822 30783 30428 12020 24284 11611
15 17726 18281 16049 27987 15565 22407 31642 31604 17131 31206 14399 14044 12020 7900 1003
15 1342 1897 32433 27987 31949 6023 31642 31604 747 31206 30783 30428 28404 24284 16092
15 1342 1897 32433 11603 31949 22407 31642 31604 747 31206 30783 30428 28404 24284 16116
15 17726 18281 32433 19795 31949 30599 15258 15220 17131 14822 30783 14044 12020 7924 1343
15 17726 18281 16049 19795 15565 30599 31642 15220 17131 31206 30783 14044 12020 7924 1899
15 17726 18281 16049 19795 31949 14215 31642 15220 17131 14822 30783 30428 12020 7924 3419
15 17726 18281 16049 19795 15565 30599 31642 31604 17131 31206 14399 14044 12020 7924 1003
15 1342 1897 32433 3411 31949 30599 31642 31604 747 31206 30783 30428 28404 24308 16116
15 17726 18281 32433 27987 31949 22407 15258 15220 25323 14822 22591 14044 12020 7132 1343
15 17726 1897 32433 11603 31949 22407 15258 31604 8939 31206 22591 30428 28404 23516 16053
15 17726 18281 16049 27987 31949 6023 31642 15220 25323 14822 22591 30428 12020 23516 11611
15 1342 1897 32433 11603 31949 22407 31642 31604 25323 31206 6207 30428 28404 23516 15348
15 17726 18281 16049 27987 15565 22407 31642 31604 25323 31206 6207 14044 12020 23516 9195
15 17726 18281 32433 27987 15565 22407 15258 15220 25323 31206 22591 14044 12020 7132 1839
15 25918 26473 32433 27987 23757 30599 7066 7028 25323 14822 30783 5852 3828 18223 9535
15 25918 26473 16049 27987 7373 30599 23450 7028 25323 31206 30783 5852 3828 18223 10091
15 25918 10089 32433 11603 23757 30599 7066 23412 8939 31206 30783 22236 20212 18223 16053
15 25918 26473 16049 27987 23757 14215 23450 7028 25323 14822 30783 22236 3828 18223 11611
15 25918 10089 32433 27987 23757 14215 23450 23412 8939 14822 30783 22236 20212 1839 7389
15 9534 26473 32433 11603 7373 30599 23450 23412 25323 31206 14399 22236 20212 18223 15334
15 9534 10089 32433 11603 23757 30599 23450 23412 8939 31206 30783 22236 20212 1839 7924
15 25918 26473 24241 27987 31949 30599 15258 7028 25323 6630 30783 5852 3828 17787 9535
15 25918 26473 7857 27987 15565 30599 31642 7028 25323 23014 30783 5852 3828 17787 10091
15 25918 10089 24241 11603 31949 30599 15258 23412 8939 23014 30783 22236 20212 1403 7861
15 25918 10089 24241 27987 31949 14215 31642 23412 8939 6630 30783 22236 20212 17787 15581
15 25918 26473 24241 11603 15565 30599 15258 23412 25323 23014 30783 5852 20212 17787 14247
15 25918 26473 7857 27987 15565 30599 31642 23412 25323 23014 14399 5852 3828 17787 9195
15 9534 10089 24241 11603 31949 30599 31642 23412 8939 23014 30783 22236 20212 1403 7924
15 25918 26473 24241 27987 15565 30599 31642 23412 25323 23014 14399 22236 12020 5499 3055
15 25918 26473 32433 27987 31949 22407 15258 7028 17131 6630 30783 14044 12020 23647 9535
15 25918 26473 16049 27987 15565 22407 31642 7028 17131 23014 30783 14044 12020 23647 10091
15 25918 10089 32433 11603 31949 22407 15258 23412 747 23014 30783 30428 28404 23647 16053
15 25918 26473 16049 27987 31949 6023 31642 7028 17131 6630 30783 30428 12020 23647 11611
15 25918 10089 32433 27987 31949 6023 31642 23412 747 6630 30783 30428 28404 23647 15581
15 25918 26473 32433 11603 15565 22407 15258 23412 17131 23014 30783 14044 28404 7263 6055
15 9534 26473 16049 27987 31949 6023 31642 23412 17131 23014 14399 30428 28404 23647 15322
15 9534 10089 32433 11603 31949 22407 31642 23412 17131 23014 14399 30428 28404 7263 7156
15 25918 26473 16049 27987 15565 22407 31642 23412 17131 23014 14399 14044 12020 7263 1003
15 9534 26473 32433 11603 15565 22407 31642 23412 17131 23014 14399 30428 28404 7263 7142
15 25918 26473 32433 27987 31949 22407 15258 7028 747 6630 30783 30428 28404 23647 15423
15 9534 10089 32433 27987 31949 6023 31642 23412 747 23014 30783 30428 28404 23647 16092
15 9534 10089 32433 11603 31949 22407 31642 23412 747 23014 30783 30428 28404 23647 16116
15 25918 26473 32433 27987 31949 6023 31642 7028 747 6630 30783 30428 28404 23647 15455
15 25918 10089 32433 27987 31949 22407 15258 23412 747 6630 30783 30428 28404 23647 15549
15 25918 26473 16049 27987 31949 22407 31642 7028 17131 6630 30783 14044 12020 23647 9595
15 25918 26473 32433 19795 23757 30599 15258 15220 25323 14822 22591 5852 12020 21479 9535
15 25918 26473 16049 19795 7373 30599 31642 15220 25323 31206 22591 5852 12020 21479 10091
15 25918 10089 32433 3411 23757 30599 15258 31604 8939 31206 22591 22236 28404 21479 16053
15 25918 26473 16049 19795 23757 14215 31642 15220 25323 14822 22591 22236 12020 5095 3419
15 9534 26473 16049 19795 23757 14215 31642 31604 25323 31206 6207 22236 28404 21479 15322
15 9534 10089 32433 3411 23757 30599 31642 31604 25323 31206 6207 22236 28404 21479 15348
15 25918 26473 16049 19795 7373 30599 31642 31604 25323 31206 6207 5852 12020 21479 9195
15 9534 10089 32433 3411 23757 30599 31642 31604 8939 31206 22591 22236 28404 21479 16116
15 25918 10089 32433 19795 23757 30599 15258 31604 8939 14822 22591 22236 28404 5095 7357
15 25918 26473 32433 19795 23757 30599 15258 15220 25323 14822 22591 22236 12020 5095 3391
15 25918 26473 16049 19795 23757 30599 31642 15220 25323 14822 22591 5852 12020 21479 9595
15 25918 26473 32433 3411 23757 30599 15258 31604 10987 31206 22591 6108 28404 21479 14007
15 26046 30569 28337 32083 31949 26503 7066 27509 29419 6630 30783 5852 3930 17855 9663
15 26046 30569 11953 32083 15565 26503 23450 11125 29419 23014 30783 5852 20314 17855 14187
15 26046 14185 28337 15699 31949 26503 7066 27509 13035 23014 30783 22236 3930 17855 11957
15 26046 30569 11953 32083 31949 10119 23450 11125 29419 6630 30783 22236 20314 17855 15707
15 26046 14185 28337 32083 31949 10119 23450 27509 13035 6630 30783 22236 20314 17855 15581
15 26046 30569 28337 15699 15565 26503 7066 27509 29419 23014 30783 5852 3930 17855 10151
15 9662 30569 11953 32083 31949 10119 23450 27509 29419 23014 14399 22236 20314 1471 7130
15 26046 14185 28337 15699 31949 26503 23450 27509 29419 23014 14399 22236 3930 17855 11253
15 26046 30569 11953 32083 15565 26503 23450 27509 29419 23014 14399 5852 20314 17855 13291
15 9662 30569 28337 15699 15565 26503 23450 27509 29419 23014 14399 22236 20314 1471 7142
15 9662 14185 28337 32083 31949 10119 23450 27509 13035 23014 30783 22236 20314 1471 7900
15 9662 30569 11953 32083 31949 10119 23450 11125 29419 23014 30783 22236 20314 1471 8026
15 26046 30569 3761 32083 7373 26503 31642 2933 29419 31206 30783 5852 28506 22379 14187
15 26046 14185 20145 15699 23757 26503 15258 19317 13035 31206 30783 22236 12122 5995 3765
15 26046 30569 3761 32083 23757 10119 31642 2933 29419 14822 30783 22236 28506 22379 15707
15 26046 30569 20145 15699 7373 26503 15258 19317 29419 31206 30783 5852 12122 22379 10151
15 9662 30569 3761 32083 23757 10119 31642 19317 29419 31206 14399 22236 28506 22379 15322
15 26046 30569 3761 32083 7373 26503 31642 19317 29419 31206 14399 5852 28506 22379 13291
15 9662 14185 20145 32083 23757 10119 31642 19317 13035 31206 30783 22236 28506 5995 7900
15 9662 30569 3761 32083 23757 10119 31642 2933 29419 31206 30783 22236 28506 22379 16218
15 26046 5993 28337 7507 31949 26503 7066 27509 4843 31206 30783 30428 3930 20149 11957
15 26046 22377 28337 7507 15565 26503 7066 27509 21227 31206 30783 14044 3930 20149 10151
15 26046 14185 20145 15699 31949 18311 15258 19317 13035 23014 30783 30428 12122 7515 3765
15 26046 30569 3761 32083 31949 1927 31642 2933 29419 6630 30783 30428 28506 23899 15707
15 26046 30569 20145 15699 15565 18311 15258 19317 29419 23014 30783 14044 12122 7515 1959
15 9662 30569 3761 32083 31949 1927 31642 19317 29419 23014 14399 30428 28506 23899 15322
15 9662 30569 3761 32083 31949 1927 31642 2933 29419 23014 30783 30428 28506 23899 16218
15 26046 22377 11953 32083 15565 18311 31642 11125 21227 23014 30783 14044 28506 7389 5995
15 26046 5993 28337 15699 31949 18311 15258 27509 4843 23014 30783 30428 12122 23773 11957
15 26046 22377 11953 32083 31949 1927 31642 11125 21227 6630 30783 30428 28506 23773 15707
15 26046 5993 28337 32083 31949 1927 31642 27509 4843 6630 30783 30428 28506 23773 15581
15 26046 22377 28337 15699 15565 18311 15258 27509 21227 23014 30783 14044 12122 7389 1959
15 9662 22377 11953 32083 31949 1927 31642 27509 21227 23014 14399 30428 28506 23773 15322
15 26046 22377 11953 32083 15565 18311 31642 27509 21227 23014 14399 14044 28506 7389 5099
15 9662 22377 11953 32083 31949 1927 31642 11125 21227 23014 30783 30428 28506 23773 16218
15 17854 30569 11953 23891 7373 26503 31642 11125 29419 31206 22591 14044 28506 23526 14187
15 17854 14185 28337 7507 23757 26503 15258 27509 13035 31206 22591 30428 12122 23526 11957
15 17854 30569 11953 23891 23757 10119 31642 11125 29419 14822 22591 30428 28506 7142 7515
15 17854 14185 28337 23891 23757 10119 31642 27509 13035 14822 22591 30428 28506 7142 7389
15 17854 30569 28337 7507 7373 26503 15258 27509 29419 31206 22591 14044 12122 23526 10151
15 1470 30569 11953 23891 23757 10119 31642 27509 29419 31206 6207 30428 28506 23526 15322
15 17854 14185 28337 7507 23757 26503 31642 27509 29419 31206 6207 30428 12122 23526 11253
15 17854 30569 11953 23891 7373 26503 31642 27509 29419 31206 6207 14044 28506 23526 13291
15 1470 30569 28337 7507 7373 26503 31642 27509 29419 31206 6207 30428 28506 23526 15334
15 17854 30569 28337 23891 23757 26503 15258 11125 13035 14822 22591 30428 28506 7142 7231
15 1470 14185 28337 23891 23757 10119 31642 27509 13035 31206 22591 30428 28506 23526 16092
15 1470 30569 11953 23891 23757 10119 31642 11125 29419 31206 22591 30428 28506 23526 16218
15 17854 14185 20145 15699 31949 18311 15258 19317 13035 31206 30783 30428 12122 8026 3765
15 1470 30569 3761 32083 31949 1927 31642 2933 29419 31206 30783 30428 28506 24410 16218
15 17854 22377 28337 23891 31949 26503 15258 27509 21227 14822 30783 14044 12122 7924 1471
15 17854 22377 11953 23891 15565 26503 31642 11125 21227 31206 30783 14044 28506 7924 5995
15 17854 5993 28337 7507 31949 26503 15258 27509 4843 31206 30783 30428 12122 24308 11957
15 17854 22377 11953 23891 31949 10119 31642 11125 21227 14822 30783 30428 28506 7924 7515
15 17854 5993 28337 23891 31949 10119 31642 27509 4843 14822 30783 30428 28506 24308 15581
15 17854 22377 28337 7507 15565 26503 15258 27509 21227 31206 30783 14044 12122 24308 10151
15 1470 22377 11953 23891 31949 10119 31642 27509 21227 31206 14399 30428 28506 24308 15322
15 17854 5993 28337 7507 31949 26503 31642 27509 21227 31206 14399 30428 12122 24308 11253
15 17854 22377 11953 23891 15565 26503 31642 27509 21227 31206 14399 14044 28506 7924 5099
15 1470 22377 28337 7507 15565 26503 31642 27509 21227 31206 14399 30428 28506 24308 15334
15 17854 22377 28337 23891 31949 26503 15258 11125 4843 14822 30783 30428 28506 24308 15423
15 1470 5993 28337 23891 31949 10119 31642 27509 4843 31206 30783 30428 28506 24308 16092
15 1470 22377 11953 23891 31949 10119 31642 11125 21227 31206 30783 30428 28506 24308 16218
15 1470 5993 28337 7507 31949 26503 31642 27509 4843 31206 30783 30428 28506 24308 16116
15 1470 22377 11953 23891 15565 26503 31642 11125 21227 31206 30783 30428 28506 24308 16234
15 1470 22377 11953 23891 15565 26503 31642 27509 21227 31206 14399 30428 28506 24308 15338
15 1470 22377 28337 23891 31949 10119 31642 11125 4843 31206 30783 30428 28506 24308 15966
15 17854 5993 28337 23891 31949 26503 15258 27509 4843 14822 30783 30428 12122 24308 11453
15 17854 22377 28337 23891 15565 26503 15258 11125 21227 31206 30783 14044 28506 7924 5935
15 17854 22377 28337 23891 15565 26503 15258 27509 21227 31206 30783 14044 12122 7924 1967
15 17854 22377 11953 23891 31949 26503 31642 11125 21227 14822 30783 14044 28506 7924 5499
15 17854 22377 28337 7507 15565 26503 31642 27509 21227 31206 14399 14044 12122 24308 9191
15 17854 22377 28337 23891 15565 26503 31642 27509 21227 31206 14399 14044 12122 7924 1007
15 17854 22377 11953 23891 31949 10119 31642 27509 21227 31206 14399 30428 28506 7924 7131
15 17854 22377 28337 23891 31949 26503 15258 27509 29419 14822 22591 14044 12122 7156 1471
15 17854 22377 11953 23891 15565 26503 31642 11125 29419 31206 22591 14044 28506 7156 5995
15 17854 5993 28337 7507 31949 26503 15258 27509 13035 31206 22591 30428 12122 23540 11957
15 17854 22377 11953 23891 31949 10119 31642 11125 29419 14822 22591 30428 28506 7156 7515
15 17854 5993 28337 23891 31949 10119 31642 27509 13035 14822 22591 30428 28506 23540 15581
15 17854 22377 28337 7507 15565 26503 15258 27509 29419 31206 22591 14044 12122 23540 10151
15 1470 22377 11953 23891 31949 10119 31642 27509 29419 31206 6207 30428 28506 23540 15322
15 17854 5993 28337 7507 31949 26503 31642 27509 29419 31206 6207 30428 12122 23540 11253
15 17854 22377 11953 23891 15565 26503 31642 27509 29419 31206 6207 14044 28506 23540 13291
15 1470 22377 28337 7507 15565 26503 31642 27509 29419 31206 6207 30428 28506 23540 15334
15 17854 22377 28337 23891 31949 26503 15258 11125 13035 14822 22591 30428 28506 7156 7231
15 1470 5993 28337 23891 31949 10119 31642 27509 13035 31206 22591 30428 28506 23540 16092
15 1470 22377 11953 23891 31949 10119 31642 11125 29419 31206 22591 30428 28506 23540 16218
15 1470 5993 28337 7507 31949 26503 31642 27509 29419 31206 6207 30428 28506 23540 15348
15 1470 5993 28337 7507 31949 26503 31642 27509 13035 31206 22591 30428 28506 23540 16116
15 1470 5993 28337 23891 31949 10119 31642 27509 29419 31206 6207 30428 28506 23540 15324
15 1470 22377 11953 23891 15565 26503 31642 11125 29419 31206 22591 30428 28506 23540 16234
15 1470 22377 11953 23891 15565 26503 31642 27509 29419 31206 6207 30428 28506 23540 15338
15 17854 5993 28337 23891 31949 26503 15258 27509 13035 14822 22591 30428 12122 23540 11453
15 17854 22377 28337 23891 15565 26503 15258 11125 29419 31206 22591 14044 28506 7156 5935
15 17854 22377 28337 23891 15565 26503 15258 27509 29419 31206 22591 14044 12122 7156 1967
15 17854 22377 28337 23891 31949 26503 15258 11125 29419 14822 22591 14044 28506 7156 5439
15 17854 22377 28337 23891 31949 26503 15258 27509 13035 14822 22591 30428 12122 7156 3263
15 17854 22377 11953 23891 31949 26503 31642 11125 29419 14822 22591 14044 28506 7156 5499
15 17854 22377 28337 23891 31949 10119 31642 11125 13035 14822 22591 30428 28506 7156 7263
15 17854 22377 28337 7507 15565 26503 31642 27509 29419 31206 6207 14044 12122 23540 9191
15 17854 22377 28337 32083 31949 18311 15258 27509 29419 14822 22591 14044 12122 7132 1471
15 17854 22377 11953 32083 15565 18311 31642 11125 29419 31206 22591 14044 28506 7132 5995
15 17854 22377 11953 32083 31949 1927 31642 11125 29419 14822 22591 30428 28506 23516 15707
15 17854 22377 28337 15699 15565 18311 15258 27509 29419 31206 22591 14044 12122 7132 1959
15 1470 22377 11953 32083 31949 1927 31642 27509 29419 31206 6207 30428 28506 23516 15322
15 17854 5993 28337 15699 31949 18311 31642 27509 29419 31206 6207 30428 12122 23516 11253
15 1470 22377 28337 15699 15565 18311 31642 27509 29419 31206 6207 30428 28506 23516 15334
15 17854 22377 28337 32083 31949 18311 15258 11125 13035 14822 22591 30428 28506 7132 7231
15 1470 5993 28337 32083 31949 1927 31642 27509 13035 31206 22591 30428 28506 23516 16092
15 17854 5993 28337 32083 31949 18311 15258 27509 13035 14822 22591 30428 12122 23516 11453
15 17854 22377 28337 15699 15565 18311 31642 27509 29419 31206 6207 14044 12122 23516 9191
15 17854 30569 20145 32083 23757 26503 15258 27509 29419 14822 22591 14044 12122 7146 1471
15 17854 30569 3761 32083 7373 26503 31642 11125 29419 31206 22591 14044 28506 23530 14187
15 17854 14185 20145 15699 23757 26503 15258 27509 13035 31206 22591 30428 12122 7146 3765
15 17854 30569 3761 32083 23757 10119 31642 11125 29419 14822 22591 30428 28506 23530 15707
15 17854 14185 20145 32083 23757 10119 31642 27509 13035 14822 22591 30428 28506 7146 7389
15 17854 30569 20145 15699 7373 26503 15258 27509 29419 31206 22591 14044 12122 23530 10151
15 1470 30569 3761 32083 23757 10119 31642 27509 29419 31206 6207 30428 28506 23530 15322
15 17854 14185 20145 15699 23757 26503 31642 27509 29419 31206 6207 30428 12122 23530 11253
15 17854 30569 3761 32083 7373 26503 31642 27509 29419 31206 6207 14044 28506 23530 13291
15 1470 30569 20145 15699 7373 26503 31642 27509 29419 31206 6207 30428 28506 23530 15334
15 17854 30569 20145 32083 23757 26503 15258 11125 13035 14822 22591 30428 28506 7146 7231
15 1470 14185 20145 32083 23757 10119 31642 27509 13035 31206 22591 30428 28506 23530 16092
15 1470 30569 3761 32083 23757 10119 31642 11125 29419 31206 22591 30428 28506 23530 16218
15 1470 30569 3761 32083 7373 26503 31642 27509 29419 31206 6207 30428 28506 23530 15338
15 1470 30569 3761 32083 7373 26503 31642 11125 29419 31206 22591 30428 28506 23530 16234
15 17854 14185 20145 32083 23757 26503 15258 27509 13035 14822 22591 30428 12122 7146 3261
15 17854 30569 20145 15699 23757 26503 15258 27509 29419 31206 22591 14044 12122 7146 1975
15 17854 30569 3761 32083 23757 26503 31642 11125 29419 14822 22591 14044 28506 23530 13691
15 17854 30569 20145 32083 23757 10119 31642 11125 13035 14822 22591 30428 28506 7146 7263
15 17854 30569 20145 15699 7373 26503 31642 27509 29419 31206 6207 14044 12122 23530 9191
15 26046 22377 28337 32083 31949 26503 7066 27509 21227 6630 30783 14044 3930 19645 9663
15 26046 22377 11953 32083 15565 26503 23450 11125 21227 23014 30783 14044 20314 3261 5995
15 26046 5993 28337 15699 31949 26503 7066 27509 4843 23014 30783 30428 3930 19645 11957
15 26046 22377 11953 32083 31949 10119 23450 11125 21227 6630 30783 30428 20314 19645 15707
15 26046 5993 28337 32083 31949 10119 23450 27509 4843 6630 30783 30428 20314 19645 15581
15 26046 22377 28337 15699 15565 26503 7066 27509 21227 23014 30783 14044 3930 19645 10151
15 9662 22377 11953 32083 31949 10119 23450 27509 21227 23014 14399 30428 20314 3261 7130
15 26046 5993 28337 15699 31949 26503 23450 27509 21227 23014 14399 30428 3930 19645 11253
15 26046 22377 11953 32083 15565 26503 23450 27509 21227 23014 14399 14044 20314 3261 5099
15 9662 22377 28337 15699 15565 26503 23450 27509 21227 23014 14399 30428 20314 3261 7142
15 26046 22377 28337 32083 31949 26503 7066 11125 4843 6630 30783 30428 20314 19645 15423
15 9662 5993 28337 32083 31949 10119 23450 27509 4843 23014 30783 30428 20314 19645 16092
15 9662 22377 11953 32083 31949 10119 23450 11125 21227 23014 30783 30428 20314 3261 8026
15 26046 5993 28337 32083 31949 26503 7066 27509 4843 6630 30783 30428 3930 19645 11453
15 26046 22377 28337 15699 15565 26503 23450 27509 21227 23014 14399 14044 3930 19645 9191
15 26046 22377 28337 32083 31949 18311 15258 27509 29419 7654 23103 14044 12122 23005 9663
15 26046 22377 11953 32083 15565 18311 31642 11125 29419 24038 23103 14044 28506 6621 5995
15 26046 22377 11953 32083 31949 1927 31642 11125 29419 7654 23103 30428 28506 23005 15707
15 26046 5993 28337 32083 31949 1927 31642 27509 13035 7654 23103 30428 28506 23005 15581
15 26046 22377 28337 15699 15565 18311 15258 27509 29419 24038 23103 14044 12122 6621 1959
15 9662 22377 11953 32083 31949 1927 31642 27509 29419 24038 6719 30428 28506 23005 15322
15 26046 5993 28337 15699 31949 18311 31642 27509 29419 24038 6719 30428 12122 23005 11253
15 26046 22377 28337 32083 31949 18311 15258 11125 13035 24038 23103 30428 28506 6621 7743
15 9662 5993 28337 15699 31949 18311 31642 27509 29419 24038 6719 30428 28506 23005 15348
15 9662 5993 28337 32083 31949 1927 31642 27509 29419 24038 6719 30428 28506 23005 15324
15 9662 22377 11953 32083 15565 18311 31642 11125 29419 24038 23103 30428 28506 6621 8042
15 9662 22377 28337 32083 31949 1927 31642 11125 13035 24038 23103 30428 28506 23005 15966
15 9662 22377 28337 15699 31949 18311 31642 27509 13035 24038 23103 30428 28506 6621 7926
15 26046 22377 28337 32083 15565 18311 15258 11125 29419 24038 23103 14044 28506 6621 5935
15 26046 22377 28337 15699 15565 18311 31642 27509 29419 24038 6719 14044 12122 23005 9191
15 26046 22377 28337 32083 31949 26503 15258 27509 29419 7654 23103 14044 3930 18941 9663
15 26046 22377 11953 32083 15565 26503 31642 11125 29419 24038 23103 14044 20314 2557 5995
15 26046 5993 28337 15699 31949 26503 15258 27509 13035 24038 23103 30428 3930 18941 11957
15 26046 22377 11953 32083 31949 10119 31642 11125 29419 7654 23103 30428 20314 18941 15707
15 26046 5993 28337 32083 31949 10119 31642 27509 13035 7654 23103 30428 20314 18941 15581
15 26046 22377 28337 15699 15565 26503 15258 27509 29419 24038 23103 14044 3930 18941 10151
15 9662 22377 11953 32083 31949 10119 31642 27509 29419 24038 6719 30428 20314 18941 15322
15 26046 5993 28337 15699 31949 26503 31642 27509 29419 24038 6719 30428 3930 18941 11253
15 26046 22377 11953 32083 15565 26503 31642 27509 29419 24038 6719 14044 20314 18941 13291
15 9662 22377 28337 15699 15565 26503 31642 27509 29419 24038 23103 30428 20314 2557 8166
15 26046 22377 28337 32083 31949 26503 15258 11125 13035 24038 23103 30428 20314 2557 7743
15 9662 5993 28337 32083 31949 10119 31642 27509 13035 24038 23103 30428 20314 18941 16092
15 9662 22377 11953 32083 31949 10119 31642 11125 29419 24038 23103 30428 20314 2557 8026
15 26046 5993 28337 32083 31949 26503 31642 27509 29419 7654 6719 30428 3930 18941 10749
15 9662 5993 28337 32083 31949 10119 31642 27509 29419 24038 6719 30428 20314 18941 15324
15 9662 22377 11953 32083 15565 26503 31642 11125 29419 24038 23103 30428 20314 2557 8042
15 9662 22377 11953 32083 15565 26503 31642 27509 29419 24038 6719 30428 20314 18941 15338
15 9662 22377 28337 32083 31949 10119 31642 11125 13035 24038 23103 30428 20314 2557 7774
15 9662 22377 28337 15699 31949 26503 31642 27509 13035 24038 23103 30428 20314 2557 7926
15 26046 5993 28337 32083 31949 26503 15258 27509 13035 7654 23103 30428 3930 18941 11453
15 26046 22377 28337 15699 15565 26503 15258 27509 29419 24038 23103 14044 20314 2557 6055
15 26046 22377 28337 32083 15565 26503 15258 11125 29419 24038 23103 14044 20314 2557 5935
15 26046 22377 28337 32083 31949 26503 15258 11125 13035 7654 23103 30428 20314 18941 15423
15 26046 22377 28337 15699 31949 26503 15258 27509 13035 24038 23103 30428 20314 2557 7863
15 26046 5993 28337 32083 31949 10119 31642 27509 29419 7654 6719 30428 20314 18941 14813
15 26046 22377 11953 32083 31949 10119 31642 27509 29419 7654 6719 30428 20314 18941 14811
15 26046 22377 11953 32083 31949 26503 31642 11125 29419 7654 23103 14044 20314 18941 13691
15 26046 22377 11953 32083 31949 26503 31642 27509 29419 7654 6719 14044 20314 18941 12795
15 26046 22377 28337 32083 31949 26503 31642 27509 29419 7654 6719 14044 3930 18941 8703
15 26046 22377 28337 15699 15565 26503 31642 27509 29419 24038 6719 14044 3930 18941 9191
15 26046 30569 20145 32083 31949 18311 15258 27509 29419 7654 23103 14044 12122 23003 9663
15 26046 30569 3761 32083 15565 18311 31642 11125 29419 24038 23103 14044 28506 23003 14187
15 26046 14185 20145 15699 31949 18311 15258 27509 13035 24038 23103 30428 12122 6619 3765
15 26046 30569 3761 32083 31949 1927 31642 11125 29419 7654 23103 30428 28506 23003 15707
15 9662 14185 20145 15699 31949 18311 31642 27509 13035 24038 23103 30428 28506 6619 7924
15 26046 30569 32433 32083 28109 30599 7066 27509 25339 6630 30783 5852 3694 17855 9663
15 26046 30569 16049 32083 11725 30599 23450 11125 25339 23014 30783 5852 20078 17855 14187
15 26046 14185 32433 32083 28109 14215 23450 27509 25339 6630 30783 22236 3694 17855 11741
15 9662 30569 16049 32083 28109 14215 23450 27509 25339 23014 14399 22236 20078 1471 7130
15 17854 22377 32433 23891 28109 30599 15258 27509 25339 14822 22591 14044 11886 7156 1471
15 17854 5993 32433 7507 28109 30599 15258 27509 8955 31206 22591 30428 28270 23540 16053
15 17854 22377 16049 23891 28109 14215 31642 11125 25339 14822 22591 30428 28270 7156 7515
15 17854 5993 32433 23891 28109 14215 31642 27509 25339 14822 22591 30428 11886 23540 11741
15 17854 22377 32433 7507 11725 30599 15258 27509 25339 31206 22591 14044 28270 23540 14247
15 17854 5993 32433 7507 28109 30599 31642 27509 25339 31206 6207 30428 11886 23540 11253
15 1470 5993 32433 23891 28109 14215 31642 27509 8955 31206 22591 30428 28270 23540 16092
15 1470 5993 32433 7507 28109 30599 31642 27509 25339 31206 6207 30428 28270 23540 15348
15 1470 5993 32433 7507 28109 30599 31642 27509 8955 31206 22591 30428 28270 23540 16116
15 1470 22377 16049 23891 11725 30599 31642 11125 25339 31206 22591 30428 28270 23540 16234
15 1470 22377 16049 23891 11725 30599 31642 27509 25339 31206 6207 30428 28270 23540 15338
15 1470 22377 32433 7507 11725 30599 31642 27509 8955 31206 22591 30428 28270 23540 16102
15 17854 22377 32433 7507 11725 30599 15258 27509 8955 31206 22591 30428 28270 23540 16039
15 17854 22377 32433 23891 11725 30599 15258 11125 8955 31206 22591 30428 28270 7156 7727
15 17854 22377 32433 23891 11725 30599 15258 11125 25339 31206 22591 14044 28270 7156 5935
15 17854 22377 32433 23891 28109 30599 15258 11125 25339 14822 22591 14044 28270 7156 5439
15 17854 22377 32433 23891 28109 14215 31642 11125 8955 14822 22591 30428 28270 7156 7263
15 31806 16233 31409 15699 30925 32647 1946 17268 1770 17894 15211 29759 27711 23615 15029
15 31806 16233 31409 32083 30925 16263 18330 17268 1770 1510 15211 29759 27711 23615 14557
15 15422 32617 15025 32083 30925 16263 18330 17268 18154 17894 31595 13375 11327 7231 2010
15 15422 16233 31409 15699 30925 32647 18330 17268 18154 17894 15211 13375 11327 7231 1012
15 15422 32617 15025 32083 14541 32647 18330 17268 18154 17894 31595 13375 11327 7231 2026
15 15422 32617 31409 15699 14541 32647 18330 17268 18154 17894 31595 13375 11327 7231 2022
15 31806 8041 31409 7507 30925 32647 1946 25460 1770 26086 7019 29759 27711 23221 15029
15 15422 8041 31409 7507 30925 32647 18330 25460 18154 26086 7019 13375 11327 23221 9204
15 15422 24425 15025 23891 14541 32647 18330 25460 18154 26086 23403 13375 11327 6837 2026
15 31806 16233 23217 15699 30925 24455 10138 17268 9962 17894 15211 29759 27711 7515 6837
15 31806 16233 23217 32083 30925 8071 26522 17268 9962 1510 15211 29759 27711 23899 14557
15 15422 16233 23217 15699 30925 24455 26522 17268 26346 17894 15211 13375 11327 7515 1012
15 15422 32617 23217 15699 14541 24455 26522 17268 26346 17894 31595 13375 11327 7515 2022
15 31806 8041 31409 15699 30925 24455 10138 25460 1770 17894 7019 29759 27711 22749 15029
15 31806 8041 31409 32083 30925 8071 26522 25460 1770 1510 7019 29759 27711 22749 14557
15 15422 8041 31409 15699 30925 24455 26522 25460 18154 17894 7019 13375 11327 22749 9204
15 15422 24425 15025 32083 14541 24455 26522 25460 18154 17894 23403 13375 11327 6365 2026
15 15422 24425 31409 15699 14541 24455 26522 25460 18154 17894 23403 13375 11327 6365 2022
15 7230 8041 31409 7507 30925 32647 26522 25460 26346 26086 7019 5183 3135 17396 9204
15 31806 8041 27313 7507 30925 28551 6042 25460 5866 26086 7019 29759 3419 19125 10933
15 31806 16233 19121 15699 30925 20359 14234 17268 14058 17894 15211 29759 11611 7515 2741
15 31806 16233 19121 32083 30925 3975 30618 17268 14058 1510 15211 29759 27995 23899 14557
15 15422 16233 19121 15699 30925 20359 30618 17268 30442 17894 15211 13375 11611 7515 1012
15 15422 32617 19121 15699 14541 20359 30618 17268 30442 17894 31595 13375 11611 7515 2022
15 31806 8041 27313 15699 30925 20359 14234 25460 5866 17894 7019 29759 11611 22749 10933
15 31806 8041 27313 32083 30925 3975 30618 25460 5866 1510 7019 29759 27995 22749 14557
15 15422 8041 27313 15699 30925 20359 30618 25460 22250 17894 7019 13375 11611 22749 9204
15 15422 24425 27313 15699 14541 20359 30618 25460 22250 17894 23403 13375 11611 6365 2022
15 7230 8041 27313 7507 30925 28551 30618 25460 30442 26086 7019 5183 3419 17396 9204
15 15422 20329 15025 23891 14541 28551 22426 29556 18154 26086 19307 13375 10461 6837 2026
15 15422 20329 15025 32083 14541 20359 30618 29556 18154 17894 19307 13375 10461 6365 2026
15 27710 20329 15025 19795 30925 16263 22426 13172 22250 13798 19307 25663 9204 6837 3419
15 31806 16233 29361 15699 28877 32647 3994 17268 3818 19942 15211 14187 27711 23615 12981
15 31806 16233 29361 32083 28877 16263 20378 17268 3818 3558 15211 14187 27711 23615 12509
15 15422 16233 29361 15699 28877 32647 20378 17268 20202 19942 15211 14187 11327 7231 1012
15 15422 32617 12977 32083 12493 32647 20378 17268 20202 19942 31595 30571 11327 7231 4074
15 31806 8041 29361 7507 28877 32647 3994 25460 3818 28134 7019 5995 27711 21173 12981
15 31806 16233 21169 15699 28877 24455 12186 17268 12010 19942 15211 14187 27711 7515 4789
15 31806 16233 21169 32083 28877 8071 28570 17268 12010 3558 15211 14187 27711 23899 12509
15 15422 16233 21169 15699 28877 24455 28570 17268 28394 19942 15211 14187 11327 7515 1012
15 31806 8041 29361 15699 28877 24455 12186 25460 3818 19942 7019 5995 27711 20701 12981
15 31806 8041 29361 32083 28877 8071 28570 25460 3818 3558 7019 5995 27711 20701 12509
15 15422 8041 29361 15699 28877 24455 28570 25460 20202 19942 7019 5995 11327 20701 9204
15 23614 8041 29361 7507 28877 32647 12186 25460 12010 28134 7019 5995 19519 17396 12981
15 7230 8041 29361 7507 28877 32647 28570 25460 28394 28134 7019 5995 3135 17396 9204
15 31806 16233 25265 15699 24781 32647 8090 17268 7914 24038 15211 14187 12139 23615 8885
15 31806 16233 25265 32083 24781 16263 24474 17268 7914 7654 15211 14187 12139 23615 8413
15 15422 16233 25265 15699 24781 32647 24474 17268 24298 24038 15211 14187 12139 7231 1012
15 31806 8041 25265 7507 24781 32647 8090 25460 7914 32230 7019 5995 3947 17077 8885
15 31806 8041 25265 15699 24781 24455 16282 25460 7914 24038 7019 5995 3947 16605 8885
15 31806 8041 25265 32083 24781 8071 32666 25460 7914 7654 7019 5995 3947 16605 8413
15 23614 8041 25265 7507 24781 32647 16282 25460 16106 32230 7019 5995 3947 17396 8885
15 23614 8041 25265 23891 24781 16263 32666 25460 16106 15846 7019 5995 3947 17396 8413
15 7230 8041 25265 7507 24781 32647 32666 25460 32490 32230 7019 5995 3947 17396 9204
15 31806 3945 29361 3411 28877 32647 3994 29556 3818 32230 2923 1899 25269 21173 12981
15 31806 8041 25265 7507 28877 28551 8090 25460 7914 28134 7019 5995 3419 17077 8885
15 31806 8041 25265 15699 28877 20359 16282 25460 7914 19942 7019 5995 11611 20701 8885
15 31806 8041 25265 32083 28877 3975 32666 25460 7914 3558 7019 5995 27995 20701 12509
15 15422 8041 25265 15699 28877 20359 32666 25460 24298 19942 7019 5995 11611 20701 9204
15 23614 8041 25265 7507 28877 28551 16282 25460 16106 28134 7019 5995 3419 17396 8885
15 31806 3945 29361 7507 28877 28551 8090 29556 3818 28134 2923 1899 24797 21173 12981
15 31806 3945 29361 32083 28877 3975 32666 29556 3818 3558 2923 1899 24797 20701 12509
15 27710 3945 29361 3411 28877 32647 8090 29556 7914 32230 2923 1899 25588 21173 12981
15 19518 3945 29361 3411 28877 32647 16282 29556 16106 32230 2923 1899 25588 21492 12981
15 27710 16233 25265 15699 24781 32647 8090 21364 7914 24038 15211 14187 4074 19519 8885
15 27710 16233 25265 32083 24781 16263 24474 21364 7914 7654 15211 14187 4074 19519 8413
15 11326 16233 25265 15699 24781 32647 24474 21364 24298 24038 15211 14187 20458 3135 5108
15 27710 8041 25265 7507 24781 32647 8090 29556 7914 32230 7019 5995 4074 17077 8885
15 27710 8041 25265 15699 24781 24455 16282 29556 7914 24038 7019 5995 4074 16605 8885
15 27710 8041 25265 32083 24781 8071 32666 29556 7914 7654 7019 5995 4074 16605 8413
15 19518 8041 25265 7507 24781 32647 16282 29556 16106 32230 7019 5995 12266 21492 8885
15 19518 8041 25265 23891 24781 16263 32666 29556 16106 15846 7019 5995 12266 21492 8413
15 31806 8041 25265 7507 30925 26503 8090 25460 7914 26086 7019 5467 3419 17077 8885
15 31806 8041 25265 15699 30925 18311 16282 25460 7914 17894 7019 13659 11611 22749 8885
15 31806 8041 25265 32083 30925 1927 32666 25460 7914 1510 7019 30043 27995 22749 14557
15 31806 24425 25265 15699 14541 18311 16282 25460 24298 17894 23403 13659 11611 6365 1959
15 15422 8041 25265 15699 30925 18311 32666 25460 24298 17894 7019 13659 11611 22749 9204
15 15422 24425 25265 15699 14541 18311 32666 25460 24298 17894 23403 13659 11611 6365 2022
15 23614 8041 25265 7507 30925 26503 16282 25460 16106 26086 7019 5467 3419 17396 8885
15 31806 3945 29361 7507 30925 26503 8090 29556 3818 26086 2923 5467 26845 21173 12981
15 31806 3945 29361 15699 30925 18311 16282 29556 3818 17894 2923 13659 26845 22749 12981
15 31806 16233 31409 13651 28877 32647 1946 19316 3818 19942 15211 30631 27711 23615 15029
15 31806 16233 31409 30035 28877 16263 18330 19316 3818 3558 15211 14247 27711 23615 12509
15 15422 32617 15025 30035 28877 16263 18330 19316 20202 19942 31595 14247 11327 7231 2010
15 15422 32617 15025 30035 12493 32647 18330 19316 20202 19942 31595 30631 11327 7231 4074
15 31806 8041 31409 5459 28877 32647 1946 27508 3818 28134 7019 30631 27711 23221 15029
15 31806 24425 15025 21843 28877 16263 18330 11124 20202 11750 23403 14247 27711 6837 5467
15 31806 8041 31409 21843 28877 16263 18330 27508 3818 11750 7019 14247 27711 23221 12509
15 31806 8041 31409 30035 28877 8071 26522 27508 3818 3558 7019 6055 27711 20701 12509
15 23614 16233 23217 13651 28877 24455 10138 27508 12010 28134 15211 22439 19519 2010 6837
15 23614 32617 6833 30035 28877 8071 26522 11124 28394 11750 31595 6055 19519 18394 13659
15 23614 16233 23217 30035 28877 8071 26522 27508 12010 11750 15211 6055 19519 18394 12509
15 31806 16233 27313 13651 24781 32647 6042 19316 7914 24038 15211 30631 12139 23615 10933
15 31806 32617 10929 30035 24781 16263 22426 2932 24298 7654 31595 14247 28523 23615 13659
15 31806 16233 27313 30035 24781 16263 22426 19316 7914 7654 15211 14247 12139 23615 8413
15 15422 32617 10929 30035 24781 16263 22426 19316 24298 24038 31595 14247 28523 7231 6106
15 15422 16233 27313 13651 24781 32647 22426 19316 24298 24038 15211 30631 12139 7231 3060
15 31806 8041 27313 5459 24781 32647 6042 27508 7914 32230 7019 30631 3947 19125 10933
15 31806 8041 27313 21843 24781 16263 22426 27508 7914 15846 7019 14247 3947 19125 8413
15 31806 16233 19121 13651 24781 24455 14234 19316 16106 24038 15211 22439 12139 5467 2741
15 31806 16233 19121 30035 24781 8071 30618 19316 16106 7654 15211 6055 12139 21851 8413
15 31806 8041 27313 30035 24781 8071 30618 27508 7914 7654 7019 6055 3947 16605 8413
15 23614 8041 27313 5459 24781 32647 14234 27508 16106 32230 7019 30631 3947 19444 10933
15 23614 24425 10929 21843 24781 16263 30618 11124 32490 15846 23403 14247 20331 3060 5467
15 23614 8041 27313 21843 24781 16263 30618 27508 16106 15846 7019 14247 3947 19444 8413
15 31806 20329 15025 17747 28877 16263 18330 15220 20202 15846 19307 14247 10933 6837 1371
15 31806 20329 15025 25939 28877 8071 26522 15220 20202 7654 19307 6055 10933 20701 9563
15 31806 3945 31409 25939 28877 8071 26522 31604 3818 7654 2923 6055 27317 20701 12509
15 31806 3945 31409 30035 28877 3975 30618 31604 3818 3558 2923 1959 24797 20701 12509
15 27710 16233 27313 13651 24781 32647 6042 23412 7914 24038 15211 30631 4074 19519 10933
15 27710 32617 10929 30035 24781 16263 22426 7028 24298 7654 31595 14247 20458 19519 13659
15 27710 16233 27313 30035 24781 16263 22426 23412 7914 7654 15211 14247 4074 19519 8413
15 27710 8041 27313 5459 24781 32647 6042 31604 7914 32230 7019 30631 4074 19125 10933
15 27710 8041 27313 21843 24781 16263 22426 31604 7914 15846 7019 14247 4074 19125 8413
15 27710 16233 19121 13651 24781 24455 14234 23412 16106 24038 15211 22439 12266 5467 2741
15 27710 16233 19121 30035 24781 8071 30618 23412 16106 7654 15211 6055 12266 21851 8413
15 27710 8041 27313 30035 24781 8071 30618 31604 7914 7654 7019 6055 4074 16605 8413
15 19518 32617 19121 30035 24781 24455 14234 15220 16106 15846 31595 22439 12266 6106 3135
15 19518 16233 19121 13651 24781 24455 14234 31604 16106 32230 15211 22439 12266 6106 2741
15 19518 16233 19121 30035 24781 8071 30618 31604 16106 15846 15211 6055 12266 22490 8413
15 29758 16233 29361 15699 30925 30599 3994 19316 3818 19942 15211 2010 25663 21567 12981
15 29758 8041 29361 7507 30925 30599 3994 27508 3818 28134 7019 2010 25663 21173 12981
15 29758 24425 29361 32083 30925 22407 12186 11124 3818 3558 23403 10202 25663 22749 13375
15 29758 8041 29361 15699 30925 22407 12186 27508 3818 19942 7019 10202 25663 22749 12981
15 29758 32617 25265 32083 26829 30599 8090 2932 7914 7654 31595 6106 28523 21567 13375
15 29758 16233 25265 15699 26829 30599 8090 19316 7914 24038 15211 6106 12139 21567 8885
15 29758 16233 25265 32083 26829 14215 24474 19316 7914 7654 15211 22490 12139 21567 10461
15 13374 16233 25265 15699 26829 30599 24474 19316 24298 24038 15211 22490 12139 5183 3060
15 29758 8041 25265 7507 26829 30599 8090 27508 7914 32230 7019 6106 3947 17077 8885
15 29758 8041 25265 15699 26829 22407 16282 27508 7914 24038 7019 14298 3947 18653 8885
15 29758 8041 25265 32083 26829 6023 32666 27508 7914 7654 7019 30682 3947 18653 10461
15 29758 16233 25265 7507 18637 30599 8090 27508 16106 32230 15211 6106 12139 22439 8885
15 29758 16233 25265 23891 18637 14215 24474 27508 16106 15846 15211 22490 12139 6055 2269
15 13374 16233 25265 7507 18637 30599 24474 27508 32490 32230 15211 22490 12139 22439 11252
15 21566 8041 25265 7507 26829 30599 16282 27508 16106 32230 7019 14298 3947 19444 8885
15 21566 8041 25265 23891 26829 14215 32666 27508 16106 15846 7019 30682 3947 19444 10461
15 5182 8041 25265 7507 26829 30599 32666 27508 32490 32230 7019 30682 3947 19444 11252
15 29758 3945 29361 3411 30925 30599 3994 31604 3818 32230 2923 2010 25269 21173 12981
15 29758 32617 25265 32083 30925 26503 8090 2932 7914 3558 31595 6106 27995 21567 13375
15 29758 16233 25265 15699 30925 26503 8090 19316 7914 19942 15211 6106 11611 21567 8885
15 29758 16233 25265 32083 30925 10119 24474 19316 7914 3558 15211 22490 27995 21567 14557
15 13374 16233 25265 15699 30925 26503 24474 19316 24298 19942 15211 22490 11611 5183 3060
15 29758 8041 25265 7507 30925 26503 8090 27508 7914 28134 7019 6106 3419 17077 8885
15 29758 8041 29361 3411 26829 30599 3994 31604 7914 32230 7019 2010 26535 21173 12981
15 29758 16233 21169 11603 26829 22407 12186 23412 16106 24038 15211 10202 18343 3419 4789
15 29758 8041 29361 11603 26829 22407 12186 31604 7914 24038 7019 10202 18343 18653 12981
15 29758 8041 29361 27987 26829 6023 28570 31604 7914 7654 7019 26586 1959 18653 10461
15 21566 24425 29361 19795 26829 30599 12186 15220 16106 15846 23403 10202 26535 7156 5183
15 21566 8041 29361 3411 26829 30599 12186 31604 16106 32230 7019 10202 26535 23540 12981
15 25662 32617 25265 32083 26829 30599 8090 7028 7914 7654 31595 6106 4074 17471 9279
15 25662 16233 25265 15699 26829 30599 8090 23412 7914 24038 15211 6106 4074 17471 8885
15 25662 16233 25265 32083 26829 14215 24474 23412 7914 7654 15211 22490 4074 17471 10461
15 25662 8041 25265 7507 26829 30599 8090 31604 7914 32230 7019 6106 4074 17077 8885
15 25662 32617 29361 27987 26829 30599 8090 7028 7914 7654 31595 6106 4070 17471 9279
15 25662 16233 29361 11603 26829 30599 8090 23412 7914 24038 15211 6106 20454 17471 12981
15 25662 16233 29361 27987 26829 14215 24474 23412 7914 7654 15211 22490 4070 17471 10461
15 25662 8041 29361 3411 26829 30599 8090 31604 7914 32230 7019 6106 28646 21173 12981
15 25662 32617 21169 27987 26829 22407 16282 7028 16106 7654 31595 14298 4070 19803 9279
15 25662 16233 21169 11603 26829 22407 16282 23412 16106 24038 15211 14298 20454 3419 4789
15 25662 32617 29361 19795 18637 30599 8090 15220 16106 15846 31595 6106 12262 22439 9279
15 25662 16233 29361 3411 18637 30599 8090 31604 16106 32230 15211 6106 28646 22439 12981
15 25662 32617 12977 19795 18637 14215 24474 15220 32490 15846 31595 22490 12262 6055 3419
15 25662 16233 29361 19795 18637 14215 24474 31604 16106 15846 15211 22490 12262 6055 2269
15 9278 16233 29361 3411 18637 30599 24474 31604 32490 32230 15211 22490 28646 22439 15348
15 29758 8041 29361 7507 28877 32647 3994 27508 3818 28134 7019 2026 25663 21173 12981
15 29758 3945 29361 3411 28877 32647 3994 31604 3818 32230 2923 2026 25269 21173 12981
15 29758 32617 25265 32083 28877 28551 8090 2932 7914 3558 31595 6122 27995 21567 13375
15 29758 16233 25265 15699 28877 28551 8090 19316 7914 19942 15211 6122 11611 21567 8885
15 29758 16233 25265 32083 28877 12167 24474 19316 7914 3558 15211 6122 27995 21567 12509
15 13374 16233 25265 15699 28877 28551 24474 19316 24298 19942 15211 22506 11611 5183 3060
15 29758 8041 25265 7507 28877 28551 8090 27508 7914 28134 7019 6122 3419 17077 8885
15 29758 8041 25265 15699 28877 20359 16282 27508 7914 19942 7019 6122 11611 20701 8885
15 29758 8041 25265 32083 28877 3975 32666 27508 7914 3558 7019 6122 27995 20701 12509
15 29758 3945 29361 7507 28877 28551 8090 31604 3818 28134 2923 2026 24797 21173 12981
15 29758 3945 29361 32083 28877 3975 32666 31604 3818 3558 2923 2026 24797 20701 12509
15 25662 32617 25265 32083 24781 32647 8090 7028 7914 7654 31595 6122 4074 17471 9279
15 25662 16233 25265 15699 24781 32647 8090 23412 7914 24038 15211 6122 4074 17471 8885
15 25662 16233 25265 32083 24781 16263 24474 23412 7914 7654 15211 6122 4074 17471 8413
15 25662 8041 25265 7507 24781 32647 8090 31604 7914 32230 7019 6122 4074 17077 8885
15 25662 8041 25265 15699 24781 24455 16282 31604 7914 24038 7019 6122 4074 16605 8885
15 25662 8041 25265 32083 24781 8071 32666 31604 7914 7654 7019 6122 4074 16605 8413
15 13374 16233 31409 13651 28877 32647 20378 19316 20202 19942 15211 18406 9279 5183 3060
15 29758 24425 31409 21843 28877 32647 3994 11124 3818 11750 23403 10214 25663 23221 13375
15 29758 8041 31409 5459 28877 32647 3994 27508 3818 28134 7019 26598 25663 23221 15029
15 29758 24425 15025 21843 28877 16263 20378 11124 20202 11750 23403 10214 25663 6837 5467
15 29758 8041 31409 21843 28877 16263 20378 27508 3818 11750 7019 10214 25663 23221 12509
15 13374 16233 23217 13651 28877 24455 28570 19316 28394 19942 15211 18406 9279 5467 3060
15 29758 8041 31409 30035 28877 8071 28570 27508 3818 3558 7019 2022 25663 20701 12509
15 29758 32617 27313 30035 24781 32647 8090 2932 7914 7654 31595 6118 28523 21567 13375
15 29758 16233 27313 13651 24781 32647 8090 19316 7914 24038 15211 22502 12139 21567 10933
15 29758 32617 10929 30035 24781 16263 24474 2932 24298 7654 31595 6118 28523 21567 13659
15 29758 16233 27313 30035 24781 16263 24474 19316 7914 7654 15211 6118 12139 21567 8413
15 13374 16233 27313 13651 24781 32647 24474 19316 24298 24038 15211 22502 12139 5183 3060
15 29758 8041 27313 5459 24781 32647 8090 27508 7914 32230 7019 30694 3947 19125 10933
15 29758 8041 27313 21843 24781 16263 24474 27508 7914 15846 7019 14310 3947 19125 8413
15 29758 16233 19121 13651 24781 24455 16282 19316 16106 24038 15211 22502 12139 5467 2741
15 29758 16233 19121 30035 24781 8071 32666 19316 16106 7654 15211 6118 12139 21851 8413
15 29758 8041 27313 30035 24781 8071 32666 27508 7914 7654 7019 6118 3947 16605 8413
15 21566 8041 27313 5459 24781 32647 16282 27508 16106 32230 7019 30694 3947 19444 10933
15 21566 24425 10929 21843 24781 16263 32666 11124 32490 15846 23403 14310 20331 3060 5467
15 21566 8041 27313 21843 24781 16263 32666 27508 16106 15846 7019 14310 3947 19444 8413
15 5182 8041 27313 5459 24781 32647 32666 27508 32490 32230 7019 30694 3947 19444 11252
15 29758 20329 15025 17747 28877 16263 20378 15220 20202 15846 19307 14310 10933 6837 1371
15 29758 20329 15025 25939 28877 8071 28570 15220 20202 7654 19307 6118 10933 20701 9563
15 29758 3945 31409 25939 28877 8071 28570 31604 3818 7654 2923 6118 27317 20701 12509
15 29758 16233 19121 13651 28877 20359 16282 19316 16106 19942 15211 18406 9563 5467 2741
15 29758 8041 27313 30035 28877 3975 32666 27508 7914 3558 7019 2022 25947 20701 12509
15 29758 3945 31409 30035 28877 3975 32666 31604 3818 3558 2923 2022 24797 20701 12509
15 25662 20329 31409 17747 28877 32647 8090 15220 7914 15846 19307 14310 11252 23221 9279
15 25662 20329 15025 17747 28877 16263 24474 15220 24298 15846 19307 14310 11252 6837 1371
15 25662 28521 6833 25939 28877 8071 32666 7028 32490 7654 27499 6118 3060 17755 9563
15 25662 20329 31409 25939 28877 24455 16282 15220 7914 7654 19307 6118 11252 20701 9279
15 25662 20329 15025 25939 28877 8071 32666 15220 24298 7654 19307 6118 11252 20701 9563
15 25662 3945 31409 25939 28877 8071 32666 31604 7914 7654 2923 6118 27636 20701 12509
15 25662 32617 27313 30035 24781 32647 8090 7028 7914 7654 31595 6118 4074 17471 9279
15 25662 16233 27313 13651 24781 32647 8090 23412 7914 24038 15211 22502 4074 17471 10933
15 25662 16233 27313 30035 24781 16263 24474 23412 7914 7654 15211 6118 4074 17471 8413
15 25662 8041 27313 5459 24781 32647 8090 31604 7914 32230 7019 30694 4074 19125 10933
15 25662 8041 27313 21843 24781 16263 24474 31604 7914 15846 7019 14310 4074 19125 8413
15 25662 32617 19121 30035 24781 24455 16282 7028 16106 7654 31595 6118 12266 21851 9279
15 25662 16233 19121 13651 24781 24455 16282 23412 16106 24038 15211 22502 12266 5467 2741
15 25662 16233 19121 30035 24781 8071 32666 23412 16106 7654 15211 6118 12266 21851 8413
15 25662 8041 27313 30035 24781 8071 32666 31604 7914 7654 7019 6118 4074 16605 8413
15 17470 24425 27313 21843 24781 32647 16282 15220 16106 15846 23403 14310 12266 7156 1087
15 17470 8041 27313 5459 24781 32647 16282 31604 16106 32230 7019 30694 12266 23540 10933
15 25662 32617 31409 25939 24781 32647 8090 7028 7914 7654 31595 6118 4070 17471 9279
15 25662 32617 15025 25939 24781 16263 24474 7028 24298 7654 31595 6118 4070 17471 9563
15 25662 16233 31409 25939 24781 16263 24474 23412 7914 7654 15211 6118 4070 17471 8413
15 25662 24425 31409 17747 24781 32647 8090 15220 7914 15846 23403 14310 12262 23221 9279
15 25662 24425 15025 17747 24781 16263 24474 15220 24298 15846 23403 14310 12262 6837 1371
15 25662 8041 31409 17747 24781 16263 24474 31604 7914 15846 7019 14310 12262 23221 8413
15 25662 32617 6833 25939 24781 8071 32666 7028 32490 7654 31595 6118 4070 17755 9563
15 25662 16233 23217 25939 24781 8071 32666 23412 16106 7654 15211 6118 4070 17755 8413
15 25662 8041 31409 25939 24781 8071 32666 31604 7914 7654 7019 6118 4070 16605 8413
15 17470 24425 31409 17747 24781 32647 16282 15220 16106 15846 23403 14310 12262 7156 1087
15 17470 24425 15025 17747 24781 16263 32666 15220 32490 15846 23403 14310 12262 7156 1371
15 17470 8041 31409 17747 24781 16263 32666 31604 16106 15846 7019 14310 12262 23540 8413
15 31806 25449 7857 24915 23757 16263 25498 8052 25322 15846 6837 5813 3765 17259 8539
15 31806 25449 7857 24915 31949 8071 25498 8052 25322 7654 6837 5813 3765 16731 8539
15 23614 25449 7857 24915 23757 16263 25498 16244 25322 15846 6837 5813 3765 17386 8539
15 30782 16233 29361 15699 30925 30599 3994 18292 3818 17894 3050 13659 26687 22591 12981
15 14398 32617 29361 15699 14541 30599 20378 18292 20202 17894 19434 13659 10303 6207 2022
15 30782 8041 29361 7507 30925 30599 3994 26484 3818 26086 3050 5467 26687 21173 12981
15 30782 32617 25265 32083 30925 26503 8090 1908 7914 1510 7146 30043 27995 22591 14399
15 30782 16233 25265 15699 30925 26503 8090 18292 7914 17894 7146 13659 11611 22591 8885
15 30782 16233 25265 32083 30925 10119 24474 18292 7914 1510 7146 30043 27995 22591 14557
15 14398 16233 25265 15699 30925 26503 24474 18292 24298 17894 23530 13659 11611 6207 2036
15 14398 32617 25265 15699 14541 26503 24474 18292 24298 17894 23530 13659 11611 6207 2022
15 30782 8041 25265 7507 30925 26503 8090 26484 7914 26086 7146 5467 3419 17077 8885
15 28734 32617 29361 32083 28877 32647 3994 3956 3818 3558 3050 2026 24639 20543 12351
15 28734 3945 29361 3411 28877 32647 3994 32628 3818 32230 3050 2026 25269 21173 12981
15 28734 32617 25265 32083 28877 28551 8090 3956 7914 3558 7146 6122 27995 20543 12351
15 28734 16233 25265 15699 28877 28551 8090 20340 7914 19942 7146 6122 11611 20543 8885
15 28734 16233 25265 32083 28877 12167 24474 20340 7914 3558 7146 6122 27995 20543 12509
15 28734 8041 25265 7507 28877 28551 8090 28532 7914 28134 7146 6122 3419 17077 8885
15 24638 32617 25265 32083 24781 32647 8090 8052 7914 7654 7146 6122 4074 16447 8255
15 24638 16233 25265 15699 24781 32647 8090 24436 7914 24038 7146 6122 4074 16447 8885
15 24638 16233 25265 32083 24781 16263 24474 24436 7914 7654 7146 6122 4074 16447 8413
15 24638 8041 25265 7507 24781 32647 8090 32628 7914 32230 7146 6122 4074 17077 8885
15 28734 32617 31409 30035 28877 32647 3994 3956 3818 3558 3050 2022 24639 20543 12351
15 28734 28521 15025 25939 28877 16263 20378 8052 20202 7654 19434 6118 10933 20543 9563
15 28734 20329 15025 17747 28877 16263 20378 16244 20202 15846 19434 14310 10933 6837 1371
15 24638 32617 27313 30035 24781 32647 8090 8052 7914 7654 7146 6118 4074 16447 8255
15 24638 16233 27313 30035 24781 16263 24474 24436 7914 7654 7146 6118 4074 16447 8413
15 24638 24425 27313 21843 24781 32647 8090 16244 7914 15846 7146 14310 4074 19125 8255
15 24638 8041 27313 5459 24781 32647 8090 32628 7914 32230 7146 30694 4074 19125 10933
15 24638 32617 19121 30035 24781 24455 16282 8052 16106 7654 15338 6118 12266 21851 8255
15 24638 16233 19121 13651 24781 24455 16282 24436 16106 24038 15338 22502 12266 5467 2741
15 30782 31593 32433 32083 31949 31623 1946 1908 1770 1510 988 28735 26687 22591 14399
15 30782 31593 30385 32083 29901 31623 3994 1908 3818 3558 988 29547 26687 22591 14399
15 30782 23401 30385 23891 29901 31623 3994 10100 3818 11750 9180 21355 26687 22197 14399
15 30782 31593 26289 32083 25805 31623 8090 1908 7914 7654 988 29547 27499 22591 14399
15 30782 15209 26289 15699 25805 31623 8090 18292 7914 24038 17372 13163 11115 22591 9909
15 14398 15209 26289 15699 25805 31623 24474 18292 24298 24038 17372 13163 11115 6207 2036
15 30782 31593 18097 32083 17613 31623 16282 1908 16106 15846 988 29547 27499 23403 14399
15 30782 15209 18097 15699 17613 31623 16282 18292 16106 32230 17372 13163 11115 7019 1717
15 14398 15209 18097 15699 17613 31623 32666 18292 32490 32230 17372 13163 11115 7019 2036
15 30782 7017 26289 7507 25805 31623 8090 26484 7914 32230 25564 4971 2923 18101 9909
15 30782 31593 26289 32083 29901 27527 8090 1908 7914 3558 5084 29547 27995 22591 14399
15 30782 15209 26289 15699 29901 27527 8090 18292 7914 19942 21468 13163 11611 22591 9909
15 30782 15209 26289 32083 29901 11143 24474 18292 7914 3558 21468 13163 27995 22591 13533
15 14398 15209 26289 15699 29901 27527 24474 18292 24298 19942 21468 13163 11611 6207 2036
15 30782 31593 18097 32083 21709 27527 16282 1908 16106 11750 5084 29547 27995 23403 14399
15 30782 15209 18097 15699 21709 27527 16282 18292 16106 28134 21468 13163 11611 7019 1717
15 30782 15209 18097 32083 21709 11143 32666 18292 16106 11750 21468 13163 27995 7019 5341
15 30782 31593 18097 15699 5325 27527 16282 18292 32490 28134 5084 29547 11611 23403 11175
15 14398 15209 18097 15699 21709 27527 32666 18292 32490 28134 21468 13163 11611 7019 2036
15 30782 7017 26289 7507 29901 27527 8090 26484 7914 28134 29660 4971 3419 18101 9909
15 30782 7017 26289 15699 29901 19335 16282 26484 7914 19942 29660 4971 11611 21725 9909
15 22590 7017 26289 7507 29901 27527 16282 26484 16106 28134 29660 4971 3419 18420 9909
15 28734 31593 30385 32083 31949 29575 3994 3956 3818 3558 3036 2010 24639 20543 12351
15 28734 31593 26289 32083 27853 29575 8090 3956 7914 7654 3036 6106 27499 20543 12351
15 28734 15209 26289 15699 27853 29575 8090 20340 7914 24038 19420 6106 11115 20543 9909
15 28734 31593 18097 32083 19661 29575 16282 3956 16106 15846 3036 14298 27499 23403 12351
15 28734 15209 18097 15699 19661 29575 16282 20340 16106 32230 19420 14298 11115 7019 1717
15 28734 15209 18097 32083 19661 13191 32666 20340 16106 15846 19420 30682 11115 7019 3293
15 28734 31593 18097 15699 3277 29575 16282 20340 32490 32230 3036 14298 27499 23403 13223
15 28734 7017 26289 7507 27853 29575 8090 28532 7914 32230 27612 6106 2923 18101 9909
15 28734 31593 18097 32083 27853 21383 16282 3956 16106 7654 11228 14298 27499 23899 12351
15 28734 15209 18097 15699 27853 21383 16282 20340 16106 24038 27612 14298 11115 7515 1717
15 28734 15209 18097 32083 27853 4999 32666 20340 16106 7654 27612 30682 11115 23899 11485
15 28734 31593 18097 15699 11469 21383 16282 20340 32490 24038 11228 14298 27499 7515 5031
15 28734 23401 26289 32083 27853 21383 16282 12148 7914 7654 11228 14298 19307 19677 12351
15 28734 31593 26289 23891 19661 29575 8090 12148 16106 15846 3036 6106 27499 21415 12351
15 28734 15209 26289 7507 19661 29575 8090 28532 16106 32230 19420 6106 11115 21415 9909
15 28734 15209 26289 23891 19661 13191 24474 28532 16106 15846 19420 22490 11115 5031 3293
15 28734 31593 26289 7507 3277 29575 8090 28532 32490 32230 3036 6106 27499 21415 13223
15 28734 27497 30385 27987 31949 29575 3994 8052 3818 7654 7132 2010 26293 20543 12351
15 28734 31593 26289 32083 31949 25479 8090 3956 7914 3558 7132 6106 27995 20543 12351
15 28734 15209 26289 15699 31949 25479 8090 20340 7914 19942 23516 6106 11611 20543 9909
15 28734 7017 26289 7507 31949 25479 8090 28532 7914 28134 31708 6106 3419 18101 9909
15 28734 31593 18097 32083 31949 17287 16282 3956 16106 3558 15324 14298 27995 23899 12351
15 28734 15209 18097 15699 31949 17287 16282 20340 16106 19942 31708 14298 11611 7515 1717
15 24638 31593 26289 32083 31949 25479 8090 8052 7914 7654 7132 6106 4058 16447 8255
15 24638 31593 18097 32083 23757 25479 16282 8052 16106 15846 7132 14298 12250 23403 8255
15 24638 15209 18097 15699 23757 25479 16282 24436 16106 32230 23516 14298 12250 7019 1717
15 24638 15209 18097 32083 23757 9095 32666 24436 16106 15846 23516 30682 28634 7019 7389
15 24638 31593 18097 15699 7373 25479 16282 24436 32490 32230 7132 14298 12250 23403 9127
15 24638 23401 26289 23891 31949 25479 8090 16244 7914 15846 15324 6106 4058 18101 8255
15 24638 7017 26289 7507 31949 25479 8090 32628 7914 32230 31708 6106 4058 18101 9909
15 24638 23401 26289 7507 15565 25479 8090 32628 24298 32230 15324 6106 4058 18101 9127
15 24638 31593 18097 32083 31949 17287 16282 8052 16106 7654 15324 14298 12250 23899 8255
15 24638 15209 18097 15699 31949 17287 16282 24436 16106 24038 31708 14298 12250 7515 1717
15 24638 27497 30385 27987 31949 29575 8090 8052 7914 7654 7132 6106 4084 16447 8255
15 24638 27497 22193 27987 23757 29575 16282 8052 16106 15846 7132 14298 4084 19307 8255
15 24638 27497 5809 27987 7373 29575 32666 8052 32490 32230 7132 30682 4084 19307 11115
15 24638 11113 22193 11603 23757 29575 16282 24436 16106 32230 23516 14298 20468 2923 5813
15 24638 27497 5809 27987 23757 13191 32666 8052 32490 15846 23516 30682 4084 19307 11611
15 24638 27497 22193 11603 7373 29575 16282 24436 32490 32230 7132 14298 20468 19307 13223
15 24638 19305 30385 19795 31949 29575 8090 16244 7914 15846 15324 6106 12276 22197 8255
15 24638 2921 30385 3411 31949 29575 8090 32628 7914 32230 31708 6106 28660 22197 14005
15 24638 19305 14001 19795 31949 13191 24474 16244 24298 15846 31708 22490 12276 5813 3419
15 24638 19305 30385 27987 31949 21383 16282 16244 7914 7654 15324 14298 12276 23773 8255
15 24638 19305 14001 27987 15565 21383 32666 16244 24298 24038 15324 30682 12276 7389 2923
15 24638 2921 30385 11603 31949 21383 16282 32628 7914 24038 31708 14298 28660 23773 14005
15 24638 31593 26289 32083 27853 29575 8090 8052 7914 7654 7132 6106 4074 16447 8255
15 24638 31593 18097 32083 19661 29575 16282 8052 16106 15846 7132 14298 12266 23403 8255
15 24638 15209 18097 15699 19661 29575 16282 24436 16106 32230 23516 14298 12266 7019 1717
15 24638 15209 18097 32083 19661 13191 32666 24436 16106 15846 23516 30682 12266 7019 3293
15 24638 31593 18097 15699 3277 29575 16282 24436 32490 32230 7132 14298 28650 23403 13223
15 24638 23401 26289 23891 27853 29575 8090 16244 7914 15846 15324 6106 4074 18101 8255
15 24638 7017 26289 7507 27853 29575 8090 32628 7914 32230 31708 6106 4074 18101 9909
15 24638 23401 26289 32083 27853 21383 16282 16244 7914 7654 15324 14298 4074 19677 8255
15 24638 7017 26289 15699 27853 21383 16282 32628 7914 24038 31708 14298 4074 19677 9909
15 24638 7017 26289 32083 27853 4999 32666 32628 7914 7654 31708 30682 4074 19677 11485
15 24638 23401 26289 15699 11469 21383 16282 32628 24298 24038 15324 14298 20458 3293 5031
15 30782 29545 32433 32083 31949 31623 1946 3956 1770 1510 3036 29885 26687 22591 14399
15 30782 29545 24241 32083 23757 31623 10138 3956 9962 9702 3036 21693 26687 21355 14399
15 14462 13165 7923 32083 23757 31623 10143 20340 26346 26086 19420 21693 26687 21355 16312
15 30782 25449 32433 27987 31949 31623 1946 8052 1770 5606 7132 29885 28341 22591 14399
15 30782 25449 16049 27987 15565 31623 18330 8052 18154 21990 7132 13501 11957 22591 9067
15 14398 25449 16049 27987 31949 15239 18330 24436 18154 21990 23516 13501 11957 6207 2010
15 14398 25449 16049 27987 15565 31623 18330 24436 18154 21990 23516 13501 11957 6207 2026
15 30782 25449 7857 27987 7373 31623 26522 8052 26346 30182 7132 5309 3765 17259 9067
15 30782 17257 32433 19795 31949 31623 1946 16244 1770 13798 15324 29885 28341 24245 14399
15 30782 17257 16049 19795 15565 31623 18330 16244 18154 30182 15324 13501 11957 7861 875
15 30782 17257 16049 19795 31949 15239 18330 16244 18154 13798 31708 29885 11957 7861 3419
15 14398 17257 16049 19795 31949 15239 18330 32628 18154 30182 31708 13501 11957 7861 2010
15 14398 17257 16049 19795 15565 31623 18330 32628 18154 30182 31708 13501 11957 7861 2026
15 30782 17257 32433 27987 31949 23431 10138 16244 1770 5606 15324 29885 28341 23773 14399
15 30782 17257 16049 27987 15565 23431 26522 16244 18154 21990 15324 13501 11957 7389 875
15 14398 17257 16049 27987 15565 23431 26522 32628 18154 21990 31708 13501 11957 7389 2026
15 22590 25449 32433 19795 23757 31623 10138 16244 9962 13798 15324 21693 28341 6118 6207
15 22590 9065 32433 3411 23757 31623 10138 32628 9962 30182 31708 21693 28341 22502 16053
15 22590 25449 16049 19795 23757 15239 26522 16244 26346 13798 31708 21693 11957 6118 3419
15 22590 9065 32433 19795 23757 15239 26522 32628 9962 13798 31708 21693 28341 6118 7389
15 6206 25449 16049 19795 7373 31623 26522 32628 26346 30182 31708 5309 11957 22502 10218
15 30782 29545 28337 32083 31949 27527 6042 3956 5866 1510 7132 29885 27995 22591 14399
15 30782 29545 11953 32083 15565 27527 22426 3956 22250 17894 7132 13501 27995 22591 13163
15 30782 13161 28337 15699 31949 27527 6042 20340 5866 17894 23516 29885 11611 22591 11957
15 14398 29545 28337 15699 15565 27527 22426 20340 22250 17894 23516 13501 11611 6207 2022
15 30782 29545 20145 32083 31949 19335 14234 3956 14058 1510 15324 29885 27995 23899 14399
15 30782 13161 20145 15699 31949 19335 14234 20340 14058 17894 31708 29885 11611 7515 3765
15 30782 29545 3761 32083 31949 2951 30618 3956 30442 1510 31708 29885 27995 23899 15707
15 30782 13161 20145 32083 31949 2951 30618 20340 14058 1510 31708 29885 27995 23899 15581
15 30782 29545 20145 15699 15565 19335 14234 20340 30442 17894 15324 29885 11611 7515 2983
15 30782 21353 28337 32083 31949 19335 14234 12148 5866 1510 15324 29885 27995 23773 14399
15 30782 21353 11953 32083 15565 19335 30618 12148 22250 17894 15324 13501 27995 7389 4971
15 30782 4969 28337 15699 31949 19335 14234 28532 5866 17894 31708 29885 11611 23773 11957
15 30782 4969 28337 32083 31949 2951 30618 28532 5866 1510 31708 29885 27995 23773 15581
15 30782 21353 28337 15699 15565 19335 14234 28532 22250 17894 15324 29885 11611 7389 2983
15 14398 21353 11953 32083 31949 2951 30618 28532 22250 17894 31708 13501 27995 23773 14298
15 14398 21353 28337 15699 15565 19335 30618 28532 22250 17894 31708 13501 11611 7389 2022
15 30782 29545 28337 23891 23757 27527 6042 12148 14058 9702 7132 29885 19803 19367 14399
15 22590 29545 20145 32083 23757 27527 14234 12148 14058 9702 15324 21693 27995 6122 6207
15 22590 29545 3761 32083 7373 27527 30618 12148 30442 26086 15324 5309 27995 22506 13163
15 22590 13161 20145 15699 23757 27527 14234 28532 14058 26086 31708 21693 11611 6122 3765
15 22590 29545 3761 32083 23757 11143 30618 12148 30442 9702 31708 21693 27995 22506 15707
15 22590 13161 20145 32083 23757 11143 30618 28532 14058 9702 31708 21693 27995 6122 7389
15 22590 29545 20145 15699 7373 27527 14234 28532 30442 26086 15324 21693 11611 22506 11175
15 6206 29545 3761 32083 23757 11143 30618 28532 30442 26086 31708 5309 27995 22506 14298
15 6206 29545 3761 32083 7373 27527 30618 28532 30442 26086 31708 5309 27995 22506 14314
15 6206 29545 20145 15699 7373 27527 30618 28532 30442 26086 31708 5309 11611 22506 10214
15 22590 13161 20145 32083 23757 27527 14234 28532 14058 9702 31708 21693 27995 6122 7357
15 26686 25449 32433 27987 31949 31623 6042 8052 5866 5606 7132 29885 4084 18495 10303
15 26686 25449 16049 27987 15565 31623 22426 8052 22250 21990 7132 13501 4084 18495 9067
15 26686 17257 32433 19795 31949 31623 6042 16244 5866 13798 15324 29885 12276 24245 10303
15 26686 17257 16049 19795 15565 31623 22426 16244 22250 30182 15324 13501 12276 7861 875
15 26686 17257 16049 19795 31949 15239 22426 16244 22250 13798 31708 29885 12276 7861 3419
15 10302 17257 32433 3411 15565 31623 22426 32628 22250 30182 31708 13501 28660 24245 14310
15 26686 25449 24241 27987 31949 23431 14234 8052 14058 5606 15324 29885 4084 19803 10303
15 26686 25449 7857 27987 31949 7047 30618 8052 30442 5606 31708 29885 4084 19803 11611
15 26686 17257 32433 27987 31949 23431 14234 16244 5866 5606 15324 29885 12276 23773 10303
15 26686 17257 16049 27987 15565 23431 30618 16244 22250 21990 15324 13501 12276 7389 875
15 26686 17257 16049 27987 31949 7047 30618 16244 22250 5606 31708 29885 12276 23773 11611
15 10302 17257 16049 27987 31949 7047 30618 32628 22250 21990 31708 13501 28660 23773 14298
15 10302 17257 16049 27987 15565 23431 30618 32628 22250 21990 31708 13501 28660 7389 6122
15 10302 17257 32433 11603 15565 23431 30618 32628 22250 21990 31708 13501 28660 7389 6118
15 26686 25449 32433 19795 23757 31623 6042 16244 14058 13798 7132 29885 12276 23463 10303
15 26686 9065 32433 3411 23757 31623 6042 32628 14058 30182 23516 29885 28660 23463 16053
15 26686 25449 16049 19795 23757 15239 22426 16244 30442 13798 23516 29885 12276 7079 3419
15 26686 9065 32433 19795 23757 15239 22426 32628 14058 13798 23516 29885 28660 7079 7389
15 26686 25449 32433 3411 7373 31623 6042 32628 30442 30182 7132 29885 28660 23463 15271
15 10302 25449 16049 19795 7373 31623 22426 32628 30442 30182 23516 13501 28660 23463 14314
15 18494 17257 32433 19795 31949 31623 14234 16244 14058 13798 15324 29885 12276 8180 2111
15 18494 17257 16049 19795 31949 15239 30618 16244 30442 13798 31708 29885 12276 8180 3419
15 18494 17257 32433 3411 15565 31623 14234 32628 30442 30182 15324 29885 28660 24564 15271
15 18494 25449 24241 27987 23757 31623 14234 16244 14058 13798 15324 21693 12276 6122 2111
15 18494 25449 7857 27987 7373 31623 30618 16244 30442 30182 15324 5309 12276 22506 9067
15 18494 9065 24241 11603 23757 31623 14234 32628 14058 30182 31708 21693 28660 6122 7861
15 18494 25449 7857 27987 23757 15239 30618 16244 30442 13798 31708 21693 12276 22506 11611
15 18494 9065 24241 27987 23757 31623 14234 32628 14058 13798 31708 21693 28660 6122 7357
15 18494 17257 32433 27987 31949 23431 14234 16244 14058 13798 15324 29885 12276 8156 2111
15 18494 17257 16049 27987 31949 7047 30618 16244 30442 13798 31708 29885 12276 24540 11611
15 26686 29545 28337 32083 27853 31623 6042 8052 5866 5606 7132 25789 2026 18495 10303
15 26686 29545 20145 32083 19661 31623 14234 8052 14058 13798 7132 17597 10218 21355 10303
15 26686 29545 3761 32083 3277 31623 30618 8052 30442 30182 7132 1213 26602 21355 13163
15 26686 21353 11953 23891 11469 31623 22426 16244 22250 30182 15324 9405 18410 3765 4971
15 18494 29545 20145 32083 27853 23431 14234 16244 14058 13798 15324 17597 10218 6106 2111
15 18494 29545 3761 32083 11469 23431 30618 16244 30442 30182 15324 1213 26602 22490 13163
15 18494 13161 20145 15699 27853 23431 14234 32628 14058 30182 31708 17597 10218 6106 3765
15 18494 13161 20145 32083 27853 23431 14234 32628 14058 13798 31708 17597 10218 6106 3261
15 18494 29545 20145 32083 19661 31623 14234 16244 14058 13798 15324 17597 10218 6122 2111
15 18494 29545 3761 32083 3277 31623 30618 16244 30442 30182 15324 1213 26602 22506 13163
15 18494 13161 20145 15699 19661 31623 14234 32628 14058 30182 31708 17597 10218 6122 3765
15 18494 13161 20145 32083 19661 31623 14234 32628 14058 13798 31708 17597 10218 6122 3261
15 26686 21353 28337 32083 27853 31623 6042 16244 5866 5606 15324 25789 2026 19645 10303
15 30782 29545 32433 32083 27853 31623 1946 3956 5866 5606 3036 29885 27439 22591 14399
15 30782 29545 16049 32083 11469 31623 18330 3956 22250 21990 3036 13501 27439 22591 13163
15 14398 29545 16049 32083 27853 15239 18330 20340 22250 21990 19420 13501 11055 6207 2010
15 30782 21353 32433 23891 27853 31623 1946 12148 5866 13798 11228 29885 27439 24245 14399
15 30782 21353 16049 23891 11469 31623 18330 12148 22250 30182 11228 13501 27439 7861 4971
15 30782 4969 32433 7507 27853 31623 1946 28532 5866 30182 27612 29885 27439 24245 16053
15 30782 21353 32433 7507 11469 31623 1946 28532 22250 30182 11228 29885 27439 24245 15271
15 14398 21353 16049 23891 11469 31623 18330 28532 22250 30182 27612 13501 27439 7861 6122
15 14398 21353 32433 7507 11469 31623 18330 28532 22250 30182 27612 13501 27439 24245 14310
15 14398 4969 32433 23891 27853 15239 18330 28532 22250 30182 27612 29885 11055 24245 12252
15 30782 29545 24241 32083 27853 23431 10138 3956 14058 5606 11228 29885 27439 23899 14399
15 30782 13161 24241 15699 27853 23431 10138 20340 14058 21990 27612 29885 27439 7515 7861
15 30782 29545 7857 32083 27853 7047 26522 3956 30442 5606 27612 29885 27439 23899 15707
15 14398 29545 7857 32083 11469 23431 26522 20340 30442 21990 27612 13501 27439 23899 14314
15 22590 29545 24241 32083 19661 31623 10138 12148 14058 13798 11228 21693 27439 6122 6207
15 22590 29545 7857 32083 3277 31623 26522 12148 30442 30182 11228 5309 27439 22506 13163
15 6206 29545 7857 32083 3277 31623 26522 28532 30442 30182 27612 5309 27439 22506 14314
15 6206 29545 24241 15699 3277 31623 26522 28532 30442 30182 27612 5309 27439 22506 14310
15 6206 13161 24241 32083 19661 15239 26522 28532 30442 30182 27612 21693 11055 22506 12252
15 22590 13161 24241 32083 19661 31623 10138 28532 14058 13798 27612 21693 27439 6122 7357
15 30782 29545 32433 23891 27853 31623 1946 12148 5866 13798 3036 29885 27439 23223 14399
15 30782 29545 16049 23891 11469 31623 18330 12148 22250 30182 3036 13501 27439 23223 13163
15 30782 13161 32433 7507 27853 31623 1946 28532 5866 30182 19420 29885 27439 23223 16053
15 30782 29545 16049 23891 27853 15239 18330 12148 22250 13798 19420 29885 27439 6839 7515
15 14398 29545 16049 23891 27853 15239 18330 28532 22250 30182 19420 13501 11055 6839 2010
15 14398 13161 32433 7507 27853 31623 18330 28532 22250 30182 19420 29885 11055 23223 12276
15 14398 29545 16049 23891 11469 31623 18330 28532 22250 30182 19420 13501 27439 6839 6122
15 30782 13161 32433 23891 27853 31623 1946 28532 5866 13798 19420 29885 27439 23223 15549
15 30782 29545 32433 7507 27853 31623 1946 28532 5866 30182 3036 29885 27439 23223 15031
15 14398 29545 32433 7507 27853 31623 18330 28532 22250 30182 19420 13501 11055 23223 10230
15 30782 29545 16049 23891 11469 31623 18330 12148 22250 30182 19420 13501 27439 6839 5995
15 30782 29545 24241 32083 27853 31623 10138 3956 14058 5606 3036 29885 27439 22907 14399
15 30782 13161 24241 15699 27853 31623 10138 20340 14058 21990 19420 29885 27439 6523 7861
15 30782 29545 7857 32083 27853 15239 26522 3956 30442 5606 19420 29885 27439 22907 15707
15 14398 13161 24241 15699 27853 31623 26522 20340 30442 21990 19420 29885 11055 6523 4084
15 14398 29545 7857 32083 11469 31623 26522 20340 30442 21990 19420 13501 27439 22907 14314
15 30782 29545 24241 32083 11469 31623 10138 3956 30442 21990 3036 29885 27439 22907 15151
15 30782 29545 24241 15699 11469 31623 10138 20340 30442 21990 19420 29885 27439 6523 8103
15 22654 21353 32433 23891 27853 31623 18331 12148 14058 13798 11228 29885 27439 8116 6271
15 22654 21353 16049 23891 11469 31623 18331 12148 30442 30182 11228 13501 27439 8116 4971
15 22654 4969 32433 7507 27853 31623 1947 28532 14058 30182 27612 29885 27439 24500 16053
15 22654 21353 16049 23891 27853 15239 18331 12148 30442 13798 27612 29885 27439 8116 7515
15 22654 4969 32433 23891 27853 15239 18331 28532 14058 13798 27612 29885 11055 24500 11485
15 22654 21353 32433 7507 11469 31623 1947 28532 30442 30182 11228 29885 27439 24500 15271
15 6270 21353 16049 23891 11469 31623 18331 28532 30442 30182 27612 13501 27439 24500 14314
15 6270 4969 32433 23891 27853 15239 18331 28532 30442 30182 27612 29885 11055 24500 12252
15 6270 4969 32433 7507 27853 31623 1947 28532 30442 30182 27612 29885 27439 24500 16308
15 6270 21353 16049 23891 27853 15239 18331 28532 30442 30182 27612 13501 11055 24500 10202
15 6270 21353 32433 7507 11469 31623 1947 28532 30442 30182 27612 29885 27439 24500 16294
15 22654 21353 16049 23891 27853 15239 18331 12148 30442 30182 27612 13501 27439 8116 5979
15 22654 21353 32433 23891 27853 15239 18331 12148 14058 13798 27612 29885 27439 8116 7263
15 22654 4969 32433 7507 27853 31623 18331 28532 14058 30182 27612 29885 11055 24500 12021
15 22654 21353 32433 7507 11469 31623 18331 28532 30442 30182 11228 13501 27439 24500 13287
15 22654 13177 32433 23891 11471 31623 18331 28532 30442 30182 27612 29885 27439 8118 8173
15 15422 31593 16049 32083 31949 16263 17306 18292 17130 16870 14525 13375 11327 7231 986
15 15422 15209 32433 15699 31949 32647 17306 18292 17130 16870 30909 13375 11327 7231 2036
15 15422 31593 16049 32083 15565 32647 17306 18292 17130 16870 14525 13375 11327 7231 1002
15 15422 31593 32433 15699 15565 32647 17306 18292 17130 16870 14525 13375 11327 7231 998
15 7230 31593 7857 32083 31949 8071 25498 26484 25322 25062 6333 5183 3135 17370 9178
15 7230 31593 7857 32083 7373 32647 25498 26484 25322 25062 6333 5183 3135 17386 9194
15 7230 31593 16049 23891 7373 32647 25498 26484 25322 25062 6333 5183 3135 17382 9194
15 7230 31593 32433 7507 7373 32647 25498 26484 25322 25062 6333 5183 3135 17382 9190
15 15422 23401 16049 32083 31949 16263 17306 26484 17130 16870 14525 13375 11327 7357 986
15 15422 23401 16049 32083 15565 32647 17306 26484 17130 16870 14525 13375 11327 7357 1002
15 15422 23401 32433 15699 15565 32647 17306 26484 17130 16870 14525 13375 11327 7357 998
15 31806 31593 28337 32083 27853 32647 5018 1908 4842 4582 26813 29759 27499 23615 15423
15 31806 31593 11953 32083 11469 32647 21402 1908 21226 20966 10429 29759 27499 23615 15211
15 31806 15209 28337 15699 27853 32647 5018 18292 4842 20966 26813 29759 11115 23615 11957
15 31806 15209 28337 32083 27853 16263 21402 18292 4842 4582 26813 29759 11115 23615 11485
15 15422 31593 11953 32083 27853 16263 21402 18292 21226 20966 10429 13375 27499 7231 5082
15 15422 15209 28337 15699 27853 32647 21402 18292 21226 20966 26813 13375 11115 7231 2036
15 15422 31593 11953 32083 11469 32647 21402 18292 21226 20966 10429 13375 27499 7231 5098
15 15422 31593 28337 15699 11469 32647 21402 18292 21226 20966 10429 13375 27499 7231 5094
15 31806 15209 28337 32083 27853 32647 5018 18292 4842 4582 26813 29759 11115 23615 11453
15 15422 23401 11953 23891 11469 32647 21402 26484 21226 29158 10429 13375 19307 3765 5098
15 15422 23401 28337 7507 11469 32647 21402 26484 21226 29158 10429 13375 19307 20149 13286
15 31806 31593 20145 32083 27853 24455 13210 1908 13034 4582 26813 29759 27499 23899 15423
15 31806 15209 20145 15699 27853 24455 13210 18292 13034 20966 26813 29759 11115 7515 3765
15 31806 31593 3761 32083 27853 8071 29594 1908 29418 4582 26813 29759 27499 23899 15707
15 31806 15209 20145 32083 27853 8071 29594 18292 13034 4582 26813 29759 11115 23899 11485
15 15422 15209 20145 15699 27853 24455 29594 18292 29418 20966 26813 13375 11115 7515 2036
15 15422 31593 3761 32083 11469 24455 29594 18292 29418 20966 10429 13375 27499 23899 13290
15 15422 23401 11953 32083 27853 8071 29594 26484 21226 20966 10429 13375 19307 19677 13274
15 15422 23401 11953 32083 11469 24455 29594 26484 21226 20966 10429 13375 19307 3293 5098
15 15422 23401 28337 15699 11469 24455 29594 26484 21226 20966 10429 13375 19307 3293 5094
15 23614 15209 20145 32083 19661 32647 13210 26484 13034 12774 18621 21567 11115 5098 3261
15 15422 27497 16049 27987 31949 16263 17306 22388 17130 20966 14525 13375 11957 7231 986
15 15422 27497 16049 27987 15565 32647 17306 22388 17130 20966 14525 13375 11957 7231 1002
15 15422 27497 32433 11603 15565 32647 17306 22388 17130 20966 14525 13375 28341 7231 5094
15 31806 19305 16049 19795 15565 32647 17306 14196 17130 29158 14525 29759 11957 7861 2923
15 31806 19305 16049 19795 31949 16263 17306 14196 17130 12774 30909 29759 11957 7861 3419
15 15422 19305 16049 19795 31949 16263 17306 30580 17130 29158 14525 13375 11957 7861 986
15 15422 19305 16049 19795 15565 32647 17306 30580 17130 29158 14525 13375 11957 7861 1002
15 7230 27497 7857 27987 31949 8071 25498 30580 25322 29158 6333 5183 3765 17370 9178
15 7230 27497 7857 27987 15565 24455 25498 30580 25322 29158 6333 5183 3765 17370 9194
15 7230 27497 7857 27987 7373 32647 25498 30580 25322 29158 6333 5183 3765 17386 9194
15 31806 19305 16049 27987 15565 32647 17306 14196 17130 20966 14525 29759 11957 7357 2923
15 15422 19305 16049 27987 31949 16263 17306 30580 17130 20966 14525 13375 11957 7357 986
15 15422 19305 16049 27987 15565 32647 17306 30580 17130 20966 14525 13375 11957 7357 1002
15 15422 19305 32433 11603 15565 32647 17306 30580 17130 20966 14525 13375 28341 7357 5094
15 15422 27497 16049 32083 31949 12167 21402 22388 17130 16870 14525 13375 27869 7231 5082
15 15422 27497 16049 32083 15565 28551 21402 22388 17130 16870 14525 13375 11485 7231 1002
15 15422 27497 32433 15699 15565 28551 21402 22388 17130 16870 14525 13375 11485 7231 998
15 31806 19305 16049 23891 15565 28551 21402 14196 17130 25062 14525 29759 11485 7861 2923
15 15422 19305 16049 23891 15565 28551 21402 30580 17130 25062 14525 13375 11485 7861 1002
15 15422 19305 32433 7507 15565 28551 21402 30580 17130 25062 14525 13375 11485 24245 9190
15 7230 27497 7857 32083 7373 28551 29594 30580 25322 25062 6333 5183 3293 17386 9194
15 7230 27497 16049 23891 7373 28551 29594 30580 25322 25062 6333 5183 3293 17382 9194
15 7230 27497 32433 7507 7373 28551 29594 30580 25322 25062 6333 5183 3293 17382 9190
15 31806 19305 16049 32083 15565 28551 21402 14196 17130 16870 14525 29759 11485 7357 2923
15 15422 19305 16049 32083 15565 28551 21402 30580 17130 16870 14525 13375 11485 7357 1002
15 15422 19305 32433 15699 15565 28551 21402 30580 17130 16870 14525 13375 11485 7357 998
15 7230 27497 7857 32083 31949 8071 25498 30580 25322 25062 6333 5183 3261 17370 9178
15 7230 27497 7857 32083 15565 24455 25498 30580 25322 25062 6333 5183 3261 17370 9194
15 7230 27497 7857 32083 7373 32647 25498 30580 25322 25062 6333 5183 3261 17386 9194
15 7230 27497 24241 15699 7373 32647 25498 30580 25322 25062 6333 5183 3261 17386 9190
15 7230 27497 32433 7507 7373 32647 25498 30580 25322 25062 6333 5183 3261 17382 9190
15 31806 19305 16049 32083 15565 32647 17306 14196 17130 16870 14525 29759 11453 7357 2923
15 15422 19305 16049 32083 31949 16263 17306 30580 17130 16870 14525 13375 11453 7357 986
15 15422 19305 16049 32083 15565 32647 17306 30580 17130 16870 14525 13375 11453 7357 1002
15 15422 19305 32433 15699 15565 32647 17306 30580 17130 16870 14525 13375 11453 7357 998
15 31806 17257 16049 17747 15565 32647 17306 16244 17130 31206 14525 14005 11957 7861 875
15 31806 17257 16049 17747 31949 16263 17306 16244 17130 14822 30909 14005 11957 7861 1371
15 15422 17257 16049 17747 15565 32647 17306 32628 17130 31206 14525 14005 11957 7861 1002
15 11326 29545 16049 25939 27853 16263 21402 24436 21226 23014 10429 14005 19430 3135 5082
15 11326 29545 16049 25939 11469 32647 21402 24436 21226 23014 10429 14005 19430 3135 5098
15 27710 21353 32433 17747 27853 32647 5018 16244 4842 14822 26813 30389 11238 24245 11327
15 27710 21353 16049 17747 11469 32647 21402 16244 21226 31206 10429 14005 27622 7861 4971
15 27710 21353 16049 17747 27853 16263 21402 16244 21226 14822 26813 14005 11238 7861 1371
15 11326 21353 16049 17747 11469 32647 21402 32628 21226 31206 10429 14005 27622 7861 5098
15 27710 4969 32433 17747 27853 32647 5018 32628 4842 14822 26813 30389 11238 24245 11453
15 27710 29545 7857 25939 27853 8071 29594 8052 29418 6630 26813 5813 3046 17755 9563
15 19518 13161 24241 25939 19661 32647 13210 32628 13034 14822 18621 22197 11238 5098 3261
15 31806 17257 16049 21843 15565 32647 17306 16244 17130 27110 14525 14005 11453 7861 875
15 31806 17257 16049 21843 31949 16263 17306 16244 17130 10726 30909 14005 27837 7861 5467
15 15422 17257 16049 21843 15565 32647 17306 32628 17130 27110 14525 14005 11453 7861 1002
15 7230 25449 7857 30035 7373 32647 25498 32628 25322 27110 6333 5813 3261 17386 9194
15 31806 17257 16049 30035 15565 32647 17306 16244 17130 18918 14525 14005 11453 7357 875
15 15422 17257 16049 30035 15565 32647 17306 32628 17130 18918 14525 14005 11453 7357 1002
15 15422 17257 32433 13651 15565 32647 17306 32628 17130 18918 14525 30389 11453 7357 3046
15 31806 15209 30385 15699 31949 30599 2970 18292 2794 16870 30909 13659 27711 23615 14005
15 15422 31593 14001 32083 31949 14215 19354 18292 19178 16870 14525 30043 11327 7231 3034
15 15422 15209 30385 15699 31949 30599 19354 18292 19178 16870 30909 13659 11327 7231 2036
15 15422 31593 14001 32083 15565 30599 19354 18292 19178 16870 14525 30043 11327 7231 3050
15 15422 31593 30385 15699 15565 30599 19354 18292 19178 16870 14525 13659 11327 7231 998
15 15422 23401 30385 7507 15565 30599 19354 26484 19178 25062 14525 5467 11327 22197 9190
15 31806 15209 22193 15699 31949 22407 11162 18292 10986 16870 30909 13659 27711 7515 5813
15 15422 31593 5809 32083 31949 6023 27546 18292 27370 16870 14525 30043 11327 23899 11226
15 15422 15209 22193 15699 31949 22407 27546 18292 27370 16870 30909 13659 11327 7515 2036
15 15422 31593 22193 15699 15565 22407 27546 18292 27370 16870 14525 13659 11327 7515 998
15 31806 7017 30385 15699 31949 22407 11162 26484 2794 16870 30909 13659 27711 23773 14005
15 15422 23401 14001 32083 15565 22407 27546 26484 19178 16870 14525 30043 11327 7389 3050
15 15422 23401 30385 15699 15565 22407 27546 26484 19178 16870 14525 13659 11327 7389 998
15 23614 15209 22193 15699 31949 22407 11162 26484 10986 25062 22717 13659 19519 3034 5813
15 7230 31593 30385 7507 7373 30599 27546 26484 27370 25062 6333 5467 3135 17382 9190
15 31806 7017 26289 7507 31949 26503 7066 26484 6890 25062 30909 5467 3419 18101 9909
15 31806 15209 18097 15699 31949 18311 15258 18292 15082 16870 30909 13659 11611 7515 1717
15 31806 31593 18097 15699 15565 18311 15258 18292 31466 16870 30909 13659 11611 7515 1959
15 27710 15209 26289 15699 27853 30599 7066 22388 6890 20966 26813 13659 3050 19519 9909
15 11326 31593 26289 15699 11469 30599 23450 22388 23274 20966 10429 13659 19434 3135 5094
15 27710 15209 18097 15699 19661 30599 15258 22388 15082 29158 18621 13659 11242 7019 1717
15 27710 15209 18097 32083 19661 14215 31642 22388 15082 12774 18621 30043 11242 7019 3293
15 11326 31593 18097 15699 3277 30599 31642 22388 31466 29158 2237 13659 27626 23403 13286
15 27710 15209 18097 32083 19661 30599 15258 22388 15082 12774 18621 30043 11242 7019 3261
15 27710 7017 26289 7507 27853 30599 7066 30580 6890 29158 26813 5467 3050 18101 9909
15 27710 31593 18097 32083 27853 22407 15258 6004 15082 4582 26813 30043 11242 23899 11327
15 27710 15209 18097 15699 27853 22407 15258 22388 15082 20966 26813 13659 11242 7515 1717
15 11326 31593 18097 15699 11469 22407 31642 22388 31466 20966 10429 13659 27626 7515 5094
15 27710 15209 18097 32083 27853 22407 15258 22388 15082 4582 26813 30043 11242 23899 11453
15 19518 31593 18097 32083 19661 30599 15258 14196 15082 12774 18621 30043 11242 7146 3135
15 19518 15209 18097 15699 19661 30599 15258 30580 15082 29158 18621 13659 11242 7146 1717
15 3134 31593 18097 15699 3277 30599 31642 30580 31466 29158 2237 13659 27626 23530 13286
15 19518 15209 18097 32083 19661 30599 15258 30580 15082 12774 18621 30043 11242 7146 3261
15 19518 15209 26289 7507 19661 30599 15258 30580 15082 29158 18621 5467 11242 21478 9909
15 27710 7017 26289 15699 27853 30599 7066 30580 6890 20966 26813 13659 3050 19645 9909
15 31806 31593 16049 30035 29901 16263 17306 3956 19178 2534 30909 14247 27711 23615 13659
15 31806 15209 32433 30035 29901 16263 17306 20340 2794 2534 30909 14247 27711 23615 13533
15 15422 31593 16049 30035 29901 16263 17306 20340 19178 18918 14525 14247 11327 7231 986
15 15422 31593 16049 30035 13517 32647 17306 20340 19178 18918 14525 30631 11327 7231 3050
15 15422 31593 32433 13651 13517 32647 17306 20340 19178 18918 14525 30631 11327 7231 3046
15 31806 31593 24241 30035 21709 32647 9114 3956 10986 10726 22717 30631 27711 23403 15423
15 31806 15209 24241 13651 21709 32647 9114 20340 10986 27110 22717 30631 27711 7019 7861
15 31806 31593 7857 30035 21709 16263 25498 3956 27370 10726 22717 14247 27711 23403 13659
15 31806 15209 24241 30035 21709 16263 25498 20340 10986 10726 22717 14247 27711 7019 5341
15 15422 31593 7857 30035 5325 32647 25498 20340 27370 27110 6333 30631 11327 23403 11242
15 31806 23401 16049 21843 29901 16263 17306 12148 19178 10726 30909 14247 27711 7861 5467
15 31806 7017 32433 21843 29901 16263 17306 28532 2794 10726 30909 14247 27711 24245 13533
15 15422 23401 16049 21843 29901 16263 17306 28532 19178 27110 14525 14247 11327 7861 986
15 15422 23401 16049 21843 13517 32647 17306 28532 19178 27110 14525 30631 11327 7861 3050
15 15422 23401 32433 5459 13517 32647 17306 28532 19178 27110 14525 30631 11327 24245 11238
15 31806 31593 7857 30035 29901 8071 25498 3956 27370 2534 30909 6055 27711 21851 13659
15 31806 15209 24241 30035 29901 8071 25498 20340 10986 2534 30909 6055 27711 21851 13533
15 15422 31593 7857 30035 29901 8071 25498 20340 27370 18918 14525 6055 11327 21851 9178
15 15422 31593 7857 30035 13517 24455 25498 20340 27370 18918 14525 22439 11327 21851 11242
15 15422 31593 24241 13651 13517 24455 25498 20340 27370 18918 14525 22439 11327 5467 3046
15 31806 7017 32433 30035 29901 8071 25498 28532 2794 2534 30909 6055 27711 21725 13533
15 15422 23401 16049 30035 29901 8071 25498 28532 19178 18918 14525 6055 11327 21725 9178
15 15422 23401 16049 30035 13517 24455 25498 28532 19178 18918 14525 22439 11327 5341 3050
15 15422 23401 32433 13651 13517 24455 25498 28532 19178 18918 14525 22439 11327 5341 3046
15 7230 31593 7857 30035 29901 8071 25498 28532 27370 27110 6333 6055 3135 17370 9178
15 7230 31593 7857 30035 21709 16263 25498 28532 27370 27110 6333 14247 3135 19434 9178
15 7230 31593 16049 21843 21709 16263 25498 28532 27370 27110 6333 14247 3135 19430 9178
15 31806 23401 16049 30035 29901 16263 17306 12148 19178 2534 30909 14247 27711 23741 13659
15 31806 7017 32433 30035 29901 16263 17306 28532 2794 2534 30909 14247 27711 23741 13533
15 15422 23401 16049 30035 29901 16263 17306 28532 19178 18918 14525 14247 11327 7357 986
15 15422 23401 16049 30035 13517 32647 17306 28532 19178 18918 14525 30631 11327 7357 3050
15 15422 23401 32433 13651 13517 32647 17306 28532 19178 18918 14525 30631 11327 7357 3046
15 31806 19305 16049 17747 13517 32647 17306 16244 19178 31206 14525 30631 11957 7861 2923
15 31806 19305 16049 17747 29901 16263 17306 16244 19178 14822 30909 14247 11957 7861 1371
15 31806 2921 32433 17747 29901 16263 17306 32628 2794 14822 30909 14247 28341 24245 13533
15 15422 19305 16049 17747 29901 16263 17306 32628 19178 31206 14525 14247 11957 7861 986
15 15422 19305 16049 17747 13517 32647 17306 32628 19178 31206 14525 30631 11957 7861 3050
15 31806 19305 16049 25939 29901 8071 25498 16244 19178 6630 30909 6055 11957 21725 9563
15 31806 2921 32433 25939 29901 8071 25498 32628 2794 6630 30909 6055 28341 21725 13533
15 15422 19305 16049 25939 29901 8071 25498 32628 19178 23014 14525 6055 11957 21725 9178
15 15422 19305 16049 25939 13517 24455 25498 32628 19178 23014 14525 22439 11957 5341 3050
15 7230 27497 7857 25939 29901 8071 25498 32628 27370 31206 6333 6055 3765 17370 9178
15 23614 27497 16049 17747 21709 16263 25498 16244 27370 14822 22717 14247 11957 7142 1371
15 23614 11113 32433 17747 21709 16263 25498 32628 10986 14822 22717 14247 28341 7142 5341
15 7230 27497 16049 17747 5325 32647 25498 32628 27370 31206 6333 30631 11957 23526 11242
15 31806 15209 20145 13651 29901 20359 13210 20340 15082 18918 30909 18343 9563 5467 3765
15 15422 23401 28337 13651 13517 20359 29594 28532 23274 18918 14525 18343 9563 5341 3046
15 31806 31593 16049 25939 9421 32647 17306 8052 23274 23014 14525 30631 28583 23615 15211
15 31806 31593 16049 25939 25805 16263 17306 8052 23274 6630 30909 14247 12199 23615 9563
15 31806 15209 32433 25939 25805 16263 17306 24436 6890 6630 30909 14247 12199 23615 9437
15 15422 31593 16049 25939 25805 16263 17306 24436 23274 23014 14525 14247 12199 7231 986
15 15422 31593 16049 25939 9421 32647 17306 24436 23274 23014 14525 30631 28583 7231 7146
15 15422 31593 32433 9555 9421 32647 17306 24436 23274 23014 14525 30631 28583 7231 7142
15 31806 23401 16049 17747 25805 16263 17306 16244 23274 14822 30909 14247 12199 7861 1371
15 31806 7017 32433 17747 25805 16263 17306 32628 6890 14822 30909 14247 12199 24245 9437
15 15422 23401 16049 17747 25805 16263 17306 32628 23274 31206 14525 14247 12199 7861 986
15 31806 31593 7857 25939 25805 8071 25498 8052 31466 6630 30909 6055 4007 17755 9563
15 31806 15209 24241 25939 25805 8071 25498 24436 15082 6630 30909 6055 4007 17755 9437
15 31806 7017 32433 25939 25805 8071 25498 32628 6890 6630 30909 6055 4007 17629 9437
15 15422 23401 16049 25939 25805 8071 25498 32628 23274 23014 14525 6055 4007 17629 9178
15 31806 31593 16049 17747 17613 16263 17306 16244 31466 14822 30909 14247 12199 8103 1371
15 31806 15209 32433 17747 17613 16263 17306 32628 15082 14822 30909 14247 12199 8103 1245
15 23614 15209 24241 9555 17613 32647 9114 32628 15082 31206 22717 30631 28583 7146 7861
15 23614 31593 7857 25939 17613 16263 25498 16244 31466 14822 22717 14247 12199 23530 9563
15 23614 15209 24241 25939 17613 16263 25498 32628 15082 14822 22717 14247 12199 7146 1245
15 7230 31593 7857 25939 17613 16263 25498 32628 31466 31206 6333 14247 12199 23530 9178
15 23614 15209 24241 25939 17613 32647 9114 32628 15082 14822 22717 30631 28583 7146 7357
15 27710 27497 32433 25939 29901 32647 5018 8052 6890 6630 30909 30631 4084 19519 11327
15 27710 27497 16049 25939 13517 32647 21402 8052 23274 23014 14525 30631 4084 19519 11115
15 27710 27497 16049 25939 29901 16263 21402 8052 23274 6630 30909 14247 4084 19519 9563
15 27710 11113 32433 25939 29901 16263 21402 24436 6890 6630 30909 14247 20468 19519 13533
15 11326 27497 16049 25939 29901 16263 21402 24436 23274 23014 14525 14247 20468 3135 5082
15 27710 19305 32433 17747 29901 32647 5018 16244 6890 14822 30909 30631 12276 24245 11327
15 27710 19305 16049 17747 13517 32647 21402 16244 23274 31206 14525 30631 12276 7861 2923
15 27710 19305 16049 17747 29901 16263 21402 16244 23274 14822 30909 14247 12276 7861 1371
15 27710 27497 7857 25939 29901 8071 29594 8052 31466 6630 30909 6055 4084 17755 9563
15 27710 27497 32433 17747 21709 32647 5018 16244 15082 14822 30909 30631 12276 24487 11327
15 27710 27497 16049 17747 21709 16263 21402 16244 31466 14822 30909 14247 12276 8103 1371
15 27710 11113 32433 17747 21709 16263 21402 32628 15082 14822 30909 14247 28660 8103 5341
15 19518 27497 24241 25939 21709 32647 13210 16244 15082 14822 22717 30631 12276 7146 3135
15 19518 27497 7857 25939 5325 32647 29594 16244 31466 31206 6333 30631 12276 23530 11115
15 19518 11113 24241 9555 21709 32647 13210 32628 15082 31206 22717 30631 28660 7146 7861
15 19518 27497 7857 25939 21709 16263 29594 16244 31466 14822 22717 14247 12276 23530 9563
15 19518 11113 24241 25939 21709 32647 13210 32628 15082 14822 22717 30631 28660 7146 7357
15 27710 15209 20145 13651 25805 24455 13210 24436 15082 23014 26813 22439 11242 5467 3765
15 27710 31593 3761 30035 25805 8071 29594 8052 31466 6630 26813 6055 27626 21851 13659
15 27710 15209 20145 30035 25805 8071 29594 24436 15082 6630 26813 6055 11242 21851 9437
15 11326 31593 3761 30035 25805 8071 29594 24436 31466 23014 10429 6055 27626 21851 13274
15 27710 15209 20145 30035 25805 24455 13210 24436 15082 6630 26813 22439 11242 21851 11453
15 27710 7017 28337 30035 25805 8071 29594 32628 6890 6630 26813 6055 3050 17629 9437
15 19518 15209 20145 13651 25805 24455 13210 32628 15082 31206 18621 22439 11242 5082 3765
15 19518 15209 20145 30035 25805 8071 29594 32628 15082 14822 18621 6055 11242 21466 9437
15 3134 31593 3761 30035 25805 8071 29594 32628 31466 31206 2237 6055 27626 21466 13274
15 19518 31593 20145 30035 17613 32647 13210 16244 15082 14822 18621 30631 11242 7146 3135
15 19518 15209 20145 13651 17613 32647 13210 32628 15082 31206 18621 30631 11242 7146 3765
15 19518 31593 3761 30035 17613 16263 29594 16244 31466 14822 18621 14247 27626 23530 13659
15 19518 15209 20145 30035 17613 16263 29594 32628 15082 14822 18621 14247 11242 7146 1245
15 3134 31593 3761 30035 17613 16263 29594 32628 31466 31206 2237 14247 27626 23530 13274
15 19518 15209 20145 30035 17613 32647 13210 32628 15082 14822 18621 30631 11242 7146 3261
15 19518 31593 28337 21843 17613 32647 13210 16244 15082 14822 18621 30631 11242 7142 3135
15 19518 31593 11953 21843 17613 16263 29594 16244 31466 14822 18621 14247 27626 7142 5467
15 19518 15209 28337 21843 17613 16263 29594 32628 15082 14822 18621 14247 11242 7142 1245
15 3134 31593 11953 21843 17613 16263 29594 32628 31466 31206 2237 14247 27626 23526 13274
15 19518 15209 28337 21843 17613 32647 13210 32628 15082 14822 18621 30631 11242 7142 3261
15 27710 7017 28337 30035 25805 16263 21402 32628 6890 6630 26813 14247 3050 19645 9437
15 25662 7017 26289 7507 25805 32647 7066 32628 6890 31206 24765 5098 3050 18101 9909
15 17470 31593 18097 32083 17613 32647 15258 16244 15082 14822 16573 13290 11242 7146 1087
15 17470 15209 18097 15699 17613 32647 15258 32628 15082 31206 16573 13290 11242 7146 1717
15 17470 15209 18097 32083 17613 32647 15258 32628 15082 14822 16573 13290 11242 7146 1213
15 25662 7017 26289 32083 25805 32647 7066 32628 6890 6630 24765 5098 3050 17597 9405
15 31806 31593 30385 32083 31949 30599 2970 1908 2794 2534 28861 29531 27711 23615 15423
15 31806 15209 30385 15699 31949 30599 2970 18292 2794 18918 28861 13147 27711 23615 14005
15 15422 31593 14001 32083 31949 14215 19354 18292 19178 18918 12477 29531 11327 7231 3034
15 15422 15209 30385 15699 31949 30599 19354 18292 19178 18918 28861 13147 11327 7231 2036
15 15422 31593 14001 32083 15565 30599 19354 18292 19178 18918 12477 29531 11327 7231 3050
15 15422 31593 30385 15699 15565 30599 19354 18292 19178 18918 12477 29531 11327 7231 3046
15 31806 15209 30385 32083 31949 30599 2970 18292 2794 2534 28861 13147 27711 23615 13501
15 31806 31593 22193 32083 23757 30599 11162 1908 10986 10726 20669 29531 27711 23403 15423
15 31806 31593 5809 32083 7373 30599 27546 1908 27370 27110 4285 29531 27711 23403 15211
15 31806 15209 22193 15699 23757 30599 11162 18292 10986 27110 20669 13147 27711 7019 5813
15 15422 31593 5809 32083 23757 14215 27546 18292 27370 27110 4285 29531 11327 23403 11226
15 15422 15209 22193 15699 23757 30599 27546 18292 27370 27110 20669 13147 11327 7019 2036
15 15422 31593 5809 32083 7373 30599 27546 18292 27370 27110 4285 29531 11327 23403 11242
15 15422 31593 22193 15699 7373 30599 27546 18292 27370 27110 4285 29531 11327 23403 11238
15 31806 15209 22193 32083 23757 30599 11162 18292 10986 10726 20669 13147 27711 7019 5309
15 31806 31593 5809 32083 23757 14215 27546 1908 27370 27110 4285 29531 27711 23403 15195
15 31806 7017 30385 7507 31949 30599 2970 26484 2794 27110 28861 4955 27711 22197 14005
15 31806 7017 30385 23891 31949 30599 2970 26484 2794 10726 28861 4955 27711 22197 13501
15 31806 31593 22193 32083 31949 22407 11162 1908 10986 2534 28861 29531 27711 23899 15423
15 31806 31593 5809 32083 15565 22407 27546 1908 27370 18918 12477 29531 27711 23899 15211
15 31806 15209 22193 15699 31949 22407 11162 18292 10986 18918 28861 13147 27711 7515 5813
15 31806 31593 5809 32083 31949 6023 27546 1908 27370 2534 28861 29531 27711 23899 15707
15 15422 31593 5809 32083 31949 6023 27546 18292 27370 18918 12477 29531 11327 23899 11226
15 15422 15209 22193 15699 31949 22407 27546 18292 27370 18918 28861 13147 11327 7515 2036
15 15422 31593 5809 32083 15565 22407 27546 18292 27370 18918 12477 29531 11327 23899 11242
15 15422 31593 22193 15699 15565 22407 27546 18292 27370 18918 12477 29531 11327 7515 3046
15 31806 15209 22193 32083 31949 22407 11162 18292 10986 2534 28861 13147 27711 23899 13501
15 31806 31593 5809 32083 31949 6023 27546 1908 27370 18918 12477 29531 27711 23899 15195
15 31806 23401 30385 32083 31949 22407 11162 10100 2794 2534 28861 29531 27711 23773 15423
15 31806 23401 14001 32083 15565 22407 27546 10100 19178 18918 12477 29531 27711 7389 7019
15 31806 7017 30385 15699 31949 22407 11162 26484 2794 18918 28861 13147 27711 23773 14005
15 31806 23401 14001 32083 31949 6023 27546 10100 19178 2534 28861 29531 27711 23773 15707
15 15422 23401 14001 32083 15565 22407 27546 26484 19178 18918 12477 29531 11327 7389 3050
15 15422 23401 30385 15699 15565 22407 27546 26484 19178 18918 12477 29531 11327 7389 3046
15 31806 7017 30385 32083 31949 22407 11162 26484 2794 2534 28861 13147 27711 23773 13501
15 31806 23401 14001 32083 31949 6023 27546 10100 19178 18918 12477 29531 27711 23773 15195
15 31806 31593 30385 23891 23757 30599 2970 10100 10986 10726 28861 21339 27711 22439 15423
15 31806 31593 14001 23891 7373 30599 19354 10100 27370 27110 12477 21339 27711 22439 15211
15 31806 15209 30385 7507 23757 30599 2970 26484 10986 27110 28861 4955 27711 22439 14005
15 31806 31593 14001 23891 23757 14215 19354 10100 27370 10726 28861 21339 27711 6055 7515
15 31806 15209 30385 23891 23757 14215 19354 26484 10986 10726 28861 21339 27711 6055 7389
15 15422 31593 14001 23891 23757 14215 19354 26484 27370 27110 12477 21339 11327 6055 3034
15 15422 31593 14001 23891 7373 30599 19354 26484 27370 27110 12477 21339 11327 22439 11242
15 23614 15209 22193 15699 31949 22407 11162 26484 10986 27110 20669 13147 19519 3034 5813
15 23614 15209 22193 32083 31949 22407 11162 26484 10986 10726 20669 13147 19519 3034 5309
15 23614 7017 30385 7507 31949 30599 11162 26484 10986 27110 28861 4955 19519 18420 14005
15 23614 15209 22193 15699 23757 30599 11162 26484 10986 27110 20669 13147 19519 3050 5813
15 23614 15209 22193 32083 23757 30599 11162 26484 10986 10726 20669 13147 19519 3050 5309
15 23614 15209 30385 7507 23757 30599 11162 26484 10986 27110 20669 13147 19519 19430 14005
15 23614 15209 30385 23891 23757 30599 11162 26484 10986 10726 20669 13147 19519 3046 5309
15 31806 7017 30385 32083 31949 30599 2970 26484 2794 2534 28861 4955 27711 21693 13501
15 31806 31593 22193 32083 31949 22407 11162 1908 10986 10726 20669 29531 27711 23387 15423
15 31806 15209 22193 15699 31949 22407 11162 18292 10986 27110 20669 13147 27711 7003 5813
15 15422 31593 5809 32083 31949 6023 27546 18292 27370 27110 4285 29531 11327 23387 11226
15 15422 15209 22193 15699 31949 22407 27546 18292 27370 27110 20669 13147 11327 7003 2036
15 15422 31593 5809 32083 15565 22407 27546 18292 27370 27110 4285 29531 11327 23387 11242
15 15422 31593 22193 15699 15565 22407 27546 18292 27370 27110 4285 29531 11327 23387 11238
15 31806 15209 22193 32083 31949 22407 11162 18292 10986 10726 20669 13147 27711 7003 5309
15 31806 31593 5809 32083 31949 6023 27546 1908 27370 27110 4285 29531 27711 23387 15195
15 31806 15209 18097 15699 19661 30599 15258 18292 15082 31206 16573 13147 11115 7019 1717
15 31806 15209 18097 32083 19661 14215 31642 18292 15082 14822 16573 29531 11115 7019 3293
15 31806 7017 26289 7507 27853 30599 7066 26484 6890 31206 24765 4955 2923 18101 9909
15 31806 7017 26289 23891 27853 30599 7066 26484 6890 14822 24765 4955 2923 18101 9405
15 23614 15209 18097 15699 27853 22407 15258 26484 15082 31206 16573 13147 11115 7130 1717
15 23614 15209 18097 15699 19661 30599 15258 26484 15082 31206 16573 13147 11115 7146 1717
15 23614 15209 18097 32083 19661 14215 31642 26484 15082 14822 16573 29531 11115 7146 3293
15 23614 15209 18097 32083 19661 30599 15258 26484 15082 14822 16573 13147 11115 7146 1213
15 31806 2921 30385 3411 31949 30599 2970 30580 2794 31206 28861 859 26293 22197 14005
15 31806 2921 30385 11603 31949 30599 2970 30580 2794 23014 28861 859 26293 21693 14005
15 31806 15209 18097 15699 23757 26503 15258 18292 15082 27110 20669 13147 11611 7019 1717
15 15422 15209 18097 15699 23757 26503 31642 18292 31466 27110 20669 13147 11611 7019 2036
15 15422 31593 18097 15699 7373 26503 31642 18292 31466 27110 4285 29531 11611 23403 11238
15 31806 15209 18097 32083 23757 26503 15258 18292 15082 10726 20669 13147 27995 7019 5309
15 31806 7017 26289 7507 31949 26503 7066 26484 6890 27110 28861 4955 3419 18101 9909
15 31806 15209 18097 15699 31949 18311 15258 18292 15082 18918 28861 13147 11611 7515 1717
15 31806 31593 18097 15699 15565 18311 15258 18292 31466 18918 28861 13147 11611 7515 1959
15 15422 31593 18097 15699 15565 18311 31642 18292 31466 18918 12477 29531 11611 7515 3046
15 31806 15209 18097 32083 31949 18311 15258 18292 15082 2534 28861 13147 27995 23899 13501
15 23614 15209 18097 15699 23757 26503 15258 26484 15082 27110 20669 13147 11611 7146 1717
15 7230 31593 18097 15699 7373 26503 31642 26484 31466 27110 4285 29531 11611 23530 11238
15 23614 15209 18097 32083 23757 26503 15258 26484 15082 10726 20669 13147 27995 7146 5309
15 23614 15209 26289 7507 23757 26503 15258 26484 15082 27110 20669 13147 3419 19430 9909
15 31806 7017 26289 15699 31949 26503 7066 26484 6890 18918 28861 4955 11611 21693 9909
15 31806 7017 26289 32083 31949 26503 7066 26484 6890 2534 28861 4955 27995 21693 13501
15 31806 15209 18097 15699 31949 18311 15258 18292 15082 27110 20669 13147 11611 7003 1717
15 31806 31593 18097 15699 15565 18311 15258 18292 31466 27110 20669 13147 11611 7003 1959
15 31806 15209 18097 32083 31949 18311 15258 18292 15082 10726 20669 13147 27995 7003 5309
15 27710 7017 26289 7507 27853 30599 7066 30580 6890 31206 24765 4955 3050 18101 9909
15 27710 7017 26289 23891 27853 30599 7066 30580 6890 14822 24765 4955 3050 18101 9405
15 19518 31593 18097 32083 19661 30599 15258 14196 15082 14822 16573 29531 11242 7146 3135
15 19518 15209 18097 15699 19661 30599 15258 30580 15082 31206 16573 13147 11242 7146 1717
15 19518 15209 18097 32083 19661 30599 15258 30580 15082 14822 16573 13147 11242 7146 1213
15 27710 7017 26289 32083 27853 30599 7066 30580 6890 6630 24765 4955 3050 17597 9405
15 27710 15209 18097 15699 27853 22407 15258 22388 15082 31206 16573 13147 11242 7003 1717
15 27710 31593 30385 27987 27853 30599 7066 6004 6890 6630 28861 25435 2022 19519 11327
15 27710 15209 30385 11603 27853 30599 7066 22388 6890 23014 28861 9051 18406 19519 14005
15 27710 31593 14001 27987 27853 14215 23450 6004 23274 6630 28861 25435 2022 19519 11611
15 27710 15209 30385 27987 27853 14215 23450 22388 6890 6630 28861 25435 2022 19519 11485
15 27710 31593 22193 27987 19661 30599 15258 6004 15082 14822 20669 25435 10214 23403 11327
15 27710 31593 5809 27987 3277 30599 31642 6004 31466 31206 4285 25435 26598 23403 15211
15 27710 15209 22193 11603 19661 30599 15258 22388 15082 31206 20669 9051 26598 7019 5813
15 27710 31593 5809 27987 19661 14215 31642 6004 31466 14822 20669 25435 10214 23403 11611
15 27710 15209 22193 27987 19661 14215 31642 22388 15082 14822 20669 25435 10214 7019 3293
15 27710 31593 22193 11603 3277 30599 15258 22388 31466 31206 20669 9051 26598 23403 14247
15 11326 31593 5809 27987 19661 14215 31642 22388 31466 31206 4285 25435 26598 23403 15322
15 11326 15209 22193 11603 19661 30599 31642 22388 31466 31206 20669 9051 26598 7019 6132
15 11326 31593 5809 27987 3277 30599 31642 22388 31466 31206 4285 25435 26598 23403 15338
15 11326 31593 22193 11603 3277 30599 31642 22388 31466 31206 4285 25435 26598 23403 15334
15 27710 15209 22193 27987 19661 30599 15258 22388 15082 14822 20669 9051 26598 7019 5309
15 27710 31593 5809 27987 19661 14215 31642 6004 31466 31206 4285 25435 10214 23403 11099
15 11326 31593 22193 11603 3277 30599 31642 22388 31466 31206 20669 9051 26598 23403 14310
15 27710 7017 30385 3411 27853 30599 7066 30580 6890 31206 28861 859 26598 22197 14005
15 27710 23401 14001 19795 27853 14215 23450 14196 23274 31206 12477 17243 10214 5813 2907
15 27710 15209 22193 11603 27853 22407 15258 22388 15082 23014 28861 9051 18406 3419 5813
15 27710 31593 5809 27987 27853 6023 31642 6004 31466 6630 28861 25435 2022 19803 11611
15 27710 15209 22193 27987 27853 22407 15258 22388 15082 6630 28861 9051 18406 19803 13501
15 27710 31593 5809 27987 27853 6023 31642 6004 31466 23014 12477 25435 2022 19803 11099
15 19518 31593 22193 27987 19661 30599 15258 14196 15082 14822 20669 25435 10214 7146 3135
15 19518 15209 22193 11603 19661 30599 15258 30580 15082 31206 20669 9051 26598 7146 5813
15 19518 31593 5809 27987 19661 14215 31642 14196 31466 14822 20669 25435 10214 23530 11611
15 3134 31593 5809 27987 3277 30599 31642 30580 31466 31206 4285 25435 26598 23530 15338
15 3134 31593 22193 11603 3277 30599 31642 30580 31466 31206 4285 25435 26598 23530 15334
15 19518 15209 22193 27987 19661 30599 15258 30580 15082 14822 20669 9051 26598 7146 5309
15 19518 31593 5809 27987 19661 14215 31642 14196 31466 31206 4285 25435 10214 23530 11099
15 3134 31593 22193 11603 3277 30599 31642 30580 31466 31206 20669 9051 26598 23530 14310
15 19518 31593 30385 19795 19661 30599 15258 14196 15082 14822 20669 25435 10214 7142 3135
15 19518 15209 30385 3411 19661 30599 15258 30580 15082 31206 20669 9051 26598 23526 14005
15 19518 31593 14001 19795 19661 14215 31642 14196 31466 14822 20669 25435 10214 7142 3419
15 3134 31593 30385 3411 3277 30599 31642 30580 31466 31206 4285 25435 26598 23526 15334
15 27710 23401 30385 27987 27853 30599 7066 14196 6890 6630 28861 25435 2022 19645 11327
15 27710 7017 30385 11603 27853 30599 7066 30580 6890 23014 28861 9051 18406 19645 14005
15 27710 23401 14001 27987 27853 14215 23450 14196 23274 6630 28861 25435 2022 19645 11611
15 27710 23401 30385 11603 11469 30599 7066 30580 23274 23014 28861 9051 18406 19645 14247
15 11326 23401 14001 27987 11469 30599 23450 30580 23274 23014 12477 25435 18406 3261 7146
15 11326 23401 30385 11603 11469 30599 23450 30580 23274 23014 12477 25435 18406 3261 7142
15 27710 23401 14001 27987 27853 14215 23450 14196 23274 23014 12477 25435 18406 3261 7003
15 27710 23401 30385 27987 27853 14215 23450 14196 15082 23014 28861 25435 18406 3517 7775
15 28222 27497 30385 32083 31949 30599 7066 6004 6890 27111 28861 25435 1532 20031 11839
15 28222 27497 14001 32083 15565 30599 23450 6004 23274 27111 12477 25435 1532 20031 11115
15 28222 27497 14001 32083 31949 14215 23450 6004 23274 10727 28861 25435 17916 20031 15707
15 11838 27497 14001 32083 31949 14215 23450 22388 23274 27111 12477 25435 17916 3647 7130
15 28222 27497 5809 32083 7373 30599 31642 6004 31466 27111 4285 25435 1532 19307 11115
15 28222 11113 22193 15699 23757 30599 15258 22388 15082 27111 20669 9051 17916 2923 5813
15 28222 11113 22193 32083 23757 30599 15258 22388 15082 10727 20669 9051 17916 2923 5309
15 28222 27497 5809 32083 23757 14215 31642 6004 31466 27111 4285 25435 1532 19307 11099
15 28222 27497 5809 32083 15565 22407 31642 6004 31466 18919 12477 25435 9724 23899 11115
15 28222 11113 22193 15699 31949 22407 15258 22388 15082 18919 28861 9051 26108 7515 5813
15 28222 27497 5809 32083 31949 6023 31642 6004 31466 2535 28861 25435 26108 23899 15707
15 28222 11113 22193 32083 31949 6023 31642 22388 15082 2535 28861 25435 26108 23899 15581
15 28222 27497 22193 15699 15565 22407 15258 22388 31466 18919 28861 9051 26108 7515 6055
15 11838 27497 5809 32083 31949 6023 31642 22388 31466 18919 12477 25435 26108 23899 15322
15 11838 11113 22193 15699 31949 22407 31642 22388 31466 18919 28861 9051 26108 7515 6132
15 11838 27497 5809 32083 15565 22407 31642 22388 31466 18919 12477 25435 26108 23899 15338
15 28222 27497 22193 15699 15565 22407 31642 22388 31466 18919 12477 25435 9724 7515 3047
15 28222 11113 22193 32083 31949 22407 15258 22388 15082 2535 28861 9051 26108 23899 13501
15 28222 27497 5809 32083 31949 6023 31642 6004 31466 18919 12477 25435 9724 23899 11099
15 11838 11113 22193 32083 31949 22407 31642 22388 31466 2535 28861 9051 26108 23899 13820
15 20030 27497 5809 32083 15565 22407 31642 14196 31466 27111 4285 25435 9724 23514 11115
15 20030 11113 22193 15699 31949 22407 15258 30580 15082 27111 20669 9051 26108 7130 5813
15 3646 27497 5809 32083 31949 6023 31642 30580 31466 27111 4285 25435 26108 23514 15322
15 3646 11113 22193 15699 31949 22407 31642 30580 31466 27111 20669 9051 26108 23514 14324
15 3646 27497 5809 32083 15565 22407 31642 30580 31466 27111 4285 25435 26108 23514 15338
15 20030 11113 22193 32083 31949 22407 15258 30580 15082 10727 20669 9051 26108 7130 5309
15 20030 27497 5809 32083 31949 6023 31642 14196 31466 27111 4285 25435 9724 23514 11099
15 3646 11113 22193 32083 31949 22407 31642 30580 31466 10727 20669 9051 26108 23514 13820
15 28222 27497 30385 23891 23757 30599 7066 14196 15082 27111 28861 25435 1532 20391 11839
15 28222 27497 14001 23891 7373 30599 23450 14196 31466 27111 12477 25435 1532 20391 11115
15 28222 27497 14001 23891 23757 14215 23450 14196 31466 10727 28861 25435 17916 4007 7515
15 28222 27497 30385 7507 7373 30599 7066 30580 31466 27111 28861 9051 17916 20391 14247
15 11838 27497 14001 23891 23757 14215 23450 30580 31466 27111 12477 25435 17916 4007 7130
15 11838 11113 30385 7507 23757 30599 23450 30580 31466 27111 28861 9051 17916 20391 14324
15 28222 11113 30385 23891 23757 30599 7066 30580 15082 10727 28861 9051 17916 20391 13501
15 28222 27497 30385 7507 7373 30599 7066 30580 31466 27111 28861 25435 1532 20391 12199
15 11838 11113 30385 23891 23757 14215 23450 30580 31466 10727 28861 25435 17916 4007 7644
15 11838 27497 30385 7507 7373 30599 23450 30580 31466 27111 12477 25435 17916 20391 15334
15 28222 27497 14001 23891 23757 14215 23450 14196 31466 27111 12477 25435 17916 4007 7003
15 28222 27497 30385 23891 23757 14215 23450 14196 15082 10727 28861 25435 17916 4007 7263
15 11838 27497 30385 23891 23757 30599 23450 30580 31466 27111 14525 10075 17916 4007 5118
15 28222 27497 30385 32083 24269 30599 7066 6004 15082 18935 28861 25435 9724 23855 11839
15 28222 27497 14001 32083 7885 30599 23450 6004 31466 18935 12477 25435 9724 23855 11115
15 28222 11113 30385 15699 24269 30599 7066 22388 15082 18935 28861 9051 26108 23855 14005
15 28222 27497 14001 32083 24269 14215 23450 6004 31466 2551 28861 25435 26108 23855 15707
15 28222 11113 30385 32083 24269 14215 23450 22388 15082 18935 28861 25435 26108 7471 7901
15 11838 27497 14001 32083 24269 14215 23450 22388 31466 18935 12477 25435 26108 7471 7130
15 11838 27497 14001 32083 7885 30599 23450 22388 31466 18935 12477 25435 26108 23855 15338
15 28222 27497 30385 32083 7885 30599 7066 6004 31466 2551 28861 25435 26108 23855 15663
15 11838 11113 30385 32083 24269 14215 23450 22388 31466 2551 28861 25435 26108 23855 15836
15 11838 11113 30385 32083 24269 14215 23450 22388 31466 18935 28861 25435 26108 7471 8156
15 28222 27497 30385 32083 7885 30599 7066 22388 31466 2551 28861 9051 26108 23855 13743
15 28222 11113 30385 15699 24269 30599 23450 22388 15082 18935 28861 9051 26108 7471 5877
15 11838 27497 16049 32083 24269 30599 23450 22388 31466 18935 28861 9055 26108 7471 6138
15 28222 12137 30385 15699 24269 30599 8090 22388 31466 18935 12543 25435 26108 23855 15285
15 28222 27497 14065 32083 24269 30599 15262 22388 31466 18935 28861 25435 9724 7535 4027
15 28222 27497 30385 32083 24269 30599 7066 14196 15082 18935 28861 17243 9724 21935 11839
15 28222 27497 14001 32083 7885 30599 23450 14196 31466 18935 12477 17243 9724 21935 11115
15 28222 11113 30385 15699 24269 30599 7066 30580 15082 18935 28861 859 26108 21935 14005
15 28222 27497 14001 32083 24269 14215 23450 14196 31466 2551 28861 17243 26108 21935 15707
15 28222 27497 30385 15699 7885 30599 7066 30580 31466 18935 28861 859 26108 21935 14247
15 11838 27497 14001 32083 7885 30599 23450 30580 31466 18935 12477 17243 26108 21935 15338
15 28222 27497 14001 32083 24269 14215 23450 14196 31466 18935 12477 17243 9724 5551 2907
15 11838 27497 14001 32083 24269 14215 23450 30580 31466 2551 28861 17243 26108 21935 15834
15 11838 27497 30385 15699 7885 30599 23450 30580 31466 18935 28861 859 26108 21935 14310
15 31806 31593 32433 32083 31949 30599 2970 1908 1770 2534 29117 29279 27711 23615 15423
15 15422 31593 16049 32083 31949 14215 19354 18292 18154 18918 12733 29279 11327 7231 3034
15 15422 31593 16049 32083 15565 30599 19354 18292 18154 18918 29117 12895 11327 7231 2026
15 31806 31593 24241 32083 23757 30599 11162 1908 9962 10726 20925 29279 27711 23403 15423
15 31806 15209 24241 15699 23757 30599 11162 18292 9962 27110 20925 29279 27711 7019 7861
15 31806 31593 7857 32083 23757 14215 27546 1908 26346 10726 20925 29279 27711 23403 15707
15 31806 15209 24241 32083 23757 14215 27546 18292 9962 10726 20925 29279 27711 7019 7389
15 31806 31593 24241 15699 7373 30599 11162 18292 26346 27110 20925 12895 27711 23403 14247
15 15422 15209 24241 15699 23757 30599 27546 18292 26346 27110 20925 12895 11327 7019 2036
15 31806 23401 32433 23891 31949 30599 2970 10100 1770 10726 29117 29279 27711 24245 15423
15 31806 23401 16049 23891 31949 14215 19354 10100 18154 10726 29117 29279 27711 7861 7515
15 15422 23401 16049 23891 31949 14215 19354 26484 18154 27110 12733 29279 11327 7861 3034
15 31806 23401 32433 32083 31949 22407 11162 10100 1770 2534 29117 29279 27711 23773 15423
15 31806 7017 32433 15699 31949 22407 11162 26484 1770 18918 29117 29279 27711 23773 16053
15 15422 23401 16049 32083 15565 22407 27546 26484 18154 18918 29117 12895 11327 7389 2026
15 27710 31593 28337 32083 27853 30599 7066 6004 5866 6630 25021 29279 3050 19519 11327
15 27710 15209 28337 15699 27853 30599 7066 22388 5866 23014 25021 29279 3050 19519 11957
15 27710 15209 28337 32083 27853 14215 23450 22388 5866 6630 25021 29279 3050 19519 11485
15 27710 31593 20145 32083 19661 30599 15258 6004 14058 14822 16829 29279 11242 23403 11327
15 27710 31593 3761 32083 3277 30599 31642 6004 30442 31206 445 29279 27626 23403 15211
15 27710 15209 20145 15699 19661 30599 15258 22388 14058 31206 16829 29279 11242 7019 3765
15 27710 15209 20145 32083 19661 14215 31642 22388 14058 14822 16829 29279 11242 7019 3293
15 11326 31593 3761 32083 19661 14215 31642 22388 30442 31206 445 29279 27626 23403 15322
15 11326 31593 3761 32083 3277 30599 31642 22388 30442 31206 16829 12895 27626 23403 14314
15 11326 31593 3761 32083 3277 30599 31642 22388 30442 31206 445 29279 27626 23403 15338
15 27710 31593 20145 32083 27853 22407 15258 6004 14058 6630 25021 29279 11242 23899 11327
15 27710 31593 3761 32083 11469 22407 31642 6004 30442 23014 8637 29279 27626 23899 15211
15 27710 15209 20145 15699 27853 22407 15258 22388 14058 23014 25021 29279 11242 7515 3765
15 27710 31593 3761 32083 27853 6023 31642 6004 30442 6630 25021 29279 27626 23899 15707
15 27710 31593 20145 15699 11469 22407 15258 22388 30442 23014 25021 12895 27626 7515 6055
15 11326 31593 3761 32083 11469 22407 31642 22388 30442 23014 25021 12895 27626 23899 14314
15 11326 31593 20145 15699 11469 22407 31642 22388 30442 23014 8637 29279 27626 7515 7142
15 27710 15209 20145 32083 27853 22407 15258 22388 30442 6630 25021 12895 11242 23899 9661
15 27710 31593 20145 32083 27853 6023 31642 6004 14058 23014 8637 29279 27626 23899 14943
15 11326 31593 3761 32083 11469 22407 31642 22388 30442 23014 8637 29279 27626 23899 15338
15 19518 31593 20145 32083 19661 30599 15258 14196 14058 14822 16829 29279 11242 7146 3135
15 3134 31593 3761 32083 3277 30599 31642 30580 30442 31206 445 29279 27626 23530 15338
15 19518 31593 28337 23891 19661 30599 15258 14196 14058 14822 25021 21087 11242 6118 3135
15 19518 31593 11953 23891 3277 30599 31642 14196 30442 31206 8637 21087 27626 22502 15211
15 19518 15209 28337 7507 19661 30599 15258 30580 14058 31206 25021 21087 11242 22502 11957
15 3134 31593 11953 23891 3277 30599 31642 30580 30442 31206 25021 4703 27626 22502 14314
15 3134 31593 11953 23891 3277 30599 31642 30580 30442 31206 8637 21087 27626 22502 15338
15 19518 15209 28337 7507 19661 30599 15258 30580 30442 31206 25021 4703 11242 22502 10165
15 19518 15209 28337 23891 19661 30599 15258 30580 14058 14822 25021 21087 11242 6118 3261
15 27710 23401 28337 23891 27853 30599 7066 14196 14058 14822 25021 21087 3050 18357 11327
15 27710 23401 11953 23891 11469 30599 23450 14196 30442 31206 8637 21087 19434 1973 7019
15 27710 23401 28337 7507 11469 30599 7066 30580 30442 31206 25021 4703 19434 18357 14247
15 11326 23401 11953 23891 11469 30599 23450 30580 30442 31206 8637 21087 19434 1973 7146
15 27710 23401 28337 23891 27853 14215 23450 14196 14058 14822 25021 21087 3050 18357 11359
15 27710 23401 28337 32083 27853 30599 7066 14196 5866 6630 25021 29279 3050 19645 11327
15 27710 23401 11953 32083 27853 14215 23450 14196 22250 6630 25021 29279 19434 19645 15707
15 11326 23401 11953 32083 11469 30599 23450 30580 22250 23014 8637 29279 19434 3261 7146
15 27710 23401 28337 15827 27853 30599 23450 14204 22250 23014 25021 29279 11242 7357 3959
15 27710 23401 28337 32083 27853 14215 23450 14196 22250 23014 25021 29279 11242 7357 3935
15 27710 27497 32433 28019 31949 26511 7066 6004 5866 6630 29117 29279 4052 19519 11327
15 27710 27497 16049 28019 15565 26511 23450 6004 22250 23014 12733 29279 4052 19519 11115
15 27710 19305 32433 19827 31949 26511 7066 14196 5866 14822 29117 29279 12244 24245 11327
15 27710 19305 16049 19827 15565 26511 23450 14196 22250 31206 12733 29279 12244 7861 2923
15 27710 2921 32433 3443 31949 26511 7066 30580 5866 31206 29117 29279 28628 24245 16053
15 11326 2921 32433 3443 31949 26511 23450 30580 22250 31206 29117 12895 28628 24245 14324
15 11326 19305 32433 3443 15565 26511 23450 30580 22250 31206 12733 29279 28628 24245 15334
15 27710 27497 24241 28019 31949 26511 15258 6004 14058 6630 29117 29279 4052 19835 11327
15 27710 11113 24241 11635 31949 26511 15258 22388 14058 23014 29117 29279 20436 3451 7861
15 27710 27497 7857 28019 31949 26511 31642 6004 30442 6630 29117 29279 4052 19835 11643
15 27710 11113 24241 28019 31949 10127 31642 22388 14058 6630 29117 29279 20436 19835 15581
15 27710 27497 24241 28019 15565 26511 15258 22388 30442 23014 29117 12895 4052 19835 10159
15 11326 11113 24241 11635 31949 26511 31642 22388 30442 23014 29117 12895 20436 3451 6132
15 27710 19305 32433 28019 31949 18319 15258 14196 5866 6630 29117 29279 12244 23773 11327
15 27710 19305 16049 28019 15565 18319 31642 14196 22250 23014 12733 29279 12244 7389 2923
15 27710 2921 32433 11635 31949 18319 15258 30580 5866 23014 29117 29279 28628 23773 16053
15 27710 2921 32433 28019 31949 1935 31642 30580 5866 6630 29117 29279 28628 23773 15581
15 11326 19305 16049 28019 31949 1935 31642 30580 22250 23014 12733 29279 28628 23773 15322
15 11326 2921 32433 11635 31949 18319 31642 30580 22250 23014 29117 12895 28628 23773 14324
15 11326 19305 16049 28019 15565 18319 31642 30580 22250 23014 29117 12895 28628 7389 6122
15 11326 19305 32433 11635 15565 18319 31642 30580 22250 23014 12733 29279 28628 7389 7142
15 27710 2921 32433 28019 31949 18319 15258 30580 22250 6630 29117 12895 28628 23773 13757
15 11326 2921 32433 11635 31949 1935 31642 30580 22250 23014 29117 29279 28628 23773 16340
15 27710 27497 32433 28019 23757 26511 7066 14196 14058 14822 29117 21087 4052 18351 11327
15 27710 11113 32433 11635 23757 26511 7066 30580 14058 31206 29117 21087 20436 18351 16053
15 27710 11113 32433 28019 23757 10127 23450 30580 14058 14822 29117 21087 20436 1967 7389
15 27710 27497 32433 28019 7373 26511 7066 30580 30442 31206 29117 4703 4052 18351 10159
15 11326 11113 32433 11635 23757 26511 23450 30580 30442 31206 29117 4703 20436 18351 14324
15 11326 27497 16049 28019 7373 26511 23450 30580 30442 31206 29117 4703 20436 18351 14314
15 27710 27497 32433 28019 23757 10127 23450 14196 14058 31206 12733 21087 20436 1967 6751
15 11326 11113 32433 11635 23757 10127 23450 30580 30442 31206 29117 21087 20436 1967 8148
15 19518 19305 32433 19827 31949 26511 15258 14196 14058 14822 29117 21087 12244 6132 3135
15 3134 2921 32433 3443 31949 26511 31642 30580 30442 31206 29117 4703 28628 22516 14324
15 3134 2921 32433 3443 31949 10127 31642 30580 30442 31206 29117 21087 28628 22516 16340
15 19518 27497 24241 28019 23757 26511 15258 14196 14058 14822 20925 29279 12244 7146 3135
15 19518 27497 7857 28019 7373 26511 31642 14196 30442 31206 4541 29279 12244 23530 11115
15 19518 11113 24241 11635 23757 26511 15258 30580 14058 31206 20925 29279 28628 7146 7861
15 19518 27497 7857 28019 23757 26511 31642 14196 30442 14822 20925 29279 12244 23530 11643
15 19518 11113 24241 28019 23757 10127 31642 30580 14058 14822 20925 29279 28628 7146 7389
15 19518 27497 24241 28019 7373 26511 15258 30580 30442 31206 20925 12895 12244 23530 10159
15 3134 27497 7857 28019 23757 10127 31642 30580 30442 31206 4541 29279 28628 23530 15322
15 3134 11113 24241 11635 23757 26511 31642 30580 30442 31206 20925 12895 28628 23530 14324
15 3134 27497 24241 11635 7373 26511 31642 30580 30442 31206 4541 29279 28628 23530 15334
15 3134 27497 7857 28019 7373 26511 31642 30580 30442 31206 4541 29279 28628 23530 15338
15 3134 27497 24241 11635 7373 26511 31642 30580 30442 31206 20925 12895 28628 23530 14310
15 19518 11113 24241 28019 23757 26511 15258 30580 14058 14822 20925 29279 28628 7146 7357
15 19518 27497 32433 19827 23757 26511 15258 14196 14058 14822 29117 21087 12244 6118 3135
15 19518 27497 16049 19827 7373 26511 31642 14196 30442 31206 12733 21087 12244 22502 11115
15 19518 11113 32433 3443 23757 26511 15258 30580 14058 31206 29117 21087 28628 22502 16053
15 19518 27497 16049 19827 23757 26511 31642 14196 30442 14822 29117 21087 12244 6118 3451
15 19518 11113 32433 19827 23757 10127 31642 30580 14058 14822 29117 21087 28628 6118 7389
15 19518 27497 32433 19827 7373 26511 15258 30580 30442 31206 29117 4703 12244 22502 10159
15 3134 27497 16049 19827 23757 10127 31642 30580 30442 31206 12733 21087 28628 22502 15322
15 3134 11113 32433 3443 23757 26511 31642 30580 30442 31206 29117 4703 28628 22502 14324
15 3134 27497 16049 19827 7373 26511 31642 30580 30442 31206 29117 4703 28628 22502 14314
15 3134 27497 32433 3443 7373 26511 31642 30580 30442 31206 12733 21087 28628 22502 15334
15 19518 11113 32433 19827 23757 26511 15258 30580 30442 14822 29117 4703 28628 22502 13757
15 19518 27497 32433 19827 23757 10127 31642 14196 14058 31206 12733 21087 28628 6118 6751
15 3134 11113 32433 3443 23757 10127 31642 30580 30442 31206 29117 21087 28628 22502 16340
15 3134 27497 32433 3443 7373 26511 31642 30580 30442 31206 29117 4703 28628 22502 14310
15 19518 11113 32433 19827 23757 26511 15258 30580 14058 14822 29117 21087 28628 6118 7357
15 27710 27497 32433 19827 23757 26511 7066 14196 14058 14822 29117 21087 12244 22439 11327
15 27710 11113 32433 3443 23757 26511 7066 30580 14058 31206 29117 21087 28628 22439 16053
15 27710 27497 16049 19827 23757 26511 23450 14196 30442 14822 29117 21087 12244 6055 3451
15 27710 27497 32433 19827 7373 26511 7066 30580 30442 31206 29117 4703 12244 22439 10159
15 11326 11113 32433 3443 23757 26511 23450 30580 30442 31206 29117 4703 28628 22439 14324
15 11326 27497 16049 19827 7373 26511 23450 30580 30442 31206 12733 21087 28628 22439 15338
15 11326 27497 32433 3443 7373 26511 23450 30580 30442 31206 29117 4703 28628 22439 14310
15 27710 27497 32433 28019 23757 26511 7066 6004 14058 14822 29117 29279 4052 20271 11327
15 27710 11113 32433 11635 23757 26511 7066 22388 14058 31206 29117 29279 20436 20271 16053
15 27710 27497 16049 28019 23757 26511 23450 6004 30442 14822 29117 29279 4052 20271 11643
15 27710 11113 32433 28019 23757 10127 23450 22388 14058 14822 29117 29279 20436 3887 7389
15 27710 27497 32433 28019 7373 26511 7066 22388 30442 31206 29117 12895 4052 20271 10159
15 11326 11113 32433 11635 23757 26511 23450 22388 30442 31206 29117 12895 20436 3887 6132
15 11326 27497 16049 28019 7373 26511 23450 22388 30442 31206 29117 12895 20436 20271 14314
15 27710 27497 32433 28019 23757 10127 23450 6004 14058 31206 12733 29279 20436 20271 14943
15 11326 11113 32433 11635 23757 10127 23450 22388 30442 31206 29117 29279 20436 3887 8148
15 27710 27497 32433 28019 7373 26511 7066 6004 30442 31206 29117 29279 4052 20271 12079
15 11326 27497 16049 28019 7373 26511 23450 22388 30442 31206 12733 29279 20436 20271 15338
15 11326 27497 32433 11635 7373 26511 23450 22388 30442 31206 29117 12895 20436 20271 14310
15 11326 27497 32433 11635 23757 10127 23450 22388 30442 31206 12733 29279 20436 3887 7126
15 27710 27497 32433 11635 7373 26511 7066 22388 30442 31206 29117 12895 20436 20271 14247
15 27710 27497 16049 28019 23757 10127 23450 6004 30442 31206 12733 29279 20436 20271 15195
15 27710 27497 32433 11635 23757 10127 23450 22388 14058 31206 12733 29279 20436 3887 6871
15 27710 27497 16049 28019 23757 10127 23450 22388 30442 14822 29117 29279 20436 3887 7643
15 27710 27497 16049 28019 23757 26511 23450 22388 30442 14822 29117 12895 4052 20271 9723
15 27710 27497 16049 28019 23757 26511 23450 22388 30442 14822 29117 12895 20436 3887 5627
15 11454 11241 32433 28019 23757 10127 23450 6007 30442 31206 29117 29279 20436 20271 16220
15 27710 27497 24241 28019 31949 18319 15258 6004 14058 6630 29117 29279 12244 23899 11327
15 27710 11113 24241 11635 31949 18319 15258 22388 14058 23014 29117 29279 28628 7515 7861
15 27710 27497 7857 28019 31949 18319 31642 6004 30442 6630 29117 29279 12244 23899 11643
15 27710 11113 24241 28019 31949 1935 31642 22388 14058 6630 29117 29279 28628 23899 15581
15 27710 27497 24241 28019 15565 18319 15258 22388 30442 23014 29117 12895 12244 7515 1967
15 11326 11113 24241 11635 31949 18319 31642 22388 30442 23014 29117 12895 28628 7515 6132
15 11326 27497 7857 28019 15565 18319 31642 22388 30442 23014 29117 12895 28628 23899 14314
15 27710 27497 24241 28019 31949 1935 31642 6004 14058 23014 12733 29279 28628 23899 14943
15 11326 11113 24241 11635 31949 1935 31642 22388 30442 23014 29117 29279 28628 23899 16340
15 27710 27497 7857 28019 31949 1935 31642 6004 30442 6630 29117 29279 28628 23899 15707
15 11326 27497 7857 28019 15565 18319 31642 22388 30442 23014 12733 29279 28628 23899 15338
15 11326 27497 24241 11635 31949 1935 31642 22388 30442 23014 12733 29279 28628 23899 15318
15 27710 27497 24241 28019 31949 18319 15258 22388 30442 6630 29117 12895 12244 23899 9663
15 27710 27497 7857 28019 31949 1935 31642 6004 30442 23014 12733 29279 28628 23899 15195
15 27710 27497 24241 11635 31949 1935 31642 22388 14058 23014 12733 29279 28628 23899 15063
15 19518 19309 24243 28019 31949 18319 15258 14196 14058 14822 29117 29279 12244 8152 3135
15 19518 19309 24243 28019 15565 18319 31642 14196 30442 31206 12733 29279 12244 8152 2927
15 19518 19309 24243 11635 31949 18319 15258 30580 14058 31206 29117 29279 28628 8152 7863
15 19518 2925 24243 28019 31949 1935 31642 30580 14058 14822 29117 29279 28628 24536 15581
15 3134 19309 7859 28019 31949 1935 31642 30580 30442 31206 12733 29279 28628 24536 15322
15 3134 19309 7859 28019 15565 18319 31642 30580 30442 31206 29117 12895 28628 24536 14314
15 19518 2925 24243 28019 31949 18319 15258 30580 30442 14822 29117 12895 28628 24536 13757
15 3134 2925 24243 11635 31949 1935 31642 30580 30442 31206 29117 29279 28628 24536 16340
15 3134 2925 7859 28019 31949 18319 31642 30580 30442 31206 29117 12895 28628 24536 14328
15 19518 2925 24243 11635 31949 18319 15258 30580 14058 31206 29117 29279 28628 24536 16053
15 19518 2925 24243 28019 31949 18319 15258 30580 14058 14822 29117 29279 28628 24536 15549
15 19518 19309 24243 11635 15565 18319 15258 30580 30442 31206 29117 12895 28628 8152 6055
15 19518 19309 24243 28019 15565 18319 15258 14196 30442 31206 29117 29279 12244 8152 3887
15 19518 19309 24243 28019 31949 18319 15258 30580 30442 14822 29117 12895 12244 8152 1471
15 19518 19309 24243 11635 31949 18319 31642 30580 14058 31206 12733 29279 28628 8152 6903
15 27966 27497 32433 27987 31949 30599 7066 6004 26347 6630 29117 29279 3828 19775 11583
15 27966 27497 16049 27987 15565 30599 23450 6004 26347 23014 12733 29279 3828 19775 11115
15 27966 11113 32433 11603 31949 30599 7066 22388 9963 23014 29117 29279 20212 19775 16053
15 27966 27497 16049 27987 31949 14215 23450 6004 26347 6630 29117 29279 3828 19775 11611
15 27966 11113 32433 27987 31949 14215 23450 22388 9963 6630 29117 29279 20212 19775 15581
15 27966 27497 32433 11603 15565 30599 7066 22388 26347 23014 29117 12895 20212 19775 14247
15 11582 27497 16049 27987 31949 14215 23450 22388 26347 23014 12733 29279 20212 3391 7130
15 11582 11113 32433 11603 31949 30599 23450 22388 26347 23014 29117 12895 20212 3391 6132
15 27966 27497 16049 27987 15565 30599 23450 22388 26347 23014 29117 12895 3828 19775 10219
15 11582 27497 32433 11603 15565 30599 23450 22388 26347 23014 12733 29279 20212 3391 7142
15 27966 11113 32433 27987 31949 30599 7066 22388 26347 6630 29117 12895 20212 19775 13757
15 11582 11113 32433 11603 31949 30599 23450 22388 9963 23014 29117 29279 20212 3391 7924
15 27966 27497 7857 27987 7373 30599 31642 6004 26347 31206 4541 29279 3828 19307 11115
15 27966 27497 7857 27987 23757 14215 31642 6004 26347 14822 20925 29279 3828 19307 11611
15 27966 15209 24241 27987 23757 14215 31642 22388 26347 14822 20925 29279 3830 19307 11741
15 27966 19305 16049 19795 15565 30599 23450 14196 18155 31206 12733 29279 12020 7861 2923
15 27966 2921 32433 3411 31949 30599 7066 30580 1771 31206 29117 29279 28404 24245 16053
15 27966 19305 16049 19795 31949 14215 23450 14196 18155 14822 29117 29279 12020 7861 3419
15 11582 2921 32433 3411 31949 30599 23450 30580 18155 31206 29117 12895 28404 24245 14324
15 27966 19305 16049 27987 15565 22407 31642 14196 18155 23014 12733 29279 12020 7389 2923
15 27966 2921 32433 11603 31949 22407 15258 30580 1771 23014 29117 29279 28404 23773 16053
15 27966 19305 16049 27987 31949 6023 31642 14196 18155 6630 29117 29279 12020 23773 11611
15 27966 2921 32433 27987 31949 6023 31642 30580 1771 6630 29117 29279 28404 23773 15581
15 11582 2921 32433 11603 31949 22407 31642 30580 18155 23014 29117 12895 28404 23773 14324
15 11582 19305 32433 11603 15565 22407 31642 30580 18155 23014 12733 29279 28404 7389 7142
15 11582 2921 32433 11603 31949 22407 31642 30580 1771 23014 29117 29279 28404 23773 16116
15 27966 27497 16049 19795 7373 30599 23450 14196 26347 31206 12733 21087 12020 22439 11115
15 27966 11113 32433 3411 23757 30599 7066 30580 9963 31206 29117 21087 28404 22439 16053
15 27966 27497 16049 19795 23757 14215 23450 14196 26347 14822 29117 21087 12020 6055 3419
15 27966 11113 32433 19795 23757 14215 23450 30580 9963 14822 29117 21087 28404 6055 7389
15 27966 27497 32433 3411 7373 30599 7066 30580 26347 31206 29117 4703 28404 22439 14247
15 11582 11113 32433 3411 23757 30599 23450 30580 26347 31206 29117 4703 28404 22439 14324
15 11582 27497 32433 3411 7373 30599 23450 30580 26347 31206 12733 21087 28404 22439 15334
15 27966 11113 32433 19795 23757 30599 7066 30580 26347 14822 29117 4703 28404 22439 13757
15 11582 11113 32433 3411 23757 30599 23450 30580 9963 31206 29117 21087 28404 22439 16116
15 19774 27497 7857 27987 15565 22407 31642 14196 26347 31206 4541 29279 12020 23514 11115
15 19774 11113 24241 11603 31949 22407 15258 30580 9963 31206 20925 29279 28404 7130 7861
15 19774 27497 7857 27987 31949 6023 31642 14196 26347 14822 20925 29279 12020 23514 11611
15 19774 11113 24241 27987 31949 6023 31642 30580 9963 14822 20925 29279 28404 23514 15581
15 19774 27497 24241 11603 15565 22407 15258 30580 26347 31206 20925 12895 28404 7130 6055
15 3390 27497 7857 27987 31949 6023 31642 30580 26347 31206 4541 29279 28404 23514 15322
15 3390 11113 24241 11603 31949 22407 31642 30580 26347 31206 20925 12895 28404 23514 14324
15 19774 27497 7857 27987 15565 22407 31642 30580 26347 31206 20925 12895 12020 23514 10219
15 3390 27497 24241 11603 15565 22407 31642 30580 26347 31206 4541 29279 28404 23514 15334
15 19774 11113 24241 27987 31949 22407 15258 30580 26347 14822 20925 12895 28404 7130 5565
15 19774 27497 24241 27987 31949 6023 31642 14196 9963 31206 4541 29279 28404 23514 14943
15 3390 11113 24241 11603 31949 22407 31642 30580 9963 31206 20925 29279 28404 23514 16116
15 19774 19305 16049 19795 15565 30599 31642 14196 18155 31206 12733 29279 12020 7924 2923
15 19774 2921 32433 3411 31949 30599 15258 30580 1771 31206 29117 29279 28404 24308 16053
15 3390 2921 32433 3411 31949 30599 31642 30580 1771 31206 29117 29279 28404 24308 16116
15 19774 27497 24241 27987 23757 30599 15258 14196 26347 14822 20925 29279 12020 7146 3391
15 19774 27497 7857 27987 7373 30599 31642 14196 26347 31206 4541 29279 12020 23530 11115
15 19774 11113 24241 11603 23757 30599 15258 30580 9963 31206 20925 29279 28404 7146 7861
15 19774 27497 7857 27987 23757 14215 31642 14196 26347 14822 20925 29279 12020 23530 11611
15 19774 11113 24241 27987 23757 14215 31642 30580 9963 14822 20925 29279 28404 7146 7389
15 19774 27497 24241 11603 7373 30599 15258 30580 26347 31206 20925 12895 28404 23530 14247
15 3390 27497 7857 27987 23757 14215 31642 30580 26347 31206 4541 29279 28404 23530 15322
15 3390 11113 24241 11603 23757 30599 31642 30580 26347 31206 20925 12895 28404 23530 14324
15 19774 27497 7857 27987 7373 30599 31642 30580 26347 31206 20925 12895 12020 23530 10219
15 3390 27497 24241 11603 7373 30599 31642 30580 26347 31206 4541 29279 28404 23530 15334
15 19774 11113 24241 27987 23757 30599 15258 30580 26347 14822 20925 12895 28404 7146 5565
15 19774 27497 24241 27987 23757 14215 31642 14196 9963 31206 4541 29279 28404 23530 14943
15 3390 11113 24241 11603 23757 30599 31642 30580 9963 31206 20925 29279 28404 23530 16116
15 3390 27497 7857 27987 7373 30599 31642 30580 26347 31206 4541 29279 28404 23530 15338
15 3390 27497 24241 11603 7373 30599 31642 30580 26347 31206 20925 12895 28404 23530 14310
15 3390 27497 24241 11603 23757 30599 31642 30580 9963 31206 4541 29279 28404 23530 15094
15 19774 11113 24241 11603 23757 30599 15258 30580 26347 31206 20925 12895 28404 7146 6069
15 19774 11113 24241 27987 23757 30599 15258 30580 9963 14822 20925 29279 28404 7146 7357
15 19774 27497 24241 27987 23757 30599 15258 14196 9963 14822 20925 29279 28404 7146 7231
15 19774 27497 7857 27987 23757 14215 31642 14196 26347 31206 4541 29279 12020 23530 11099
15 19774 27497 24241 27987 23757 14215 31642 14196 9963 14822 20925 29279 28404 7146 7263
15 19774 27497 24241 27987 23757 14215 31642 14196 26347 14822 20925 29279 12020 7146 3423
15 19774 27497 24241 27987 23757 30599 15258 14196 26347 14822 29117 21087 12020 6122 3391
15 19774 27497 7857 27987 7373 30599 31642 14196 26347 31206 12733 21087 12020 22506 11115
15 19774 27497 7857 27987 23757 14215 31642 14196 26347 14822 29117 21087 12020 22506 11611
15 19774 27497 24241 11603 7373 30599 15258 30580 26347 31206 29117 4703 28404 22506 14247
15 3390 27497 7857 27987 23757 14215 31642 30580 26347 31206 12733 21087 28404 22506 15322
15 3390 11113 24241 11603 23757 30599 31642 30580 26347 31206 29117 4703 28404 22506 14324
15 19774 27497 7857 27987 7373 30599 31642 30580 26347 31206 29117 4703 12020 22506 10219
15 3390 27497 7857 27987 7373 30599 31642 30580 26347 31206 12733 21087 28404 22506 15338
15 3390 27497 24241 11603 7373 30599 31642 30580 26347 31206 29117 4703 28404 22506 14310
15 3390 27497 24241 11603 23757 30599 31642 30580 9963 31206 12733 21087 28404 22506 15094
15 19774 11113 24241 27987 23757 30599 15258 30580 9963 14822 29117 21087 28404 6122 7357
15 19774 27497 24241 27987 23757 30599 15258 14196 9963 14822 29117 21087 28404 6122 7231
15 19774 27497 32433 19795 23757 30599 15258 14196 26347 14822 29117 21087 12020 6118 3391
15 19774 27497 16049 19795 7373 30599 31642 14196 26347 31206 12733 21087 12020 22502 11115
15 19774 11113 32433 3411 23757 30599 15258 30580 9963 31206 29117 21087 28404 22502 16053
15 19774 27497 16049 19795 23757 14215 31642 14196 26347 14822 29117 21087 12020 6118 3419
15 19774 11113 32433 19795 23757 14215 31642 30580 9963 14822 29117 21087 28404 6118 7389
15 19774 27497 32433 3411 7373 30599 15258 30580 26347 31206 29117 4703 28404 22502 14247
15 3390 27497 16049 19795 23757 14215 31642 30580 26347 31206 12733 21087 28404 22502 15322
15 3390 11113 32433 3411 23757 30599 31642 30580 26347 31206 29117 4703 28404 22502 14324
15 19774 27497 16049 19795 7373 30599 31642 30580 26347 31206 29117 4703 12020 22502 10219
15 3390 27497 32433 3411 7373 30599 31642 30580 26347 31206 12733 21087 28404 22502 15334
15 19774 11113 32433 19795 23757 30599 15258 30580 26347 14822 29117 4703 28404 22502 13757
15 19774 27497 32433 19795 23757 14215 31642 14196 9963 31206 12733 21087 28404 6118 6751
15 3390 11113 32433 3411 23757 30599 31642 30580 9963 31206 29117 21087 28404 22502 16116
15 3390 27497 32433 3411 7373 30599 31642 30580 26347 31206 29117 4703 28404 22502 14310
15 3390 27497 32433 3411 23757 30599 31642 30580 9963 31206 12733 21087 28404 22502 15094
15 19774 11113 32433 19795 23757 30599 15258 30580 9963 14822 29117 21087 28404 6118 7357
15 19774 27497 16049 19795 23757 14215 31642 14196 26347 31206 12733 21087 12020 6118 2907
15 19774 27497 32433 27987 31949 22407 15258 14196 18155 14822 20925 29279 12020 6878 3391
15 19774 27497 16049 27987 15565 22407 31642 14196 18155 31206 4541 29279 12020 23262 11115
15 19774 11113 32433 11603 31949 22407 15258 30580 1771 31206 20925 29279 28404 23262 16053
15 19774 11113 32433 27987 31949 6023 31642 30580 1771 14822 20925 29279 28404 23262 15581
15 3390 11113 32433 11603 31949 22407 31642 30580 1771 31206 20925 29279 28404 23262 16116
15 3390 11113 32433 27987 31949 6023 31642 30580 1771 31206 20925 29279 28404 23262 16092
15 3390 27497 16049 27987 15565 22407 31642 30580 18155 31206 4541 29279 28404 23262 15338
15 3390 27497 16049 27987 15565 22407 31642 30580 18155 31206 20925 12895 28404 23262 14314
15 19774 11113 32433 11603 31949 22407 15258 30580 18155 31206 20925 12895 28404 6878 6069
15 27966 19305 32433 19795 31949 30599 7066 14196 26347 14822 29117 21087 12020 22453 11583
15 27966 19305 16049 19795 15565 30599 23450 14196 26347 31206 12733 21087 12020 6069 2923
15 27966 2921 32433 3411 31949 30599 7066 30580 9963 31206 29117 21087 28404 22453 16053
15 27966 2921 32433 19795 31949 14215 23450 30580 9963 14822 29117 21087 28404 22453 15581
15 27966 19305 32433 3411 15565 30599 7066 30580 26347 31206 29117 4703 28404 22453 14247
15 11582 19305 16049 19795 31949 14215 23450 30580 26347 31206 12733 21087 28404 6069 7130
15 11582 2921 32433 3411 31949 30599 23450 30580 9963 31206 29117 21087 28404 22453 16116
15 27966 2921 32433 3411 31949 30599 7066 30580 26347 31206 29117 4703 28404 22453 14261
15 27966 19305 16049 19795 31949 14215 23450 14196 26347 31206 12733 21087 12020 6069 2907
15 27966 27497 32433 27987 23757 30599 7066 6004 26347 14822 29117 29279 3828 20271 11583
15 27966 27497 16049 27987 7373 30599 23450 6004 26347 31206 12733 29279 3828 20271 11115
15 27966 11113 32433 11603 23757 30599 7066 22388 9963 31206 29117 29279 20212 20271 16053
15 27966 27497 16049 27987 23757 14215 23450 6004 26347 14822 29117 29279 3828 20271 11611
15 27966 11113 32433 27987 23757 14215 23450 22388 9963 14822 29117 29279 20212 3887 7389
15 27966 27497 32433 11603 7373 30599 7066 22388 26347 31206 29117 12895 20212 20271 14247
15 11582 27497 16049 27987 23757 14215 23450 22388 26347 31206 12733 29279 20212 3887 7130
15 11582 11113 32433 11603 23757 30599 23450 22388 26347 31206 29117 12895 20212 3887 6132
15 27966 27497 16049 27987 7373 30599 23450 22388 26347 31206 29117 12895 3828 20271 10219
15 11582 27497 32433 11603 7373 30599 23450 22388 26347 31206 12733 29279 20212 20271 15334
15 27966 11113 32433 27987 23757 30599 7066 22388 26347 14822 29117 12895 20212 20271 13757
15 27966 27497 32433 27987 23757 14215 23450 6004 9963 31206 12733 29279 20212 20271 14943
15 11582 11113 32433 11603 23757 30599 23450 22388 9963 31206 29117 29279 20212 3887 7924
15 27966 27497 32433 27987 7373 30599 7066 6004 26347 31206 29117 29279 3828 20271 12079
15 11582 27497 16049 27987 7373 30599 23450 22388 26347 31206 12733 29279 20212 20271 15338
15 11582 27497 16049 27987 7373 30599 23450 22388 26347 31206 29117 12895 20212 20271 14314
15 11582 27497 32433 11603 7373 30599 23450 22388 26347 31206 29117 12895 20212 20271 14310
15 11582 27497 32433 11603 23757 30599 23450 22388 9963 31206 12733 29279 20212 3887 6902
15 11582 27497 32433 27987 23757 14215 23450 22388 9963 31206 12733 29279 20212 3887 6878
15 27966 11113 32433 11603 23757 30599 7066 22388 26347 31206 29117 12895 20212 20271 14261
15 27966 27497 32433 27987 7373 30599 7066 22388 26347 31206 29117 12895 3828 20271 10159
15 27966 27497 32433 27987 23757 14215 23450 6004 9963 14822 29117 29279 20212 20271 15455
15 27966 11113 32433 27987 23757 30599 23450 22388 26347 14822 29117 12895 20212 3887 5629
15 27966 27497 16049 27987 23757 14215 23450 22388 26347 14822 29117 29279 20212 3887 7643
15 27966 27497 16049 27987 23757 30599 23450 22388 26347 14822 29117 12895 3828 20271 9723
15 27966 27497 24241 27987 31949 22407 15258 6004 26347 14822 20925 29279 3828 19291 11583
15 27966 27497 7857 27987 15565 22407 31642 6004 26347 31206 4541 29279 3828 19291 11115
15 27966 11113 24241 11603 31949 22407 15258 22388 9963 31206 20925 29279 20212 2907 7861
15 27966 11113 24241 27987 31949 6023 31642 22388 9963 14822 20925 29279 20212 19291 15581
15 27966 27497 24241 11603 15565 22407 15258 22388 26347 31206 20925 12895 20212 2907 6055
15 11582 27497 7857 27987 31949 6023 31642 22388 26347 31206 4541 29279 20212 19291 15322
15 11582 11113 24241 11603 31949 22407 31642 22388 9963 31206 20925 29279 20212 2907 7924
15 27966 27497 7857 27987 31949 6023 31642 6004 26347 31206 4541 29279 3828 19291 11099
15 27966 15209 24241 27987 31949 6023 31642 22388 26347 14822 20925 29279 3830 19291 11741
15 19774 19309 24243 27987 31949 22407 15258 14196 26347 14822 29117 29279 12020 8152 3391
15 19774 19309 24243 27987 15565 22407 31642 14196 26347 31206 12733 29279 12020 8152 2927
15 19774 19309 24243 11603 31949 22407 15258 30580 9963 31206 29117 29279 28404 8152 7863
15 19774 19309 7859 27987 31949 6023 31642 14196 26347 14822 29117 29279 12020 24536 11611
15 19774 2925 24243 27987 31949 6023 31642 30580 9963 14822 29117 29279 28404 24536 15581
15 19774 19309 24243 11603 15565 22407 15258 30580 26347 31206 29117 12895 28404 8152 6055
15 3390 19309 7859 27987 31949 6023 31642 30580 26347 31206 12733 29279 28404 24536 15322
15 3390 2925 24243 11603 31949 22407 31642 30580 26347 31206 29117 12895 28404 24536 14324
15 19774 19309 7859 27987 15565 22407 31642 30580 26347 31206 29117 12895 12020 24536 10219
15 3390 19309 24243 11603 15565 22407 31642 30580 26347 31206 12733 29279 28404 24536 15334
15 19774 2925 24243 27987 31949 22407 15258 30580 26347 14822 29117 12895 28404 24536 13757
15 19774 19309 24243 27987 31949 6023 31642 14196 9963 31206 12733 29279 28404 24536 14943
15 3390 2925 24243 11603 31949 22407 31642 30580 9963 31206 29117 29279 28404 24536 16116
15 3390 2925 7859 27987 31949 6023 31642 30580 26347 31206 29117 29279 28404 24536 16344
15 3390 2925 24243 27987 31949 6023 31642 30580 9963 31206 29117 29279 28404 24536 16092
15 3390 19309 7859 27987 15565 22407 31642 30580 26347 31206 12733 29279 28404 24536 15338
15 3390 19309 7859 27987 15565 22407 31642 30580 26347 31206 29117 12895 28404 24536 14314
15 3390 19309 24243 11603 15565 22407 31642 30580 26347 31206 29117 12895 28404 24536 14310
15 3390 19309 24243 11603 31949 22407 31642 30580 9963 31206 12733 29279 28404 24536 15094
15 3390 19309 24243 27987 31949 6023 31642 30580 9963 31206 12733 29279 28404 24536 15070
15 19774 2925 24243 11603 31949 22407 15258 30580 9963 31206 29117 29279 28404 24536 16053
15 19774 2925 24243 11603 31949 22407 15258 30580 26347 31206 29117 12895 28404 24536 14261
15 19774 2925 24243 27987 31949 22407 15258 30580 9963 14822 29117 29279 28404 24536 15549
15 19774 19309 24243 27987 15565 22407 15258 14196 26347 31206 29117 29279 12020 8152 3887
15 19774 19309 24243 27987 15565 22407 15258 30580 26347 31206 29117 12895 12020 8152 1967
15 19774 19309 24243 27987 31949 22407 15258 14196 9963 14822 29117 29279 28404 8152 7231
15 19774 19309 24243 27987 31949 22407 15258 30580 26347 14822 29117 12895 12020 8152 1471
15 19774 19309 7859 27987 15565 22407 31642 14196 26347 31206 12733 29279 12020 24536 11115
15 19774 19309 7859 27987 31949 6023 31642 14196 26347 31206 12733 29279 12020 24536 11099
15 19774 19309 24243 27987 31949 6023 31642 14196 9963 14822 29117 29279 28404 24536 15455
15 19774 19309 24243 27987 31949 22407 31642 14196 9963 31206 12733 29279 28404 8152 6783
15 19774 19309 7859 27987 31949 22407 31642 30580 26347 14822 29117 12895 12020 24536 9723
15 19774 19309 24243 11603 15565 22407 31642 30580 26347 31206 12733 29279 28404 8152 7143
15 19774 19309 24243 11603 31949 22407 31642 30580 9963 31206 12733 29279 28404 8152 6903
15 27966 27497 32433 19923 23757 30599 15258 6012 26347 14822 20925 29279 12020 23399 11583
15 27966 27497 16049 19923 7373 30599 31642 6012 26347 31206 4541 29279 12020 23399 11115
15 27966 11113 32433 3539 23757 30599 15258 22396 9963 31206 20925 29279 28404 23399 16053
15 27966 27497 16049 19923 23757 14215 31642 22396 26347 14822 20925 29279 12020 7015 3547
15 27966 11113 32433 19923 23757 14215 31642 22396 9963 14822 20925 29279 28404 7015 7389
15 27966 27497 32433 3539 7373 30599 15258 22396 26347 31206 20925 12895 28404 23399 14247
15 11582 27497 16049 19923 23757 14215 31642 22396 26347 31206 4541 29279 28404 23399 15322
15 11582 11113 32433 19923 23757 30599 31642 22396 26347 31206 20925 12895 28404 7015 6140
15 27966 27497 16049 19923 7373 30599 31642 22396 26347 31206 20925 12895 12020 23399 10219
15 11582 27497 32433 3539 7373 30599 31642 22396 26347 31206 4541 29279 28404 23399 15334
15 27966 11113 32433 19923 23757 30599 15258 22396 26347 14822 20925 12895 28404 7015 5565
15 27966 27497 32433 19923 23757 14215 31642 6012 9963 31206 4541 29279 28404 23399 14943
15 11582 11113 32433 3539 23757 30599 31642 22396 9963 31206 20925 29279 28404 23399 16116
15 27966 27497 32433 3539 7373 30599 31642 6012 26347 31206 4541 29279 28404 23399 15207
15 11582 11113 32433 3539 23757 30599 31642 22396 26347 31206 20925 12895 28404 23399 14324
15 11582 11113 32433 19923 23757 14215 31642 22396 9963 31206 20925 29279 28404 7015 7900
15 11582 27497 16049 19923 7373 30599 31642 22396 26347 31206 20925 12895 28404 23399 14314
15 11582 27497 16049 19923 23757 14215 31642 22396 26347 31206 20925 29279 28404 7015 8154
15 11582 27497 32433 3539 23757 30599 31642 22396 9963 31206 4541 29279 28404 23399 15094
15 11582 27497 32433 19923 23757 14215 31642 22396 9963 31206 4541 29279 28404 23399 15070
15 27966 11113 32433 3539 23757 30599 15258 22396 26347 31206 20925 12895 28404 23399 14261
15 27966 11113 32433 19923 23757 30599 15258 22396 9963 14822 20925 29279 28404 7015 7357
15 27966 27497 32433 19923 7373 30599 15258 6012 26347 31206 20925 29279 12020 23399 12079
15 27966 27497 32433 19923 7373 30599 15258 22396 26347 31206 20925 12895 12020 23399 10159
15 27966 27497 32433 3539 23757 30599 15258 6012 9963 31206 20925 29279 28404 23399 15927
15 27966 27497 32433 19923 23757 30599 15258 6012 9963 14822 20925 29279 28404 23399 15423
15 27966 27497 32433 19923 23757 30599 15258 22396 26347 14822 20925 12895 12020 7015 1471
15 27966 27497 16049 19923 23757 14215 31642 6012 26347 14822 20925 29279 12020 23399 11611
15 27966 27497 32433 3539 23757 30599 31642 6012 9963 31206 4541 29279 28404 23399 14967
15 27966 27497 32433 19923 23757 14215 31642 6012 9963 14822 20925 29279 28404 23399 15455
15 27966 27497 16049 19923 23757 30599 31642 22396 26347 14822 20925 12895 12020 7015 1531
15 7742 32109 31987 32595 32461 8071 24990 25460 25322 7609 6719 5695 3647 16862 8670
15 7742 15725 31987 16211 32461 24455 24990 25460 25322 23993 6719 5695 3647 16862 9204
15 15934 23917 31987 32595 30413 8071 27038 25460 19178 13753 14911 21871 11839 22237 10718
15 15934 7533 31987 16211 30413 24455 27038 25460 19178 30137 14911 5487 11839 22237 9204
15 7742 32109 31987 32595 30413 8071 27038 25460 27370 5561 6719 30063 3647 18910 10718
15 7742 15725 31987 16211 30413 24455 27038 25460 27370 21945 6719 13679 3647 18910 9204
15 7742 7533 31987 8019 30413 32647 27038 25460 27370 30137 6719 5487 3647 17396 9204
15 32318 15725 23795 28499 30413 8071 31134 21364 10986 26041 31295 13679 19703 20315 14045
15 15934 15725 23795 12115 30413 24455 31134 21364 27370 26041 14911 13679 19703 3931 5108
15 15934 32109 7411 28499 14029 24455 31134 21364 27370 26041 14911 30063 3319 20315 11242
15 7742 7533 31987 3923 30413 32647 31134 29556 27370 26041 6719 5487 27895 21492 13300
15 15934 32109 27891 32595 30413 12167 22942 17268 23274 13753 14911 30063 28507 7743 6622
15 15934 15725 27891 16211 30413 28551 22942 17268 23274 30137 14911 13679 12123 7743 1012
15 7742 7533 27891 8019 30413 28551 31134 25460 31466 30137 6719 5487 3931 17396 9204
15 24126 28013 31987 16211 14029 20359 14750 29556 27370 21945 23103 25967 9949 6622 4007
15 7742 19821 15603 24403 14029 28551 31134 29556 27370 30137 6719 17775 9949 21492 11242
15 15934 31085 31987 31571 32461 16263 16798 18292 17130 15801 15029 13887 11839 7743 478
15 15934 14701 31987 15187 32461 32647 16798 18292 17130 32185 31413 13887 11839 7743 2036
15 32318 31085 15603 31571 24269 16263 24990 1908 25322 23993 6837 30271 28223 22895 15195
15 15934 31085 31987 31571 24269 16263 24990 18292 25322 7609 6837 13887 11839 22895 8670
15 15934 14701 31987 15187 24269 32647 24990 18292 25322 23993 23221 13887 11839 6511 2036
15 32318 14701 31987 15187 24269 32647 8606 18292 8938 23993 23221 30271 28223 6511 7861
15 7742 31085 31987 31571 32461 8071 24990 26484 25322 7609 6837 5695 3647 16862 8670
15 7742 31085 15603 31571 16077 24455 24990 26484 25322 23993 6837 5695 3647 16862 9194
15 7742 22893 31987 23379 32461 16263 24990 26484 25322 15801 15029 5695 3647 18420 8670
15 7742 6509 31987 6995 32461 32647 24990 26484 25322 32185 31413 5695 3647 18420 10228
15 15934 22893 31987 23379 32461 16263 16798 26484 17130 15801 15029 13887 11839 7861 478
15 15934 6509 31987 6995 32461 32647 16798 26484 17130 32185 31413 13887 11839 24245 10228
15 15934 31085 31987 31571 20173 16263 29086 18292 29418 3513 2741 13887 26991 22895 12766
15 15934 14701 31987 15187 20173 32647 29086 18292 29418 19897 19125 13887 10607 6511 2036
15 32318 14701 31987 15187 20173 32647 12702 18292 13034 19897 19125 30271 10607 6511 3765
15 32318 31085 23795 31571 11981 24455 29086 1908 29418 11705 2741 30271 26991 23387 14703
15 15934 31085 23795 31571 28365 8071 29086 18292 29418 11705 2741 13887 26991 23387 12766
15 15934 14701 23795 15187 28365 24455 29086 18292 29418 28089 19125 13887 10607 7003 2036
15 32318 14701 23795 15187 28365 24455 12702 18292 13034 28089 19125 30271 10607 7003 3765
15 7742 31085 31987 31571 28365 8071 29086 26484 29418 3513 2741 5695 26991 20958 12766
15 7742 31085 15603 31571 11981 24455 29086 26484 29418 19897 2741 5695 26991 20958 13290
15 24126 14701 31987 15187 28365 24455 12702 26484 13034 19897 19125 22079 10607 4574 3765
15 32318 31085 15603 27475 32461 16263 20894 6004 17130 28089 15029 30271 11511 24127 11099
15 15934 31085 31987 27475 32461 16263 20894 22388 17130 11705 15029 13887 27895 7743 4574
15 15934 14701 31987 11091 32461 32647 20894 22388 17130 28089 31413 13887 27895 7743 6132
15 15934 31085 15603 27475 16077 32647 20894 22388 17130 28089 15029 13887 11511 7743 1002
15 32318 14701 15603 27475 32461 32647 4510 22388 17130 28089 31413 30271 11511 24127 12217
15 32318 31085 15603 27475 24269 16263 29086 6004 25322 19897 6837 30271 11511 22895 11099
15 15934 14701 31987 11091 24269 32647 29086 22388 25322 19897 23221 13887 27895 6511 6132
15 15934 31085 15603 27475 7885 32647 29086 22388 25322 19897 6837 13887 11511 22895 9194
15 32318 31085 7411 27475 32461 8071 29086 6004 25322 28089 6837 30271 3319 19291 11099
15 15934 31085 23795 27475 32461 8071 29086 22388 25322 11705 6837 13887 19703 19291 12766
15 15934 31085 7411 27475 16077 24455 29086 22388 25322 28089 6837 13887 3319 19291 9194
15 24126 22893 15603 19283 32461 16263 29086 14196 25322 28089 15029 22079 11511 6132 2907
15 24126 6509 15603 19283 32461 32647 12702 30580 25322 28089 31413 22079 11511 22516 12217
15 7742 31085 7411 27475 7885 32647 29086 30580 25322 28089 6837 5695 3319 17386 9194
15 20030 14701 31987 15187 32461 20359 12702 30580 13034 19897 19125 17983 8670 4574 3765
15 20030 14701 23795 15187 24269 28551 12702 30580 13034 28089 19125 17983 8670 5098 3765
15 11838 26989 31987 27475 24269 16263 29086 22388 29418 7609 6837 9791 18420 18799 12766
15 28222 18797 31987 19283 16077 32647 20894 14196 21226 15801 15029 26175 10228 7861 2415
15 32318 14701 31987 31571 18125 16263 31134 18292 15082 17849 17077 12655 10607 6511 1757
15 32318 14701 31987 15187 18125 32647 14750 18292 15082 17849 17077 12655 10607 6511 1717
15 32318 6509 31987 6995 26317 32647 6558 26484 6890 26041 25269 4463 2415 18101 9909
15 15934 14701 27891 15187 22221 28551 31134 18292 31466 21945 17077 12655 11099 6511 2036
15 32318 14701 27891 15187 22221 28551 14750 18292 15082 21945 17077 12655 11099 6511 1717
15 24126 14701 27891 15187 30413 20359 14750 26484 15082 21945 17077 12655 11099 6622 1717
15 32318 6509 27891 6995 30413 28551 6558 26484 6890 30137 25269 4463 2907 18101 9909
15 30270 29037 29939 31571 32461 30599 2462 3956 2794 32185 31413 2008 26175 22079 13887
15 30270 29037 29939 31571 16077 30599 18846 3956 19178 15801 15029 2008 26175 22079 12655
15 13886 29037 29939 31571 32461 14215 18846 20340 19178 15801 15029 18392 9791 5695 2526
15 13886 12653 13555 31571 32461 14215 18846 20340 19178 32185 31413 18392 9791 5695 4056
15 30270 29037 29939 31571 7885 30599 27038 3956 27370 7609 6837 2008 26175 20847 12655
15 13886 12653 13555 31571 24269 14215 27038 20340 27370 23993 23221 18392 9791 4463 4056
15 30270 29037 29939 23379 32461 30599 10654 12148 2794 23993 31413 2008 26175 21751 13887
15 30270 29037 29939 23379 16077 30599 27038 12148 19178 7609 15029 2008 26175 21751 12655
15 13886 29037 13555 23379 16077 30599 27038 28532 19178 23993 15029 18392 9791 5367 3050
15 13886 12653 13555 23379 32461 14215 27038 28532 19178 23993 31413 18392 9791 5367 4056
15 30270 29037 21747 31571 32461 22407 10654 3956 10986 32185 23221 10200 26175 23387 13887
15 30270 29037 21747 31571 16077 22407 27038 3956 27370 15801 6837 10200 26175 23387 12655
15 30270 29037 21747 15187 32461 22407 27038 20340 10986 15801 23221 10200 26175 7003 5367
15 13886 12653 21747 15187 32461 22407 27038 20340 27370 32185 23221 26584 9791 7003 4084
15 30270 12653 21747 15187 32461 22407 10654 20340 10986 32185 23221 26584 26175 7003 7861
15 22078 29037 29939 31571 16077 22407 27038 12148 27370 7609 6837 10200 17983 18910 12655
15 30270 20845 29939 23379 32461 30599 2462 12148 2794 32185 31413 10200 26175 24245 13887
15 30270 20845 29939 23379 16077 30599 18846 12148 19178 15801 15029 10200 26175 7861 4463
15 13886 20845 29939 23379 32461 14215 18846 28532 19178 15801 15029 26584 9791 7861 2526
15 13886 4461 13555 23379 32461 14215 18846 28532 19178 32185 31413 26584 9791 24245 12248
15 30270 29037 29939 31571 3789 30599 31134 3956 31466 3513 2741 2008 24943 20847 12655
15 30270 24941 29939 31571 32461 26503 6558 8052 2794 32185 31413 6104 28381 22079 13887
15 30270 24941 29939 31571 16077 26503 22942 8052 19178 15801 15029 6104 11997 22079 8559
15 30270 24941 13555 31571 32461 10119 22942 8052 19178 32185 15029 22488 28381 22079 15195
15 30270 24941 29939 15187 16077 26503 6558 24436 19178 32185 31413 6104 11997 22079 10151
15 13886 24941 29939 31571 32461 10119 22942 24436 19178 15801 15029 22488 28381 5695 6622
15 13886 24941 13555 31571 16077 26503 22942 24436 19178 32185 15029 22488 11997 5695 3050
15 13886 8557 13555 31571 32461 10119 22942 24436 19178 32185 31413 22488 28381 5695 8152
15 30270 24941 29939 31571 7885 26503 31134 8052 27370 7609 6837 6104 3805 16751 8559
15 30270 16749 29939 31571 32461 18311 14750 16244 2794 32185 31413 14296 28381 24285 13887
15 30270 16749 29939 31571 16077 18311 31134 16244 19178 15801 15029 14296 11997 7901 367
15 30270 16749 29939 15187 16077 18311 14750 32628 19178 32185 31413 14296 11997 7901 1959
15 30270 24941 29939 23379 7885 26503 22942 16244 27370 15801 15029 6104 3805 18343 8559
15 30270 24941 29939 6995 7885 26503 6558 32628 27370 32185 31413 6104 3805 18343 10151
15 22078 16749 29939 23379 32461 26503 14750 16244 10986 32185 31413 14296 28381 8180 5695
15 22078 16749 29939 23379 16077 26503 31134 16244 27370 15801 15029 14296 11997 8180 367
15 30270 16749 29939 23379 16077 26503 22942 16244 19178 15801 15029 14296 11997 7861 367
15 30270 16749 29939 6995 16077 26503 6558 32628 19178 32185 31413 14296 11997 24245 10151
15 13886 16749 13555 23379 16077 26503 22942 32628 19178 32185 15029 30680 11997 7861 3050
15 30270 24941 29939 27475 7885 30599 27038 8052 27370 7609 6837 6104 3765 16751 8559
15 30270 16749 29939 19283 16077 30599 18846 16244 19178 15801 15029 14296 11957 7861 367
15 30270 16749 13555 19283 32461 14215 18846 16244 19178 32185 15029 30680 11957 7861 2907
15 22078 16749 21747 27475 16077 22407 27038 16244 27370 15801 15029 14296 11957 8152 367
15 26174 29037 25843 31571 32461 26503 6558 8052 6890 32185 27317 6104 3034 17983 9791
15 26174 29037 25843 15187 32461 26503 22942 24436 6890 15801 27317 6104 3034 17983 9463
15 26174 12653 25843 15187 32461 26503 6558 24436 6890 32185 27317 22488 3034 17983 11957
15 26174 29037 25843 31571 24269 26503 14750 8052 15082 23993 19125 6104 11226 20847 9791
15 26174 29037 25843 31571 7885 26503 31134 8052 31466 7609 2741 6104 27610 20847 12655
15 26174 12653 25843 15187 24269 26503 14750 24436 15082 23993 19125 22488 11226 4463 3765
15 26174 29037 17651 31571 32461 18311 14750 8052 15082 32185 19125 14296 11226 23387 9791
15 26174 29037 17651 31571 16077 18311 31134 8052 31466 15801 2741 14296 27610 23387 12655
15 26174 29037 17651 15187 32461 18311 31134 24436 15082 15801 19125 14296 11226 7003 1271
15 26174 29037 1267 31571 32461 1927 31134 8052 31466 32185 2741 30680 27610 23387 15195
15 26174 12653 17651 15187 32461 18311 14750 24436 15082 32185 19125 30680 11226 7003 3765
15 26174 20845 25843 31571 32461 18311 14750 16244 6890 32185 27317 14296 11226 24285 9791
15 26174 20845 25843 31571 16077 18311 31134 16244 23274 15801 10933 14296 27610 7901 4463
15 26174 4461 25843 31571 32461 1927 31134 32628 6890 32185 27317 30680 27610 24285 16093
15 26174 20845 25843 15187 16077 18311 14750 32628 23274 32185 27317 14296 11226 7901 1959
15 9790 20845 9459 31571 16077 18311 31134 32628 23274 32185 10933 30680 27610 7901 7146
15 26174 4461 25843 15187 32461 18311 14750 32628 6890 32185 27317 30680 11226 24285 11957
15 26174 4461 25843 6995 32461 26503 6558 32628 6890 32185 27317 30680 3034 20149 11957
15 17982 20845 17651 31571 32461 18311 14750 16244 15082 32185 27317 14296 11226 8152 1599
15 17982 20845 17651 31571 16077 18311 31134 16244 31466 15801 10933 14296 27610 8152 4463
15 17982 4461 17651 15187 32461 18311 14750 32628 15082 32185 27317 30680 11226 24536 11957
15 17982 29037 17651 31571 32461 18311 14750 16244 15082 32185 19125 14296 11226 7130 1599
15 17982 29037 17651 31571 16077 18311 31134 16244 31466 15801 2741 14296 27610 23514 12655
15 17982 12653 17651 15187 32461 18311 14750 32628 15082 32185 19125 30680 11226 7130 3765
15 26174 29037 25843 23379 32461 26503 6558 16244 6890 32185 27317 6104 3034 18103 9791
15 26174 29037 25843 23379 16077 26503 22942 16244 23274 15801 10933 6104 19418 18103 12655
15 26174 12653 25843 23379 32461 10119 22942 32628 6890 32185 27317 22488 19418 18103 16093
15 26174 12653 25843 6995 32461 26503 6558 32628 6890 32185 27317 22488 3034 18103 11957
15 9790 29037 9459 23379 32461 10119 22942 32628 23274 32185 10933 22488 19418 1719 7130
15 30270 29037 25843 31571 28365 30599 2462 3956 6890 32185 31413 6104 28459 22079 13887
15 30270 29037 25843 31571 11981 30599 18846 3956 23274 15801 15029 6104 28459 22079 12655
15 30270 29037 9459 31571 28365 14215 18846 3956 23274 32185 15029 22488 28459 22079 15195
15 30270 29037 25843 15187 11981 30599 2462 20340 23274 32185 31413 6104 28459 22079 14247
15 13886 29037 25843 31571 28365 14215 18846 20340 23274 15801 15029 22488 12075 5695 2526
15 13886 12653 25843 15187 28365 30599 18846 20340 23274 32185 31413 22488 12075 5695 4084
15 30270 12653 25843 15187 28365 30599 2462 20340 6890 32185 31413 22488 28459 22079 16053
15 13886 12653 9459 31571 28365 14215 18846 20340 23274 32185 31413 22488 28459 5695 8152
15 30270 29037 25843 31571 3789 30599 27038 3956 31466 7609 6837 6104 28459 20847 12655
15 30270 29037 25843 15187 20173 30599 27038 20340 15082 7609 23221 6104 12075 20847 9463
15 30270 20845 17651 31571 28365 30599 2462 12148 15082 32185 31413 14296 28459 24505 13887
15 30270 20845 17651 31571 11981 30599 18846 12148 31466 15801 15029 14296 28459 8121 4463
15 30270 4461 1267 31571 28365 30599 2462 28532 31466 32185 31413 30680 28459 24505 16313
15 30270 4461 17651 15187 28365 30599 2462 28532 15082 32185 31413 30680 28459 24505 16053
15 30270 20845 25843 23379 11981 30599 18846 12148 23274 15801 15029 14296 28459 7861 4463
15 30270 20845 25843 6995 28365 30599 18846 28532 6890 15801 31413 14296 12075 24245 9463
15 30270 4461 25843 6995 28365 30599 2462 28532 6890 32185 31413 30680 28459 24245 16053
15 13886 4461 9459 23379 28365 14215 18846 28532 23274 32185 31413 30680 28459 24245 16344
15 22078 29037 25843 23379 20173 30599 10654 12148 15082 23993 31413 14296 28459 7654 5695
15 22078 29037 25843 6995 3789 30599 10654 28532 31466 23993 31413 14296 28459 24038 14247
15 5694 29037 25843 23379 3789 30599 27038 28532 31466 7609 15029 30680 28459 24038 14830
15 22078 29037 25843 23379 20173 14215 27038 12148 15082 7609 31413 30680 28459 24038 15455
15 22078 29037 25843 23379 20173 14215 27038 12148 15082 23993 31413 30680 28459 7654 7775
15 5694 12653 9467 6999 20173 30599 27038 28532 31466 23993 31413 30680 28459 24038 16368
15 30270 29037 25843 31571 28365 30599 10654 12148 15082 23993 23221 6104 20267 16895 13887
15 30270 29037 25843 31571 11981 30599 27038 12148 31466 7609 6837 6104 20267 16895 12655
15 30270 12653 9459 31571 28365 30599 10654 28532 31466 23993 23221 22488 20267 511 8121
15 13886 12653 25843 31571 28365 14215 27038 28532 31466 23993 23221 22488 3883 16895 12252
15 13886 29037 9459 31571 11981 30599 27038 28532 31466 23993 23221 22488 20267 511 8170
15 30270 15725 25843 31571 28365 30599 11678 28532 31466 23993 6903 6106 20267 16895 13245
15 30270 29037 25843 31571 28365 30599 6558 3956 6890 32185 27317 6104 27499 22079 13887
15 30270 29037 25843 31571 11981 30599 22942 3956 23274 15801 10933 6104 27499 22079 12655
15 30270 29037 25843 15187 28365 30599 22942 20340 6890 15801 27317 6104 11115 22079 9463
15 30270 29037 9459 31571 28365 14215 22942 3956 23274 32185 10933 22488 27499 22079 15195
15 30270 12653 25843 31571 28365 14215 22942 20340 6890 32185 27317 22488 11115 22079 11997
15 30270 29037 25843 15187 11981 30599 6558 20340 23274 32185 27317 6104 27499 22079 14247
15 13886 29037 25843 31571 28365 14215 22942 20340 23274 15801 10933 22488 27499 5695 6622
15 13886 12653 25843 15187 28365 30599 22942 20340 23274 32185 27317 22488 11115 5695 4084
15 13886 29037 9459 31571 11981 30599 22942 20340 23274 32185 10933 22488 27499 5695 7146
15 30270 12653 25843 15187 28365 30599 6558 20340 6890 32185 27317 22488 11115 22079 11957
15 13886 12653 9459 31571 28365 14215 22942 20340 23274 32185 27317 22488 27499 5695 8152
15 30270 29037 9459 31571 11981 30599 22942 3956 23274 32185 10933 22488 27499 22079 15211
15 30270 29037 25843 31571 3789 30599 31134 3956 31466 7609 2741 6104 27499 20847 12655
15 30270 12653 25843 15187 20173 30599 14750 20340 15082 23993 19125 22488 11115 4463 3765
15 30270 29037 25843 23379 11981 30599 31134 12148 23274 7609 10933 6104 19307 17655 12655
15 30270 29037 25843 6995 28365 30599 31134 28532 6890 7609 27317 6104 2923 17655 9463
15 30270 12653 25843 6995 28365 30599 14750 28532 6890 23993 27317 22488 2923 17655 11957
15 13886 12653 9467 6999 28365 30599 31134 28532 23274 23993 27317 22488 19307 17655 16368
15 30270 12653 9467 6999 28365 30599 14750 28532 23274 23993 27317 22488 19307 17655 16305
15 30270 29037 17651 31571 11981 22407 31134 3956 31466 15801 2741 14296 27499 23387 12655
15 30270 29037 17651 15187 28365 22407 31134 20340 15082 15801 19125 14296 11115 7003 1271
15 30270 29037 1267 31571 28365 6023 31134 3956 31466 32185 2741 30680 27499 23387 15195
15 13886 29037 1267 31571 11981 22407 31134 20340 31466 32185 2741 30680 27499 23387 15338
15 30270 12653 17651 15187 28365 22407 14750 20340 15082 32185 19125 30680 11115 7003 3765
15 13886 12653 1267 31571 28365 6023 31134 20340 31466 32185 19125 30680 27499 23387 16344
15 30270 20845 25843 31571 11981 22407 31134 12148 23274 15801 10933 14296 19307 3805 4463
15 30270 20845 25843 15187 28365 22407 31134 28532 6890 15801 27317 14296 2923 20189 9463
15 30270 20845 9459 31571 28365 6023 31134 12148 23274 32185 10933 30680 19307 20189 15195
15 30270 4461 25843 31571 28365 6023 31134 28532 6890 32185 27317 30680 2923 20189 11997
15 13886 4461 25843 15187 28365 22407 31134 28532 23274 32185 27317 30680 2923 20189 12276
15 13886 20845 9459 31571 11981 22407 31134 28532 23274 32185 10933 30680 19307 3805 7146
15 30270 4461 25843 15187 28365 22407 14750 28532 6890 32185 27317 30680 2923 20189 11957
15 13886 4461 9459 31571 28365 6023 31134 28532 23274 32185 27317 30680 19307 20189 16344
15 30270 20845 9459 31571 11981 22407 31134 12148 23274 32185 10933 30680 19307 3805 7019
15 22078 29037 25843 31571 11981 22407 31134 12148 31466 7609 2741 14296 27499 23006 12655
15 22078 29037 25843 15187 28365 22407 31134 28532 15082 7609 19125 14296 11115 23006 9463
15 22078 29037 9459 31571 28365 6023 31134 12148 31466 23993 2741 30680 27499 23006 15195
15 22078 12653 25843 31571 28365 6023 31134 28532 15082 23993 19125 30680 11115 23006 11997
15 5694 29037 25843 31571 28365 6023 31134 28532 31466 7609 2741 30680 27499 23006 14814
15 22078 12653 25843 15187 28365 22407 14750 28532 15082 23993 19125 30680 11115 6622 3765
15 5694 12653 9459 31571 28365 6023 31134 28532 31466 23993 19125 30680 27499 23006 16344
15 22078 29037 9459 31571 11981 22407 31134 12148 31466 23993 2741 30680 27499 23006 15211
15 30270 20845 17651 31571 28365 30599 6558 12148 15082 32185 27317 14296 27499 24505 13887
15 30270 20845 17651 31571 11981 30599 22942 12148 31466 15801 10933 14296 27499 8121 4463
15 30270 20845 17651 15187 28365 30599 22942 28532 15082 15801 27317 14296 11115 8121 1271
15 30270 20845 1267 31571 28365 14215 22942 12148 31466 32185 10933 30680 27499 24505 15195
15 30270 4461 17651 31571 28365 14215 22942 28532 15082 32185 27317 30680 11115 24505 11997
15 13886 20845 17651 31571 28365 14215 22942 28532 31466 15801 10933 30680 27499 8121 6622
15 30270 4461 1267 31571 28365 30599 6558 28532 31466 32185 27317 30680 27499 24505 16313
15 30270 4461 17651 15187 28365 30599 6558 28532 15082 32185 27317 30680 11115 24505 11957
15 13886 4461 1267 31571 28365 14215 22942 28532 31466 32185 27317 30680 27499 24505 16344
15 30270 20845 1267 31571 11981 30599 22942 12148 31466 32185 10933 30680 27499 24505 15211
15 30270 4461 25843 6995 28365 30599 6558 28532 6890 32185 27317 30680 2923 20149 11957
15 22078 20845 17651 31571 11981 22407 31134 12148 31466 15801 10933 14296 27499 8152 4463
15 22078 20845 17651 15187 28365 22407 31134 28532 15082 15801 27317 14296 11115 8152 1271
15 22078 4461 17651 15187 28365 22407 14750 28532 15082 32185 27317 30680 11115 24536 11957
15 5694 4461 1267 31571 28365 6023 31134 28532 31466 32185 27317 30680 27499 24536 16344
15 22078 20845 1267 31571 11981 22407 31134 12148 31466 32185 10933 30680 27499 24536 15211
15 30270 29037 17651 31571 3789 30599 31134 3956 31466 15801 2741 14296 27499 23403 12655
15 30270 29037 17651 15187 20173 30599 31134 20340 15082 15801 19125 14296 11115 7019 1271
15 30270 29037 1267 31571 20173 14215 31134 3956 31466 32185 2741 30680 27499 23403 15195
15 30270 12653 17651 15187 20173 30599 14750 20340 15082 32185 19125 30680 11115 7019 3765
15 30270 29037 1267 31571 3789 30599 31134 3956 31466 32185 2741 30680 27499 23403 15211
15 22078 29037 17651 31571 28365 22407 14750 12148 15082 32185 19125 14296 27499 7130 5695
15 22078 29037 17651 31571 11981 22407 31134 12148 31466 15801 2741 14296 27499 23514 12655
15 22078 29037 17651 15187 28365 22407 31134 28532 15082 15801 19125 14296 11115 7130 1271
15 22078 29037 1267 31571 28365 6023 31134 12148 31466 32185 2741 30680 27499 23514 15195
15 22078 12653 17651 31571 28365 6023 31134 28532 15082 32185 19125 30680 11115 23514 11997
15 5694 29037 17651 31571 28365 6023 31134 28532 31466 15801 2741 30680 27499 23514 14814
15 22078 12653 1267 31571 28365 22407 14750 28532 31466 32185 19125 30680 27499 23514 16313
15 22078 12653 17651 15187 28365 22407 14750 28532 15082 32185 19125 30680 11115 7130 3765
15 5694 12653 1267 31571 28365 6023 31134 28532 31466 32185 19125 30680 27499 23514 16344
15 22078 29037 1267 31571 11981 22407 31134 12148 31466 32185 2741 30680 27499 23514 15211
15 5694 29037 1267 31571 28365 6023 31134 28532 31466 32185 2741 30680 27499 23514 15322
15 22078 29037 17651 15187 28365 22407 14750 28532 15082 32185 19125 14296 11115 7130 1719
15 30270 29037 17651 31571 20173 30599 6558 3956 15082 32185 27317 14296 27499 24363 13887
15 30270 29037 17651 31571 3789 30599 22942 3956 31466 15801 10933 14296 27499 24363 12655
15 30270 29037 17651 15187 20173 30599 22942 20340 15082 15801 27317 14296 11115 7979 1271
15 30270 29037 1267 31571 20173 14215 22942 3956 31466 32185 10933 30680 27499 24363 15195
15 30270 12653 17651 31571 20173 14215 22942 20340 15082 32185 27317 30680 11115 7979 3805
15 13886 29037 17651 31571 20173 14215 22942 20340 31466 15801 10933 30680 27499 7979 6622
15 30270 12653 1267 31571 20173 30599 6558 20340 31466 32185 27317 30680 27499 24363 16313
15 30270 12653 17651 15187 20173 30599 6558 20340 15082 32185 27317 30680 11115 24363 11957
15 13886 12653 1267 31571 20173 14215 22942 20340 31466 32185 27317 30680 27499 24363 16344
15 30270 29037 1267 31571 3789 30599 22942 3956 31466 32185 10933 30680 27499 24363 15211
15 30270 29037 1267 31571 3789 30599 6558 3956 31466 32185 27317 30680 27499 24363 16171
15 13886 29037 1267 31571 20173 14215 22942 20340 31466 32185 10933 30680 27499 24363 15322
15 30270 12653 17651 15187 20173 30599 22942 20340 15082 32185 27317 30680 11115 7979 3829
15 30270 29037 25843 31571 20173 30599 6558 3956 15082 32185 27317 6104 27499 22319 13887
15 30270 29037 25843 31571 3789 30599 22942 3956 31466 15801 10933 6104 27499 22319 12655
15 30270 29037 25843 15187 20173 30599 22942 20340 15082 15801 27317 6104 11115 22319 9463
15 30270 12653 25843 31571 20173 14215 22942 20340 15082 32185 27317 22488 11115 5935 3805
15 30270 12653 9459 31571 20173 30599 6558 20340 31466 32185 27317 22488 27499 22319 16313
15 30270 12653 25843 15187 20173 30599 6558 20340 15082 32185 27317 22488 11115 22319 11957
15 30270 29037 9459 31571 3789 30599 22942 3956 31466 32185 10933 22488 27499 22319 15211
15 13886 12653 25843 31571 20173 14215 22942 20340 31466 32185 27317 22488 11115 5935 4060
15 13886 29037 9459 31571 20173 14215 22942 20340 31466 32185 10933 22488 27499 5935 7130
15 30270 29037 9459 31571 3789 30599 6558 3956 31466 32185 27317 22488 27499 22319 16171
15 30270 29037 25843 31571 28365 30599 14750 3956 6890 23993 27317 6104 27499 21631 13887
15 30270 29037 25843 31571 11981 30599 31134 3956 23274 7609 10933 6104 27499 21631 12655
15 30270 29037 25843 15187 28365 30599 31134 20340 6890 7609 27317 6104 11115 21631 9463
15 30270 12653 25843 31571 28365 14215 31134 20340 6890 23993 27317 22488 11115 21631 11997
15 30270 29037 25843 15187 11981 30599 14750 20340 23274 23993 27317 6104 27499 21631 14247
15 13886 12653 25843 15187 28365 30599 31134 20340 23274 23993 27317 22488 11115 5247 4084
15 30270 12653 25843 15187 28365 30599 14750 20340 6890 23993 27317 22488 11115 21631 11957
15 30270 29037 9459 31571 11981 30599 31134 3956 23274 23993 10933 22488 27499 21631 15211
15 13886 29037 25843 15187 11981 30599 31134 20340 23274 7609 27317 22488 27499 21631 15846
15 13886 29037 25843 31571 11981 30599 31134 20340 23274 7609 10933 22488 27499 21631 14830
15 13886 29037 25843 31571 28365 14215 31134 20340 23274 7609 27317 22488 11115 21631 11742
15 13886 29037 9459 31571 28365 14215 31134 20340 23274 23993 10933 22488 27499 5247 7130
15 30270 29037 25843 31571 11981 30599 14750 3956 23274 23993 27317 6104 27499 21631 14127
15 30270 12653 9715 31571 28365 30599 14750 20340 6894 23993 27317 22488 27499 21631 16057
15 30270 31085 31987 31571 30413 32647 2462 3956 2794 30137 29365 494 26175 22079 13887
15 13886 31085 31987 31571 30413 16263 18846 20340 19178 13753 12981 16878 9791 5695 2526
15 30270 14701 31987 15187 30413 32647 2462 20340 2794 30137 29365 494 26175 22079 14005
15 13886 31085 31987 31571 14029 32647 18846 20340 19178 13753 12981 16878 9791 5695 2542
15 30270 31085 31987 31571 22221 32647 10654 3956 10986 21945 21173 8686 26175 22895 13887
15 30270 31085 31987 31571 5837 32647 27038 3956 27370 5561 4789 25070 26175 22895 14703
15 30270 14701 31987 31571 22221 16263 27038 20340 10986 21945 21173 8686 26175 6511 5853
15 13886 31085 31987 31571 22221 16263 27038 20340 27370 5561 4789 25070 9791 22895 10718
15 30270 14701 31987 15187 22221 32647 10654 20340 10986 21945 21173 8686 26175 6511 5813
15 13886 31085 31987 31571 5837 32647 27038 20340 27370 5561 4789 25070 9791 22895 10734
15 30270 22893 31987 31571 30413 24455 10654 12148 2794 30137 29365 494 26175 22237 13887
15 13886 22893 15603 31571 14029 24455 27038 28532 19178 30137 12981 16878 9791 5853 3050
15 13886 22893 31987 31571 14029 24455 27038 28532 19178 13753 12981 16878 9791 5853 2542
15 22078 14701 31987 15187 30413 24455 10654 28532 10986 21945 21173 8686 17983 2526 5813
15 22078 14701 31987 15187 22221 32647 10654 28532 10986 21945 21173 8686 17983 2542 5813
15 30270 14701 31987 31571 18125 16263 31134 20340 15082 17849 17077 12782 10607 6511 1757
15 30270 14701 31987 15187 18125 32647 14750 20340 15082 17849 17077 12782 10607 6511 1717
15 22078 14701 15603 31571 26317 24455 14750 28532 31466 17849 17077 12782 10607 6622 1977
15 22078 14701 31987 15187 26317 24455 14750 28532 15082 17849 17077 12782 10607 6622 1717
15 30270 6509 31987 6995 26317 32647 6558 28532 6890 26041 25269 4590 2415 18101 9909
15 22078 14701 31987 31571 18125 16263 31134 28532 15082 17849 17077 12782 10607 6638 1757
15 22078 14701 31987 15187 18125 32647 14750 28532 15082 17849 17077 12782 10607 6638 1717
15 30270 31085 31987 27475 30413 32647 6558 8052 2794 26041 29365 4590 27895 22079 13887
15 30270 31085 31987 27475 14029 32647 22942 8052 19178 9657 12981 20974 27895 22079 14703
15 30270 31085 15603 27475 30413 16263 22942 8052 19178 26041 12981 20974 11511 22079 11099
15 13886 31085 31987 27475 30413 16263 22942 24436 19178 9657 12981 20974 27895 5695 6622
15 13886 31085 15603 27475 14029 32647 22942 24436 19178 26041 12981 20974 11511 5695 3050
15 30270 14701 15603 27475 30413 32647 6558 24436 19178 26041 29365 4590 11511 22079 10169
15 13886 31085 31987 27475 14029 32647 22942 24436 19178 9657 12981 20974 27895 5695 6638
15 30270 31085 31987 27475 5837 32647 31134 8052 27370 1465 4789 29166 27895 22895 14703
15 30270 31085 15603 27475 22221 16263 31134 8052 27370 17849 4789 29166 11511 22895 11099
15 13886 31085 15603 27475 5837 32647 31134 24436 27370 17849 4789 29166 11511 22895 11242
15 30270 14701 15603 27475 22221 32647 14750 24436 27370 17849 21173 12782 11511 6511 1977
15 30270 14701 31987 11091 22221 32647 14750 24436 10986 17849 21173 12782 27895 6511 5813
15 30270 31085 31987 19283 30413 32647 14750 16244 2794 17849 29365 12782 27895 23799 13887
15 30270 31085 31987 19283 14029 32647 31134 16244 19178 1465 12981 29166 27895 23799 14703
15 30270 31085 31987 2899 30413 32647 31134 32628 2794 1465 29365 29166 27895 23799 15607
15 30270 31085 15603 19283 30413 16263 31134 16244 19178 17849 12981 29166 11511 7415 2907
15 13886 31085 15603 19283 14029 32647 31134 32628 19178 17849 12981 29166 11511 7415 3050
15 30270 14701 15603 19283 30413 32647 14750 32628 19178 17849 29365 12782 11511 7415 1977
15 30270 14701 31987 2899 30413 32647 14750 32628 2794 17849 29365 12782 27895 23799 14005
15 13886 31085 31987 19283 14029 32647 31134 32628 19178 1465 12981 29166 27895 23799 14830
15 30270 31085 7411 27475 30413 8071 31134 8052 27370 26041 4789 29166 3319 19291 11099
15 13886 31085 7411 27475 14029 24455 31134 24436 27370 26041 4789 29166 3319 19291 11242
15 30270 14701 7411 27475 30413 24455 14750 24436 27370 26041 21173 12782 3319 19291 10169
15 30270 14701 23795 11091 30413 24455 14750 24436 10986 26041 21173 12782 19703 2907 5813
15 30270 31085 31987 2899 22221 32647 22942 32628 10986 9657 29365 29166 27895 24487 15607
15 30270 31085 15603 19283 22221 16263 22942 16244 27370 26041 12981 29166 11511 8103 2907
15 30270 14701 31987 19283 22221 16263 22942 32628 10986 26041 29365 12782 27895 8103 5853
15 13886 31085 31987 19283 22221 16263 22942 32628 27370 9657 12981 29166 27895 8103 6622
15 5694 31085 7411 27475 5837 32647 31134 32628 27370 26041 4789 29166 3319 19434 11242
15 22078 14701 23795 11091 22221 32647 14750 32628 10986 26041 21173 12782 19703 3050 5813
15 13886 22893 7411 27475 14029 32647 22942 32628 27370 26041 12981 20974 3319 18361 11242
15 30270 6509 7411 27475 30413 32647 6558 32628 27370 26041 29365 4590 3319 18361 10169
15 30270 6509 23795 11091 30413 32647 6558 32628 10986 26041 29365 4590 19703 18361 14005
15 22078 31085 15603 27475 22221 16263 31134 16244 27370 17849 4789 29166 11511 23022 11099
15 5694 31085 15603 27475 5837 32647 31134 32628 27370 17849 4789 29166 11511 23022 11242
15 22078 14701 15603 27475 22221 32647 14750 32628 27370 17849 21173 12782 11511 6638 1977
15 22078 14701 31987 11091 22221 32647 14750 32628 10986 17849 21173 12782 27895 6638 5813
15 30270 31085 27891 31571 30413 28551 6558 3956 6890 30137 25269 4590 27483 22079 13887
15 30270 31085 27891 31571 14029 28551 22942 3956 23274 13753 8885 20974 27483 22079 14703
15 30270 31085 11507 31571 30413 12167 22942 3956 23274 30137 8885 20974 27483 22079 15195
15 30270 14701 27891 31571 30413 12167 22942 20340 6890 30137 25269 4590 27483 22079 14045
15 13886 31085 27891 31571 30413 12167 22942 20340 23274 13753 8885 20974 27483 5695 6622
15 30270 14701 27891 15187 30413 28551 6558 20340 6890 30137 25269 4590 11099 22079 9909
15 13886 31085 27891 31571 14029 28551 22942 20340 23274 13753 8885 20974 27483 5695 6638
15 30270 14701 27891 15187 22221 28551 14750 20340 15082 21945 17077 12782 11099 6511 1717
15 30270 14701 19699 15187 30413 20359 14750 20340 15082 30137 17077 12782 11099 7003 1717
15 30270 6509 27891 6995 30413 28551 6558 28532 6890 30137 25269 4590 2907 18101 9909
15 30270 7533 27891 8019 30413 28551 7582 28532 23274 30137 8959 20974 19291 18101 15285
15 22078 14701 27891 15187 22221 28551 14750 28532 15082 21945 17077 12782 11099 6638 1717
15 26174 6509 31987 6995 26317 32647 6558 32628 6890 26041 25269 4590 2542 18101 9909
15 17982 31085 31987 31571 18125 32647 14750 16244 15082 17849 17077 12782 10734 6638 1599
15 17982 14701 31987 15187 18125 32647 14750 32628 15082 17849 17077 12782 10734 6638 1717
15 30270 31085 27891 31571 30413 32647 2462 3956 6890 30137 29365 494 26427 22079 13887
15 13886 31085 27891 31571 30413 16263 18846 20340 23274 13753 12981 16878 10043 5695 2526
15 30270 14701 11507 31571 30413 32647 2462 20340 23274 30137 29365 494 26427 22079 14265
15 30270 14701 27891 15187 30413 32647 2462 20340 6890 30137 29365 494 26427 22079 14005
15 13886 31085 27891 31571 14029 32647 18846 20340 23274 13753 12981 16878 10043 5695 2542
15 30270 31085 27891 31571 22221 32647 10654 3956 15082 21945 21173 8686 26427 22895 13887
15 30270 31085 27891 31571 5837 32647 27038 3956 31466 5561 4789 25070 26427 22895 14703
15 13886 31085 27891 31571 22221 16263 27038 20340 31466 5561 4789 25070 10043 22895 10718
15 13886 31085 11507 31571 5837 32647 27038 20340 31466 21945 4789 25070 26427 22895 15338
15 30270 14701 11507 31571 22221 32647 10654 20340 31466 21945 21173 8686 26427 6511 6073
15 30270 14701 27891 15187 22221 32647 10654 20340 15082 21945 21173 8686 26427 6511 5813
15 13886 31085 27891 31571 5837 32647 27038 20340 31466 5561 4789 25070 10043 22895 10734
15 30270 31085 11507 31571 22221 32647 10654 3956 31466 21945 21173 8686 26427 22895 14139
15 30270 31085 27891 23379 30413 32647 10654 12148 6890 21945 29365 8686 18235 19703 13887
15 30270 31085 27891 23379 14029 32647 27038 12148 23274 5561 12981 25070 18235 19703 14703
15 30270 31085 27891 6995 30413 32647 27038 28532 6890 5561 29365 25070 1851 19703 11511
15 30270 31085 11507 23379 30413 16263 27038 12148 23274 21945 12981 25070 18235 3319 7003
15 30270 14701 27891 23379 30413 16263 27038 28532 6890 21945 29365 8686 18235 19703 14045
15 13886 31085 27891 23379 30413 16263 27038 28532 23274 5561 12981 25070 1851 19703 10718
15 13886 14701 27891 6995 30413 32647 27038 28532 23274 21945 29365 25070 1851 19703 12276
15 13886 31085 11507 23379 14029 32647 27038 28532 23274 21945 12981 25070 18235 3319 7146
15 30270 14701 11507 23379 30413 32647 10654 28532 23274 21945 29365 8686 18235 3319 6073
15 30270 14701 27891 6995 30413 32647 10654 28532 6890 21945 29365 8686 18235 19703 14005
15 13886 31085 27891 23379 14029 32647 27038 28532 23274 5561 12981 25070 1851 19703 10734
15 30270 31085 11507 23379 30413 32647 10654 12148 23274 21945 29365 8686 18235 3319 5947
15 30270 31085 19699 31571 30413 24455 10654 3956 15082 30137 21173 8686 26427 23387 13887
15 30270 31085 19699 31571 14029 24455 27038 3956 31466 13753 4789 25070 26427 23387 14703
15 30270 31085 3315 31571 30413 8071 27038 3956 31466 30137 4789 25070 26427 23387 15195
15 30270 14701 19699 31571 30413 8071 27038 20340 15082 30137 21173 8686 26427 23387 14045
15 13886 31085 19699 31571 30413 8071 27038 20340 31466 13753 4789 25070 10043 23387 10718
15 30270 14701 19699 15187 30413 24455 10654 20340 15082 30137 21173 8686 26427 7003 5813
15 13886 31085 19699 31571 14029 24455 27038 20340 31466 13753 4789 25070 10043 23387 10734
15 30270 31085 3315 31571 30413 24455 10654 3956 31466 30137 21173 8686 26427 23387 14139
15 30270 22893 27891 31571 30413 24455 10654 12148 6890 30137 29365 494 26427 22237 13887
15 30270 22893 27891 31571 14029 24455 27038 12148 23274 13753 12981 16878 26427 5853 6511
15 30270 6509 27891 31571 30413 8071 27038 28532 6890 30137 29365 494 26427 22237 14045
15 13886 22893 27891 31571 30413 8071 27038 28532 23274 13753 12981 16878 10043 22237 10718
15 30270 6509 27891 15187 30413 24455 10654 28532 6890 30137 29365 494 26427 22237 14005
15 13886 22893 27891 31571 14029 24455 27038 28532 23274 13753 12981 16878 10043 5853 2542
15 30270 22893 11507 31571 30413 24455 10654 12148 23274 30137 29365 494 26427 22237 14139
15 30270 31085 27891 23379 22221 32647 2462 12148 15082 30137 29365 8686 26427 24487 13887
15 30270 31085 27891 23379 5837 32647 18846 12148 31466 13753 12981 25070 26427 24487 14703
15 30270 31085 27891 6995 22221 32647 18846 28532 15082 13753 29365 25070 10043 24487 11511
15 30270 31085 11507 23379 22221 16263 18846 12148 31466 30137 12981 25070 26427 8103 7003
15 30270 14701 27891 23379 22221 16263 18846 28532 15082 30137 29365 8686 26427 8103 5853
15 30270 31085 27891 6995 5837 32647 2462 28532 31466 30137 29365 25070 26427 24487 16295
15 13886 31085 27891 23379 22221 16263 18846 28532 31466 13753 12981 25070 10043 8103 2526
15 30270 14701 27891 6995 22221 32647 2462 28532 15082 30137 29365 8686 26427 24487 14005
15 13886 31085 27891 23379 5837 32647 18846 28532 31466 13753 12981 25070 10043 24487 10734
15 30270 31085 11507 23379 22221 32647 2462 12148 31466 30137 29365 8686 26427 24487 14139
15 5694 31085 27891 31571 30413 8071 27038 28532 31466 5561 4789 25070 1851 18910 10718
15 22078 14701 27891 15187 30413 24455 10654 28532 15082 21945 21173 8686 18235 2526 5813
15 5694 31085 27891 31571 14029 24455 27038 28532 31466 5561 4789 25070 1851 18910 10734
15 30270 6509 27891 6995 30413 32647 2462 28532 6890 30137 29365 494 26427 22197 14005
15 22078 14701 27891 15187 22221 32647 10654 28532 15082 21945 21173 8686 18235 2542 5813
15 5694 31085 27891 31571 5837 32647 27038 28532 31466 5561 4789 25070 1851 18926 10734
15 30270 31085 19699 31571 30413 32647 2462 3956 15082 30137 29365 494 26427 22331 13887
15 13886 31085 19699 31571 30413 16263 18846 20340 31466 13753 12981 16878 10043 5947 2526
15 30270 14701 19699 15187 30413 32647 2462 20340 15082 30137 29365 494 26427 22331 14005
15 13886 31085 19699 31571 14029 32647 18846 20340 31466 13753 12981 16878 10043 5947 2542
15 30270 31085 3315 31571 30413 32647 2462 3956 31466 30137 29365 494 26427 22331 14139
15 22078 22893 27891 31571 30413 24455 10654 12148 15082 30137 29365 8686 18235 4060 5695
15 22078 22893 27891 31571 14029 24455 27038 12148 31466 13753 12981 25070 18235 4060 6511
15 22078 22893 27891 15187 30413 24455 27038 28532 15082 13753 29365 25070 1851 20444 11511
15 22078 22893 11507 31571 30413 8071 27038 12148 31466 30137 12981 25070 18235 20444 15195
15 22078 6509 27891 31571 30413 8071 27038 28532 15082 30137 29365 8686 18235 20444 14045
15 22078 22893 27891 15187 14029 24455 10654 28532 31466 30137 29365 25070 18235 4060 8103
15 5694 22893 27891 31571 30413 8071 27038 28532 31466 13753 12981 25070 1851 20444 10718
15 5694 6509 27891 15187 30413 24455 27038 28532 31466 30137 29365 25070 1851 20444 12276
15 5694 22893 11507 31571 14029 24455 27038 28532 31466 30137 12981 25070 18235 20444 15338
15 22078 6509 11507 31571 30413 24455 10654 28532 31466 30137 29365 8686 18235 20444 14265
15 22078 6509 27891 15187 30413 24455 10654 28532 15082 30137 29365 8686 18235 20444 14005
15 5694 22893 27891 31571 14029 24455 27038 28532 31466 13753 12981 25070 1851 20444 10734
15 22078 22893 11507 31571 30413 24455 10654 12148 31466 30137 29365 8686 18235 4060 5947
15 5694 6509 27891 31571 30413 8071 27038 28532 31466 30137 29365 25070 1851 20444 12252
15 5694 22893 27891 15187 14029 24455 27038 28532 31466 13753 29365 25070 1851 20444 11750
15 5694 22893 11507 31571 30413 8071 27038 28532 31466 30137 12981 25070 18235 20444 15322
15 22078 22893 11507 31571 14029 24455 10654 12148 31466 30137 29365 25070 18235 4060 7979
15 22078 22893 11507 31571 14029 24455 27038 12148 31466 30137 12981 25070 18235 4060 7019
15 22078 22893 11507 31571 30413 8071 27038 12148 31466 30137 29365 8686 18235 20444 14171
15 22078 22893 27891 31571 30413 8071 27038 12148 15082 30137 29365 8686 18235 20444 13919
15 22078 6509 27891 15187 30413 24455 27038 28532 15082 30137 29365 25070 1851 20444 12021
15 22078 6509 27891 31571 30413 8071 27038 28532 15082 30137 29365 25070 1851 20444 11997
15 22078 22893 27891 15187 30413 24455 27038 28532 15082 13753 29365 25070 18235 4060 7415
15 22078 22893 27891 15187 14029 24455 27038 28532 31466 13753 29365 25070 18235 4060 7655
15 22078 22893 27891 15187 14029 24455 14750 28532 31466 30137 29365 25070 1915 20444 12199
15 22078 31085 27891 23379 22221 32647 10654 12148 15082 21945 29365 8686 18235 3558 5695
15 22078 31085 27891 23379 5837 32647 27038 12148 31466 5561 12981 25070 18235 19942 14703
15 22078 31085 27891 6995 22221 32647 27038 28532 15082 5561 29365 25070 1851 19942 11511
15 22078 31085 11507 23379 22221 16263 27038 12148 31466 21945 12981 25070 18235 3558 7003
15 22078 14701 27891 23379 22221 16263 27038 28532 15082 21945 29365 8686 18235 3558 5853
15 22078 31085 27891 6995 5837 32647 10654 28532 31466 21945 29365 25070 18235 19942 16295
15 5694 31085 27891 23379 22221 16263 27038 28532 31466 5561 12981 25070 1851 19942 10718
15 22078 14701 27891 6995 22221 32647 10654 28532 15082 21945 29365 8686 18235 19942 14005
15 5694 31085 27891 23379 5837 32647 27038 28532 31466 5561 12981 25070 1851 19942 10734
15 22078 31085 11507 23379 22221 32647 10654 12148 31466 21945 29365 8686 18235 3558 5947
15 5694 31085 27891 6995 5837 32647 27038 28532 31466 5561 29365 25070 1851 19942 11750
15 22078 31085 27891 23379 22221 16263 27038 28532 31466 21945 12981 25070 10043 7654 3039
15 22078 31085 19699 31571 30413 24455 10654 12148 15082 30137 21173 8686 26427 7130 5695
15 22078 31085 19699 31571 14029 24455 27038 12148 31466 13753 4789 25070 26427 23514 14703
15 22078 31085 19699 15187 30413 24455 27038 28532 15082 13753 21173 25070 10043 7130 3319
15 22078 31085 3315 31571 30413 8071 27038 12148 31466 30137 4789 25070 26427 23514 15195
15 22078 14701 19699 31571 30413 8071 27038 28532 15082 30137 21173 8686 26427 23514 14045
15 22078 31085 19699 15187 14029 24455 10654 28532 31466 30137 21173 25070 26427 7130 8103
15 5694 31085 19699 31571 30413 8071 27038 28532 31466 13753 4789 25070 10043 23514 10718
15 5694 14701 19699 15187 30413 24455 27038 28532 31466 30137 21173 25070 10043 23514 12276
15 5694 31085 3315 31571 14029 24455 27038 28532 31466 30137 4789 25070 26427 23514 15338
15 22078 14701 3315 31571 30413 24455 10654 28532 31466 30137 21173 8686 26427 23514 14265
15 22078 14701 19699 15187 30413 24455 10654 28532 15082 30137 21173 8686 26427 7130 5813
15 5694 31085 19699 31571 14029 24455 27038 28532 31466 13753 4789 25070 10043 23514 10734
15 22078 31085 3315 31571 30413 24455 10654 12148 31466 30137 21173 8686 26427 23514 14139
15 5694 31085 3315 31571 30413 8071 27038 28532 31466 30137 4789 25070 26427 23514 15322
15 22078 31085 19699 31571 14029 24455 10654 12148 31466 30137 21173 25070 26427 7130 7983
15 22078 31085 3315 31571 30413 8071 27038 12148 31466 30137 21173 8686 26427 23514 14171
15 22078 31085 19699 31571 30413 8071 27038 12148 15082 30137 21173 8686 26427 23514 13919
15 30270 31085 19699 31571 22221 32647 2462 3956 15082 30137 29365 8686 26427 24363 13887
15 30270 31085 19699 31571 5837 32647 18846 3956 31466 13753 12981 25070 26427 24363 14703
15 30270 31085 19699 15187 22221 32647 18846 20340 15082 13753 29365 25070 10043 7979 3319
15 30270 31085 3315 31571 22221 16263 18846 3956 31466 30137 12981 25070 26427 24363 15195
15 30270 14701 19699 31571 22221 16263 18846 20340 15082 30137 29365 8686 26427 7979 5853
15 30270 31085 19699 15187 5837 32647 2462 20340 31466 30137 29365 25070 26427 24363 16295
15 13886 31085 19699 31571 22221 16263 18846 20340 31466 13753 12981 25070 10043 7979 2526
15 30270 14701 19699 15187 22221 32647 2462 20340 15082 30137 29365 8686 26427 24363 14005
15 13886 31085 19699 31571 5837 32647 18846 20340 31466 13753 12981 25070 10043 24363 10734
15 30270 31085 3315 31571 22221 32647 2462 3956 31466 30137 29365 8686 26427 24363 14139
15 30270 31085 3315 31571 5837 32647 2462 3956 31466 30137 29365 25070 26427 24363 16171
15 13886 31085 19699 15187 5837 32647 18846 20340 31466 13753 29365 25070 10043 24363 11750
15 30270 31085 19699 31571 22221 32647 10654 3956 15082 30137 21173 8686 26427 23403 13887
15 30270 31085 19699 31571 5837 32647 27038 3956 31466 13753 4789 25070 26427 23403 14703
15 30270 31085 19699 15187 22221 32647 27038 20340 15082 13753 21173 25070 10043 7019 3319
15 30270 31085 3315 31571 22221 16263 27038 3956 31466 30137 4789 25070 26427 23403 15195
15 30270 14701 19699 31571 22221 16263 27038 20340 15082 30137 21173 8686 26427 7019 5853
15 30270 31085 19699 15187 5837 32647 10654 20340 31466 30137 21173 25070 26427 23403 16295
15 13886 31085 19699 31571 22221 16263 27038 20340 31466 13753 4789 25070 10043 23403 10718
15 30270 14701 19699 15187 22221 32647 10654 20340 15082 30137 21173 8686 26427 7019 5813
15 13886 31085 19699 31571 5837 32647 27038 20340 31466 13753 4789 25070 10043 23403 10734
15 30270 31085 3315 31571 22221 32647 10654 3956 31466 30137 21173 8686 26427 23403 14139
15 30270 31085 3315 31571 5837 32647 27038 3956 31466 30137 4789 25070 26427 23403 15211
15 13886 31085 19699 15187 22221 32647 27038 20340 31466 13753 21173 25070 10043 7019 3574
15 30270 31085 3315 31571 5837 32647 10654 3956 31466 30137 21173 25070 26427 23403 16171
15 30270 22893 27891 23379 30413 32647 10654 12148 6890 30137 29365 8686 18235 20213 13887
15 30270 22893 27891 23379 14029 32647 27038 12148 23274 13753 12981 25070 18235 3829 6511
15 30270 22893 27891 6995 30413 32647 27038 28532 6890 13753 29365 25070 1851 20213 11511
15 30270 22893 11507 23379 30413 16263 27038 12148 23274 30137 12981 25070 18235 3829 7003
15 30270 6509 27891 23379 30413 16263 27038 28532 6890 30137 29365 8686 18235 20213 14045
15 30270 22893 27891 6995 14029 32647 10654 28532 23274 30137 29365 25070 18235 20213 16295
15 13886 22893 27891 23379 30413 16263 27038 28532 23274 13753 12981 25070 1851 20213 10718
15 30270 6509 27891 6995 30413 32647 10654 28532 6890 30137 29365 8686 18235 20213 14005
15 13886 22893 27891 23379 14029 32647 27038 28532 23274 13753 12981 25070 1851 20213 10734
15 30270 22893 11507 23379 30413 32647 10654 12148 23274 30137 29365 8686 18235 3829 5947
15 30270 6509 27891 6995 30413 32647 27038 28532 6890 30137 29365 25070 1851 20213 12021
15 13886 22893 27891 6995 14029 32647 27038 28532 23274 13753 29365 25070 1851 20213 11750
15 13886 22893 27891 23379 14029 32647 27038 28532 23274 13753 12981 25070 18235 3829 6638
15 13886 22893 27891 23379 30413 16263 27038 28532 23274 13753 12981 25070 18235 3829 6622
15 13886 22893 11507 23379 30413 16263 27038 28532 23274 30137 12981 25070 18235 3829 7130
15 30270 22893 11507 23379 14029 32647 10654 12148 23274 30137 29365 25070 18235 3829 7979
15 30270 22893 11507 23379 14029 32647 27038 12148 23274 30137 12981 25070 18235 3829 7019
15 30270 22893 11507 23379 30413 16263 27038 12148 23274 30137 29365 8686 18235 3829 5979
15 30270 22893 27891 31571 30413 24455 10654 12148 6890 30137 29365 8686 18235 20189 13887
15 30270 22893 27891 31571 14029 24455 27038 12148 23274 13753 12981 25070 18235 3805 6511
15 30270 22893 27891 15187 30413 24455 27038 28532 6890 13753 29365 25070 1851 20189 11511
15 30270 22893 11507 31571 30413 8071 27038 12148 23274 30137 12981 25070 18235 20189 15195
15 30270 6509 27891 31571 30413 8071 27038 28532 6890 30137 29365 8686 18235 20189 14045
15 30270 22893 27891 15187 14029 24455 10654 28532 23274 30137 29365 25070 18235 3805 8103
15 13886 22893 27891 31571 30413 8071 27038 28532 23274 13753 12981 25070 1851 20189 10718
15 30270 6509 27891 15187 30413 24455 10654 28532 6890 30137 29365 8686 18235 20189 14005
15 13886 22893 27891 31571 14029 24455 27038 28532 23274 13753 12981 25070 1851 20189 10734
15 30270 22893 11507 31571 30413 24455 10654 12148 23274 30137 29365 8686 18235 3805 5947
15 30270 6509 27891 31571 30413 8071 27038 28532 6890 30137 29365 25070 1851 20189 11997
15 13886 22893 27891 15187 14029 24455 27038 28532 23274 13753 29365 25070 1851 20189 11750
15 13886 22893 27891 15187 14029 24455 27038 28532 23274 13753 29365 25070 18235 3805 7654
15 13886 22893 27891 31571 14029 24455 27038 28532 23274 13753 12981 25070 18235 3805 6638
15 13886 22893 11507 31571 30413 8071 27038 28532 23274 30137 12981 25070 18235 20189 15322
15 30270 22893 11507 31571 14029 24455 10654 12148 23274 30137 29365 25070 18235 3805 7979
15 30270 22893 11507 31571 14029 24455 27038 12148 23274 30137 12981 25070 18235 3805 7019
15 30270 22893 11507 31571 30413 8071 27038 12148 23274 30137 29365 8686 18235 20189 14171
15 30270 22893 27891 31571 30413 8071 27038 12148 6890 30137 29365 8686 18235 20189 13919
15 30270 6509 27891 15187 30413 24455 27038 28532 6890 30137 29365 25070 1851 20189 12021
15 30270 22893 27891 15187 14029 24455 14750 28532 23274 30137 29365 25070 1915 20189 12199
15 30270 31085 27891 31571 26317 32647 6558 3956 6890 30137 25269 4590 27499 22079 13887
15 30270 31085 27891 31571 9933 32647 22942 3956 23274 13753 8885 20974 27499 22079 14703
15 30270 31085 27891 15187 26317 32647 22942 20340 6890 13753 25269 20974 11115 22079 11511
15 30270 31085 11507 31571 26317 16263 22942 3956 23274 30137 8885 20974 27499 22079 15195
15 30270 14701 27891 31571 26317 16263 22942 20340 6890 30137 25269 4590 11115 22079 9949
15 13886 31085 27891 31571 26317 16263 22942 20340 23274 13753 8885 20974 27499 5695 6622
15 13886 14701 27891 15187 26317 32647 22942 20340 23274 30137 25269 20974 11115 5695 4084
15 13886 31085 11507 31571 9933 32647 22942 20340 23274 30137 8885 20974 27499 5695 7146
15 30270 14701 11507 31571 26317 32647 6558 20340 23274 30137 25269 4590 27499 22079 14265
15 30270 14701 27891 15187 26317 32647 6558 20340 6890 30137 25269 4590 11115 22079 9909
15 13886 31085 27891 31571 9933 32647 22942 20340 23274 13753 8885 20974 27499 5695 6638
15 30270 31085 11507 31571 9933 32647 22942 3956 23274 30137 8885 20974 27499 22079 15211
15 30270 14701 27891 31571 18125 16263 31134 20340 15082 21945 17077 12782 11115 6511 1757
15 30270 14701 27891 15187 18125 32647 14750 20340 15082 21945 17077 12782 11115 6511 1717
15 30270 14701 19699 31571 26317 8071 31134 20340 15082 30137 17077 12782 11115 23387 9949
15 30270 14701 19699 15187 26317 24455 14750 20340 15082 30137 17077 12782 11115 7003 1717
15 30270 6509 27891 31571 26317 8071 31134 28532 6890 30137 25269 4590 2923 18141 9949
15 30270 6509 27891 15187 26317 24455 14750 28532 6890 30137 25269 4590 2923 18141 9909
15 13886 6525 27891 15187 9935 24455 31134 28532 23274 30137 25269 20974 19307 18141 16356
15 30270 6525 27891 15187 9935 24455 14750 28532 23274 30137 25269 20974 19307 18141 16293
15 30270 31085 27891 23379 18125 32647 6558 12148 15082 30137 25269 12782 27499 24487 13887
15 30270 31085 27891 23379 1741 32647 22942 12148 31466 13753 8885 29166 27499 24487 14703
15 30270 31085 11507 23379 18125 16263 22942 12148 31466 30137 8885 29166 27499 8103 7003
15 30270 14701 27891 23379 18125 16263 22942 28532 15082 30137 25269 12782 11115 8103 1757
15 30270 31085 27891 6995 1741 32647 6558 28532 31466 30137 25269 29166 27499 24487 16295
15 30270 14701 27891 6995 18125 32647 6558 28532 15082 30137 25269 12782 11115 24487 9909
15 13886 31085 27891 23379 1741 32647 22942 28532 31466 13753 8885 29166 27499 24487 14830
15 30270 6509 27891 6995 26317 32647 6558 28532 6890 30137 25269 4590 2923 18101 9909
15 22078 14701 27891 31571 18125 16263 31134 28532 15082 21945 17077 12782 11115 6638 1757
15 22078 14701 27891 15187 18125 32647 14750 28532 15082 21945 17077 12782 11115 6638 1717
15 30270 31085 27891 31571 30413 28551 6558 3956 6890 30137 29365 494 26459 22079 13887
15 30270 31085 27891 31571 14029 28551 22942 3956 23274 13753 12981 16878 26459 22079 14703
15 30270 14701 27891 31571 30413 12167 22942 20340 6890 30137 29365 494 26459 22079 14045
15 13886 31085 27891 31571 30413 12167 22942 20340 23274 13753 12981 16878 26459 5695 6622
15 30270 14701 27891 15187 30413 28551 6558 20340 6890 30137 29365 494 26459 22079 14005
15 13886 31085 27891 31571 14029 28551 22942 20340 23274 13753 12981 16878 10075 5695 2542
15 30270 31085 27891 23379 30413 28551 14750 12148 6890 21945 29365 8686 18267 19703 13887
15 30270 31085 27891 6995 30413 28551 31134 28532 6890 5561 29365 25070 1883 19703 11511
15 30270 31085 11507 23379 30413 12167 31134 12148 23274 21945 12981 25070 18267 3319 7003
15 30270 31085 27891 6995 14029 28551 14750 28532 23274 21945 29365 25070 1883 19703 12199
15 13886 31085 11507 23379 14029 28551 31134 28532 23274 21945 12981 25070 18267 3319 7146
15 30270 14701 27891 6995 30413 28551 14750 28532 6890 21945 29365 8686 18267 19703 14005
15 30270 31085 19699 31571 30413 20359 14750 3956 15082 30137 21173 8686 26459 23387 13887
15 30270 31085 19699 31571 14029 20359 31134 3956 31466 13753 4789 25070 26459 23387 14703
15 30270 31085 3315 31571 30413 3975 31134 3956 31466 30137 4789 25070 26459 23387 15195
15 30270 14701 19699 15187 30413 20359 14750 20340 15082 30137 21173 8686 26459 7003 5813
15 13886 31085 19699 31571 14029 20359 31134 20340 31466 13753 4789 25070 10075 23387 10734
15 30270 31085 3315 31571 30413 3975 31134 3956 31466 30137 21173 8686 26459 23387 14171
15 30270 6509 27891 6995 30413 28551 6558 28532 6890 30137 29365 494 26459 22197 14005
15 13886 22893 27891 23379 14029 28551 22942 28532 23274 13753 12981 16878 10075 5813 2542
15 22078 31085 27891 23379 22221 28551 14750 12148 15082 21945 29365 8686 18267 3558 5695
15 22078 31085 27891 23379 5837 28551 31134 12148 31466 5561 12981 25070 18267 19942 14703
15 22078 31085 27891 6995 22221 28551 31134 28532 15082 5561 29365 25070 1883 19942 11511
15 22078 31085 11507 23379 22221 12167 31134 12148 31466 21945 12981 25070 18267 3558 7003
15 22078 14701 27891 6995 22221 28551 14750 28532 15082 21945 29365 8686 18267 19942 14005
15 5694 31085 27891 23379 5837 28551 31134 28532 31466 5561 12981 25070 1883 19942 10734
15 22078 31085 11507 23379 22221 12167 31134 12148 31466 21945 29365 8686 18267 3558 5979
15 5694 31085 27891 6995 5837 28551 31134 28532 31466 5561 29365 25070 1883 19942 11750
15 22078 14701 27891 6995 22221 28551 14750 28532 15082 21945 29365 25070 1883 19942 11957
15 22078 14701 27891 23379 22221 28551 14750 28532 15082 21945 29365 8686 18267 3558 5821
15 5694 31085 27891 7027 22221 12175 31134 28532 31466 5561 29365 25070 18267 19942 15830
15 30270 31085 19699 31571 22221 28551 6558 3956 15082 30137 29365 8686 26459 24363 13887
15 30270 31085 19699 15187 22221 28551 22942 20340 15082 13753 29365 25070 10075 7979 3319
15 30270 31085 3315 31571 22221 12167 22942 3956 31466 30137 12981 25070 26459 24363 15195
15 30270 14701 19699 31571 22221 12167 22942 20340 15082 30137 29365 8686 26459 7979 5853
15 30270 31085 19699 15187 5837 28551 6558 20340 31466 30137 29365 25070 10075 24363 12199
15 30270 14701 19699 15187 22221 28551 6558 20340 15082 30137 29365 8686 26459 24363 14005
15 30270 31085 3315 31571 5837 28551 6558 3956 31466 30137 29365 25070 26459 24363 16171
15 13886 31085 19699 15187 5837 28551 22942 20340 31466 13753 29365 25070 10075 24363 11750
15 13886 31085 19699 15187 22221 28551 22942 20340 31466 13753 29365 25070 10075 7979 3574
15 30270 31085 3315 31571 22221 28551 6558 3956 31466 30137 29365 8686 26459 24363 14139
15 30270 31085 19699 31571 30413 28551 6558 3956 15082 30137 29365 494 26459 22331 13887
15 30270 31085 19699 31571 14029 28551 22942 3956 31466 13753 12981 16878 26459 22331 14703
15 30270 31085 19699 15187 30413 28551 22942 20340 15082 13753 29365 16878 10075 5947 3319
15 30270 31085 3315 31571 30413 12167 22942 3956 31466 30137 12981 16878 26459 22331 15195
15 30270 14701 19699 31571 30413 12167 22942 20340 15082 30137 29365 494 26459 22331 14045
15 30270 31085 19699 15187 14029 28551 6558 20340 31466 30137 29365 16878 10075 22331 12199
15 13886 31085 19699 31571 30413 12167 22942 20340 31466 13753 12981 16878 26459 5947 6622
15 30270 14701 19699 15187 30413 28551 6558 20340 15082 30137 29365 494 26459 22331 14005
15 13886 31085 19699 31571 14029 28551 22942 20340 31466 13753 12981 16878 10075 5947 2542
15 30270 31085 3315 31571 30413 12167 22942 3956 31466 30137 29365 494 26459 22331 14171
15 30270 31085 3315 31571 30413 28551 6558 3956 31466 30137 29365 494 26459 22331 14139
15 13886 31085 19699 15187 14029 28551 22942 20340 31466 13753 29365 16878 10075 5947 3558
15 30270 14701 19699 15187 30413 28551 6558 20340 15082 30137 29365 16878 10075 22331 11957
15 30270 31085 3315 31571 14029 28551 22942 3956 31466 30137 12981 16878 26459 22331 15211
15 24126 31085 27891 23379 24269 28551 14750 12148 15082 30137 29365 16895 26459 6118 7743
15 24126 31085 27891 23379 7885 28551 31134 12148 31466 13753 12981 16895 26459 22502 14703
15 24126 31085 27891 6995 24269 28551 31134 28532 15082 13753 29365 16895 10075 22502 11511
15 24126 31085 11507 23379 24269 12167 31134 12148 31466 30137 12981 16895 26459 6118 7003
15 7742 31085 11507 23379 7885 28551 31134 28532 31466 30137 12981 16895 26459 22502 15338
15 24126 14701 11507 23379 24269 28551 14750 28532 31466 30137 29365 511 26459 22502 14265
15 7742 14701 11507 23379 24269 12167 31134 28532 31466 30137 29365 511 26459 22502 14296
15 7742 14701 27891 6995 24269 28551 31134 28532 31466 30137 29365 511 26459 22502 14324
15 7742 31085 11507 23379 7885 28551 31134 28532 31466 30137 29365 511 26459 22502 14314
15 7742 31085 27891 6995 7885 28551 31134 28532 31466 13753 29365 16895 10075 22502 11750
15 24126 14701 27891 6995 24269 28551 14750 28532 15082 30137 29365 16895 10075 22502 11957
15 24126 14701 27891 23379 24269 28551 14750 28532 15082 30137 29365 16895 10075 6118 3773
15 24126 31085 27891 23379 24269 28551 31134 28532 15082 13753 29365 16895 10075 6118 3327
15 7742 15725 27891 23379 24269 28551 31134 28532 31466 30137 12983 16895 10075 22502 11260
15 24126 31085 27891 23379 24269 28551 15774 28532 31466 30137 13045 16895 10075 6118 3007
15 30270 31085 31987 28499 30413 32647 6558 8052 6890 30137 27325 1518 25591 22079 13887
15 30270 31085 31987 28499 14029 32647 22942 8052 23274 13753 10941 17902 25591 22079 14703
15 30270 14701 31987 28499 30413 16263 22942 24436 6890 30137 27325 1518 25591 22079 14045
15 13886 31085 31987 28499 30413 16263 22942 24436 23274 13753 10941 17902 25591 5695 6622
15 30270 31085 31987 20307 30413 32647 14750 16244 6890 21945 27325 9710 25591 23799 13887
15 30270 31085 31987 3923 30413 32647 31134 32628 6890 5561 27325 26094 25591 23799 15607
15 30270 31085 15603 20307 30413 16263 31134 16244 23274 21945 27325 26094 9207 7415 3931
15 30270 31085 31987 3923 14029 32647 14750 32628 23274 21945 27325 26094 25591 23799 16295
15 13886 31085 15603 20307 14029 32647 31134 32628 23274 21945 10941 26094 25591 7415 7146
15 30270 31085 23795 28499 30413 24455 14750 8052 15082 30137 27325 9710 17399 20315 13887
15 30270 31085 7411 28499 30413 8071 31134 8052 31466 30137 27325 26094 1015 20315 12123
15 22078 31085 23795 28499 22221 32647 14750 16244 15082 30137 27325 9710 17399 4074 5695
15 22078 31085 23795 28499 5837 32647 31134 16244 31466 13753 10941 26094 17399 20458 14703
15 22078 31085 23795 12115 22221 32647 31134 32628 15082 13753 27325 26094 17399 4074 7415
15 22078 31085 7411 28499 22221 16263 31134 16244 31466 30137 27325 26094 1015 20458 12123
15 22078 31085 23795 12115 5837 32647 14750 32628 31466 30137 27325 26094 17399 20458 16295
15 5694 31085 7411 28499 5837 32647 31134 32628 31466 30137 10941 26094 17399 20458 15338
15 22078 14701 7411 28499 22221 32647 14750 32628 31466 30137 27325 9710 17399 20458 14265
15 5694 31085 7411 28499 5837 32647 31134 32628 31466 30137 27325 26094 1015 20458 12266
15 5694 14701 7411 28499 22221 16263 31134 32628 31466 30137 27325 26094 1015 20458 12248
15 5694 31085 23795 12115 5837 32647 31134 32628 31466 13753 10941 26094 17399 20458 14822
15 22078 14701 7411 28499 22221 32647 14750 32628 31466 30137 27325 26094 1015 20458 12217
15 22078 14701 23795 12115 22221 32647 14750 32628 15082 30137 27325 9710 17399 4074 5813
15 22078 31085 7411 28499 22221 32647 14750 16244 31466 30137 27325 9710 17399 20458 14139
15 22078 31085 7411 28499 22221 16263 31134 16244 31466 30137 10941 9710 17399 20458 13147
15 22078 31085 23795 28499 22221 16263 31134 16244 15082 13753 27325 26094 17399 4074 7263
15 22078 31085 23795 28499 22221 16263 31134 16244 15082 30137 27325 9710 17399 4074 5727
15 22078 31085 23795 28499 22221 16263 31134 16244 31466 13753 10941 26094 17399 4074 6495
15 22078 31085 23795 12115 22221 32647 31134 32628 31466 13753 10941 26094 17399 4074 6647
15 22078 31085 31987 20307 22221 32647 14750 16244 15082 21945 19133 9710 25591 6630 5695
15 22078 31085 31987 20307 5837 32647 31134 16244 31466 5561 2749 26094 25591 23014 14703
15 22078 31085 31987 3923 22221 32647 31134 32628 15082 5561 19133 26094 25591 23014 15607
15 22078 31085 15603 20307 22221 16263 31134 16244 31466 21945 19133 26094 9207 6630 3931
15 5694 31085 31987 3923 5837 32647 31134 32628 31466 5561 2749 26094 25591 23014 14822
15 22078 14701 31987 3923 22221 32647 14750 32628 15082 21945 19133 9710 25591 23014 14005
15 22078 14701 31987 20307 22221 32647 14750 32628 15082 21945 19133 9710 25591 6630 5821
15 22078 31085 15603 20307 22221 16263 31134 16244 31466 21945 19133 9710 25591 6630 5979
15 30270 31085 23795 28499 22221 32647 6558 8052 15082 30137 27325 9710 17399 20267 13887
15 30270 31085 23795 12115 22221 32647 22942 24436 15082 13753 27325 26094 17399 3883 7415
15 30270 31085 7411 28499 22221 16263 22942 8052 31466 30137 27325 26094 1015 20267 12123
15 30270 14701 23795 28499 22221 16263 22942 24436 15082 30137 27325 9710 17399 3883 5853
15 30270 31085 23795 12115 5837 32647 6558 24436 31466 30137 27325 26094 17399 20267 16295
15 30270 31085 7411 28499 5837 32647 6558 8052 31466 30137 27325 26094 1015 20267 12075
15 13886 31085 23795 12115 5837 32647 22942 24436 31466 13753 10941 26094 17399 20267 14822
15 13886 31085 23795 12115 22221 32647 22942 24436 31466 13753 10941 26094 17399 3883 6646
15 30270 31085 7411 28499 22221 16263 22942 8052 31466 30137 10941 9710 17399 20267 13147
15 30270 31085 23795 28499 22221 16263 22942 24436 15082 13753 27325 26094 17399 3883 7391
