20 722814 1011917 987643 995575 692205 823261 193727 850046 1035829 1043761 260977 915376 519374 515786 507842 425968 950031 128863 654254 330687
20 397054 663417 516537 276471 942959 975199 540603 392781 782462 990427 1022667 1038019 651210 905724 1030580 1015204 982916 905015 257725 262002
20 246654 1033373 285691 509175 904367 64477 245549 851006 784997 1014117 1030362 866292 946148 1023968 955327 747003 962395 915275 753310 524178
20 1044806 736605 744811 482998 1027754 1035932 589703 327544 654535 457976 539646 575486 485327 1021907 498669 1010673 979263 913983 258745 241015
20 1041066 424685 949618 129971 654796 441999 1007382 260667 916572 514283 1030516 47102 86014 953791 988127 995257 972761 911079 780135 517461
20 8190 453753 750489 488295 716199 323291 368555 630645 728797 881133 956915 959987 1001421 1034814 1028670 1010930 979916 916766 786026 524180
20 397246 686553 505449 324087 577515 380829 783902 940859 948411 1019125 1026677 1001395 1040846 1037646 637434 882300 982628 868295 245677 262098
20 539638 204281 844777 509414 785923 278479 902063 989551 1001711 851061 522810 735155 765619 974389 1025884 1013340 974298 916890 780268 523221
20 174846 709369 863609 532471 778479 909663 1022015 196379 884396 458123 1014668 505805 1036234 511925 1030066 490227 982388 392915 786276 349566
20 952306 850325 752026 491108 764839 503513 1038121 768311 776407 519289 1045097 390078 912846 384702 900942 819187 688124 591869 65131 251351
20 601590 579065 469753 447222 102383 709087 932031 1017983 654899 523548 916243 993237 976746 1007429 1029930 1005498 978837 916204 786124 523747
20 539638 110073 938745 509174 407279 576479 770495 1024127 654947 949557 523034 915235 1011477 1023891 1023852 1011178 982474 915164 786076 523237
20 31230 427965 489043 692195 391591 565211 753197 961339 977083 1021166 1036910 651769 880245 1006037 998741 987066 982612 911310 784278 524264
20 921406 145401 903417 317943 790511 682847 129470 390750 671355 996787 1029011 1032573 518090 776162 1030380 1014988 982724 917283 777885 519989
20 663510 794489 255921 915682 147431 386910 801723 784477 937591 968055 1033015 995803 1026267 514300 1025964 1013420 982188 655253 655210 516043
20 231934 302841 780057 501367 1025583 367579 489899 974179 784613 914494 979614 1036771 847842 1005404 999364 597951 715645 880093 687866 524180
20 233086 334841 714169 49111 508399 1032663 466619 946558 848574 900427 784973 1029707 880586 974732 1029556 749373 974451 912629 752626 524196
20 532222 713085 618395 844775 728551 955867 963003 335741 516350 916621 1006261 1013397 1019633 1035086 1027854 1012586 458644 916850 262120 196223
20 837564 260220 580571 771319 1034415 1041563 737166 870269 884421 966085 996329 521046 520006 515938 375231 948799 425466 900730 786353 428029
20 190428 915516 93179 386871 518927 860110 737189 941925 239357 443901 1020905 1011958 1043682 776543 965279 1013531 834942 851921 777914 523490
20 275454 423385 653881 128439 258959 888781 958371 447867 484603 1030261 1034730 1046116 715487 1006367 769438 745212 978748 917458 733155 523876
20 102142 203769 845177 49079 451439 770527 1032631 728939 946430 507035 916109 1029771 1011594 974620 1029492 880253 974563 883698 786260 523748
20 554748 1018236 755451 572279 943343 818271 1018943 522005 1047178 785805 520949 1045354 913321 450489 999345 475086 974790 389078 261618 88959
20 576502 247289 801769 472550 785923 286671 902063 1024367 1032431 851061 522810 980533 1011260 1023644 761715 749523 980442 916890 737260 523221
20 320506 523785 728568 206839 581101 871389 701885 844669 991997 518571 784478 1037878 1043542 513995 900787 949971 950062 900942 785315 515572
20 31740 1017084 171003 370167 936687 619743 743615 895103 523789 982293 1045290 979925 782181 909225 999281 999310 980458 909142 782234 524018
20 341500 707324 30715 629495 494063 943327 848063 1024127 523797 785678 1014565 1038106 913229 1005541 966502 1006554 966553 913330 785905 524010
20 395262 663509 846307 521777 204779 387549 540599 936823 968951 996571 1028699 651766 781914 908908 1030572 1015084 982584 907163 780205 524230
20 532222 536573 643579 677815 830415 742863 895415 401023 1040510 457883 490155 505555 511661 1036114 1029932 1014612 982372 393128 262096 123263
20 540410 261897 1032696 770807 810477 866013 969405 995965 1047574 261355 916275 980819 487347 1023907 499550 1011534 456622 392142 785908 306685
20 812790 826105 746873 760182 532463 877791 1026111 327475 261788 458131 490421 505818 1036186 511973 1030053 1014730 982380 917324 786147 512127
20 550902 564217 1008761 1022070 597487 746719 961087 130867 392851 982467 490421 505818 1036186 511973 1030053 1014730 458172 917100 786252 447103
20 201726 540537 511161 278007 740975 1002591 604091 521037 965323 782803 911486 976190 1024971 843722 1027764 1015684 972533 908213 785836 524146
20 231934 302841 780057 501367 1025583 367579 489899 974179 784613 914494 979614 1036771 847842 1005404 999364 663487 945021 650717 622330 524180
20 71678 540153 510585 409303 739823 904535 1001663 671579 652979 521613 897963 975102 1025931 974730 1026932 1015588 972661 916188 786028 523762
20 508350 195193 902617 118519 1034447 475019 589470 870269 1013413 687594 867308 767610 978786 1023842 955359 1013855 961981 916275 783797 524244
20 516318 195897 877305 124791 517231 556894 893885 1030981 704234 892396 777018 980898 1036194 936447 998463 466907 972509 916883 785109 491492
20 705918 1020125 627707 937207 1032431 552925 177599 866942 261733 916900 457577 1013672 503750 516064 1027897 489303 981910 392539 786074 346815
20 542718 694973 629243 937591 1034351 191199 879933 259879 915141 456107 1012681 1028222 1027974 516064 501753 490422 982484 392890 786264 335199
20 530430 830141 653435 790519 813551 178911 744765 440123 1005273 505259 1037257 1040510 255973 514742 1031508 491174 982852 393184 782234 347487
20 609150 837341 794363 770551 1032431 735709 355007 963710 785961 392519 981894 489317 1028004 516064 503643 1013658 457593 916920 261846 169407
20 575358 739773 596987 967927 1032431 159199 833213 997502 261671 916805 457577 489382 1028036 516064 503611 1013593 981910 392634 786136 365279
20 618750 724829 988987 996151 258671 914077 261523 916833 958158 1019198 1035206 1042370 451069 514297 507121 425968 552703 327518 720812 331695
20 247166 348089 717529 118519 448175 368091 769325 850494 1031267 1013918 510331 866282 961524 1039300 1025695 685565 946027 915285 753586 523204
20 492798 626665 520985 233335 425197 695771 863931 949363 784942 915790 1018107 555002 977844 1006548 1031060 1005359 976719 390589 784085 393186
20 115710 155513 912537 318903 511279 432091 752547 897901 250619 1028579 981054 1012830 929770 1040068 765279 878525 977877 884594 769724 523972
20 399870 540409 509753 143351 937583 970271 736155 900427 522445 779390 910014 930299 1042883 647114 1029940 1013668 980932 383869 777653 392946
20 399870 540409 509753 159607 921327 970271 736155 900435 522445 779390 910014 930299 1042883 647114 1029932 1013668 980932 383869 777653 392946
20 53244 995580 369659 218999 940271 508383 771263 977015 392749 916749 785225 980881 1011482 1023878 696313 880613 964462 883962 768950 523986
20 138238 322809 751385 585575 488871 453339 827307 498547 728797 760301 913758 959467 1001429 1035326 1029182 880362 980884 883637 785650 524108
20 139006 321401 752025 714663 489831 303067 499379 761453 915518 961771 975595 988149 1001973 1034014 1029406 878570 981460 622301 655218 524172
20 138750 321273 752409 714599 490151 437723 827307 499059 761069 915550 975339 988149 1002453 1033790 1029662 878570 981908 622013 655090 524108
20 138750 321273 752409 714599 490151 452059 827307 499059 761069 915550 961003 989141 1002453 1033790 1028670 878570 981908 622013 655090 524108
20 722814 946397 617723 922615 991727 626653 193727 850046 1023545 1039657 260965 915364 454602 515286 507590 491488 978741 391003 785306 330687
20 102142 430973 991675 206839 825839 1016287 57275 617853 946430 523339 785097 915153 978770 1007500 1032128 1007219 978605 915246 785206 523700
20 662910 615389 596987 943351 993519 957661 254399 909950 261703 916870 981801 1021749 1036069 509914 505802 491488 457686 392569 786104 270015
20 568062 794525 532475 812983 909743 778717 785957 437055 1004734 441551 1006414 505543 1036102 510713 1029496 490225 982384 393184 262042 87423
20 138238 509369 802425 290295 924911 967903 540605 247675 260811 784837 909566 996189 1026901 909132 1025962 1013666 982914 908211 785470 523892
20 185340 879740 346107 640503 715887 937375 652063 499501 512749 522693 1026238 1029810 1043393 1039954 930687 737241 835534 851889 753574 523386
20 233278 127481 921337 302839 730607 500959 816062 881790 784979 974157 1018557 1038093 912330 1036786 1031106 491307 720307 913205 720620 491476
20 771022 935673 653625 1034359 883822 851102 1001371 456547 261829 521667 424946 1029436 389044 499636 563199 752557 965469 896971 737018 510079
20 1040926 1042021 588411 899989 908173 720326 753062 507256 515320 915487 522722 571388 610300 954095 989047 405439 939995 386531 255899 96895
20 778590 583669 976115 1030961 179567 835230 228759 884326 253531 908714 416758 473080 479224 1018111 1021895 1008447 981961 392541 786092 385711
20 179574 310969 770553 901878 102383 494815 779581 907838 753237 884122 441203 473011 978819 1007427 1029068 939263 945148 916837 786090 521164
20 659326 278009 1032889 415479 844527 921311 147387 389758 785987 770557 997739 1029475 519626 908754 1029020 1014676 982916 647021 654526 519989
20 167678 381817 732601 628215 467951 1016287 318395 699773 880894 523347 785037 980677 913226 1007508 1032002 941803 948030 913077 785266 523692
20 733690 521993 839416 770551 577517 743901 867005 1026173 259643 392534 981782 849652 1011555 1023939 499518 487326 455659 914859 786118 408829
20 809852 763132 539643 893815 707823 932191 1032511 785942 391789 392589 1047186 456629 1011621 499630 1023953 487386 980938 916722 261993 218367
20 418810 1043977 630264 492535 49133 219101 817597 962941 1003773 519227 784950 915030 650740 974547 999267 999070 974638 911275 781259 523718
20 392298 610233 963544 635879 937958 359643 441661 750398 757470 775582 514931 1041779 517869 1038573 999091 999245 589739 851924 195701 256926
20 51198 351929 780633 220023 510767 286683 702381 964451 715005 496891 914147 1012030 995050 1039812 896319 1009621 982558 900060 786098 523716
20 101886 447417 732793 467959 693999 1016543 602045 318331 392395 946430 784725 914885 978834 1007436 1032066 1007027 978285 915006 785322 523892
20 586998 776313 800745 990054 257923 913615 1012015 327477 487132 1027484 457621 513946 969967 903157 245235 753331 977786 909146 737260 504431
20 771198 806873 258985 564215 990443 769117 904507 490270 391886 981390 1042547 800762 502716 516004 1025991 751469 456181 915125 753618 446075
20 778462 910125 929019 976183 687341 818974 261781 507477 1039914 392674 433148 989172 511984 901887 766843 489419 981955 646621 638894 485695
20 508286 1033869 678395 773783 195053 392021 507189 720414 1013877 916650 1030858 604156 815092 892912 955327 485115 962411 902623 784227 491406
20 639998 687421 714587 765639 325095 883155 893885 376441 1036407 1027277 457374 1013418 519602 925438 1023287 481245 973801 917262 262128 224111
20 770302 575485 744251 224215 1020719 906583 388523 978507 343678 933278 850914 489420 1027892 516040 765167 1012979 457085 916125 770032 448183
20 540158 902845 947771 958039 318895 880023 769929 391539 261361 1045582 770943 1028601 453597 1006565 505782 483290 978914 917324 785086 470639
20 586238 622197 419771 958405 227239 909783 899755 439165 971965 474334 1006366 1046090 757723 510711 1027383 1014249 982642 393116 782316 384363
20 583166 774973 766827 769223 946083 1033111 916621 912505 456247 1014070 457177 1013464 503630 925661 888819 480751 973550 376638 262128 92927
20 933826 865781 771578 1034996 389998 392286 455487 1007375 718551 981465 784807 1046185 356339 892787 237564 749436 851134 577485 604923 503695
20 586492 1010972 746363 894391 975215 178141 711605 892777 986366 261349 506794 1038274 519905 513599 1030743 818937 950158 360310 785818 379359
20 1016190 318201 730617 580855 862703 492511 954815 32638 993013 523682 785292 915098 978634 1007508 1031818 1007211 978741 915301 785267 523613
20 113404 939388 160763 316407 734575 890271 719391 388909 1008830 522445 1042866 1046209 1018495 774101 962510 884457 966577 884566 778154 523634
20 347900 766332 249275 597879 504047 988767 996923 458517 720526 818665 871405 911245 959482 973778 1027973 1014166 969855 913910 786161 524138
20 322044 743036 577275 256823 480623 871647 971959 835429 507545 769422 988150 910253 1026002 1039241 1026175 949197 950074 915290 785905 524006
20 681914 260157 915546 584183 1042703 237515 892844 933737 968441 1013217 1037281 504062 503526 1006239 1025823 482686 458358 393139 786388 288733
20 115710 577497 521273 187639 1037391 474061 692155 621419 912099 1026531 981086 931818 1010876 1007524 898463 1001311 979893 900732 786228 524242
20 540154 261897 1032952 640503 809965 933085 1004733 1025149 654875 1046806 260587 980787 487283 1023907 499550 1011598 456654 392934 785140 306173
20 801660 771324 539643 902007 679151 1003871 1024319 785942 391789 392589 1047186 980885 487349 1023941 499642 1011658 456682 916722 261993 175359
20 75774 170877 826555 408055 626415 1018079 224187 879741 521803 783699 914325 971006 978702 1005513 1032128 1007414 976881 916330 785836 523956
20 603130 261673 970200 575479 810477 654875 996253 1004381 1024733 258539 981054 1045558 487155 1023843 499390 1011502 457699 393158 785876 306685
20 31740 1017084 203771 321015 862959 709855 637119 968831 523789 1015061 1045290 1012693 782181 909145 966569 1013226 966486 909222 782234 524018
20 31486 629501 959227 683383 873839 740959 833087 523015 1047704 522471 1046904 260011 389075 450509 475065 999366 974770 913324 784340 492926
20 31486 629501 959227 683383 873839 573023 1001023 523015 1047704 522471 1046904 260011 389043 450477 475097 999334 974802 913356 784340 492926
20 157690 1043977 891384 231415 49133 351197 701885 946557 1003773 519227 780891 914998 911860 974547 999331 999006 974638 911307 785318 523718
20 16380 1032444 53243 218103 370159 865503 940223 960639 261661 785677 916277 980933 1011561 1023921 1023822 1011606 980794 916426 785650 524002
20 16380 1032444 53243 218103 500207 810207 865471 960639 261661 785677 916325 980901 1011561 1023953 1023790 1011606 980826 916378 785650 524002
20 532476 1040508 550907 760055 830319 971359 1004607 261901 917141 458165 1014725 1030041 511977 1036182 505830 490426 982474 392938 786290 339327
20 8190 550905 1022073 568311 732399 873823 971327 261915 392875 458187 490419 505757 511973 1036186 1030114 1014732 982452 917204 786276 516222
20 139006 320381 540643 511379 520811 802647 717495 777549 912558 947319 990125 1021357 732917 906102 1024986 1010138 982424 909017 782138 524260
20 849982 862717 319195 387799 455375 1015107 477118 1017694 999138 253404 777188 653103 978741 1038651 245373 753309 716778 915440 668159 507299
20 277500 771324 24571 838135 500463 734431 893375 1003647 851533 523541 785190 980749 1011621 1023857 1023886 1011546 980722 917170 785369 523754
20 36862 498361 779609 760775 517543 294867 556973 368251 714365 956907 909813 996075 1010410 1006964 1029492 1001375 982174 916254 786098 524108
20 138750 254713 818969 323431 753287 497611 499115 766835 827117 909758 940413 947549 986613 1034910 1027614 1008618 979698 654579 655212 524180
20 8190 254457 851481 388711 685991 244187 498603 728947 750835 842973 818077 890605 921589 1033534 1025822 1010286 977386 913906 785996 524180
20 537598 740701 613755 700087 294255 835229 488343 1028969 488663 1030377 1034558 1033790 386037 447481 507222 1015464 974790 913354 262128 233135
20 528382 848361 753177 702359 233453 383955 388531 823163 832251 728509 748253 1001205 1041198 1037646 1031270 487930 458356 917020 784866 425871
20 231166 125433 956217 455127 755567 896791 228251 491083 850046 990453 1022645 882658 946124 907754 1030602 1008959 716531 906973 720812 524084
20 397182 209913 838905 382887 687335 984543 929207 651646 504555 523531 969341 980565 781210 777170 900764 884620 979882 868211 773997 523508
20 200190 597945 516729 374615 762799 780951 458125 687475 859867 913726 1006027 1005027 847818 971516 966372 1012348 954175 912629 786252 524210
20 51198 747897 382649 879511 479023 251735 704419 835405 715003 367869 512757 996314 1027812 1038794 1025343 948197 949822 916850 786076 522698
20 8190 190969 882233 488151 750415 847751 237467 434027 716019 865533 891877 972259 986845 1033022 1026366 1011170 980572 915930 786092 524084
20 89086 216061 32507 49015 309167 435679 740783 1000823 1017083 915487 963068 782927 912925 974396 998087 999224 973763 912866 784304 524224
20 157662 400637 432379 244519 804839 891742 937399 947799 650873 652729 1008595 1028462 1026734 778121 1026001 1014572 982824 392399 777462 393200
20 920062 700089 874329 839399 735079 961243 1004349 978219 1012949 130174 129950 517803 1042260 253874 376780 491178 458580 899571 776685 397823
20 920062 700089 874329 839399 735079 961435 1004957 978027 1012341 130366 129758 517803 1042260 253874 376780 491178 458580 899571 776685 397823
20 135166 806829 930283 963015 261729 741271 505501 924527 945327 384243 387955 772019 1041116 1037660 900914 1015384 982640 637437 653262 522670
20 401214 246777 802041 59383 663023 937311 648638 653918 509563 522635 932221 997045 1027733 909004 1025002 1012682 981954 909107 786213 523508
20 616188 432636 53243 350711 724943 324559 959167 991871 515134 779509 785173 1037598 1043754 1038049 900909 950118 950169 901074 784874 523985
20 59262 342521 706297 200695 416239 844511 893631 989822 523291 779501 785165 1013146 1043858 909155 966453 1013605 966602 909212 784882 524004
20 204758 334841 714225 917026 663527 844766 928695 484215 516343 859387 784925 1021531 1035803 1033708 1029548 1015084 458635 654805 654314 458364
20 778730 179897 876376 221031 835302 713691 877501 960371 1002221 400894 506526 513822 519710 1037555 1030509 1014963 982349 130987 655316 385525
20 586222 622137 963033 782935 998990 393091 1036701 458085 515301 1043514 490418 518066 861695 827071 757739 945133 941946 905180 245748 258655
20 141310 416189 499275 452503 588267 752083 769589 943931 944827 1025485 1028813 1036662 1035382 641017 899514 884316 982628 335855 778126 393200
20 400638 508793 671641 223095 937423 391883 509371 851061 779870 784686 932317 964277 1027749 647084 893946 883682 979818 859999 777459 524180
20 232318 303033 779481 636375 501167 490323 752301 849502 499259 973283 913822 1037155 815082 1004796 999140 987039 716157 912245 720818 523980
20 797566 840893 331771 358871 825071 952279 469949 513150 749165 765301 775094 1012557 1043610 1039177 1031562 1013426 196556 655328 588031 458547
20 593790 778461 556011 763127 1017323 794589 387263 979070 1007157 1015077 1022777 391013 978852 514766 506822 490714 454491 915354 262128 137151
20 788478 359085 580091 116727 706541 350943 957757 355903 964189 484795 1024985 1044710 1042790 1040258 244414 752988 458410 917328 737251 441685
20 246654 1033373 302075 380151 971951 64477 229165 851006 784997 1030501 1013978 866284 929780 1007584 763387 1000383 978763 915283 769694 524178
20 224636 848572 108539 717655 452399 388503 761741 892774 249085 1028318 485877 1037793 1043146 1005119 965947 809982 933861 884569 786098 522954
20 508902 770809 294769 769426 556782 480215 839351 755579 507053 902391 834524 980316 1011004 1039644 998007 995275 979883 915883 261989 261850
20 639742 739193 326073 577495 258415 520535 726971 900685 425086 1035467 998346 980876 503284 515508 961343 883389 964339 884594 786340 511691
20 254334 308985 739833 93175 579311 951775 500159 794494 1009901 916634 981682 1013644 1044114 515915 769821 1013363 981837 916837 770018 516020
20 492414 122105 926713 174071 858607 740575 494015 556414 963293 1045773 785066 914674 913298 974732 1031842 491339 974451 911213 785237 491444
20 492414 122105 926713 175607 857071 873695 492991 556414 961245 1046805 784618 784266 913074 974732 1031842 491339 974451 913229 783221 491444
20 722814 256249 792569 397303 618991 730079 975039 326014 859837 1023277 1039117 522122 913300 1038578 1031378 1015490 720691 913003 720844 522101
20 575358 770493 609275 955639 1032431 146911 802493 997502 261671 916805 457577 489444 503784 516064 1027863 1013531 981910 392634 786136 377567
20 71678 158709 470483 908849 514639 587723 472503 735079 945383 776379 897517 1041182 902905 970214 965434 1015352 958173 912342 785756 524200
20 102142 430973 755131 564727 467951 1016287 293819 617853 946430 523347 785037 915145 978762 1007568 1032128 1007151 978613 915254 785266 523692
20 575230 770493 627707 937447 785927 1032655 802733 439663 997614 916565 457433 1013592 503764 516048 1027643 489143 981814 392634 262120 84863
20 102142 430973 755131 169975 862703 1016287 293819 617853 946430 523339 785037 915153 978762 1007568 1032128 1007151 978613 915246 785266 523700
20 158206 399229 517779 663523 391527 670683 827195 781869 948347 1021166 1037006 651769 888698 1034677 1027477 884436 982676 878511 784214 524264
20 138750 418685 921275 298999 684783 927455 127931 630397 523339 909566 1022381 1037709 781777 1037170 1030994 884680 982976 884023 782126 523956
20 592894 984701 794363 747415 992943 1022295 1038631 589597 784617 388255 979614 390117 978404 515992 507848 491488 453499 914810 261750 136703
20 102270 193017 855801 397303 356847 693983 635583 946814 523291 1019117 1035053 1042189 1040882 1038802 1031570 753507 851797 851882 753564 524004
20 36862 495869 519443 758755 294631 628699 957115 995963 781869 556537 912181 976725 1008378 1007508 1031956 1002863 980398 915918 785622 524264
20 29694 298877 486611 630691 421831 636875 455479 752701 827003 848251 1018302 1033630 779241 1004277 998101 991082 982188 916692 782166 524200
20 268286 552885 895459 515665 161771 584663 504253 800631 897271 941243 1006235 1041966 509913 772598 769594 1014124 982348 917080 761805 520102
20 528382 226653 768627 882099 161263 834269 184247 839545 478939 1019365 480219 1024997 1041470 1038398 505306 1014500 982798 393046 786344 375469
20 942334 692153 490337 699891 841451 224479 881853 975995 1031694 1039638 629754 259886 913236 481773 473845 991130 458596 388015 783317 301019
20 8190 453753 750489 488295 716199 323291 368555 630645 734941 881133 956915 972019 987085 1033022 1026622 1010930 979916 916766 786026 524180
20 528382 848345 753193 694199 373739 233437 388019 823163 840955 732413 744365 1009381 1041694 1038934 1031494 487930 458356 917036 784850 425871
20 396798 516729 663481 276471 943023 975519 392587 802173 728797 782654 1022413 1037765 651212 905978 1030770 1015394 982850 905015 257275 262068
20 146686 246777 802617 313335 679279 683807 513435 522827 902782 911790 932221 997045 1027285 1023653 1016826 1012682 981954 654579 655308 524084
20 146686 246777 802617 315351 679279 767639 511387 517739 907870 913838 932093 947549 995125 1023653 1018842 1008618 979938 654579 655308 524084
20 91646 170749 302971 552887 408527 640975 497463 751931 877821 957566 910189 979614 1026774 1007001 1027497 1007206 980449 916178 786260 524200
20 924142 924397 943475 106227 649068 699295 873887 1022571 1041525 261306 392028 505515 511691 1036084 1029972 229304 327640 850855 753095 418295
20 563710 663485 813019 700327 874439 785035 916757 432959 433375 1008830 1008478 504299 510451 1035884 1029748 489961 982640 393130 262100 91775
20 556666 418301 1016314 698343 874983 419551 420671 1021246 1022174 785513 785065 915281 913297 450155 474739 999308 974740 387054 260598 106397
20 722814 1011917 987643 995575 626669 958237 259231 915550 1035829 1043761 260977 915376 453870 515786 507842 425968 552927 325487 719790 330687
20 790522 794489 782584 554935 905839 480607 1022263 782093 929515 847259 486315 1025987 1040510 778124 505532 1014484 457972 392676 253811 48095
20 684540 1019452 759515 946999 448303 977691 655237 785733 294649 888190 383958 911330 484829 1006057 409081 986870 966342 913599 261946 240367
20 722430 922493 593915 930743 1006671 1024911 1039383 651053 194223 850350 260565 915156 454490 516008 507856 491488 978165 390523 785018 330495
20 885502 790525 1020379 1027623 1036743 1043979 587671 359255 949462 130283 719722 489386 258004 253928 245744 751229 457405 916796 723391 427391
20 662014 796413 589595 919543 936815 997595 502459 1029227 777757 388446 914318 258933 781733 384742 1031956 491460 458720 907769 780026 415167
20 721918 855993 260217 997783 1013903 126919 718757 794491 1017579 1033699 850914 390334 978140 515196 507508 491364 453439 914269 786330 399323
20 8190 254461 385787 455991 486991 565199 602039 637799 703723 875765 940921 989169 970665 1032670 1029662 1012142 977622 916762 785948 524256
20 727804 452508 932283 1003063 1009199 597981 655265 195431 851174 255227 910202 1020397 1026533 448470 501722 491458 974457 391839 785694 335229
20 727294 247541 247667 867249 1003151 127951 718247 997499 851564 388414 977750 997273 1026537 843752 501622 489318 449215 908503 786328 409049
20 727804 452508 932283 1005975 1011215 638917 655265 193391 849134 257267 912242 988797 1018349 444406 501722 489442 974457 391839 785694 335229
20 727804 452508 932283 1005975 1035791 638917 655265 193391 849134 257267 912242 988797 993773 448486 501722 485362 974457 391839 785694 335229
20 658430 589373 622171 919543 932079 960411 1005981 1022329 1033961 257327 914222 258775 912598 515638 507718 491426 458692 388089 783864 267775
20 201726 339893 937699 783697 113643 416727 711357 863863 521275 989431 1042830 845558 779129 908698 965996 1015128 964507 907117 782246 523980
20 461310 604085 935907 522833 114155 677847 445885 863607 986359 1045550 586742 520665 781882 908954 966252 1015384 965531 908141 781261 522150
20 371196 677628 286651 572791 432079 617423 763707 490039 896125 1004790 971614 913837 970398 1034729 999078 998745 977889 915154 262037 261994
20 135166 423609 768345 743367 506279 323539 642989 415611 756989 849131 936939 1025397 1041054 1038902 898794 883572 981340 867743 786098 524108
20 201726 339829 413619 783569 521263 342999 637867 711533 937703 989671 1042718 845798 779001 908410 966044 1015000 964219 907165 782134 524232
20 625150 694201 391785 785031 931811 318935 880053 757115 1019123 1045534 947186 389613 454206 1007196 507500 482223 977869 915354 262004 206811
20 247290 211701 801658 837557 634319 417487 474423 775739 912477 981166 1032697 996214 1010406 1022806 1021865 1009561 720339 392931 720748 393116
20 216054 351609 762617 898230 646735 506255 683927 1024877 425699 716245 850778 481139 912698 956396 991059 997052 972991 912357 785834 521948
20 139006 254457 794489 321463 359311 700239 777511 522779 910462 933053 957293 988917 1003221 1033146 1028570 1009130 981458 655075 655260 524132
20 12286 184829 925243 278263 709487 939615 127931 519499 781523 867453 994221 1025933 1032830 905161 1028594 1014226 982976 908726 786092 524084
20 103422 440037 473955 642545 773545 511071 309167 587611 621277 997831 977146 1009468 1024967 942022 1027512 1004795 973629 917046 786022 524184
20 575998 744369 321273 386677 779919 293839 834989 711031 990947 488766 1028956 1036771 995298 513660 502463 1010909 982810 917394 261996 237011
20 277246 377845 378355 671601 184239 809823 897839 523287 771710 932219 784796 947897 995049 1023689 1019318 1009110 980422 655256 654055 524136
20 14334 444797 921275 186871 798447 936671 129467 605821 521803 996789 1029013 1032446 780233 907217 1030506 1015114 982976 909102 782134 523956
20 539134 919545 130617 708311 711567 882503 994731 964955 997619 1037374 1041006 258525 388021 384485 507452 491164 458596 905178 784354 395259
20 100350 162493 294235 440567 448879 756699 888253 765547 906869 783779 914373 946430 945950 1007246 999190 985081 976865 916154 785756 524256
20 568062 667581 808923 872391 702375 768467 907693 436863 1004670 453791 1012510 516843 1041780 499379 1023820 490225 982376 393138 262092 87423
20 568062 733129 841649 768243 907629 908445 768795 454191 1013334 454087 1012646 500475 1033596 495563 1021876 424701 949626 393162 262068 87423
20 138750 337661 618323 512931 802535 441563 748855 497467 776909 913822 993527 718197 969657 904822 1030988 1014696 976846 908777 784058 524116
20 400638 508793 671641 225127 972231 388811 509371 851061 782942 784686 932093 997037 962453 647084 893946 881650 977770 859999 777459 524180
20 72702 404733 556851 509891 687463 867031 506043 495467 775837 906669 975774 995575 650101 973942 1029916 1013704 973801 912858 782058 524084
20 103934 158461 434083 618323 750315 504279 751931 513591 900205 978078 908173 976718 1017333 1002362 995034 991141 849401 850678 786340 524120
20 146686 246777 802617 315351 679727 767319 517547 519755 905854 907678 932093 947869 995125 1023205 1018842 1008618 979938 654579 655308 524084
20 135166 423609 768345 686023 506279 380883 642989 415611 756989 849131 936939 1025397 1041054 1038878 898794 883572 981364 867743 786098 524108
20 156670 400765 663227 302583 667375 943327 386491 648829 522827 784789 891134 1021726 1036046 1033201 1029089 884680 982976 883511 785770 523956
20 135166 423609 768345 686023 506279 380883 642989 417403 765053 849131 936939 1017333 1041054 1037086 898794 883572 981364 867743 786098 524108
20 602622 724669 595963 937591 995951 193247 848701 261415 916677 969854 1035150 1042314 516597 514545 442344 491488 966039 392890 786264 331615
20 146686 246777 802617 319431 748903 767767 518555 515659 909950 906670 932541 947421 962221 990581 1018842 1004522 975858 654579 655308 524084
20 158462 568317 611835 1018487 947311 964703 1005631 261895 917126 519563 1045396 517099 1041908 450483 475093 999338 974796 392953 786296 365950
20 797690 764989 1037370 892087 975215 1022047 949169 393033 458449 1015233 261006 243691 511980 774099 1030100 228798 720558 655222 545789 483967
20 611322 416893 961658 670967 837487 995679 1032511 786185 914161 916881 457374 521870 487339 1023916 499667 1011668 981985 392430 262006 107517
20 844222 796669 1034363 1040503 629999 433503 990782 655123 458403 1015234 244722 251892 258032 1038219 1031053 228797 720604 393068 680815 352991
20 575230 739709 859115 706039 785931 1032655 290735 833389 997614 392405 457433 489302 1027988 516048 503419 1013433 981814 916794 262116 233919
20 575230 739709 596987 968167 785927 1032655 290735 833389 997614 392405 457433 489302 1027988 516048 503419 1013433 981814 916794 262120 233919
20 732410 185085 840570 570359 937583 1025119 1033279 261899 917132 457118 1010161 1013649 519054 1023913 499670 488430 982497 392947 786292 339325
20 593662 745917 794603 730103 785931 1008079 827309 387439 979182 1023069 1038933 390869 978772 514490 507314 491472 454331 915258 262116 137087
20 928698 633981 906362 793591 976047 1023007 130958 457561 1014473 522697 784502 243691 511980 774099 1030100 229110 720742 917425 676797 484671
20 602622 724669 544763 988791 995951 193247 848701 261415 916677 969854 1035150 1042310 516601 514545 442340 491488 966043 392890 786264 331615
20 624126 585565 726011 831335 777383 988125 1024815 1039413 357999 948590 391579 980634 487348 515914 507794 1010907 456181 916212 262120 166655
20 575230 758205 627707 937447 785927 1032655 815021 439663 997614 916565 457433 1013592 503702 516048 1027705 489143 981814 392634 262120 84863
20 663034 254333 909946 633719 943343 970975 1022015 950065 261771 916876 1014673 1030089 1036257 511902 505782 490350 458574 392691 786164 270077
20 641980 472700 727547 747767 783887 342991 933294 839533 843493 390579 979922 1032685 501622 513658 1027993 1015697 457279 916574 262114 183773
20 609150 705981 924923 639991 1032431 211423 867005 963710 261675 916809 981894 489317 503780 516064 1027867 1013658 457593 392630 786132 313055
20 844222 1008221 986747 909559 547823 826845 990782 130873 720561 228822 506852 251892 258032 1038219 768923 1015209 458446 917318 762991 450943
20 575230 739709 639995 989655 968143 785927 290719 833373 997598 392421 457457 489322 1028008 516064 503415 1013429 981806 916794 262104 233919
20 536570 501885 1036410 826103 778607 859359 1008703 851753 786065 982409 1014753 505771 1036204 511955 1030100 490398 458102 393046 261870 22525
20 308988 743804 95227 685543 383719 766303 1028159 327453 749230 519573 981897 1038226 838911 1017837 991134 999153 977782 913258 786129 523626
20 101374 255609 826809 147415 449871 911239 228251 867181 891133 779499 979518 1020381 945628 1005290 1029746 1003319 977891 917082 785844 524196
20 36862 502457 775513 764871 513447 294867 556973 437883 644733 866795 971253 1024747 1009524 1006314 1029492 1002911 981790 916638 786098 524108
20 36862 502457 775513 764871 513447 294867 556973 371579 644349 933099 971637 1024747 1009524 1006314 1029492 1002911 981406 917022 786098 524108
20 200574 381433 667385 418807 597743 644319 1000127 848510 523787 929245 768821 1029909 912818 974732 1028586 1015202 974195 913229 785354 524020
20 659326 930297 118521 842215 751271 985823 954159 913982 982091 257269 260949 509805 1041818 1038226 376732 360396 458420 868211 784874 406011
20 539134 919545 130617 678647 757583 849551 997787 948587 1027283 1037374 1041206 258525 387821 384485 507564 491316 458580 905178 784354 395259
20 71678 159221 470739 908081 514383 587723 423607 735079 776379 898285 994023 1041694 902137 970470 964986 1014584 958365 912854 786012 524200
20 221950 105973 498515 944049 437711 622283 506423 779579 973982 1013869 850362 890742 905062 1001209 997289 990678 719591 910301 720732 524200
20 8190 467453 618211 513811 440811 732119 932279 879735 497275 777517 908173 587509 970585 1034486 1031820 1015576 976814 914298 783834 524004
20 8190 319997 486963 890819 195047 421591 588219 825211 897755 990637 1006253 751221 757721 1034614 1027190 1012186 982796 917044 780206 524232
20 808190 890825 420849 908627 453997 978581 226719 751207 506462 1030566 774395 1041212 772043 510964 736509 999226 720842 131060 568127 384683
20 560638 651961 462825 734839 783755 368335 958253 388407 978133 1013870 494077 509925 1041018 1037210 1031058 818675 425662 884572 262116 193371
20 530430 634297 482153 777095 833507 357847 947893 767099 383551 973149 1026291 1042190 476157 1035506 506732 1011610 458158 917196 262004 175835
20 106230 540141 552427 942966 512937 190367 884239 761143 977086 521337 637671 898503 1019603 937838 1024892 483249 974545 914360 785240 490958
20 31230 702137 872281 129655 130703 965067 1006381 965939 1010917 1037406 1041302 356861 191227 187835 343901 997050 970588 899042 774116 493542
20 8190 254457 851481 386679 602031 223195 512939 728947 760563 794109 817853 964501 970693 1035326 1029230 1014094 975354 915938 785996 524180
20 8190 254457 851481 355959 456239 204763 748459 768867 777443 802045 842557 858093 954293 1032926 1025374 1013142 977386 913906 785948 524228
20 8190 190969 882233 372439 488047 750487 434075 700267 712419 857597 891853 976331 1001333 1034430 1030454 1011146 980540 915954 786012 524196
20 201726 290293 986851 784145 64491 465879 863927 940663 521275 760061 1042766 845558 779193 908634 966042 1015576 964461 907181 781798 523980
20 12286 381813 810915 769233 254955 290775 506939 683837 841399 909751 932333 996589 1035598 757497 1020854 1012570 981594 916696 778086 524172
20 146686 246777 802617 315351 679727 767319 517547 522827 902782 907678 932221 947869 994997 1023205 1018842 1008618 979938 654579 655308 524084
20 139006 254457 794489 321463 359311 700239 777511 521755 911486 933053 957165 989045 1003221 1033146 1028570 1009130 981458 655075 655260 524132
20 139006 254457 794489 290743 374671 715599 777511 521755 911486 933053 989917 939885 1019605 1033146 1026538 1012210 980434 655075 655260 524132
20 109054 928249 644729 692151 858063 719503 883991 502587 503003 1037500 1037148 516587 1042036 514531 1031780 229293 327637 851882 753618 415358
20 608250 358645 964850 1040129 583655 735703 845495 993911 777785 1033689 1037145 520622 519470 514294 376667 950108 425899 901036 261838 165885
20 69630 400885 1011331 652145 193515 368091 702267 486967 892027 780509 989671 1001383 976250 1037020 1030812 1012600 847789 851670 785830 524108
20 942334 692185 490289 572915 224495 881885 968379 975995 1031694 1039686 629754 259870 913196 481725 473845 991178 458548 388055 783333 301035
20 8190 453433 750809 715719 488871 368595 630701 728445 436987 847211 881397 955371 1002741 1034014 1029662 1010538 980212 915870 786226 523980
20 8190 254457 851481 388711 685991 204763 498603 750963 768243 842877 817853 890733 921589 1033630 1025694 1010510 977386 913906 785996 524180
20 528382 226653 768723 882147 184295 839641 216511 888445 423547 965045 479739 1024757 1042190 1039118 505210 1014452 982222 393046 786344 375469
20 29694 298877 486611 630691 421351 586715 455479 752701 827003 898411 1018782 1033630 779241 1004277 997621 991082 982668 916692 782166 524200
20 31230 231165 368531 747363 433895 683867 719035 506455 884269 1017278 1033022 848373 911829 1006057 998761 990934 980878 911098 786324 524136
20 135166 540629 971491 519473 81899 512733 709559 802423 781403 939255 994203 1025435 910070 908698 1028972 1014124 982328 905069 786092 524230
20 268286 552885 895459 515665 161771 554967 504253 830327 897271 941243 1006139 1042062 509817 772598 769594 1014220 982348 917080 761805 520102
20 659422 588025 1009457 572403 257327 914718 958347 974411 992893 990669 1000437 258779 912106 514366 507062 489722 458548 389077 784356 268271
20 593662 1008029 794555 745975 992175 565213 785961 387391 979134 1023093 1038949 390885 978788 514522 507338 491488 454363 915290 262038 137087
20 553470 724669 615419 925303 992879 193247 848701 261415 916677 1019006 1022874 1038218 454121 512501 506341 491488 978838 392890 786264 331615
20 574462 605309 671627 744631 902635 382683 911155 449341 977621 457189 997502 997262 503470 1023814 1016825 488433 982138 917388 262128 224607
20 549886 597373 813035 732407 785163 990415 386479 976493 391767 981397 1022190 1021754 1036082 508893 504789 491472 458106 917176 262116 138943
20 582142 597693 813035 732791 768907 386767 976685 391479 981205 990334 1006190 1021850 1036178 508413 505317 489969 458426 917336 262116 139103
20 597966 732021 251003 906421 1041198 1041694 196487 851785 944883 997843 514285 997315 511693 969714 439804 488700 958015 393078 786360 338875
20 158206 399293 517715 663523 391591 565211 781869 932667 948411 1021166 1036910 651769 888762 1034709 1027413 884340 982612 878543 784278 524264
20 158974 431037 486227 694243 392359 701915 749357 980027 1022574 1038670 653561 882517 888762 1002741 995029 989114 851796 844783 785302 524264
20 29694 429693 565219 486803 520811 696023 833335 752941 883917 979063 1018350 1033646 648181 1004505 998297 990838 982424 913082 782170 524260
20 29694 429693 565219 486803 520811 696023 848695 752941 883917 963703 1018798 1033646 648181 1004505 997849 990838 982424 913082 782170 524260
20 135166 422141 518931 923619 130279 825307 687291 931195 1019565 1035565 629753 780117 910586 1038550 1030742 884532 982804 879567 783278 524264
20 108030 154365 294811 618343 434087 759643 781099 523287 894589 940414 897469 946910 970422 904653 998094 996849 976361 908018 786324 524136
20 135166 423609 768345 686023 506279 380883 642989 413563 756989 849131 938987 1024501 1041950 1038878 898794 883572 981364 867743 786098 524108
20 135166 423609 768345 686023 506279 380883 642989 413563 760061 849131 944875 1017333 1041182 1037854 898794 883572 981364 867743 786098 524108
20 946366 919549 458627 1044595 863723 741083 1019706 98103 376534 253414 125942 129012 1043341 908701 769709 1015628 589816 840303 700767 520315
20 596986 385661 975994 806647 778607 1020127 1032383 991081 786065 392587 981900 1013641 1028001 515862 503646 489334 457715 916980 261870 138749
20 844222 1040505 270329 927607 903407 695647 990782 392981 196269 490956 244716 251892 258020 1038219 1031059 753075 982738 655210 615135 516219
20 460670 113145 935673 154615 861935 895199 985791 588414 523787 939485 1045269 782826 782218 908722 966540 1015202 966003 909133 780149 524020
20 231294 63993 984825 404471 350703 628447 756415 817790 523291 1025261 1045285 979418 912818 974730 1031570 753507 972661 913229 753564 524004
20 586174 597749 381307 975221 738287 832863 986942 785939 520317 1014994 1030882 1046210 389031 974761 506781 490925 450518 913368 261996 143099
20 805882 750141 1029178 986743 913583 1036383 511913 393041 982721 228811 506828 518089 780214 778134 769011 1015284 196350 655214 560637 454975
20 792570 775229 1042490 871799 913519 979103 360345 966497 491209 1031617 777163 1042380 255987 515060 245118 753334 196446 655270 535549 429759
20 596986 385661 975994 808695 993519 778591 1036351 999193 786081 392587 981900 1030033 1036233 511926 505710 491366 457715 916980 261854 138749
20 663290 254205 909690 567287 989807 1009759 1024575 261899 917132 957913 981897 1005489 1036177 509422 507302 489422 457206 392947 786292 270205
20 567290 440445 1005690 681463 813807 760159 1018047 911193 784041 916881 1045385 520822 519974 450459 999324 475107 974820 392558 261846 83965
20 662510 552697 1020281 254583 910446 975071 1024319 950051 1023685 261515 916370 1013635 1036165 511738 507578 489340 458588 392173 785908 269815
20 798198 747069 502331 1036854 859759 975519 916881 982369 1047745 261182 752595 505813 1036248 249831 767978 490476 196446 130990 563709 284155
20 575230 770493 663035 902119 785927 1032655 802733 439663 997614 916569 457429 1013588 503764 516048 1027643 489147 981818 392630 262120 84863
20 639870 1001693 825083 739831 1032431 571357 342719 932990 785961 392549 981924 489418 503780 516064 1027867 1013557 457563 916890 261846 181695
20 639870 784581 745259 823285 845801 1005341 391835 982106 1033789 343421 932796 505550 487142 515794 766455 1010139 457575 916902 245752 181695
20 609786 373117 963194 837495 766191 990303 1033279 786193 392843 982412 1002473 1013665 502710 514966 1028041 488414 458227 917236 261998 151293
20 722814 995549 605435 934903 987631 577501 193727 850046 1035833 1043753 260965 915364 519382 515782 442344 491488 966423 391003 785306 330687
20 624126 794589 726011 831335 777383 779101 1024815 1039383 357999 948590 391579 980634 487318 515944 507824 1010937 456181 916212 262090 166655
20 562174 609661 728315 837607 785159 1033423 374191 964205 391771 981401 1009902 1013526 502741 516048 1027898 488441 458102 917172 262120 151231
20 560126 671421 648947 925651 886735 784711 907581 1025567 1038457 453791 1012382 455531 1011050 515750 507748 486389 980468 393130 262104 71167
20 543742 728637 859883 706423 784779 1033807 845741 915797 981209 486511 1028718 488343 1027478 516048 502777 1013240 458422 393018 262116 38399
20 838522 175357 734458 539639 679151 1024351 1032511 261662 916073 916873 522902 456603 1011612 499630 1023953 487395 980964 392438 786273 349053
20 792570 775229 1042490 838903 855919 1011999 327577 458569 491249 1031633 252891 518108 780259 1039332 245230 753358 720694 655270 535549 504383
20 796414 856045 978483 913875 979405 1043975 750491 505179 1038554 752743 506535 1038118 258008 251645 768892 490940 196586 131060 560575 281471
20 909502 796669 1034363 1040503 564719 335583 925502 130867 720594 490978 244722 251892 258032 1038219 1031053 753053 458413 917324 746095 450911
20 790398 815549 913651 982787 732135 478679 1019573 1044598 228923 769369 514921 255865 1042318 777118 507310 1015500 196596 131064 578799 307935
20 795646 910549 129819 457509 597991 925657 1009075 1035379 227965 768317 1038578 251836 257852 1037135 507342 1015438 720854 917480 713963 501491
20 639870 967869 675323 889591 1032431 47071 605117 932990 261733 392553 457638 1013700 503784 516064 1027863 489275 981849 916886 786074 477407
20 102396 946428 447227 693751 862703 731039 842143 1016191 634617 523557 785193 915281 978510 1007410 1031750 483277 978865 915118 785110 491002
20 246654 456889 640985 380151 1034447 474955 870333 851038 783973 1013093 867308 1029306 978850 1023906 955359 752031 700285 916275 687866 524244
20 102142 302073 746873 693751 484207 862687 1016255 827243 946430 523411 785037 915107 978826 1007412 1031956 1007307 978549 915292 785394 523756
20 116606 436985 611833 349175 691695 846047 1016255 932222 743133 523531 785173 980658 1011596 1040034 900909 1011315 980813 901074 785130 523764
20 516510 195705 877545 124663 237483 556766 851502 1008445 1030805 859644 776826 964466 1019762 969199 1025263 490843 972701 916883 785349 491492
20 233150 62457 986489 333815 699759 759135 816574 392779 946814 522635 1018109 1042069 910314 973778 1031106 753331 974509 913205 753612 523636
20 231358 318201 732537 564727 467951 887263 817598 447355 730877 521619 785165 914542 978634 1007444 1031874 1007275 978741 915349 785138 523628
20 624510 1016313 32505 670647 824815 740063 904375 948350 1029659 261421 392021 489196 454556 515980 507620 1013587 978787 916394 785874 492027
20 567290 440445 1005690 555959 683247 891231 1019063 780121 915113 1045897 1041361 520318 518958 450459 999324 475107 974820 392918 261990 83965
20 8190 385277 159611 278007 648143 515599 845215 899419 671453 777525 940909 989101 1019817 1032670 1025654 1012466 981682 917284 785642 524240
20 36862 503933 511635 766435 294759 635867 963899 773933 556793 904629 969685 1005461 1010042 1036666 999316 993007 981678 916686 786006 524264
20 36862 497337 780633 759751 518567 294867 556973 366459 649469 957675 996075 975733 1009386 1006964 1030516 1002399 980382 917022 786098 524108
20 845180 244684 896219 391959 806893 942033 695735 990838 195195 489914 1040629 234494 257002 1038095 1029945 752975 982670 655330 616125 517365
20 574974 741049 389977 630391 258863 663515 834989 978275 455413 489790 1034475 997098 502652 515028 1025943 882141 982558 884658 786372 511211
20 38910 211705 904505 375639 511087 773783 409499 718691 849613 766443 969205 1008766 1024971 1006538 1027508 874429 981566 884466 785756 524196
20 727546 189941 845554 1015553 565223 1022167 1026231 1040503 261659 916764 457502 989049 1003321 509902 505742 419830 949225 392683 786156 334589
20 395262 663509 979171 388913 81899 520413 670647 946551 986843 1019227 1035035 653146 780534 907516 1031340 1015340 851768 841703 780205 524230
20 201726 290549 986979 783761 64491 342999 937783 521275 760445 989559 1042638 845686 779193 908474 965850 1015192 964525 907213 782054 524108
20 397182 505065 687001 62455 577517 380763 495035 783454 940669 948541 1026291 1001333 1041294 1037966 637884 881914 982242 868295 769891 524180
20 397182 505065 687001 62455 577517 380763 498875 783454 945725 948541 1018355 1001333 1041102 1037198 637884 881914 982242 868295 769891 524180
20 8190 468221 618323 512931 671207 441563 880183 497467 776861 907725 993527 587637 969657 1035382 1030988 1014696 976846 914874 784106 524116
20 144382 294137 757561 577399 429551 931167 423355 522835 759421 784781 903550 911006 1008611 1006307 900810 1003420 982916 898037 785650 524076
20 540156 508668 53243 640503 471791 670175 940223 1024127 654893 523542 916237 980837 1011569 1023921 1023822 1011598 980890 916210 786130 523753
20 71678 540409 510329 158711 859375 904287 1001663 671579 521869 783755 897971 975102 1025939 974730 1026924 1015588 972661 916428 785780 524018
20 102142 139257 909689 308215 626159 746847 991679 434011 946430 523403 776883 1037971 978826 1037164 1031972 884381 978549 884706 785356 523636
20 667130 250237 905850 939255 648047 975071 1026111 950057 261779 916884 1014665 1030081 511886 1019889 497598 490358 458582 392683 786156 274173
20 31738 523785 1017336 232439 571373 613341 943549 874877 960765 261179 1045078 521131 913075 974675 999139 999198 974510 913230 785862 521716
20 153590 93177 955641 895222 231407 371167 810175 1000575 261683 785683 971733 914282 978757 1039146 999363 999228 977850 915349 785644 523980
20 699130 217981 873850 924151 583407 1007967 1040447 966425 482990 261523 916372 1030025 511886 1036017 505718 1015505 458598 392171 785900 306429
20 8190 254457 851481 388711 685991 226267 499115 728947 768243 818365 842461 890829 921589 1033022 1025598 1011022 977386 913906 785996 524180
20 247782 377849 671217 917010 801774 184279 424375 988023 1016567 902587 784941 980092 1010908 1039452 507499 1011499 980875 654821 654298 507804
20 157692 891132 45051 350711 755439 817375 959167 1000063 523789 779733 785173 914734 1043754 974693 999337 999254 974746 915409 784874 524018
20 788478 924157 969531 1034007 1012815 327623 360371 900963 122607 388589 652281 521190 781810 1040112 245628 753580 720856 915486 666367 504991
20 823036 1012028 792571 913527 986927 1026591 130957 458565 229078 245237 777173 780273 518094 515050 1031626 1015529 720762 917426 716991 511039
20 532476 1040508 582651 601591 709359 929375 1004607 130845 392845 458165 490473 1030057 1036241 511918 505814 1014678 982474 917106 786274 497791
20 539644 1033340 639995 678391 893679 940255 961599 129853 261773 392597 1047362 456681 1011625 1023953 499630 487382 980886 916842 786034 472191
20 141310 416189 499275 194807 686571 846747 769565 943931 1009331 1025509 1029061 1036414 1035358 641017 899514 884332 982852 335839 778150 393200
20 432636 616188 53243 471543 485839 759503 901823 1032319 458269 654694 785190 980757 1027881 1007386 896982 942053 947962 900537 784857 524002
20 794364 778620 536571 643575 844527 994399 1004607 327453 261774 458133 490469 1030053 1036233 511926 505818 1014682 982378 917346 786161 497791
20 8190 550909 633339 709367 929391 891231 1004607 261903 392871 458139 490451 505781 511977 1036182 1030090 1014700 982500 917208 786288 516222
20 316924 731900 89595 61175 694767 468703 880831 962687 1039893 1043754 523053 784158 1035733 1036010 900941 950169 950118 901042 784353 523218
20 30716 1018108 169979 109559 477679 832735 880831 1003647 261661 785677 981797 1042202 976869 909161 999377 999214 977882 909206 785650 524002
20 175612 873212 57083 308727 604655 216799 975039 1007743 1031705 1039654 523053 784181 913182 1023449 1023718 950093 950194 913377 784330 523218
20 16374 436729 612089 1032438 116719 416223 762559 995455 458291 654677 916245 980771 1011621 1023939 1023804 1011546 980700 915946 785834 523980
20 539638 110073 938745 509174 145391 641503 967359 1024127 654899 949589 523034 915235 1011477 1023891 1023852 1011178 982442 915164 786124 523237
20 727546 189941 845554 1015553 629735 957655 1026231 1040503 261659 916764 457518 989049 1003321 509902 505742 419830 949209 392683 786156 334589
20 395262 663509 979299 388785 204779 520541 670647 864091 946423 1019099 1034907 653018 780662 907756 1031468 1015340 851640 841591 780205 524230
20 194350 539637 409291 509173 903658 771035 989886 1002110 654899 671207 523021 866262 962375 974599 1025465 1013049 970232 390893 785628 392178
20 162174 428013 356019 694227 622285 522567 695227 888670 964843 1033438 1041054 881141 780665 1006901 998965 989162 851636 849771 782246 524248
20 606094 675573 241915 897397 979566 1035358 1037374 261895 917129 949651 1002467 1009571 500701 498589 954354 487932 441837 392950 786296 282491
20 727802 255221 910706 950145 629735 1019479 1025591 196379 851612 925177 451566 1004473 1010585 513486 507278 484854 981111 392939 786284 334717
20 276462 457357 670579 509171 773484 996701 1004861 392971 605941 851335 902137 783254 928743 957351 1019610 1011354 970232 915582 259819 262004
20 8190 254457 818745 388807 685927 717655 244155 499531 760563 810429 883357 890829 921589 1033342 1025598 1010154 978378 913906 786060 524084
20 20478 177021 474267 212215 324527 586715 773931 883773 970355 972147 1002445 1009101 1024702 1022142 888817 1012594 982220 900942 786324 524256
20 378854 444345 621041 966226 687022 118743 900653 481079 1011895 445691 498411 767612 994780 1038684 1024951 1011307 851429 851866 784331 522588
20 902118 967609 867793 196210 933294 706523 130733 902519 1002679 522347 735740 489308 1027676 515676 502763 1012459 851909 851770 785303 497079
20 536566 937209 635769 1036406 639983 959711 774463 945971 130773 392597 457635 1013635 520012 1023909 499674 489340 981852 916714 786090 469247
20 544510 104317 647659 778663 925635 130639 368439 977693 1028318 449779 1006195 947953 503666 1038764 1027757 488430 980334 917400 786384 486813
20 670582 809913 244857 384182 113135 122079 763829 903034 948947 978371 1041132 455487 1009983 1023829 1023914 487164 980220 917317 786314 489411
20 639486 126697 939953 257635 1022405 554959 637371 891255 971509 458030 1014318 505562 929780 515690 1025839 486363 978139 917276 786324 480757
20 663526 794361 255857 915858 386798 409303 675767 801659 784589 967927 1032823 995819 1026475 514492 1025884 1013532 982300 655205 655034 516043
20 839100 995964 855803 848311 1011823 1037343 475030 130893 458441 507334 515045 1042373 255994 777178 769465 753577 720630 917362 659327 518207
20 792566 551929 1021161 780518 392963 663503 975279 1025135 327283 884019 498613 259898 511797 1035226 1031002 490972 982684 916716 784341 484079
20 902118 967161 605937 458514 671214 640983 997559 1001847 968379 392493 260924 489180 1027676 515676 503723 1013547 851685 851418 785355 496119
20 568062 733129 841649 784499 915565 842653 736667 438119 1005286 454055 1012678 500475 1033596 495323 1021756 424637 949594 393162 262068 87423
20 85758 161149 310171 48119 231407 741083 750907 888637 963806 907453 1008115 914093 977742 974158 999011 998300 970481 914802 786308 524256
20 745978 1040613 835186 253841 540653 814935 910007 782683 229049 384380 973628 505660 503708 989687 1017835 1007310 457675 916875 786022 451831
20 919422 139257 909561 322039 800719 510671 934847 129406 671451 990579 1030931 260010 782226 908700 1030380 1014956 982692 909155 779901 522069
20 922494 659449 389369 845047 801711 938463 1033391 650366 998963 1031443 781258 784274 518965 384924 507116 491212 458692 909155 258941 135163
20 911646 451309 385531 572279 867693 440030 472766 513894 646813 712170 1006576 784153 757752 1034367 1027975 687023 949717 917218 222455 261913
20 909534 519729 881145 946677 97967 425758 1029005 630621 958188 245234 777138 260018 724988 510591 1027135 1011651 589527 851818 713071 513485
20 846238 1008237 909563 547831 826861 1005150 1021502 130845 720537 228842 506864 259993 249848 1036167 736175 998869 458470 917346 762999 450943
20 1046598 892509 896619 241590 513962 518044 851591 196472 753336 794110 812030 766927 1035219 773613 1029617 489727 981311 129465 644727 360263
20 395262 663509 846307 521777 204779 387549 798647 678775 968951 996571 1028699 651766 781978 908908 1030572 1015084 982584 907163 780141 524230
20 8190 254457 851481 355959 390703 204763 748459 768867 777443 802045 842557 923629 954293 1032926 1025374 1013142 975354 915938 785948 524228
20 666494 709821 593915 752071 954087 956119 469949 513150 884301 896373 906166 1008477 1041834 1039177 1031562 1013426 327628 850171 262128 196415
20 576766 986361 848697 349655 350031 961415 777371 781419 521788 1046836 252379 780003 517980 1039268 114653 688101 425946 901090 734014 436967
20 663034 254453 910066 1015553 565223 976087 1022135 1026167 261659 916764 949049 989145 1003353 509870 505646 484342 457678 392683 786156 270077
20 742718 868177 508409 508661 122223 712093 388766 978540 752695 1031370 556019 833522 749363 1023938 235005 486140 455519 914349 764622 409507
20 401214 238585 810233 378855 671207 953695 648638 653918 501371 522635 940413 947893 1011349 777170 900812 1008618 979914 900915 778029 523508
20 724414 615413 619379 957681 992495 192991 848574 1019003 261671 916806 1022873 1038217 454508 512886 506726 425960 946071 392633 786136 331487
20 593662 745917 817643 730103 785931 985039 827309 387439 979182 1023097 1038961 390869 978772 514462 507286 491472 454331 915258 262116 137087
20 100350 162493 294235 440567 481647 756699 888253 765547 906869 783779 914373 946430 945950 974478 999190 993257 968689 916154 785756 524256
20 277246 377845 378355 671601 184239 809823 881455 523287 771710 932219 784796 964281 995049 1023689 1017334 1011094 980422 655256 654055 524136
20 146686 246777 802617 319431 748903 751383 518555 515659 909950 906670 932541 963805 962221 990581 1016826 1006538 975858 654579 655308 524084
20 528382 530429 551931 588151 765135 907023 437663 994903 448111 1004967 496627 1040605 1042218 1038556 1030956 490872 982704 393168 262112 96959
20 919422 274425 774393 661495 510191 844255 934847 129406 802539 998731 1030923 522130 782220 909218 1030388 1014964 982676 908893 782195 522093
20 609662 881273 953785 310743 294607 1038087 98203 442204 773357 1044722 252413 779741 517882 1039066 737139 999340 720739 917412 701118 518951
20 310906 698229 1001394 915905 409319 417495 702907 1005948 781006 519479 1045047 390137 912633 761691 1023916 753483 982924 649206 89789 259534
20 63742 801721 773465 605047 839087 325339 259757 456307 1007134 996842 1033204 1044767 486379 1022699 499189 1010933 982860 917444 786354 503582
20 952306 850517 752218 490916 779879 518041 768663 507241 1039529 780407 520633 914382 912846 384766 900926 819187 688124 591869 64939 252759
20 528382 774269 257683 905699 671591 840667 1004859 388909 802553 454069 486357 1025941 1040762 515988 505582 1014446 982222 917078 786408 498043
20 540622 218493 764531 873907 1034030 1035038 196487 851785 415483 961013 487899 1028837 486859 1023685 497146 1010420 982078 393078 786360 371389
20 731898 185597 841082 631799 937583 963679 1032767 261899 917132 1010137 457142 1013649 519590 1023913 499670 488942 981961 392947 786292 338813
20 425688 639996 647674 839287 741039 1019678 849295 750935 1029350 515131 408569 521785 520129 1039813 637663 883566 719798 343985 180073 123390
20 307710 364221 299003 472695 506255 620239 948013 653623 981205 1006702 1034862 1034134 746489 774649 770016 1011095 720570 917336 167775 262112
20 560126 933437 648947 925555 755567 894623 776605 915813 1038553 453695 1012286 455627 1011146 515750 507844 486389 980468 393050 262058 71167
20 812862 848109 913635 978707 987113 227031 768694 515190 1043993 736633 482233 1021912 257766 775023 505263 1014222 196596 131064 576927 306015
20 575358 651509 782547 937953 638759 904987 456079 1014094 925433 1035577 441209 997304 503254 515286 1024751 489079 981686 393164 262120 84927
20 575998 744369 321273 386677 780047 293839 834989 973159 728819 488766 1028956 1036771 995298 513660 502463 1010909 982810 917394 261868 237011
20 602622 724669 593915 939639 995951 193247 848701 261415 916677 969854 1035150 1042310 516601 514545 442344 491488 966039 392890 786264 331615
20 639994 770937 933112 707831 873903 481887 1026607 851229 915091 522595 981404 456428 487348 1023940 237499 749515 979827 392814 737268 370143
20 818718 892773 188027 716469 456397 773070 512950 1041272 1030882 801279 1046559 751407 487255 1007513 244989 1000958 982498 130556 636883 372651
20 829430 966257 739321 1006068 409519 417695 1043087 387965 914621 257271 783159 520954 1043770 892883 761836 884675 720844 614014 571899 521551
20 788478 852989 867547 683639 437935 970523 750479 504663 1037027 254459 981053 1045564 1043908 253660 769896 491440 981958 131064 630199 351599
20 663030 629625 943353 909942 794351 713183 1026111 425781 261795 392602 490389 505811 1036179 511980 1030060 1014634 982858 916965 786140 512127
20 639486 712285 968507 1022407 255847 911253 260507 915817 516349 982070 1014326 1013450 1027786 483312 602103 922623 425465 376670 769964 319151
20 30716 1018108 48123 476663 114031 774367 909503 971375 491037 982405 1014553 1029910 716725 909141 997353 998134 978298 909226 782282 524002
20 31738 523785 1017336 232439 554989 571357 874941 960893 1001725 261179 1045046 521163 913011 974515 999251 999086 974670 913294 785862 521716
20 924142 174845 830707 742259 648814 975071 1007935 442151 1007305 261530 916372 505735 1036169 511734 1030008 491190 982872 392171 785893 349565
20 609022 794601 780177 842227 784493 1006171 1023035 388879 980622 486823 1029062 357115 961914 515988 502717 1013212 454389 915316 262122 169343
20 72702 404733 556851 509891 671207 883351 495515 505979 775773 906605 975710 995575 650165 974006 1029932 1013704 973801 912858 782058 524084
20 29694 298877 486627 630675 565227 421335 455479 752701 848507 898395 1018558 1033406 779225 1004517 997861 991066 982668 916708 782182 524184
20 222198 516585 761457 851346 556973 239575 510887 386427 452859 752757 899772 972636 1043996 874427 932827 990702 964327 908135 785866 523804
20 508606 378361 686713 445175 480207 977999 818494 499483 900818 768413 915938 702444 749524 778084 996479 995243 980883 654013 116219 261988
20 508350 314873 750201 714455 246767 481751 556862 495419 384243 769244 850890 899042 1011556 1039948 931199 995227 965557 914109 785827 523852
20 92150 386025 778001 964850 671213 818395 322491 500603 255703 511431 752437 972412 1043516 988667 892775 1006542 980871 901020 785130 523324
20 770302 871401 261657 93175 701933 837595 1001915 1020283 802554 392494 981812 489294 1027988 515868 503407 1013429 457423 916693 786402 431603
20 461310 604085 935907 522833 114155 679383 445885 862071 986359 1045646 586742 520569 781882 908954 966252 1015384 965531 908141 781261 522150
20 395262 540629 969187 521777 81899 510429 663479 846199 936695 996699 1028699 651766 781914 908954 1030572 1014956 982584 907117 780205 524230
20 268286 552885 895459 515665 161771 651735 504253 800631 830199 941467 1006235 1042190 509689 772598 769594 1014124 982124 917080 761805 520102
20 443898 1032677 621490 507473 32749 577495 493499 770935 1003767 638204 457337 915004 1011484 1039900 933303 995051 965582 914891 785739 523174
20 770430 116729 932089 162551 822767 741855 1016255 278398 902899 523658 916370 980636 1011372 1040012 769835 1011539 980835 916077 770004 523637
20 983934 200697 848121 374007 678383 861151 987583 64894 741107 1043747 523146 784274 978140 908972 966548 1015436 962411 909139 783981 523125
20 1016958 754681 294137 825847 879023 992479 956079 555902 785050 785858 522853 391068 454604 483252 507796 1007435 978739 915299 261245 230395
20 1016190 121593 927225 167927 842927 889311 500655 32638 993005 261578 949148 784026 913074 1007556 1031826 1006203 981859 913229 783733 523573
20 116730 771045 932338 523793 278509 556503 823223 742263 1016567 509403 391801 980092 1010876 1039420 769707 1011531 980875 916366 769884 522726
20 575484 997500 794363 747895 889807 945359 1032383 841589 261785 392597 457637 489262 503702 515882 765929 1013713 981850 916842 769782 508159
20 40956 1007868 601595 669623 508655 954847 903607 1016191 573165 523545 785165 915269 978729 1007374 1031762 483313 978646 915130 785138 490990
20 200574 270329 778489 451063 603887 724703 942783 848510 523787 859635 1022771 1038115 913298 1036764 1030604 1015180 720693 912749 720842 524020
20 73724 1040508 254907 468727 746863 986335 990395 368493 654997 458125 924665 972769 913345 1037086 1030934 1014662 586239 847486 720618 523634
20 408314 851721 771576 707831 480237 473821 744637 765053 1046038 522547 653774 849643 880499 1023907 892766 1011598 980980 369661 260915 130510
20 285686 216825 831993 763126 579055 500447 870847 1032319 851541 523555 785178 1013571 978709 1023788 991187 997308 978666 917162 785381 523740
20 28662 570873 477945 1020150 439023 640479 739775 974975 654947 523541 916259 1013573 1027866 974739 995301 997306 974700 916188 786076 523754
20 100350 495289 782681 757703 520615 294867 556973 433787 651901 863723 1018603 947946 977396 1006452 1030516 1004959 976671 916638 786098 524108
20 79862 56313 992505 968950 189423 292319 891071 1024127 261683 785683 1014565 1038154 913251 1005493 966458 1006554 966597 913308 785644 523980
20 16380 1032444 116731 416247 699119 810207 894143 995455 523789 785685 916325 980793 1011625 1023953 1023790 1011542 980934 916378 785898 524018
20 31738 523785 1017336 232439 571373 613341 943549 833917 1001725 261179 1045078 521131 913075 974547 999267 999070 974638 913230 785862 521716
20 675318 628217 420601 373494 53231 987615 484031 901503 777395 523356 785171 980757 1027882 1039948 962517 884634 964586 884581 785132 523683
20 47094 89081 959737 1001718 189423 468447 841919 880767 261683 785683 1030949 1038154 913347 1021877 1022938 950101 950186 913212 785644 523980
20 100350 146425 908345 310743 514159 776791 239547 962379 997067 779747 910285 979134 1009982 942026 1031732 872189 972661 883698 785820 524196
20 138238 294137 763705 118743 439663 963927 416699 876363 755453 776653 909758 1012427 944883 1039414 900810 1009468 978828 899957 785650 524196
20 71678 159221 470739 908081 514383 587723 210871 947815 776315 898285 994023 1041694 902137 970470 965050 1014584 958301 912854 786076 524200
20 492030 626665 521753 171767 424429 932315 756667 888187 1009907 785486 916110 555002 978492 1007412 1031956 1005263 976839 390013 783797 393186
20 199678 341877 520403 708529 448335 606155 487863 784493 986747 1019195 850746 780201 910582 908518 965852 949916 932839 904157 784214 524200
20 53238 612857 435961 995574 350159 764367 967359 1032319 654899 458069 523029 784163 1011482 1023788 892883 946149 949690 900844 784092 522730
20 28662 238585 810473 1020390 523779 565199 746415 894319 1007855 261235 850613 980533 1035836 511955 999253 999098 979930 916314 785820 515564
20 147318 257237 470947 906224 589035 802717 775963 912446 996973 1004909 207863 455863 969593 495031 1022682 1013978 976846 393031 785324 381944
20 201726 339893 937811 783585 293863 113627 711485 521275 986743 989559 1042830 845686 779001 908474 965852 1015016 964523 907213 782230 524108
20 139006 337789 618387 512483 540647 441947 496571 776541 913630 994423 1010231 718517 969209 905014 1031564 1014248 976846 909033 784234 524180
20 29694 167677 565203 486707 748879 520907 717495 827239 883869 963815 1018782 1033630 910309 1004409 997753 990950 982328 913018 786344 524244
20 135166 540533 924595 517361 945455 976159 130955 514893 801527 761287 778875 988119 912326 906618 1029368 1013480 982728 904893 784828 524086
20 553978 261897 1019128 754679 832493 1000413 832957 875645 258683 260411 1046726 1046150 389075 974675 999331 474974 450478 913198 785652 421117
20 231294 331769 717049 169975 422383 633567 991935 817790 515611 888299 1039115 915362 978332 1038580 1031572 753453 978787 914781 753618 524004
20 63994 523785 985080 465399 616429 699357 841149 702845 874749 1043510 1045078 521131 519627 777907 900947 949987 950046 900782 778062 518132
20 429820 651644 193019 375511 626543 708439 891455 491277 751286 986617 1010609 1017593 1040846 1037710 1029542 948351 819162 851877 786121 524146
20 540412 508412 146427 640887 770799 838879 940223 948343 523790 769309 916265 931813 995269 1023877 1017338 1009466 980762 392150 785890 392953
20 593790 335609 713209 127479 659439 927455 877247 455294 785437 990451 1022771 1038099 520074 1036780 1030604 1015180 851787 851892 786146 520053
20 601590 579065 469753 447222 28655 758239 975039 1024127 654899 523548 916243 1013525 1036074 1003477 966490 1005546 966565 916204 786124 523747
20 182268 882812 121787 869879 379375 456799 943547 771933 1017565 785797 1029065 1045046 1044006 1039970 670463 475061 835486 851937 769402 491466
20 157690 523401 891768 102391 572397 739293 817981 261179 960125 1000829 517035 913630 1042646 974291 999139 998814 974510 915363 786246 523124
20 231294 299001 749817 113143 722927 922591 454847 817534 888507 1035571 1043219 915338 1042668 1039564 1031876 491339 720669 915061 720866 491444
20 722814 586233 462585 113143 595951 942815 991935 326270 785435 1002741 1039125 522124 912794 973290 966562 1015178 958301 913253 786148 522099
20 195770 228185 886776 580343 759695 851149 883502 961853 995030 1036638 1026485 423403 256635 482787 506475 1005245 980822 393107 782308 362492
20 840636 257148 643963 435959 322991 517663 737166 933721 876245 1020397 485882 1013202 1035205 511226 900407 1012287 720742 900842 720825 515013
20 121340 943740 286587 713463 846671 482511 514111 769833 900757 963998 998310 382453 495589 1034138 1026175 752601 982497 915178 753526 518042
20 610044 438780 116731 670455 587439 890079 989615 1020031 523846 781597 912181 1013577 961018 974618 1027861 489398 970725 916426 785890 491257
20 400378 381565 779386 451319 742767 502367 760895 982793 1015441 391595 784852 1030113 905171 1036204 898974 884462 851830 536061 129963 261588
20 806398 890717 1005339 1010471 382919 977865 392371 982129 757311 1028414 252375 779753 517846 1039080 474365 737266 196446 655276 553727 437167
20 647550 554973 764155 773927 848839 1027277 343479 933494 384603 974234 482282 497644 487378 1036535 1029915 1010493 458093 917164 262128 189119
20 53244 995580 238587 350071 940271 770527 902335 977015 261677 523533 916297 980881 1011482 1023878 827385 749541 964462 900022 753370 523506
20 118652 979132 284667 782455 446127 513567 737165 933718 884421 380405 494581 1026001 1008110 1038794 897855 1011259 720745 900346 720822 522698
20 56316 1008764 348027 417239 778479 910167 510271 769817 319213 900517 998286 497613 978825 1038002 962943 752625 962294 916698 753518 521906
20 709370 777497 339960 218103 618191 455629 845501 961149 523310 1007869 915798 1029526 1035563 888820 759675 949731 950046 908203 770020 523987
20 102396 946428 160763 693751 863471 746911 827039 1016959 261677 523589 887801 915281 977742 1006390 1030950 1007561 978865 914350 786130 523514
20 167932 880892 324091 597751 468943 842447 985791 959103 523797 757241 785177 776041 912686 1037718 1031462 950181 950106 913361 782838 524010
20 157686 109561 939257 891126 316911 746207 993471 909439 523795 785699 981781 1029962 1036060 774115 964533 884634 965610 884581 777692 524012
20 53118 231417 817401 342519 677615 887519 967359 995966 523787 771571 785171 914733 1011100 1039756 966485 1011555 966570 915410 784876 524020
20 30716 1026172 568827 605111 516719 778591 976055 819021 646829 515481 973765 1021838 1011593 1003775 505841 1003382 981818 917106 786130 507374
20 28668 1020156 678395 612279 632303 500447 960951 1007743 589405 523561 916249 980805 1036046 511985 999309 999282 980666 916198 786146 515550
20 53244 995580 723963 349687 431983 952799 848063 878959 249533 785685 523033 780197 1042010 1040066 901065 950129 950158 900918 783610 522982
20 28414 174073 874873 363511 738799 833887 942527 255835 1020158 523403 785043 914989 1044260 974563 999125 999338 974748 915410 785260 523636
20 593790 203769 845049 374007 680943 855519 991679 455038 744179 785683 916013 1038115 520074 972508 966548 1015436 958315 916434 785644 520053
20 48636 1012284 95227 163543 520367 913751 573357 249693 904933 1002958 973769 1025993 975999 1022079 989118 998897 977846 917146 786226 524130
20 231294 299001 782521 629239 754671 962975 380827 850046 986747 1011027 523075 882634 1043628 1040036 1031876 423167 687965 915253 720866 490428
20 231294 331769 717049 406519 629231 755167 1003711 817534 372411 523531 1043235 915346 977628 974732 1031876 753461 970611 915053 753610 523508
20 891130 663413 943986 523137 830951 1027159 1037367 916249 196254 753038 686966 243643 774091 511932 1030092 489977 981737 130926 647421 349943
20 885246 831101 430059 464871 916131 240351 765231 512829 1037517 425150 949070 718454 1011608 777842 1032080 748023 979449 131052 612255 392531
20 532474 261897 1040632 582647 798701 863709 971453 1004669 130619 195931 490419 1029939 1036227 511806 505806 1014606 982438 917190 785652 497917
20 31738 523785 1017336 232439 571373 572381 873917 944509 1001725 261179 1045078 521131 913011 974515 999363 998974 974670 913294 785862 521716
20 320506 523785 728568 206839 581101 871389 701885 877437 959229 518571 784478 1037878 1043542 513995 900787 950099 949934 900942 785315 515572
20 539644 1033340 576507 741879 995567 941151 961599 654109 261773 916869 523106 456677 487353 1023953 499630 1011654 980890 392570 786034 369407
20 59382 483833 565225 989670 523779 602063 746415 971119 975087 654453 916021 1029692 1035932 511859 505811 950165 949882 915930 785818 499692
20 246654 53241 995577 619767 220111 894415 492479 802174 446195 515411 850858 980882 1011356 1039532 769819 1011555 979581 916309 770020 523436
20 231294 331769 717049 48119 755183 987615 1003711 817534 372411 523531 1043219 915338 977644 974732 1031876 753437 970611 915061 753634 523508
20 53238 436729 612089 995574 349679 762591 968895 1032319 523795 785701 916245 980803 1011484 1023786 892885 946147 948156 900074 785882 524012
20 532476 1040508 582651 798455 732527 905439 1004607 327469 261781 458125 490457 1030041 1036257 511902 505830 1014694 982386 917330 786154 497791
20 532476 1040508 615931 798583 840559 1004639 1022015 786181 392861 982425 490413 1030089 511985 1036174 505782 1014738 458214 917218 262010 174847
20 31740 1017084 431099 110071 572143 740575 880831 1003647 523789 982293 1043242 784185 977877 909145 999393 999198 978410 909222 784326 524018
20 389610 614073 962392 634727 941798 357339 439741 513395 516845 748862 760542 783902 1035507 1035117 998323 998861 589739 851924 193013 261662
20 389610 614073 962392 634727 941798 357339 439229 513395 517357 736382 773022 783902 1010419 1022829 1023411 1011149 589739 851924 193013 261662
20 550906 174845 1022074 774887 896359 975071 1007935 196395 884433 261515 916369 505750 1036172 446451 997353 474814 974684 391918 785780 349565
20 550906 174845 1022074 942583 774863 896335 1040447 196379 884393 261523 916385 505766 1036180 446443 997337 474870 974708 391902 785772 349565
20 8190 190969 882233 488151 750415 847751 237467 441707 716019 875645 891877 956387 986845 1032638 1024830 1011170 980572 915930 786092 524084
20 508902 770809 294769 769426 556782 378839 839351 755579 507053 1003767 834044 980316 1011484 1039644 998007 994795 979883 916363 261989 261850
20 574974 741049 389977 642679 258863 663515 834989 965987 455413 489790 1034475 997098 502772 515028 1025823 882141 982558 884658 786372 511211
20 316412 748668 632315 649463 713583 481631 512319 900877 497397 982417 1031046 1013418 511969 773790 965243 817117 933358 884594 253921 257694
20 288254 709369 372537 323191 509615 651935 949643 750451 1014981 768190 518493 1029964 781282 860141 955899 1007166 966580 909266 257373 261090
20 189948 875132 117755 481767 648935 969823 1034303 259869 507533 900502 979889 1020782 1011594 1038225 734463 929781 818142 851433 769898 523890
20 138238 322809 751385 585575 488871 453339 827307 498547 734941 760301 913758 971499 987093 1033534 1027134 880362 980884 883637 785650 524108
20 713150 648797 993779 262019 1040999 948693 884278 458029 507053 1039450 392138 473068 511976 609791 702203 1005467 835422 842685 761844 516727
20 838014 382621 796667 448231 911815 933709 715197 259678 1010293 488878 1028782 1044849 519850 729076 498651 1006811 982930 655336 646975 503157
20 829180 743804 762363 879319 127855 718167 1032383 1027661 261686 392601 981921 1013642 519986 827325 991098 473077 449502 908774 786121 421103
20 528382 251229 781011 906723 147431 802777 186175 879421 480507 977141 498043 1025717 517498 1039028 1029070 1015374 982414 393046 786344 387757
20 321454 615925 368075 433893 752482 943835 990398 372079 653975 981305 516335 1020892 1035100 772019 767795 491405 720342 917112 171757 228210
20 888746 619757 947442 129875 457548 987079 228158 1029415 502521 1034617 1044647 516985 779486 253406 769630 1015705 589803 851956 692149 513703
20 867570 644917 448314 977860 488807 505239 1014425 1030761 779838 776654 520503 1045193 478967 1019385 761694 749486 589811 327676 146685 125899
20 863210 646253 973938 128915 456588 1006791 1019687 489273 505561 1026521 250366 1040999 255422 1039257 769214 753502 589803 851956 666613 518759
20 440242 842453 744154 1011044 760551 1027417 903614 251735 517865 259479 521129 913534 781975 1040169 901070 819187 688124 79805 585067 391294
20 865770 125869 453554 646739 974412 474055 1005241 1008999 506535 252286 1044697 258878 1019769 1035687 765662 753438 589803 851956 669173 521433
20 878058 113517 441202 646803 974476 474055 996775 1005177 518759 252350 1044697 258878 757502 1035623 1027993 753438 589803 851956 681461 521433
20 303022 596981 385995 452069 753250 925147 1008062 371567 512239 654487 981561 767667 773939 1035996 1029980 491405 719830 916856 189933 228978
20 425070 448397 715603 350179 764900 998617 879421 1021754 902878 903646 520619 782965 519339 777333 376655 753558 851960 572599 88043 240628
20 856050 652629 456026 981668 488807 1014425 495511 1019753 497367 1026537 512471 1041129 779582 776766 769086 753614 589811 327676 135165 129707
20 856042 651629 979314 130707 458380 1019719 1012135 491097 1028711 503225 1034937 517817 778718 252894 769246 753470 589803 851956 659445 513383
20 667626 250349 905714 261651 917004 937927 963495 1004903 1028327 978041 1010361 1041977 516574 1023833 499390 490334 458142 131051 655348 274421
20 432106 584621 748466 851027 1014860 764871 1031225 513831 517799 776615 520665 651902 1035993 904574 901022 819179 950260 333813 259545 129662
20 413166 750313 495089 818963 900876 513479 775847 780903 457789 654554 842621 976797 911226 1039258 933867 999412 701174 387559 195901 130778
20 175086 742889 830449 261651 917004 954311 989095 994151 972007 502013 1036666 516797 1041754 514717 1031450 425789 949978 131051 655348 349686
20 175086 742889 830449 261651 917004 987079 956327 994151 972007 502013 1036666 516797 1041754 514717 1031450 425821 949946 131051 655348 349686
20 302062 714217 465905 851475 1015308 502727 517031 761191 775399 391293 784794 898749 905117 1035898 1029978 819179 950260 615926 129661 261530
20 178030 744361 833393 257235 912588 925639 437693 1003130 979559 1012135 502013 1033466 1041191 513885 1031066 490845 982682 131051 655348 351158
20 669674 252333 907698 257619 912972 940999 945849 979303 1029287 1010809 1026905 509566 1040807 1021913 498430 490910 458526 131051 655348 276469
20 826606 976681 990449 64467 228300 1027399 113597 383837 256762 520666 1046567 636413 904925 774010 1030042 819179 950260 878390 775847 523303
20 386294 580973 621227 687046 501729 892695 454043 487005 958074 997820 510451 677870 781102 1037021 769231 1013107 980661 917464 239601 260910
20 385278 451533 572275 484835 646821 867677 437167 511579 933486 712150 1006520 759796 782132 1036655 1029787 752343 982201 917450 222699 261940
20 350062 879529 956273 97523 703724 850975 251805 781146 1033927 1034695 520573 1045178 519293 1039546 344043 933876 425931 901076 786215 437174
20 307710 364157 620203 653639 430051 472791 506171 948021 981209 1006774 1034934 1034074 746477 774637 769932 1011035 720494 917488 167923 262028
20 663530 254445 909810 261651 917004 944071 961447 1022311 1036519 949369 1014329 1029849 1036185 511614 505662 489950 458142 131051 655348 270325
20 306926 710505 470769 850323 1014156 767687 511783 899389 1038554 519271 782951 386013 779706 892605 1023834 819179 950260 612214 125917 259514
20 667130 250237 905850 582647 939247 1026143 1040447 950041 261771 916876 1014673 1030049 511894 1019881 497630 490350 458598 392691 786164 274173
20 436986 578813 742778 420343 511087 766559 782399 851723 1015436 1031585 908182 518041 649190 1022953 892382 884467 982900 338813 257945 128998
20 429550 420729 759033 586103 750190 766175 518207 1023781 851595 1015186 1039237 518083 649148 908154 900954 884205 982772 331511 257987 128956
20 721918 856013 126195 923619 260901 718045 863663 1008751 1022555 1038619 850158 390998 978744 515316 507572 491316 453591 914361 786378 399339
20 868146 644565 447962 977636 464871 994265 771518 772734 488567 1030329 520535 1045161 519959 1040169 769486 753358 589811 327676 147261 125675
20 179566 745129 834929 254931 910284 925639 451517 1008506 437501 1004794 1022759 1029415 1035815 510429 1028826 490845 982682 131051 655348 351926
20 856050 652629 456026 981668 472551 998105 482615 1027641 515159 1043625 517079 1037289 780670 775870 769870 753550 589811 327676 135165 129707
20 612078 895849 939761 130451 458124 989127 994215 220541 503034 1044583 252349 517594 771773 1035098 769693 1015578 589803 851956 699254 520807
20 663530 255213 910578 260883 916236 994759 976551 1004903 998073 981337 1036519 1028921 1036185 510846 505566 491102 458174 131051 655348 270325
20 967102 670453 246651 902517 936431 1020255 606014 982547 509565 261574 916424 1013458 1027810 1040066 503709 489389 458604 392119 785849 277755
20 856050 652629 456026 981668 478695 1019609 497463 1010489 488663 1030377 512375 1041081 780110 777102 769438 753262 589811 327676 135165 129707
20 662522 254709 910578 974609 975311 606151 1008055 1026167 941689 261419 916268 1021865 1036073 509686 505694 491166 458470 392155 785884 269821
20 663290 254205 909690 563191 993903 975967 1024575 261899 917132 990681 973737 1013649 1036169 510454 507302 488942 457686 392947 786292 270205
20 725886 648429 782083 333811 924649 995803 1011899 851066 499261 515357 392078 980884 462841 1035494 1027782 1011590 456559 916341 262136 190711
20 823030 651389 454843 1012022 1021487 1028639 655235 458565 1015496 1019377 1035217 1042369 254462 252398 245198 229111 720762 393148 659389 331643
20 727534 129653 255411 925665 387014 720399 867227 1002845 1008861 851066 975804 1020651 1026667 382838 501686 491062 457175 908717 786392 401385
20 475646 308981 507155 740337 244399 874203 944043 1004155 1043533 589050 850790 784156 896694 958294 987113 999190 973245 911837 783847 524264
20 433138 847189 748890 1013412 244199 514777 256439 520825 769111 1039529 916238 771959 1025977 906718 896750 819187 688124 72701 587435 392974
20 702842 247421 902842 645847 969519 976663 229259 884556 933617 476670 488422 1028569 1027529 1023457 493310 1013823 458446 393075 786356 309693
20 740842 177133 832498 261651 917004 929735 971687 1025383 1033447 456830 1010105 1013305 518750 499390 1023833 488414 982425 131051 655348 347637
20 387706 619893 947634 495569 487183 850631 630699 958316 734942 502265 774622 516857 779750 1006391 1031223 1007337 720731 917404 191165 259558
20 178926 744809 834289 255891 911244 940999 933287 436093 1001210 518589 1044954 1045095 1043559 499421 1023802 491165 982810 131051 655348 351606
20 856042 651501 979186 130835 458508 996295 1002919 1037415 474745 507193 515033 1042265 255934 777022 769246 753310 589803 851956 659445 518375
20 727802 255221 910706 925617 994863 1010719 654215 196427 851660 957913 451518 988153 1035209 509430 505318 489414 981111 392891 786236 334717
20 772534 937953 259641 915028 637421 147415 802746 957299 1002739 455918 488302 1032691 501500 513660 1027855 1014429 982301 393127 786378 379355
20 758714 257085 912474 636775 1038727 163787 819116 941937 957177 996841 486126 452086 1016825 511598 503030 1014047 980511 393139 786388 365533
20 597966 732021 251003 906421 1041198 1041950 196487 851785 948947 993779 514285 997315 511437 969714 439804 488700 958015 393078 786360 338875
20 919486 714997 200571 857973 926703 1007967 653630 982547 466557 499101 514957 260038 913352 1038578 1031394 1015490 458604 389047 784313 323835
20 858090 649645 977330 130643 458316 1008583 997049 1036647 1038503 490617 1030745 259870 511961 773758 244670 753054 589803 851956 661493 501223
20 699130 218365 873850 631799 925295 1017439 1033279 261899 917132 965049 481782 980881 487318 1039241 507334 1010665 456174 392947 786292 306045
20 667118 632697 940281 250231 905838 975071 1040447 950053 261771 916882 1031043 1013637 511900 1019875 498684 489338 458586 392685 786164 274167
20 663034 254453 910066 950033 976079 630727 1019063 1026167 261675 916780 940921 989161 1011497 512926 505630 484342 457702 392667 786140 270077
20 663034 254333 909946 630615 959727 1009879 1025087 950065 261771 916876 957401 1005481 1036169 508918 506790 489310 457582 392691 786164 270077
20 577438 663029 254331 909941 975087 1011934 1029182 941875 261767 916873 1022915 1038211 995298 512892 502717 487261 458604 392694 786168 270075
20 593902 913641 921585 130835 458508 989127 1010087 1037415 228989 769341 252861 780125 518074 1039194 507354 1015450 589803 851956 717046 502503
20 174846 742649 830329 624631 925295 1024607 1033279 261899 917132 440765 1006042 456597 1011602 514981 1031618 486381 980458 392947 786292 349566
20 174846 742649 830329 629239 929391 939615 1022015 261899 917132 454069 1012658 500701 1033706 511893 1030050 490445 982474 392947 786292 349566
20 603630 903913 931313 130835 458508 1033671 998055 1006695 259645 522586 782781 1045210 225245 761693 499642 1011514 589803 851956 707318 503015
20 770302 902093 80883 968163 261669 671197 871343 1020271 802542 392534 981816 489332 503732 515892 1027675 1013403 457431 916665 786378 443883
20 770926 80885 261171 968673 392390 671631 904091 802682 1002219 1020395 981180 357878 503478 515254 1027421 1013341 457559 915245 786392 444393
20 886518 325517 129259 457062 987105 1022557 1030205 622359 949914 1033651 1041299 750076 256494 253390 245646 489071 720629 917368 690043 462833
20 877942 993233 129657 457396 490255 843213 630695 958314 986867 244190 1040867 250876 256764 1037855 1031229 753388 720727 917402 681403 517603
20 386426 621173 948914 501713 487183 843207 630699 958316 495353 735710 516601 742390 781030 1037855 1031223 1013225 720731 917404 189885 260838
20 828398 878261 129339 457045 490894 630727 958377 986995 243965 1041635 1006322 251388 257404 1037087 1031710 752493 720822 917464 681691 517859
20 771514 260661 916050 968673 605671 147419 802748 937849 1021177 456942 1032697 488182 502646 514678 1027727 1013519 982295 393131 786380 378333
20 633590 994225 382201 972148 1019439 1021471 589709 360263 949962 764403 512508 779219 517612 777155 507340 753277 458423 917306 218558 174971
20 542718 775381 256795 912165 147431 802777 957875 1005171 453245 485821 1036531 504700 1027314 514876 1025935 1015118 982670 393174 786408 382187
20 528382 848345 753193 694199 373739 233437 388531 823163 840955 736445 740333 1009381 1041182 1038934 1031494 487930 458356 917036 784850 425871
20 31230 427901 489107 692195 391527 699355 827195 753197 977019 1021166 1037006 651769 880341 1006005 998805 987002 982676 911278 784214 524264
20 528382 226653 768723 882147 184295 839641 220479 896573 423547 965045 477691 1017589 1041230 1037198 505210 1014452 982222 393046 786344 375469
20 101374 496957 517827 760307 989675 892699 780957 1010269 965691 912613 1045286 586745 978234 974788 1031876 98159 444159 882142 751542 425976
20 532476 1040508 582651 732407 812911 891231 1004607 261901 392885 982421 490457 1030057 1036257 511902 505814 1014694 458218 917194 786290 432767
20 8190 254457 851481 339703 456239 204763 748459 765291 776931 810365 834237 858093 970549 1033438 1028950 1013142 977386 913906 785948 524228
20 100350 146425 908345 310743 514159 776855 438171 763755 997067 779747 910285 979070 1009982 942026 1031732 872189 972725 883698 785756 524196
20 492030 626665 521753 171767 424429 695259 888251 993659 1009907 785454 916046 555002 978492 1007508 1031956 1005167 976839 390077 783829 393186
20 1018542 766713 904569 125879 652750 454287 1013526 260667 916572 489707 981364 452525 1009618 155642 278524 986559 955359 900835 778085 496983
20 1036622 1037069 516915 613843 356076 962260 589241 999032 777295 519350 588792 735224 773579 511732 374623 948071 424863 900007 254647 171499
20 312318 81397 860003 978577 193515 381911 620343 519227 891511 971133 1013966 1029518 733046 777434 960249 945081 933350 917144 774061 524108
20 667566 934901 967155 638577 514158 249055 906430 943975 949895 998795 637929 259897 913240 1023881 498166 490620 458360 388023 783318 276431
20 40956 1007868 208763 451319 726511 858591 958911 971131 630517 523533 785173 915237 905137 1035854 1031818 950217 950070 911070 785130 523762
20 157690 1043977 891384 231415 49133 293853 742845 962941 1003773 519227 780891 914998 911860 974515 999267 999070 974670 911307 785318 523718
20 174846 838393 734585 615415 583151 985823 955711 518715 1045596 522411 1046868 521891 1044292 253853 901018 425939 950188 376805 778210 349566
20 246270 282621 243323 577511 522631 775759 1005103 912155 1042587 867566 948846 849818 1027700 1023892 953851 752061 963573 914805 753618 524264
20 546806 117753 931305 502246 785923 286671 893871 968047 1032431 654451 948917 521786 1011253 1023580 761779 1010650 981850 916892 769516 522197
20 100350 540597 1018339 521809 32747 695255 510397 888183 993527 783419 914075 946678 978490 1007386 1031768 1005293 976845 916332 785868 524198
20 8190 499965 632803 514835 425195 699863 894647 996471 777773 908621 556021 972601 1003417 1033462 1031960 1010542 979918 915898 785114 524260
20 116222 183037 480059 88055 445295 498847 585627 769131 882269 948574 899561 964338 995244 1040320 1024863 1010931 980397 916150 786228 524224
20 326778 368553 746488 621751 949453 649039 976693 991006 1019622 1025510 302075 513435 519323 774781 768125 491363 719790 916436 171987 222204
20 38910 207613 363899 802231 494063 756639 521751 686907 842941 783587 914253 1008062 976841 1007306 1032128 1005429 978550 916210 785756 524200
20 592894 747069 784579 818995 985067 993115 1022389 1038677 827129 388411 979770 390093 978380 515630 507534 491460 453367 914678 262136 136703
20 174846 919549 630683 897767 773479 1040603 1040699 441903 1007190 441743 1006486 259989 913292 514793 1031536 228093 851324 323571 751594 349566
20 528382 684285 677627 848727 179567 736663 446111 1003111 900665 904653 494581 501745 1040702 1038650 1028814 491352 982944 392438 786376 357295
20 909438 975577 630201 1025479 65255 360277 943035 696158 990956 425458 244668 776116 257972 513659 1030771 752799 982317 917450 746347 510415
20 771004 409212 968955 1003767 1019535 162767 818606 640893 655073 245171 900050 440182 487274 515938 1028589 1011605 980889 391743 785502 378333
20 528382 726013 734651 874199 224495 765271 904763 424735 965287 973259 911485 452593 1041294 515508 507608 1015648 980094 392118 786376 366447
20 38910 232189 363899 207863 888239 956831 521743 686907 818365 783563 914261 1008062 976865 1007560 1032128 1005175 978526 916202 785780 524208
20 790398 381433 667385 270327 647663 935647 967359 258686 916507 933101 998189 1029901 520074 778132 1028594 1014226 982418 917220 778091 520053
20 38910 207613 363899 339447 756655 956831 521743 686907 842941 783571 914253 1008062 976865 1007306 1032128 1005429 978526 916210 785772 524208
20 231166 363389 954811 169975 887279 991711 94139 685437 817406 523339 785097 915282 978828 1007584 1032128 1007135 978547 915117 785206 523700
20 386492 736108 486635 503687 843745 613847 941750 321405 637627 965082 510205 726910 781170 1037199 1029365 1013657 720175 917070 190173 260978
20 385406 484573 320507 470263 511759 834509 605615 933486 646773 974260 744410 759800 782304 1036527 1029911 1014581 720219 917146 189119 262112
20 543742 779805 648891 976679 776647 802765 991153 907637 973049 486511 1028718 488433 1027568 515630 502687 1013150 458454 393050 262120 38399
20 543742 771645 640763 990807 968527 784775 802717 915813 981233 486495 1028702 488425 1027560 516064 502711 1013174 458414 393018 262104 38399
20 36862 501433 776537 763847 514471 294867 556973 472699 645757 894443 961259 972149 1010164 1005290 1030516 1003295 979870 916638 786098 524108
20 39934 492925 755387 364023 730863 955615 294331 556669 522827 784789 1007870 914377 977889 1007568 1032128 1006383 978718 915254 785770 523956
20 593662 778653 746427 769607 1001383 810965 835497 387447 979190 990333 1022585 390889 978792 514510 506294 490954 454303 915230 262128 137087
20 135166 439929 752025 702375 489831 325339 380851 642925 744157 953835 961259 1001429 1040702 1037374 899572 882410 981460 868127 786034 524172
20 771036 458292 969203 606193 146415 802270 640957 1001853 1020157 261211 916074 423614 503610 515642 1027783 1013575 980937 392087 785830 378349
20 770430 967901 639995 937207 1020143 605149 146879 802430 261733 916900 457674 489448 503792 516064 1027855 1013527 981813 392539 786074 377535
20 544254 770749 639995 956023 1002095 147167 802621 261415 916677 1028222 457193 488945 503784 516064 1027479 1013646 981910 392890 786264 377695
20 802742 1006989 735179 1034182 392161 458577 259004 914527 481919 1026429 981167 980787 224759 761589 499194 1011448 717790 655214 577467 503439
20 555518 637629 1034363 998279 781415 384215 974133 360235 949961 1031562 521200 984063 845803 776091 505333 1013366 454334 913244 253932 179039
20 867790 874453 416747 961509 784290 260956 915631 980063 736831 1035582 1045395 521069 224759 761337 499446 1011448 589683 327612 708303 370651
20 639486 575485 740283 875223 236783 765271 900155 448287 976551 949646 441330 996988 519896 1040224 1029007 488947 981117 393140 786376 355183
20 771516 424812 972011 1003399 638945 179671 835254 640893 228027 883162 1018109 472954 453494 514930 1029007 1012981 978841 392495 785998 378589
20 967102 195193 902617 705527 326767 933531 130846 1003309 1033933 736746 867316 489202 1027698 515698 502239 1012063 982980 916395 785845 497581
20 724732 324092 53243 471543 350063 952031 877247 961135 523294 773365 777013 784261 1043738 1038794 900950 950182 950105 901033 782842 524001
20 123774 174073 874745 282615 735471 647647 1016255 925054 452331 523531 981898 1013404 1044116 778035 900909 1013603 981621 901074 778188 523508
20 418810 1043977 630264 492535 32749 178141 874941 962941 1003773 519227 784950 915030 650740 974515 999251 999086 974670 911275 781259 523718
20 810620 762364 532475 833207 993519 909919 1009975 245534 261830 384429 973709 481237 511885 1032698 1032033 1013674 457714 916946 786041 451711
20 705470 932217 640761 540151 967535 1002079 867902 261901 457883 1033461 392140 488938 1027530 515530 503733 1013653 982756 916403 786290 496255
20 556734 859629 975995 914535 981893 486607 1027374 483123 1023698 785809 771055 996339 912283 973437 505533 1013596 450538 389108 260606 48991
20 794614 896461 760779 1041350 425953 458577 948415 1013855 503359 1037629 916275 243191 773877 511482 1029880 753454 720782 130044 550907 382671
20 909804 737052 1008859 597495 925422 319449 844733 1036413 130667 458098 228158 767802 249786 1036103 505829 1014753 720271 917142 713461 501983
20 770302 837565 645979 1007239 386023 976339 784693 517691 835190 359838 949162 1013580 1027916 499696 724735 995831 457437 916713 245690 187759
20 788478 649565 390867 977379 597991 925657 616895 423549 764539 505269 1036981 782714 519860 515022 1031374 1015566 720726 917416 194221 249211
20 639486 794549 1032931 261457 540651 837591 778941 1002103 392251 933110 457530 489370 1027866 515928 503277 1013101 981453 917196 786342 496375
20 532470 812793 760185 1040502 582639 891103 994367 327475 261781 458131 1014723 505829 1036197 511962 1030042 490428 982380 917324 786154 480383
20 647422 673789 113531 813031 785543 387919 510767 980251 433902 990574 949146 505716 1027988 908477 1025275 489973 981621 909266 786408 489115
20 626614 691705 882289 457666 597991 750935 947390 954203 244411 391581 1032439 504731 486268 514924 1029740 1011595 851765 851434 786124 509175
20 462822 724473 325361 785170 587246 335831 943543 898167 740987 522541 991735 1037099 912060 972508 965468 1014428 958379 913227 261861 261594
20 699130 308605 873850 550903 1016303 944351 1020223 781881 390750 785801 392078 1046177 520006 450475 999340 475091 974804 916209 261494 215805
20 102270 324089 724729 145399 479727 887519 889535 946814 523291 765165 785165 1042213 976346 974730 1031570 884579 970613 884636 784882 524004
20 102270 324089 724729 571127 463855 479711 887487 946814 523315 765149 785165 1042245 976314 974730 1031586 884555 970613 884660 784882 523980
20 204726 335353 716497 914274 421351 341979 847038 728695 520763 782765 1001719 1033431 1024939 971644 962396 1014604 958379 655253 654714 523980
20 200446 373625 675321 412663 603631 987615 1020223 683837 848126 523403 785045 1042061 911218 909202 966540 1015618 966259 904941 785258 523764
20 659438 921453 930291 118515 913644 743071 847135 782909 966215 253355 510827 517963 1041332 1038804 376568 360408 458424 868263 785750 406007
20 764284 382652 567291 649943 251247 513367 671165 819022 933109 916622 447478 1012681 479218 1018829 499386 1009215 981563 916849 786338 502733
20 204758 334841 714225 917026 663527 844766 469943 942967 516343 859387 784925 1021531 1035803 1033708 1029548 1015084 458571 654805 654314 458428
20 540154 261897 1032952 640503 809965 893917 941245 961661 130619 522550 784843 456659 1011539 1023907 499550 487342 980782 917190 785140 472317
20 31738 523785 1017336 232439 571373 612317 833981 944509 1001725 261179 1045046 521163 913011 974547 999331 999006 974638 913294 785862 521716
20 158462 830713 742265 626423 554863 948319 1022015 519947 1046164 261533 916378 517867 1042292 450483 475061 999370 974796 392165 785890 365950
20 31738 523785 1017336 232439 571373 740317 873917 833917 944381 261179 1045078 521131 913107 974739 999267 999070 974446 913198 785862 521716
20 315132 749948 627707 478071 651503 710239 510527 900885 999054 495085 981921 518089 779702 1039762 965755 818933 932830 884586 257993 259510
20 539638 105977 942841 509174 143343 889311 967359 1016191 638643 949589 523034 784147 913187 1007381 1031756 1007082 982442 913116 784108 523237
20 231294 317945 992953 338935 955119 1016543 57275 817790 261707 730621 785221 914890 978386 1007500 1031618 1006963 978733 915253 784574 523956
20 230910 520857 888681 364471 163307 565213 687541 258683 994429 915630 1018237 817020 977650 1006546 1030866 1005231 976783 914899 786190 524132
20 195706 326553 985080 748263 964391 761181 752813 883534 892598 1040798 1022325 128491 323059 449243 506571 425779 937964 910973 784278 460796
20 349692 699132 53243 471543 501199 744143 770751 1032319 392733 720230 916245 980774 1011497 1023770 892901 946134 947705 899834 785817 524002
20 89084 959740 45051 423287 939247 508383 770751 772727 392749 654789 965406 915333 1011481 1023758 990201 995302 981985 914682 785722 523986
20 617212 439676 568827 160759 944975 259279 520255 646957 958110 1007001 1022886 911253 509930 1034367 998137 998886 982753 391034 786258 389013
20 89084 959740 45051 415223 679599 770783 516527 1032319 392781 654645 965406 915221 1011481 1023814 990201 995302 981985 914682 785866 523954
20 583420 473468 877435 764631 258287 456023 520255 778009 1007270 912781 981921 1030026 511474 953983 890869 687865 941022 376314 753510 389005
20 110076 946812 619003 702135 191215 518239 518455 646941 908997 974234 1031049 509937 1009550 1021055 990198 471033 851429 851578 786274 489358
20 53244 995580 218619 435191 351151 903391 779439 1032319 458269 982297 785221 915249 1011478 1023818 630773 946153 949494 899022 768954 524002
20 347644 701180 206843 57207 446959 641759 1032383 1040503 491037 769326 1014541 915241 978714 1023878 892409 948986 946149 899030 785873 524002
20 216572 897660 120763 351959 501999 767319 1026235 421725 720549 851342 744365 944089 911150 957426 991117 996214 971903 912881 785114 524130
20 209916 838908 108539 707511 436719 1003743 374199 1032319 245341 785677 916294 980762 1011553 499541 1023658 815070 948197 883641 785650 515754
20 492414 122105 926713 175607 365551 873695 984511 556414 961245 1046805 784618 784266 913074 974732 1031842 491291 974451 913229 783221 491492
20 218620 830204 552827 754679 195023 878287 389311 520315 777757 1027374 1014565 980758 519633 843510 474613 998362 972777 909209 786146 503598
20 189948 915996 502907 386775 519247 737221 223165 1005417 720609 883178 508413 1028918 1043362 580479 833499 949535 925438 892405 777886 523170
20 355068 718140 651739 254903 500655 454299 884613 510589 1029214 486649 981858 1038049 1043782 808831 573167 744894 957405 892858 737265 523590
20 385532 687676 452219 501367 486095 980239 510877 1039185 916705 761054 768814 751570 782242 875839 932343 989165 835545 581374 123389 262050
20 308220 1006652 816379 383463 1029671 520479 589709 716621 518889 769489 752342 776138 888447 968693 994798 474105 974650 913330 258367 229078
20 137214 277497 773241 671207 510695 936415 969023 472891 802539 521619 783245 909694 1025931 909194 1027700 1015380 982676 644861 654322 523628
20 611710 799741 838907 898663 948647 1044511 122767 454486 229075 507338 252877 518100 747387 1022906 761333 1011436 720745 917424 699070 520255
20 611710 799741 838907 899687 947623 1044511 122767 454486 229075 507338 252885 518092 747387 1022906 761333 1011436 720745 917424 699070 520255
20 102396 946428 222203 316919 187343 878031 1018047 1032319 130621 785685 916265 1029969 978714 1007398 931774 991193 962533 916182 785642 524002
20 109054 746749 844667 1022071 715471 881999 1040447 261907 392869 982420 1014690 505753 1036200 118775 931830 474077 441835 909018 778092 415358
20 40702 238525 338931 710003 231407 1000799 810429 375639 1007870 507031 973433 915141 978633 1039238 1031528 753307 977846 915258 753636 523624
20 116222 715449 481113 251703 446351 638411 900517 911987 498813 1013918 512381 963570 995180 1039074 1025695 683515 817133 851742 753620 522978
20 78846 478333 245147 740839 507527 872395 1005355 573245 652013 913905 968958 976062 1024981 1022869 1019754 950164 422783 916574 786034 458728
20 230910 520985 888553 495287 163307 565213 687541 994429 782963 915758 1018109 816892 977778 1006546 1030994 1005359 976783 390619 786062 393188
20 129214 220537 834505 179063 225003 517787 933662 912949 974414 959996 1002482 644575 1042767 1020669 1023411 883629 982195 882554 784356 524228
20 576766 770909 1021243 1033527 163183 818589 261779 917089 1012286 1046978 440573 456433 471028 483312 633851 1003215 979918 376670 769964 377775
20 493406 389369 692153 236279 1020591 588254 490795 653886 978533 1019293 1043269 686060 1009914 908770 998882 862143 456411 876381 784211 458676
20 200446 373625 675321 414711 603631 985567 1020223 683837 848126 523403 785045 1042085 911194 909202 966540 1015618 966259 904941 785258 523764
20 808446 888669 1002811 1003207 390503 980373 391835 981609 767543 1030602 774463 1041102 255985 515056 474365 737266 196446 655276 551679 429999
20 145404 903420 548603 508407 801743 771791 930495 970879 523801 736629 785189 915222 929749 1023825 1019310 1011114 978730 391145 784858 392950
20 568062 688009 886769 784499 887789 890333 915517 438071 1005238 454039 1012646 455387 1011050 450251 999242 469757 972156 393098 262132 87423
20 528382 833001 257817 177655 744173 794587 848315 881275 437871 1002933 502575 1034037 1040634 513486 1030868 490830 982676 392988 786402 350963
20 305918 471801 707961 670967 416623 516703 779327 900875 1040020 391603 784844 849821 1011610 892651 1023860 880613 980962 611710 129971 261580
20 479994 548093 699770 432887 420719 750687 767039 909067 1044116 522649 653798 849822 904939 1036148 868275 999372 980961 369533 261017 130534
20 77310 153341 278451 770931 903983 477087 785547 409447 895677 971198 489703 898517 978630 1023429 1021562 1014616 978297 915178 786356 523096
20 493406 389369 692153 256487 890791 588254 490283 654398 953981 998741 1022869 686060 880370 1006314 1030378 1000895 456411 913229 784211 458676
20 233150 316409 732537 337911 564719 1017055 816574 448123 883294 522635 764157 784149 977874 1007436 1031106 1007283 978733 917157 783338 523636
20 647550 815053 746747 773911 768237 1044693 343479 933494 392779 982410 482254 497626 503792 840695 1025839 1014585 449917 908988 262114 189119
20 647550 775389 748779 765735 849859 1043213 359831 949846 376441 966072 465886 473068 511954 838653 1028343 1012539 449903 908974 262128 189119
20 532478 681977 899321 703319 324527 882071 773775 380535 947771 445915 1002467 1021645 1026365 1036606 501746 490204 982244 917322 262068 212335
20 754430 647061 989627 961013 1020335 1025629 1044009 195359 851102 261347 916322 423886 487318 450536 507842 616443 972407 359165 753020 361855
20 624126 831437 734195 843571 775021 777373 1024919 1027175 357983 948574 391595 980650 487228 483270 507704 1002747 456181 916212 262090 166655
20 983550 730109 859771 937655 875407 241359 767783 518459 1044691 588926 981612 390844 913236 253922 966552 491488 440823 910827 777629 415583
20 458254 784981 565211 845797 729062 1009624 633790 896380 906492 687231 424893 505559 1036055 511723 1029931 883151 981490 359987 261545 119806
20 53118 219037 428019 620787 254447 834269 895421 995710 509655 974119 1039111 915049 1011370 1038584 769819 946037 949722 915350 770020 524008
20 722814 586233 462585 113143 725999 861919 938687 326270 785435 1002741 1043237 522124 977370 908714 966594 1015178 962365 909141 786148 522099
20 103934 158461 540539 315319 341967 708431 750391 523291 890493 944510 891325 976558 1025493 1006294 1026794 1007017 980433 916194 786328 524132
20 984060 130172 597499 747191 759247 879311 899383 937789 958165 978345 195486 325606 519510 515690 507562 491346 979071 915353 785377 459773
20 624126 581437 734195 843619 785543 1016783 1024941 1027189 357999 948590 391579 980634 487198 483284 507674 1002747 456181 916212 262120 166655
20 235004 813820 792571 223991 350063 678815 372127 699759 1021173 1013822 1028565 1041130 1034037 1035978 1030714 1015233 458585 655273 655190 458662
20 528382 643325 255771 124791 711119 868043 842171 1006195 454237 486829 1026861 931825 1042674 515884 504798 1013086 980654 917396 786400 498931
20 639486 261209 1033129 706519 540651 867285 130235 837501 1002173 933308 457434 489330 1027698 515698 503247 1012943 981351 917262 786340 496573
20 306158 709609 470513 851475 1015308 510919 766887 503143 775399 850043 1014172 386749 780122 892637 1023802 818155 949748 611830 126653 259930
20 788478 985973 996531 65489 874959 1025735 379835 652413 450139 453995 717741 521050 781724 777900 245720 229352 981238 917286 723831 472247
20 821238 1020141 1019683 489714 32745 863071 389563 456283 650869 716213 719765 751420 519386 221176 245720 1005511 981358 917134 757999 495399
20 621690 688009 1016824 997559 888301 374493 907061 438078 970454 456166 64499 751003 749163 253611 769859 485364 981117 916366 754684 481631
20 310714 343769 771064 1022071 644335 972125 1006142 651031 978597 1011142 326579 473035 502907 515971 763892 751037 719582 916332 147307 246780
20 417500 647676 1035323 845431 747183 1025822 850827 752467 1030882 409081 514621 513989 520129 644090 638175 884078 720310 335797 171885 123390
20 528382 651513 950025 702263 626667 374235 907699 388723 925309 945565 469949 1001429 1040750 513710 1030854 1011962 457970 917260 262116 187231
20 859388 713596 663291 812983 843535 226767 768423 998509 1041018 978206 481981 1021653 511221 1033194 505658 1014610 458209 131046 655257 306143
20 822238 1017081 294713 900679 716199 1013142 1022859 1033075 424693 391629 784446 194397 487276 253756 245684 749275 980714 654834 594927 492795
20 853982 818297 504753 806899 128431 457118 1007243 496509 1024701 1019341 653915 980586 257270 777526 769146 229300 718805 916452 658415 487243
20 561148 1011836 726011 898231 994703 382799 973607 765725 249589 253413 388025 976849 1041006 1039514 507746 819177 423870 883670 785530 440543
20 1016316 556668 1002619 890583 383791 977687 998543 1029961 522929 589242 752334 227190 126938 712674 245558 1012665 450013 912869 754173 435951
20 278266 374617 772600 1030343 614247 941973 649887 977517 1037878 325107 490291 746749 501563 499403 757748 1012686 720222 916908 178091 248316
20 586234 642741 986746 471541 759695 359119 949037 390459 980185 1035382 1035158 1042022 516601 514537 835555 753555 442046 900956 229356 184151
20 313214 897273 417737 496599 909803 913171 717983 1013854 511549 515373 719717 1013668 765646 777458 929781 735099 965562 655308 84927 261362
20 595902 667485 984051 64755 740719 907485 977086 914029 998935 1029511 260891 456058 389033 450506 507128 491240 972725 913238 785380 459767
20 560894 726893 97203 1017315 326597 765583 972571 911677 1011934 195703 1022571 390837 487254 514996 506836 945913 949678 915306 785880 493035
20 452438 502585 816377 760054 572783 867742 712349 1007212 519731 519619 816117 758778 650492 907063 1030085 752475 981930 379851 223143 130300
20 320254 500213 511587 819089 931755 517719 518567 703323 998618 711869 1006396 776140 782232 905723 900717 752359 982374 630774 91519 262040
20 754654 650809 956913 648947 195247 851102 997261 1020285 1023685 228699 883562 456502 421876 482938 507450 1001919 976843 392149 785892 361967
20 624382 827305 782801 823283 749165 994907 778685 390479 981198 1023035 359099 948026 520070 482804 507348 1004495 456437 916340 262058 166783
20 624382 827305 782801 823283 749165 998939 779165 390479 981198 1019003 359099 948026 519590 482804 507348 1004495 456437 916340 262058 166783
20 624510 827337 782577 798707 749357 778717 390319 981102 1019451 1023259 359259 948122 519878 482556 507124 1004519 456565 916404 262090 166847
20 640890 728021 932090 452277 191343 847197 1005879 1031694 646771 259483 914345 995830 995270 450236 501625 485305 974787 391902 785644 335335
20 624574 588921 988137 766439 847587 357599 948414 1016701 1023629 1035669 391987 980818 486766 515194 507506 749467 456621 916428 229364 166879
20 624574 842873 734185 774391 839147 357599 948414 762749 1027733 1031557 391987 980818 487022 483300 507002 1003419 456621 916428 262002 166879
20 378334 814713 496569 476151 603887 932574 847035 512381 515725 736574 654163 980834 765876 777842 1027531 1015237 718749 916396 182767 261746
20 105406 492509 208627 841075 428015 556509 943550 240503 905467 507031 948860 784037 913193 1007332 1031528 1006491 981895 913110 784218 523624
20 109310 928505 644473 707495 865735 716367 882231 506651 1039516 518379 1044852 517035 1041876 499443 1023852 229293 327637 851882 753618 415102
20 560894 671641 909801 778679 663531 902109 908853 452927 1011902 1023091 1030739 456403 1011538 515470 506348 487149 980844 393114 262116 71551
20 313278 417401 897513 496375 413675 701663 997566 909693 913045 515355 719667 1013586 765550 777700 1027987 751533 981964 654970 84959 261604
20 560638 671545 910281 779111 925667 761051 902077 908405 453215 1012062 1030323 456115 1011378 515854 506828 486893 980716 393018 262100 71423
20 816378 318317 494522 695511 994509 390023 949531 767549 522854 522662 784601 1034078 714731 1005553 900963 745390 978868 638940 93047 261337
20 624574 588921 984057 802039 758255 357727 948542 1019677 1032949 1043845 391851 980682 519290 515690 507746 753555 456629 916436 229356 166879
20 618750 724829 603131 988983 193903 849309 260759 916069 958014 1019342 1035066 1042370 451069 514293 507121 425968 945871 393050 786344 331695
20 618750 724829 603131 993079 193903 849309 260759 916069 958014 1019342 1035066 1038274 453109 512253 507121 425968 945871 393050 786344 331695
20 722686 1012109 995803 990807 626669 651217 958013 259383 915638 1035385 195321 849784 454094 515494 507810 425968 943039 390863 785230 330623
20 722814 1011917 995803 990999 565229 651217 259255 915574 1019453 1035577 195449 849848 453854 515302 507618 425968 943087 390991 785294 330687
20 836350 916997 908827 921589 1032685 1040857 686009 441209 998648 195791 752462 505742 257990 253922 767607 490167 982326 131064 625087 345471
20 582142 597693 813035 732791 777099 388303 978221 389943 979669 990622 997998 1021562 1036178 509421 504309 489969 458426 917336 262116 139103
20 582142 597693 813035 732791 768907 388303 978221 389943 979669 990622 1006190 1021562 1036178 508413 505317 489969 458426 917336 262116 139103
20 577438 618997 347771 953973 841391 996062 998702 783155 785603 511165 510813 517965 1040882 1038818 376727 950169 425958 901096 261756 176635
20 577438 618997 347771 953973 841391 996062 998190 783667 785603 511101 510877 517965 1040882 1038818 376727 950169 425958 901096 261756 176635
20 550846 637165 752067 370547 968553 847515 1022750 785447 489053 517497 517049 1044710 1042886 352175 933813 990970 442318 909268 262008 186615
20 595902 927701 985587 130673 879823 777037 977470 997143 1021607 194027 390043 1044604 257961 450266 507512 491368 843197 850918 781782 461303
20 640890 728021 932090 452277 191343 849245 1005879 1031694 646771 257435 914345 996310 994790 450236 501625 485305 974787 391902 785644 335335
20 198654 855925 931731 260337 744239 383451 388779 456045 988855 994647 1024967 914042 977340 974540 1030392 1015016 708475 653213 589798 524054
20 400638 508793 671641 225127 972231 391883 509371 851061 779870 784686 932317 997037 962229 647084 893946 881650 977770 859999 777459 524180
20 625150 694201 391785 784919 671211 318935 880053 1017715 1019123 1045646 947186 389501 454206 1007196 507500 482223 977869 915354 262116 206811
20 355702 619257 430009 694230 63983 391831 752923 963390 961757 1037486 1035085 517493 779002 874995 867955 925628 949859 892876 782245 522186
20 355702 619257 430009 694230 63983 391831 752923 963390 969949 1029294 1035085 517493 779002 875251 867699 925628 949859 892876 782245 522186
20 72702 404733 556851 509891 671207 867031 493499 505979 775773 906605 975710 1011895 650165 974006 1031948 1013704 973801 912858 782058 524084
20 584622 740089 832889 436967 1004902 446239 997022 784971 916533 518379 1044852 517035 1041876 892877 761779 425901 950226 384762 245628 95703
20 139006 254457 794489 320503 355759 667487 702255 522779 910462 957677 990069 1005237 1035973 1032698 1030554 1012682 982418 655075 655260 524132
20 103934 158461 290683 565175 409423 650639 488343 775019 890109 948446 899389 976446 1017817 1003126 1026790 1007017 980449 916178 786260 524200
20 202686 339805 129267 919539 478063 711133 846270 718445 986747 996763 1029003 913782 781989 908998 1030388 1015012 458519 907193 782170 458728
20 170942 124653 630227 452451 989669 486107 881982 768567 973917 519339 914254 1020853 1019349 1033962 1025898 688015 818934 850873 753528 523732
20 135166 439929 752025 489831 759719 317403 323499 642933 740093 953843 963315 1008589 1041470 1039438 899564 882418 981404 868127 786026 524180
20 135166 440953 751001 488807 760743 315355 323499 642933 739069 956915 1008109 963315 1042974 1039438 898540 883442 980380 868127 786026 524180
20 528382 651513 950025 702263 626667 374235 907699 388723 925309 945565 437181 1001429 1040750 513710 1030854 488698 981234 917260 262116 219999
20 173822 802493 679771 837607 735719 895899 775581 501371 1038460 453807 455375 1012534 1011030 499379 1023820 485353 981488 131029 655274 350590
20 461310 604085 935907 522833 114155 679383 445885 863607 984823 1045774 586742 520441 781882 908954 966252 1015384 965531 908141 781261 522150
20 215030 351097 763129 899254 646479 504719 741271 1025645 425587 425443 715733 849754 912186 958380 991059 998588 971007 911333 785322 523484
20 919548 653436 797691 810423 979055 487775 1028663 1036045 487085 1027525 1039241 653198 781434 252790 245178 753362 196578 391153 657405 302815
20 822238 1017081 294713 894583 716079 1013022 1022859 1039171 424693 391629 784446 194517 487396 253756 245684 749275 980714 654834 594927 492795
20 886238 1020537 323505 998851 652967 981654 1023371 322941 519373 785462 97245 423916 749178 221116 245684 1000439 718683 916330 690671 496251
20 790398 792573 846075 865239 436975 969943 724799 1044542 753227 245083 777059 255861 1042314 514972 1031588 491188 720840 131056 585919 349679
20 1016062 890713 486585 998727 386983 977813 1023755 519733 589434 589298 97246 686060 782154 221116 245684 1004531 455903 915693 753919 433003
20 624574 953305 130169 899527 192231 751317 948542 1017659 1022667 1033651 260789 456030 1011052 515196 507508 356255 849837 819186 785354 463851
20 559102 726893 97203 1019107 326597 765327 972571 911933 194167 357847 1020779 1044668 487254 514996 506836 945657 949934 916842 786136 494827
20 623614 953261 191955 1021539 97765 867227 783517 191351 387767 1022379 1046620 423862 1011320 482804 507348 1001423 849785 851662 786218 497259
20 198654 855925 931731 260337 744239 383707 388523 456045 992983 990519 1024967 914042 977596 974284 1030392 1015016 708475 653213 589798 524054
20 790524 258300 579451 605111 687439 910031 976055 1026667 1007133 892333 973653 997273 257822 514298 505206 489190 457642 392658 782305 266237
20 139006 254457 794489 321463 359311 700239 769319 521755 911486 941245 957165 989045 1003221 1032698 1029018 1009130 981458 655075 655260 524132
20 139006 254457 794489 320503 355759 667487 710447 522779 910462 957677 990069 997045 1035973 1034682 1028570 1012682 982418 655075 655260 524132
20 568062 667581 808923 718503 880455 768459 907701 440943 1006710 453791 1012510 500723 1033708 495291 1021788 490217 982384 393130 262100 87423
20 116222 146173 278395 581047 618383 450127 504743 779099 910557 997622 907581 947774 962158 990166 1019321 1005033 976849 916194 786276 524184
20 202686 339805 129267 919539 478063 711389 846270 718189 992987 990523 1029003 914038 781989 908742 1030388 1015012 458519 907193 782170 458728
20 828918 293837 178923 482022 1042209 1019101 368047 425071 915027 784670 1040881 258798 256974 712599 999322 737141 974712 655036 607739 517937
20 894198 326093 80875 416742 1042209 986845 326831 498799 784926 752956 1041137 226286 256974 646999 966490 1013203 704437 909240 705787 517937
20 727804 452508 932283 973255 1011239 606165 647081 193391 849134 257267 912242 988797 1018349 509878 501722 489418 982641 391839 785694 335229
20 343740 770556 989819 1023079 1010567 644815 972590 651059 978642 294389 326633 472989 503405 515985 763890 751082 719039 915806 147293 246270
20 343740 770556 997499 1006183 1027463 644815 972590 651059 978642 327145 326641 472989 487021 499605 759786 747506 719039 915806 147293 246270
20 728764 451068 616427 929399 973707 257231 912686 258871 914134 990621 997997 1021561 1036177 509422 504310 489970 589797 327355 720730 335709
20 708218 193013 881138 1019793 939695 651991 654631 504638 507086 1035449 1035097 1042249 516598 514534 933495 212971 835564 327579 753564 347773
20 343740 770556 806891 990327 1029515 645839 973614 649015 976598 327141 474013 489069 503417 515985 764902 750578 720059 916826 147293 246270
20 869366 1036049 97529 441588 841071 324573 472509 473965 1032947 1042851 784478 784014 257276 253676 638775 950074 688071 901066 689147 511763
20 995454 870361 245169 818803 636527 965213 1004219 515910 1044102 839162 129950 456620 240893 761149 1019850 229300 718295 915941 674795 484219
20 960428 653436 1041507 48115 351210 814495 784926 425785 499385 499161 1041317 127994 256986 711919 998646 737103 974678 915397 739253 517223
20 886014 310713 770937 912263 1021159 712023 1007157 376603 719534 1014220 506099 423914 421874 515978 768876 746943 976605 655220 81627 246653
20 623614 952249 130169 671207 908935 194383 752429 1019675 1024747 1032691 456894 1012956 519292 515436 507508 358327 850901 819178 786322 461787
20 550398 633785 425081 957287 785543 405455 939949 649075 910059 1022442 489717 505406 1035868 511415 1029589 1014682 982930 392828 261996 119771
20 624622 923509 1019107 130001 424874 960407 777487 911933 194171 357819 1020775 1044700 487258 515000 506840 749037 851661 851318 753334 494823
20 754942 887785 261401 93943 685805 827099 992955 1016699 1047174 817658 260221 390958 978740 483164 507676 1007015 454095 914901 785378 431091
20 754942 887769 261425 802547 93935 685789 1016763 1017467 1047110 817658 260285 390942 978732 483132 507700 1007047 454103 914917 785354 431083
20 293726 834789 179099 482197 254829 1041618 912691 1023534 260701 260509 1046754 890831 946063 710519 997241 733174 970744 653244 613611 523490
20 625150 694201 391785 785031 933347 318935 880053 755579 1019123 1045646 947186 389501 454206 1007196 507500 482223 977869 915354 262004 206811
20 381310 444345 638185 499095 417643 587607 883509 1027854 508667 945650 703166 997084 650365 777956 1028979 751023 981453 913306 216027 261860
20 625150 694201 391785 785031 933347 318935 880053 757115 1017587 1045774 947186 389373 454206 1007196 507500 482223 977869 915354 262004 206811
20 378302 445401 638073 499143 585639 882581 1030798 508795 509627 948722 653629 718430 1011308 777844 933811 732639 964077 916426 218091 261748
20 624574 953305 130169 899527 192231 751317 948414 1016699 1023627 1033651 260917 456030 1011052 515196 507508 356255 849837 819186 785354 463851
20 381422 444345 638073 499095 929518 587479 883381 508795 515723 945650 703294 997212 650605 777844 1029091 751023 981453 913306 216027 261748
20 125678 944873 652657 494515 1021388 716559 882327 506459 1039420 518379 1044852 517035 1041876 712423 868199 212925 319453 835514 745434 423286
20 319998 355949 500467 556947 956333 517719 518567 703325 974041 736446 1006394 751562 782232 645871 900459 1012213 982630 892916 247159 262040
20 586234 642741 986746 471541 759407 357087 947005 392491 982217 1035382 1035158 1042310 516601 514537 835555 753555 442046 900956 229356 184151
20 575230 604541 802235 675799 355247 897943 785931 968509 997566 1033465 973517 488798 1027430 514422 503513 1013473 457586 917448 262068 169967
20 624574 953305 130169 893431 191727 750813 948542 1017659 1022667 1039747 260789 456534 1011556 515196 507508 356255 849837 819186 785354 463851
20 574462 605309 671627 744631 902635 383707 912179 448317 976597 457189 997790 996974 503470 1023814 1016825 488433 982138 917388 262128 224607
20 584430 748457 849361 494323 1021292 765531 906813 457487 1014934 518379 1044852 517035 1041876 712615 868295 409341 941946 376762 253916 95607
20 146686 246777 802617 315351 679279 767767 514459 519755 905854 910766 932541 947421 994677 1023653 1018842 1008618 979938 654579 655308 524084
20 401214 238585 810233 378855 671207 953695 649662 652894 502395 521611 940733 947573 1011349 777170 900812 1008618 979914 900915 778029 523508
20 539134 919545 130617 708311 744335 898887 961963 948571 997619 1037374 1041006 258525 388021 384485 507548 491116 458548 905178 784354 395259
20 597884 975100 984051 64755 683823 763295 907919 1044590 998965 1006933 260921 391001 389065 449978 442074 490730 958437 911286 785350 459767
20 539134 919545 130617 678647 849487 748943 957339 997739 1027299 1037406 1041206 258541 387805 384437 507452 491348 458660 905194 784338 395259
20 624126 827249 783241 748789 888299 954075 998459 779069 390807 981414 358779 947834 520006 483276 507788 1004471 456157 916204 262002 166655
20 174846 863161 710105 823031 726895 899675 777277 454415 1013398 502203 1036764 516843 1041780 514979 1031620 425709 950130 131029 655274 349566
20 71678 403965 556659 511875 734183 932311 881975 495419 504059 777373 907981 976558 649077 973174 1031756 1015688 972761 912314 781802 523892
20 138750 337661 618323 512931 802535 441563 732599 496507 776909 913822 1009783 718197 969657 904822 1031948 1014696 976846 908777 784058 524116
20 96510 231405 413619 636755 818989 482967 768907 522343 962142 1017214 1033022 946677 911609 907737 998581 997322 718571 905190 720820 524120
20 568062 733129 841649 768243 907629 914589 781083 441903 1007190 454087 1012646 500699 1033660 495339 1021812 424701 949626 393162 262068 87423
20 629498 400317 943578 700135 874343 761627 911005 457295 1014838 497915 1040764 504747 510899 1035724 1029588 753385 851825 327598 229334 124285
20 370172 678652 351091 698291 601583 401119 482487 767099 912925 981294 1024505 1004406 1034982 1034137 1030982 1013641 851413 851690 261989 262042
20 146686 246777 802617 315351 679279 751255 511387 517739 907870 913838 932093 963933 995125 1023653 1016826 1010634 979938 654579 655308 524084
20 146686 246777 802617 313335 679279 700191 513435 521803 903806 911790 932093 997173 1010901 1023653 1020890 1008618 981954 654579 655308 524084
20 146686 246777 802617 313335 679279 700191 513435 522827 902782 911790 932221 997045 1010901 1023653 1020890 1008618 981954 654579 655308 524084
20 605430 122681 992241 450498 747367 765335 947869 965741 1034814 1036638 194811 390571 388811 990453 499546 483242 850743 845820 785356 467957
20 424634 687449 886776 833783 874863 494557 757182 503405 775798 521637 783302 946427 945947 974475 999187 993260 968692 131043 654013 392542
20 633594 438185 1005520 768435 907725 782091 915093 473695 973886 486631 979814 500667 1033692 495339 1021812 818555 686845 360366 196566 120189
20 201726 339893 937699 783697 113643 416727 711357 866935 521275 986359 1043214 845558 778745 908698 965996 1015128 964507 907117 782246 523980
20 135166 423609 768345 743367 506279 323539 642989 413563 756477 841195 946923 1024501 1041950 1039414 898794 883572 981340 867743 786098 524108
20 461310 604117 935907 522801 114155 445917 726967 863607 937207 1045582 586742 520633 781914 908954 966444 1015352 965339 908141 781229 522182
20 362430 585429 620387 498161 437995 472989 981278 503355 1037421 621751 648119 979674 1010540 679670 769862 1002971 972717 915960 236025 261958
20 246654 653497 444377 216567 383439 737099 413629 851038 497277 1029477 932844 881914 896946 1040034 1026271 1012631 719675 911213 720852 523938
20 542718 772221 258955 646359 892139 946003 970043 390941 456421 1013157 801785 1029242 503708 516004 762863 489950 981662 916326 770032 478843
20 770302 261401 902121 706487 671467 837597 998069 1002109 392750 802300 457530 489426 1027922 515922 503215 1013039 981447 654555 655332 496381
20 770526 588409 1000889 755447 903855 818846 245643 984957 523461 834810 474092 391026 978786 515938 1030455 752475 454109 914893 753588 447167
20 372142 586973 621387 654087 972514 495569 939958 441715 473837 1005948 1040627 504749 682974 646543 767582 1010875 978733 909296 233457 259678
20 548334 1008113 303065 368533 500686 753219 943543 387423 447711 1031228 711533 652973 773933 1034994 736739 475036 981690 915314 238558 228963
20 440266 521765 915514 571893 743916 911966 683961 687961 761561 517603 521155 651772 1019295 839407 995062 868143 974646 350163 259623 129532
20 298878 340957 373659 493031 555751 969945 941243 1011838 507407 654615 1035113 718705 748502 777110 769776 1011501 980878 916968 230895 261872
20 528382 790461 815603 237171 636623 974095 783005 879447 945831 241115 498491 509867 1041532 1037268 1030628 491128 458456 393064 785830 291319
20 381818 621685 945386 444389 637859 848287 483087 962364 498425 499161 1010382 735190 650099 777398 1029231 1012665 720723 913356 182253 261302
20 919486 699129 480633 794551 971983 994127 1046582 589595 360109 765355 512925 652266 388572 777186 507348 753362 458596 910967 218493 174843
20 313278 417241 909945 508391 556647 895709 1013822 499499 515723 638389 719763 735218 749522 777844 963935 1009581 965612 916938 246255 261748
20 893434 277997 679858 376419 771045 839327 1028507 714103 751831 1039420 457390 489262 487246 499147 761780 1009401 981849 655316 114283 246773
20 71678 162297 888441 294615 961135 756695 465599 228715 784035 890237 914317 975102 485323 974234 1031562 1011508 972773 915954 786012 519988
20 333310 307005 303091 1008595 500591 507031 1004445 1006701 648799 977246 653735 980646 1035493 773946 769992 753462 718329 916216 137983 262088
20 72702 159225 890489 963703 356047 759247 466111 225139 785059 915861 975102 488403 1018733 970650 1027986 1013548 842741 851434 786012 522028
20 597946 984053 1040506 130165 881103 773711 976062 933715 999059 1023395 195561 260009 389017 450012 507004 491116 842559 847846 783318 459767
20 430042 324985 752312 922615 850575 1013070 503211 765533 513643 776605 518627 779989 910142 908534 900918 360403 720868 593901 62843 228028
20 162554 261401 886776 540151 757455 818125 988861 969341 916526 1034485 1028446 193467 486763 515371 506787 1011606 980822 392915 784356 362492
20 377342 621365 638163 444401 814767 482139 499117 1041501 514667 949562 965340 735094 765798 777878 1024955 1013197 719335 917480 182265 261782
20 621754 637785 444408 813815 380815 949453 965422 482621 499414 1040734 514485 603643 765411 776811 1025725 1013590 720787 915428 182268 260715
20 86012 962812 49019 161719 496367 770527 892087 1032571 749229 490781 883533 915269 962142 974606 995241 997622 970737 914362 786130 523746
20 560126 556669 933531 755639 894671 776651 915763 1017661 1038569 453791 1012382 455527 1011046 515670 507746 486393 980472 393132 262100 71167
20 563710 677821 798683 700327 874439 785035 916757 432959 433375 1008830 1008478 504301 510451 1035884 1029746 489961 982640 393130 262100 91775
20 492478 822265 259193 231415 375247 710351 589118 986939 895707 1002923 752364 882642 1043572 1039700 1031780 946559 425885 915117 785299 458722
20 909534 519729 816121 848373 97967 425758 1029517 630621 958188 228790 244722 776114 724988 509567 1026623 1011147 720595 917346 713071 514509
20 770782 837609 260409 128823 736493 327006 970419 1007187 392750 1033675 801786 996852 486844 1023292 496623 1008495 719773 916181 720866 503507
20 377598 815021 313339 481751 499309 1041943 514461 621391 949454 638135 965430 735194 765912 778146 1024495 1013365 719609 916856 181631 262050
20 141310 416189 499275 452503 584683 752083 769589 943931 948411 1025245 1028813 1036662 1035622 641017 899514 884316 982628 335855 778126 393200
20 138238 278009 771705 671463 509415 937183 969791 343867 522899 784781 909566 930795 1026955 909194 1025908 1013588 980884 646013 654834 523884
20 204758 334841 714225 917026 208871 844766 924599 942967 516343 859387 784925 1021531 1035851 1033660 1029548 1015084 458523 654805 654314 458476
20 102270 324089 724729 571127 461807 479711 889535 946814 523315 765149 785165 1042197 976362 974730 1031586 884555 970613 884660 784882 523980
20 903854 813049 1038457 256695 783694 453327 980278 487211 1013458 503211 1029074 520877 1043796 155642 801279 990845 958365 114684 647143 382295
20 952046 984813 956787 124659 653676 699295 873887 517739 1046644 519339 520907 1045300 1043796 253880 376792 163773 819162 835495 745415 465271
20 794554 1024489 261720 758743 548845 815059 778686 889723 959739 384189 457525 1013301 511645 1035622 507508 489422 981710 916814 786339 469499
20 950782 983549 957979 437991 744359 386011 910763 649595 913651 523324 1047116 784028 1044244 385000 638960 294893 688114 859679 178031 220631
20 233278 334841 713977 437223 644583 508383 816830 848254 498363 998731 784981 1029899 880594 974540 1029364 748989 974643 913197 752618 523988
20 766078 640953 474345 744855 775019 374615 965429 1011470 839418 847346 359342 948172 502909 499429 1019802 1012595 455871 915677 262116 183259
20 639934 683257 1020761 758263 968047 552923 933182 130859 889597 392613 457458 1013474 503756 515810 1027763 489373 981901 916574 786260 477567
20 400892 778876 419323 695031 502127 732767 742975 851725 523413 654570 883685 899001 1036233 905142 1030086 1014682 982898 381311 261525 130794
20 289786 916553 759736 570359 430061 677853 851003 486205 502461 750013 1038454 517587 779886 908235 999139 998750 982918 909236 257491 259694
20 799734 349689 699129 249078 62447 485599 988351 766079 917011 982293 1039178 1042220 911315 973749 507706 753564 974314 913132 753507 507845
20 663358 926713 122105 808935 765159 955743 910526 911966 949803 1014155 252285 259989 511789 1035218 376780 490740 458452 900915 783338 402427
20 593790 190389 128723 989681 775055 929739 883885 979070 1019451 257335 387943 997225 1042652 450278 505558 489366 843613 850874 785896 465401
20 73470 460733 792563 256371 682863 467935 588221 890727 975102 990391 1038983 783961 913093 1038712 1031512 1015240 458411 913210 784294 458708
20 198654 921333 1013507 129521 430059 453083 630459 764539 521277 990423 1004375 848634 913228 1038764 1031468 883192 718797 878519 720694 523974
20 198654 921333 1013507 129521 303083 453083 757435 764539 521277 990423 1004375 848634 913180 1038764 1031468 883192 718797 878567 720694 523974
20 73214 254877 400371 648819 748207 802525 843565 473911 515271 975102 915817 988661 1019365 1033914 1025882 1013578 720283 916374 720868 523896
20 73214 254877 400371 648819 748207 802525 835373 482103 515271 975102 915817 988661 1019365 1033850 1025946 1013578 720283 916374 720868 523896
20 198654 857845 945955 260561 375275 921559 759483 760443 519229 1004775 1008487 979388 912090 1039644 1031948 1014232 325595 585709 655158 458470
20 105726 189405 465387 433767 649123 868125 514447 780631 1008374 980282 916025 1021165 1019501 1034162 1026002 687835 818677 850894 753516 524208
20 397182 532473 516345 161719 404463 844511 895415 651646 728795 941371 1039115 1021779 782218 1036540 1029804 1015012 982468 392989 781941 393186
20 401214 238585 810233 378855 671207 953695 649662 653918 501371 521611 940861 947445 1011349 777170 900812 1008618 979914 900915 778029 523508
20 209886 378613 249203 932785 449135 847262 513687 866155 752813 1028315 911846 980284 994265 991145 1019254 1003126 718791 654173 589562 524200
20 396798 508665 671545 245447 937831 968535 381883 392523 818421 782462 932285 996765 651212 778124 898034 1012458 981706 896575 773619 524084
20 790524 258300 571259 621463 901615 971991 976183 1006139 896605 998797 965477 1013641 257710 253774 506106 488822 457626 392930 774129 266237
20 661246 928249 251705 765831 939751 971607 818867 998491 1042990 122237 129757 911306 509685 1035722 376692 491308 458636 897471 784882 403963
20 740604 897852 984051 130163 881871 765711 1006749 941909 966310 1030566 195065 194537 323546 384826 507097 491306 975487 905189 783318 459767
20 397182 532473 516345 161719 429039 844511 895415 651646 728795 941371 1014539 1021779 782218 1037548 1029804 1014004 982468 392989 781941 393186
20 396798 508665 671545 243415 921455 969559 381883 392523 818421 782462 997789 947637 651212 778124 900066 1012458 980682 896575 773619 524084
20 135166 702265 489689 325351 752039 577499 380845 481661 757491 961899 963435 1000437 1041566 1037854 899324 882538 981460 868247 786124 524082
20 72702 540409 509305 61367 742639 902751 1004727 671579 522893 899499 975102 1029003 994259 974730 1025404 1011500 973685 916948 786276 524018
20 564218 454313 1013584 696051 860013 896411 775069 781419 914037 455007 1009854 1025211 1033053 511910 505798 424939 949748 392910 261942 73213
20 71678 540409 510329 146423 871663 772703 1001663 802651 521869 767403 914323 975102 1025931 974730 1027444 1015588 972661 916332 785876 524018
20 108526 927721 645617 507411 1039884 714695 715687 882023 882919 502907 504507 1037148 1035676 493547 1022452 228989 327581 851578 753562 416246
20 306158 709609 470513 851475 1015308 510919 766887 511335 767207 850043 1014172 386749 780122 892765 1023674 818155 949748 611830 126653 259930
20 247230 717433 348121 105463 447439 769419 948894 478589 498877 915550 1042853 866284 961402 1039970 1025751 751419 847789 849395 753620 523874
20 100350 146425 908345 310743 514223 776791 700331 501595 997067 779747 910285 979070 1009982 942026 1031732 872189 972725 883698 785820 524132
20 492030 626665 521753 171767 424429 732123 888251 956795 1009907 785454 916046 555002 978588 1007412 1031956 1005263 976743 390077 783829 393186
20 247422 348089 717273 105463 447407 466651 769581 948542 915614 511099 1043043 866282 961020 1039812 1025943 751453 847723 849653 753586 523716
20 306166 553977 495081 742886 916995 413647 701359 485743 766191 851059 1038908 517813 780122 908243 999098 999253 982428 908780 257717 259930
20 462774 724953 392305 717794 335847 455581 654494 732027 925371 946619 907607 1017303 845692 1037036 1029740 1014892 978135 912299 261941 262090
20 755690 195257 884056 228711 850662 758747 894397 954227 986861 973235 1010125 423838 518718 515166 507422 1012467 980333 130987 655316 362485
20 198654 597945 518265 342519 986031 1009951 456589 630619 923387 972243 783299 913598 847818 1039468 1031780 1015492 715967 911221 719740 524210
20 462822 723961 325105 785938 586734 464855 863159 938871 897271 740603 522797 1041995 976316 908636 966300 1015068 962411 908971 261605 261082
20 378858 621241 965976 638311 948966 379867 447933 482163 498925 1042611 1044813 734142 732638 777758 1025779 1009517 589739 851924 182261 261662
20 108286 726013 822779 699367 873959 1024223 1032511 114239 941662 261515 392085 980876 1011602 515753 1032016 487149 456435 916330 785780 416126
20 335356 778876 206843 605927 516583 986335 1008703 368445 458389 720270 924653 972713 913289 775006 1030994 1014674 848127 847734 777713 523882
20 335356 778876 206843 728807 516583 986335 1008703 368445 458389 720270 924653 972713 913289 1037142 1030994 1014674 848127 585598 654833 523882
20 826620 222204 628667 703319 987631 386519 453051 1004663 256638 785678 916133 980809 1019549 511850 503778 819053 948150 883674 785649 499357
20 312830 413661 945995 910135 496619 914329 515223 515187 702015 997694 719303 1013446 765936 778028 896239 751097 981752 638934 84735 261932
20 770782 837609 260409 128375 736493 327006 968379 1007187 392750 1035715 801786 997300 486844 1023292 496623 1008495 719773 916181 720866 503507
20 135166 473913 718041 456103 752327 380875 642997 710269 503403 986611 967661 996211 1042590 1038622 898300 882156 850802 802719 786218 523988
20 24566 108537 940281 1024246 441135 508383 771759 1002607 392755 654675 654275 948117 978709 1023770 991205 997242 976874 915708 784828 523980
20 856030 882293 447867 977333 651727 982542 481175 1026905 511197 998627 482151 1025961 779894 776890 243070 752060 589779 327660 659439 375483
20 885246 831101 401395 916131 493543 240351 765239 512829 1037525 425150 949078 718446 1011596 777834 1032072 748027 979449 131060 612255 392523
20 1032318 743325 770555 384183 449359 912589 977717 622382 704214 949714 900010 325624 487322 1023968 465663 994685 980143 914263 261753 239591
20 548606 897853 700251 780855 325231 882331 450453 1007457 1031366 1032447 948725 783821 388595 1023294 499449 490334 981930 913356 260082 208815
20 844030 648061 880027 907975 421735 964435 449339 1047565 736886 253306 998324 481244 1019880 1033655 502495 1012459 720782 393200 720125 374191
20 61950 374009 752409 227031 258511 843715 382651 517243 981557 1006956 1034986 1046308 863103 1022367 692221 945651 933598 913308 770018 524068
20 794362 130953 1040760 844535 925165 975325 994877 65339 261302 916683 752595 505811 1036179 249838 767918 490414 982854 916852 760445 480893
20 946302 850109 963531 211895 744875 487067 1046277 888638 761564 503276 1035248 128954 780639 514671 1031283 884678 196600 882557 714471 447959
20 942526 436989 972019 994163 1040495 555487 892478 196391 753321 507338 1039300 129002 651236 252859 769461 491222 982872 911263 755295 480637
20 837372 260412 247291 710119 388711 511071 870333 997197 752334 884177 1016573 1045298 1043338 1039250 572287 949311 409590 900526 769777 458697
20 103422 146937 904761 310999 511151 773463 702379 473947 783075 913869 977022 1008830 1024971 942026 1027892 874365 973749 884210 786076 524132
20 492798 626665 520985 171895 425197 732635 827067 1010803 784942 915790 1018107 555002 977756 1006516 1031060 1005391 976807 390589 784085 393186
20 550398 637501 663507 386019 719975 916507 452509 1009485 511693 506318 940533 1021750 1027638 905979 1025529 490362 981930 909268 262120 228535
20 542718 629689 978009 957559 772335 613339 945725 259891 915107 488931 455629 1028222 503722 516036 993269 998814 981938 392924 786252 379263
20 556278 756985 816105 1016806 261891 816591 891567 961647 521788 522588 784819 784083 388981 450485 999221 475098 974682 913306 783340 478447
20 544764 1028220 635643 925495 889327 968031 909751 130901 937721 261517 457641 1013641 503454 515782 1028065 489206 981718 917290 785786 477567
20 790524 1044540 815611 890487 1009967 1026591 130957 458565 229077 507369 1039305 780273 518094 252918 769494 1015530 720762 917426 693951 511039
20 532476 1040508 582651 746743 798575 891231 1004607 261901 392885 982421 490457 1030065 1036257 511902 505806 1014694 458218 917194 786290 432767
20 836602 1032677 736498 392977 540653 932567 706487 1001847 902875 327033 260956 489148 1027644 515644 503755 1013579 982414 916710 785323 496119
20 492478 822265 259193 231415 367087 701663 589118 986939 903899 1011083 752364 882642 1043572 1039972 1032004 946559 425885 915117 785299 458722
20 138238 322809 751385 585575 488871 437211 827307 498547 726781 760301 913758 975595 1001429 1035326 1031198 880362 980884 883637 785650 524108
20 492414 122105 926713 232439 435695 857567 740543 556414 963261 1046797 915698 784074 913314 974740 1031874 491291 974443 912221 784181 491492
20 539134 794489 260761 57079 391727 845275 925611 779629 1010915 515166 1033194 488287 1026655 1038773 503740 1013436 982932 917444 786290 505315
20 345598 445901 568307 513635 621477 897757 493487 585079 748759 1030268 514507 718742 1044024 777140 998811 933614 948089 917322 251499 261044
20 69630 413549 471979 472007 654561 712087 912923 767293 466607 486735 707571 903027 1040828 1037020 966258 1015024 834525 849838 785230 523504
20 413626 878717 1028218 508391 671335 879263 1029406 515881 515785 720305 719825 620467 765908 646774 896939 1013708 850414 301021 246255 130678
20 919486 699129 480633 944039 1022407 910927 1046582 704283 482973 650667 390061 783314 519636 646890 376684 622322 327540 793055 218493 174843
20 494542 504305 708441 741285 849254 882330 441751 474731 711775 1010861 556028 772045 910834 906994 638780 1014103 981675 363471 242419 130876
20 812534 647929 925161 760550 392963 681935 975279 1026159 425589 261434 490293 505756 1036060 380915 898931 1014490 982682 892908 785877 512239
20 277500 771324 89979 667127 508655 872927 991679 1024379 802541 523541 785166 980749 913189 958409 1023542 1015442 972534 913114 785393 523754
20 285686 216825 831993 763126 579055 500447 901567 1001599 851541 523555 785178 1013635 978709 1023788 991187 997244 978666 917162 785381 523740
20 335612 778620 94139 726903 516335 992863 1021499 458517 720526 859629 924653 915333 970697 1034678 1030550 1014226 846463 849402 786161 524138
20 597500 975484 582651 732407 909679 925279 1004607 261901 392853 458150 490473 1030057 1036257 511902 505814 1014678 982489 917226 786290 497791
20 362238 504221 310715 474711 492527 839637 1007161 652599 981174 1035385 621293 948076 749006 777614 770016 1008567 718555 916314 166783 262112
20 549886 597373 794603 732407 784139 1009871 387503 977517 390743 980373 1022750 1021166 1036054 508921 504817 491472 458106 917176 262116 138943
20 12286 184829 401019 324343 677839 519439 925343 652123 781491 867549 994165 1025893 1032926 905129 1028538 1014186 982944 908662 786028 524240
20 722814 995549 605435 938487 984047 577501 193727 850046 1035833 1043761 260965 915364 519374 515782 442344 491488 966423 391003 785306 330687
20 838522 175357 734458 539639 771311 940383 1024319 261662 916073 916873 522902 456619 1011628 499662 1023921 487379 980948 392438 786273 349053
20 647550 588749 844787 752851 1008877 1042197 351647 941662 376423 966054 474104 505802 511946 757567 1020159 1014567 458105 917176 253940 189119
20 1032318 639997 251579 907047 780999 447951 1010099 163702 818922 638366 457644 1013712 503724 1023952 921087 996927 965215 392437 785769 387931
20 536570 501885 1036410 629239 713455 925279 1008703 655129 917129 982449 1014753 505771 1036204 511955 1030100 490398 458190 392822 261990 22525
20 790522 130953 1044600 815607 930797 969949 1021501 65339 360091 769491 515043 1042339 255966 777118 507310 753382 982854 917108 740733 502397
20 596982 579449 993529 975990 924911 778591 1003711 474965 261795 916867 457626 505749 511955 1036204 1029994 1015594 981989 392700 786140 385663
20 832766 1000701 817979 875863 437615 962199 259483 783971 522844 1046948 782587 1045308 651213 188405 737230 475121 974794 389106 756543 351919
20 799742 967165 902843 1006695 324583 734431 997691 194359 457427 392597 785068 1046344 225273 761841 499614 1011606 982636 654826 641887 502895
20 312830 478445 633587 513827 588741 495311 683447 650359 980569 1030460 512491 750326 1044248 777172 933339 866237 966318 884586 251691 261076
20 870138 96757 702962 1040129 583655 992983 993975 850039 261662 1033593 1037113 520654 519566 252406 376731 950172 425835 900972 777961 427773
20 138238 322809 751385 585575 488871 441051 827307 498547 743133 760301 913758 975595 985077 1035326 1027358 880362 980884 883637 785650 524108
20 77310 185085 294707 757699 389607 490647 759707 782459 896605 974158 994157 1009453 975606 875957 965302 1004506 962041 909034 786228 524232
20 816570 683581 1019482 965735 388999 687051 1022892 391025 391921 256502 1044639 779134 1041897 188347 737203 475100 974804 654958 628189 482415
20 802110 843353 733689 914631 221031 487317 775070 1041260 212725 511474 391995 980787 765279 1023405 1019642 1015498 194556 654324 585387 456911
20 191166 750905 846553 647671 1040783 237515 892844 502397 1037434 457957 1014626 505573 1036130 1003167 964383 416765 933370 393139 786388 357726
20 124542 159673 897497 63991 520591 716491 908845 964926 998046 1011043 1043043 940010 1034716 755647 499323 881917 980821 884658 778196 507876
20 493374 389369 692185 236023 1020367 491275 653726 850526 757373 978341 1043237 686060 1009914 909026 999138 862175 456059 876349 784051 458708
20 400766 238585 810681 313335 670959 952031 241083 648830 522827 913838 940285 1013077 1011477 777170 901004 1008618 981954 900467 778029 523956
20 625150 694201 391289 1028759 1030287 319431 880549 755579 773859 947690 949218 390517 454206 1007196 507748 481727 977373 915354 261756 206811
20 100350 387321 696121 450247 895847 1026839 359835 489291 734965 759229 775117 979070 946124 1006066 1031370 1003071 845811 851884 784634 524084
20 597946 984053 1040506 130165 683471 897743 976062 925555 1007251 1023395 195545 259993 389033 515196 507228 491116 850735 847830 783334 459767
20 102270 324089 724729 160759 564975 468447 894143 947326 522795 777501 1018613 1038101 977818 1036778 1031050 884563 978789 884652 785890 523988
20 24566 109561 939257 1024246 178031 508383 1000639 903791 261683 654739 949077 915331 978709 1023770 991205 998330 977898 914812 785644 523980
20 546798 647673 925425 261891 1026278 794583 909751 975479 130667 449965 1006381 505660 511789 1034714 767947 490458 982362 917148 769780 484599
20 151542 104441 944377 897270 314351 640479 987583 1007743 253555 523539 785187 980757 1027914 1040012 962485 884538 964586 884677 785116 523500
20 174846 532477 647675 750823 846695 975455 1008703 245519 908950 441779 1006538 505747 1036170 510717 1029500 490421 982476 392937 786288 349566
20 556282 261897 1016824 756983 832493 873949 945341 961661 521782 1046806 260587 784075 913203 450515 999267 475038 974638 389070 783348 350973
20 460670 389369 724921 211447 988079 1011871 458507 653630 757469 1035605 1043269 718796 977146 908522 966370 884674 829375 810877 783987 524212
20 51198 220089 912473 383831 511759 688067 833453 964451 250619 496123 977141 1012798 994282 1039588 765247 878557 981790 884658 769756 523492
20 181758 277245 663355 583543 400367 936799 385979 523347 771709 866686 784781 997046 1027734 909002 1025513 1013193 982976 908725 785138 524076
20 8190 190969 882233 323287 488047 750487 434075 716139 761571 865661 891853 972235 986997 1032894 1026238 1011146 980788 915954 786012 524196
20 8190 190969 882233 323287 488047 750487 434075 716139 761571 859517 891853 960459 1001333 1034430 1028286 1011146 980788 915954 786012 524196
20 549886 597373 794603 746743 785163 994511 386479 976493 391767 981397 1022190 1021750 1036054 508921 504793 491472 458106 917176 262116 138943
20 395262 514617 933321 163063 124907 510811 681917 834909 894709 1033587 930781 1044654 1043598 646620 768634 883634 981810 876143 761767 524228
20 395262 514617 933321 163063 124907 509787 681917 834909 894709 1034611 930301 1045134 1043598 646620 768634 883634 981810 876143 761767 524228
20 138750 443261 798395 274423 709359 935647 250811 605821 523339 909566 997805 1029517 781777 909196 1028978 1014610 982976 908659 782126 523956
20 209406 478781 106459 741095 505671 1010571 702365 653677 899317 969854 973406 903086 1025493 1036785 1027754 819156 424383 882299 786226 458728
20 141310 416189 499275 194807 686571 845723 769565 944955 1009331 1025509 1028965 1036510 1035358 641017 899514 884332 982852 335839 778150 393200
20 45054 209917 56827 341751 416623 519199 548767 636751 711383 995803 911597 976245 1000414 1019563 1023348 1011109 980650 916274 785976 524224
20 100350 162045 294683 440695 449199 756699 765355 775795 896621 906677 914373 946558 945822 1006926 999062 985081 976865 915706 786204 524256
20 568062 733145 841657 711623 867751 915093 782091 440895 1006686 452847 1012086 500699 1033660 495347 1021804 424685 949618 393162 262068 87423
20 139006 254457 794489 321463 359311 700239 769319 522779 910462 941245 957293 988917 1003221 1032698 1029018 1009130 981458 655075 655260 524132
20 331758 462701 471539 577267 979180 421279 890527 848509 491047 646603 772971 780075 1041364 1038772 704440 753368 966471 916790 209399 261848
20 385974 572153 484849 712530 453071 868039 933054 371575 511645 646571 1006444 694266 781930 1036535 1029917 752539 980901 916828 222709 261738
20 611822 760525 840563 257203 454444 388445 860071 737099 816885 965078 485881 501498 1033159 511928 1029437 1014334 720107 917146 720756 512967
20 124902 190201 874993 966418 940782 378839 224951 751735 900653 451963 502635 996828 1042844 761803 1020663 1013547 851429 851674 778044 522652
20 755690 195257 884056 228711 850662 756699 890301 1026675 1037421 1042611 1044813 488126 453982 482974 442142 940019 929773 130987 655316 362485
20 190438 321273 735729 909074 867054 239575 470711 948343 777773 386427 510827 1005020 1042844 971511 966539 1013547 958332 654821 655066 522652
20 576502 247289 801769 472550 785923 315343 873391 1024367 1032431 851061 522810 980533 1011292 1023644 761715 749491 980442 916890 737260 523221
20 629678 808437 710347 256629 486762 387547 453822 827239 868019 769421 947158 500729 1034119 511864 1029246 752365 981817 917084 753138 513927
20 406398 686317 714987 687879 497633 516567 895671 1035382 521785 900441 1039256 653006 1011483 645999 769454 880628 851952 284095 235505 130766
20 663544 385916 519322 814327 967599 586715 868139 719933 1021555 1036659 997837 1012941 765921 384238 502462 488374 458566 909205 257886 139257
20 643830 256377 841649 486866 387983 704327 736939 876125 454206 826869 932844 468986 1033957 511354 1028511 1012535 981211 916842 786332 513765
20 639870 670201 378617 32247 754671 838367 987839 409214 785435 1033461 523148 980394 1011146 1039754 900909 1011509 980821 901074 786148 523123
20 247782 377849 671217 917010 801774 424407 755639 445303 987895 902619 784973 980156 1011004 1039420 507563 1011403 980811 654821 654266 507740
20 770998 80889 968177 392786 903631 671687 802238 740215 1020151 261291 981612 358138 503658 515690 1027741 1013533 457627 915365 785756 443893
20 146414 771049 802289 261651 917004 940999 1024935 961895 1004775 260219 915868 456381 487229 499421 1023802 1011418 980826 130027 654836 378358
20 556282 291829 1016818 786177 832999 1002199 875703 961655 521758 522542 784857 784105 388955 450459 474987 999324 974700 913324 259062 232701
20 582646 877817 695273 990438 392963 746959 975535 1026159 261685 458069 490298 505756 1036060 380915 898931 949205 949690 892908 786138 512239
20 619002 347637 954098 786177 946663 897751 906423 977015 491035 1031468 514894 518030 780153 777145 474587 999148 327531 851868 249846 176893
20 924142 174845 830707 742259 648814 942559 1040447 442151 1007273 261530 916372 505735 1036169 511734 1030008 491222 982872 392171 785893 349565
20 116726 707065 341993 932326 785923 445391 873903 1024367 1032431 523317 916053 980538 1011292 1023644 761715 749491 849877 850874 737260 523738
20 508902 770937 294385 769682 556910 378839 843063 507437 969335 778683 899324 964060 1010908 1007260 996215 987115 980651 916363 261605 261978
20 116222 218873 846649 715479 446063 382807 236987 769355 900325 949310 480243 963548 995298 1039244 1025599 879101 980451 884442 786228 523148
20 848446 353757 320507 908871 685991 965525 511886 486774 503030 711805 744410 1021928 781881 1036727 734943 998253 982474 655344 109039 261689
20 116478 219001 846265 446263 382863 780623 769699 900693 948798 480731 498395 964076 995282 1038820 1024831 879869 718579 884586 720796 522724
20 322940 758748 503003 511767 913615 950209 701879 998006 712299 1007018 453485 485293 779250 908533 900921 750943 981662 630766 93885 259058
20 848446 353757 451571 917059 685991 965525 511886 486774 503030 711805 744410 1021928 781881 905663 734943 998253 982474 647156 109039 261689
20 101374 431357 517899 506087 581603 695771 891579 997499 781877 912725 979766 619513 945402 1007500 1031956 477055 977869 914862 784078 491504
20 100350 433081 781401 760775 519463 358355 620461 827243 496379 995819 911605 980126 945130 1007220 1031284 1002911 714621 916254 720818 523980
20 230398 364473 783449 757703 521383 424915 687021 433019 888555 993771 915742 817130 978164 1007220 1031284 1004959 976671 652029 655282 524108
20 583294 739773 639995 968167 785927 290767 833453 1005934 1022190 392309 457337 489394 1028048 515697 470719 997213 981910 916890 262120 233951
20 320502 222713 826345 728550 523779 633807 943535 774511 975087 916533 1014362 1029692 1035932 511859 505811 883637 720570 884186 720725 499692
20 378854 640953 424913 769138 687022 755675 507053 508791 969399 1003959 915563 980316 1011292 1039452 835479 880107 964331 867324 262085 261946
20 174846 709881 863097 825079 724847 764511 906303 458507 1015444 502205 1036762 517045 1041866 514981 1031618 425707 950132 130995 655308 349566
20 104958 862969 710009 702711 940399 649823 881727 507659 515733 1043874 1045444 504763 511453 1036010 1030004 229293 327651 851868 753618 419454
20 230398 302969 781465 630695 519495 866251 488371 750445 496379 956907 915518 980510 815082 1006836 1031380 1003295 714237 912341 720754 523948
20 230398 302969 781465 630695 519271 366555 488371 750445 957163 995819 915518 980254 815082 1007316 1031380 1002815 714493 912341 720754 524172
20 77806 570869 505611 510581 973034 772571 904379 556915 736935 490893 897991 1000441 976790 1021831 1022712 1012862 454509 916284 786012 458226
20 775482 382441 977648 606163 671661 448407 912270 278398 349947 944636 498107 1025756 509371 1034972 1028967 1014887 982347 917045 262118 256605
20 38910 501885 513683 764387 294759 633819 961851 775981 556793 875957 971733 1008506 1034133 1034618 999316 996591 981678 916686 786006 524264
20 143342 635765 504715 511157 908394 773467 556979 425805 702183 997831 969209 1001209 910294 1020871 1023224 1013054 981566 389037 786076 393074
20 100350 146425 908345 310743 514159 776855 470939 763755 964299 779747 910285 1011838 977214 942026 1031732 874429 970485 883698 785756 524196
20 326778 368553 746488 621751 949453 649039 976693 991006 1019622 1026534 317947 497563 519323 774781 767101 491363 719790 916436 171987 222204
20 135166 540533 709587 519345 781391 344011 554935 512877 925415 971239 993659 1025339 910310 908410 1028828 1014428 982200 905117 786344 524118
20 593662 794553 778713 992183 1008527 827339 785957 387391 979134 990331 1038947 390883 978786 514524 507348 490980 454365 915292 262074 137087
20 592894 747101 784547 802675 985067 1022365 1009435 1038645 827129 388443 979802 390061 978348 515662 507590 491428 453367 914678 262136 136703
20 298878 343477 639483 967413 494831 644511 977565 1011838 654887 982345 506675 505683 1011618 1007554 766956 741245 720310 917208 147163 259052
20 402430 947569 233433 233445 980295 1014411 255391 518765 636511 899501 776542 1037996 913202 906227 1031410 622556 589804 281855 686771 393010
20 433114 522545 648952 794613 588591 883998 1023629 1027661 425531 714205 1008620 496123 510331 772022 767798 752343 982246 393155 204267 124668
20 71678 421557 733011 907745 161767 325339 636733 514363 776413 994423 995959 1041294 902649 970358 965050 1014248 958413 913302 786090 524108
20 69630 406397 514275 747411 540651 311127 498103 777309 992891 1008955 650169 906485 977142 972602 1031820 1015012 970701 914382 785254 524184
20 539902 608221 766771 806899 374575 965405 1006987 1014859 1032830 1040702 391387 980201 503029 499381 1019850 491316 456662 916452 262136 150511
20 102270 193017 855801 357335 468463 696023 763071 947326 522779 908589 1018613 1038117 977834 1036762 1031050 753507 847709 851442 753564 524004
20 492414 122105 926713 176055 857583 496095 1005751 556414 960189 1043725 654234 784074 912626 974732 1031874 491307 974451 912237 783221 491476
20 736984 320508 324090 943735 894639 1034014 424847 375639 514790 724475 784953 784321 1043909 842975 965998 884150 696241 614249 61950 261689
20 647550 740605 588747 763703 1008875 1025819 359831 949846 376429 966060 465914 513990 520132 840701 1030359 1014573 449915 908986 262128 189119
20 736984 320508 324090 423543 374447 513822 948623 899415 1038566 781371 784953 784321 986621 839391 962414 880566 696241 614249 61950 262081
20 288254 643833 438073 372439 509551 717655 619451 884043 949477 768126 518557 1030028 781282 925677 1021427 1007166 974554 917300 257437 261090
20 406398 686325 714995 497617 516559 950023 637599 777310 521785 900457 1039272 653030 987115 904055 1027510 880604 851928 284095 259897 130790
20 624382 1016313 65337 695159 830927 774991 986811 1011283 981054 228589 391893 423900 519980 515988 507812 881983 980707 883690 785874 492027
20 270078 419577 760185 436983 512239 677727 732479 392731 786020 851371 883683 899021 905141 1036234 1030066 1014684 982484 647550 130715 261988
20 547834 480381 1025146 603639 772335 932447 1034303 655129 917129 982433 521102 979953 487339 1023916 499667 1011668 456158 392822 261990 44029
20 825982 990329 975769 929463 1046543 114635 384931 257900 521956 327149 490474 636667 905075 774076 1030100 621557 720370 877982 677727 522271
20 423612 641532 463867 517015 719247 876231 1023782 620863 768222 521325 1047137 652786 929781 974745 896699 1011546 839662 309085 259693 130546
20 677118 439133 414715 767287 585071 748957 843415 1007205 518718 522694 653561 911344 1025743 1023802 888821 884570 982952 340911 261062 130297
20 443326 514169 681961 413431 499595 850511 1014830 780061 784021 572861 736220 898682 896882 647140 1024495 883635 982482 345567 252027 131044
20 298878 373181 493299 588243 440559 474903 970397 1044574 654891 1006949 1035109 685945 748474 776634 769992 878047 980902 884468 231159 262088
20 404982 663289 516473 774774 446959 466271 747071 851731 392373 785610 883683 1030051 905146 1036229 899036 1014684 982892 633471 130485 261834
20 270078 451321 728441 470263 512239 677727 699199 392731 786020 851427 883629 899021 905141 1036234 1030066 1014738 982428 647550 130715 261988
20 404462 663033 516729 633975 775278 713951 498239 950051 1015427 522693 653754 899019 1036242 905133 1030068 884348 851804 283639 261061 130490
20 313214 510201 554937 349175 417231 1041039 499483 1013822 638557 652653 719701 1029586 733148 778148 960191 1011555 965610 916722 248059 262052
20 844526 421277 388219 179447 474478 906845 1028669 720651 1015442 1044961 252350 259486 757752 936927 896935 745197 974708 638938 615287 521185
20 561148 1044540 955259 767319 375215 907927 688013 360305 437981 970213 781257 387057 1007870 482778 999138 986943 982202 915278 261046 251503
20 646206 771029 195931 851301 229031 884377 976782 1009522 1026766 1040882 424189 505149 519229 401404 628479 1006415 973747 376790 770024 377835
20 329726 473213 416699 462583 489231 760527 1027243 839533 915093 644541 910297 979182 781110 1039698 966548 753632 702331 915582 159199 262112
20 321150 909741 517787 97975 425677 638795 966449 1014046 1046754 244861 252541 735224 741368 822271 1021343 1009511 712622 909268 713175 522722
20 395262 459773 473211 482711 629231 895703 766775 839483 710363 976355 981897 914620 781660 1039972 1032072 622576 981118 358223 224943 131056
20 460794 493433 850168 1007863 371631 642399 972079 1014301 499315 507283 777059 653236 978884 1039004 769260 819062 683963 882635 177119 261356
20 320382 516317 419579 502007 511759 802765 703151 998510 917041 712053 1006516 759800 782304 905711 1029911 752475 982426 646878 91583 262112
20 844158 392969 1040625 794611 943085 1025245 695741 990844 196187 490906 244714 776138 257994 513847 1030935 752999 982694 655348 615103 510205
20 639870 837617 784585 737077 806891 1021723 391831 982102 1033787 343419 932794 489180 503532 515788 1026519 1012199 457581 916908 262130 181695
20 639870 1032413 739835 837367 1020143 540637 342719 932990 785957 392553 981928 489444 503792 516064 1027855 1013531 457559 916886 261850 181695
20 327090 360145 755704 771060 629999 957789 990782 648991 976557 1010126 309751 489075 519283 515971 1031051 751037 719582 916332 163683 246780
20 592894 984701 802547 772019 989551 1001119 1030423 589613 784601 388271 979630 390101 978388 516036 507816 491464 453499 914810 261750 136703
20 560894 647645 755627 762807 817643 925597 917011 452927 1011902 1023085 1038949 456433 1011568 514522 507346 487119 980814 393132 262128 71551
20 532462 699125 339323 873845 1040494 760031 909631 720675 360141 982403 490381 505767 1036201 511958 1030104 1014514 458108 917170 261980 185083
20 288254 516893 470843 385911 511183 802765 908473 982129 751151 1030446 743925 1021684 782304 971695 767451 1014490 712542 655254 43775 262112
20 564206 554489 1018489 447607 1008750 772319 948287 655139 917123 1031557 521114 1029093 454603 1007570 505338 483245 978868 392828 261980 76791
20 575358 651509 782547 937953 638759 806875 455855 1013870 1023545 1035577 441209 997304 503254 515286 1024751 489303 981910 393164 262120 84927
20 575358 937181 679411 910067 1032431 635869 439487 997502 785957 916777 457543 1013638 503780 499688 1019679 489337 981944 392662 261850 84927
20 575358 1032413 758267 937207 901871 540637 439487 997502 785957 916785 457577 1013672 503780 516064 1027867 489303 981910 392654 261850 84927
20 48630 122581 450339 1008624 605931 933661 779675 911707 976109 1006654 187255 382647 503351 1020409 1019854 490951 981722 915308 785324 484344
20 677850 258993 900216 921589 366511 502686 982285 249659 193275 750011 907485 1041644 911191 1039206 769987 359926 851638 551915 638076 491085
20 575358 937181 675323 889591 1032431 635869 439487 997502 785957 916777 457543 1013638 503784 516064 1027863 489337 981944 392662 261850 84927
20 294362 474929 771064 842997 744751 1023518 911245 977741 747223 1025510 342907 455867 519227 516035 768477 1014508 718710 654262 48875 246780
20 297982 501309 409307 493431 506255 1034059 810925 915797 907513 715887 1012334 717781 1011156 777878 770016 748475 980410 654910 71167 262112
20 270078 353149 465371 469495 491023 845771 629679 957805 1040622 654451 981681 759517 773845 1034042 1029938 753632 719710 916892 157119 262112
20 550782 643549 732395 778487 840683 929501 480447 1022078 917011 982321 490341 1030052 511954 1036077 505691 1014682 458190 392940 262128 43967
20 836542 913525 905467 921589 685679 440927 998462 1036045 1044105 196025 752600 505832 257654 253810 767895 490407 982470 131064 625135 345567
20 246270 315317 480211 769137 499087 585675 750509 350071 445175 818662 899770 964410 995036 1039976 1024999 1011003 980189 915805 786326 523880
20 319998 405429 516819 646513 511375 802763 914093 484983 719931 998630 744378 1021754 782184 971751 767453 1014109 974556 917398 240375 261992
20 52734 217981 508603 349943 445167 498975 556955 847453 785507 1011934 899561 964081 995178 1040320 762847 1011125 980782 916278 769724 524224
20 492030 626645 955363 523313 94187 422877 694199 887671 991991 556534 784986 915098 978540 1007416 1031736 1006799 978331 914797 784813 524230
20 639486 806869 1032931 261425 540651 766685 889783 968311 392283 933110 457626 1013530 503672 515896 1027471 488941 981357 917164 786374 477943
20 230398 565109 731091 522417 784463 319435 602039 485229 956135 1017319 818150 914554 978234 1006812 1031352 1006395 977629 914333 786344 524118
20 102142 430973 1016251 467959 693743 887263 32699 617853 946430 523339 785105 915169 978770 1007560 1032128 1007159 978605 915230 785198 523700
20 108286 170877 492987 217047 496111 897495 555963 877949 940286 785483 1043085 980810 977778 909025 999368 998967 976573 909086 785844 524256
20 536558 629241 943737 501879 1036398 713439 990271 655139 917123 982437 1014725 505803 1036242 511917 1030068 490426 458202 392828 261980 22519
20 593662 745917 555515 785927 985063 992215 827317 387447 979190 1023097 1038937 390861 978764 514478 507278 491464 454331 915258 262128 137087
20 602622 724669 546811 986743 995951 193247 848701 261415 916677 969854 1035150 1042314 516597 514545 442340 491488 966043 392890 786264 331615
20 549886 597373 798699 746743 785163 990415 386479 976493 391767 981397 1022190 1021750 1036082 508893 504793 491472 458106 917176 262116 138943
20 796158 910109 888635 975719 392391 925645 457913 1014897 767535 1038638 244213 513780 258032 775643 1030874 229214 720790 655336 543487 484271
20 575358 937181 663035 901879 1032431 635869 439487 997502 785957 916777 457543 1013638 503780 516064 1027867 489337 981944 392662 261850 84927
20 59262 342521 706297 601847 416239 492511 844479 989822 523315 779501 785165 1013146 1043858 909131 966485 1013605 966570 909236 784882 523980
20 821182 1016313 294521 924919 897647 717919 1013822 1036043 1044099 392597 195501 489420 257660 253812 245732 751539 981970 654826 592863 492027
20 575422 620789 345979 952181 723951 842079 997694 785939 509565 517533 521101 1044722 1043682 1040066 376743 950185 425942 901080 261996 178427
20 575998 744305 321273 386773 780047 925639 293807 834925 776435 488574 1028796 1036771 995298 513756 502623 1011101 982810 917298 261868 236979
20 578430 667325 615899 778487 415471 957147 905661 994430 917061 458035 490390 1030050 511857 1036174 505693 1014633 982476 392890 262128 109039
20 788478 846013 390755 944627 1026955 194255 489261 696123 990937 243189 775141 1044890 258020 514686 1031278 753334 982868 655352 616799 511387
20 575230 739709 785923 859123 968171 1032667 290747 833401 997626 392397 457429 489294 1027980 516036 503415 1013429 981806 916790 262136 233919
20 531454 640381 740603 837591 1021135 785159 343455 933469 391787 981417 1040606 488421 502769 516064 1027886 1013562 458102 917172 262104 181951
20 537598 576893 679883 779479 910571 916243 439711 996957 457319 1014181 1034462 1038118 502757 496633 1019710 490874 982712 393164 262128 85695
20 799230 806621 906811 717431 488111 1028893 720267 490835 1031393 1035326 1035206 1042370 254461 252409 245470 753516 458676 131064 593847 298863
20 796414 860109 912947 979411 975341 1043989 750491 505179 1038554 752743 506535 1038118 257994 251645 768892 490940 196582 131064 560575 281471
20 820990 802765 1016315 1020375 1035821 1043989 652175 456015 1013966 654451 457395 1013554 257994 253922 245744 227069 719740 392636 658879 330623
20 554366 890229 350907 944821 999919 832223 783667 522812 785491 523436 785219 522124 126951 712681 212957 999394 450518 913368 756414 435579
20 885502 794589 1016315 1027623 1036743 1043981 587671 359255 949462 130283 719722 489386 258002 253928 245744 751229 457405 916796 723391 427391
20 822910 799677 913651 982787 759527 502487 1035445 1012086 1015434 245051 777049 517993 780190 514990 1031628 228989 196596 131064 551407 284127
20 550846 639993 932985 728311 848239 480607 1022270 782091 910067 1043843 490157 1029836 519292 974741 505779 1014738 450538 392940 262004 43999
20 811774 860109 912947 979411 975341 1043989 735131 482139 1023194 228583 768870 513958 257994 775805 506557 1015100 196582 131064 575935 304511
20 922494 1017829 979179 458517 1015561 899527 776871 1043558 376379 253275 519066 129016 650109 908732 769756 98286 589810 804575 665023 487671
20 811774 856045 975347 917011 982541 1040839 735143 482151 1023206 228571 768858 513946 258008 775805 506557 1015100 196586 131060 575935 304511
20 799614 848109 913651 982787 987109 759511 502455 1035382 1015321 245113 777144 518104 780079 514895 1031566 229102 196596 131064 551391 284095
20 547326 640701 569323 774775 1036907 342751 932669 392487 982213 1025150 1043334 488933 485881 499684 1023387 1009566 458426 917336 262128 182111
20 593662 745917 539643 785927 985063 1008087 827317 387447 979190 1023069 1038937 390861 978764 514478 507306 491464 454331 915258 262128 137087
20 796414 909661 838139 1008439 597871 925597 130711 458341 1038398 228601 768753 251892 258032 1038027 506830 1015238 720730 917416 713135 501055
20 550782 633277 713451 778487 859627 405215 939709 1022078 917011 458085 490353 505778 1036240 511791 1029965 1014670 982426 392940 262128 119263
20 639870 1001693 727547 837367 1032431 571357 342719 932990 785957 392553 981928 489414 503780 516064 1027867 1013561 457559 916886 261850 181695
20 55290 252729 994552 417143 497071 779423 819085 894837 383707 915907 975101 1012558 510811 1036004 704363 751539 965558 916542 737244 519908
20 116478 715193 481113 236919 445903 638667 335805 846707 948446 914661 512637 963066 995180 1039266 1025943 749243 980589 916766 753620 523170
20 30710 476665 572153 1018102 309743 770783 873663 974975 523795 785701 1014595 1029916 913237 974741 997347 998332 974698 913322 785882 524012
20 230910 520985 888553 433847 163307 565213 748981 994429 782963 915758 1018109 816892 977722 1006546 1030994 1005359 976839 390619 786062 393188
20 230398 565173 731091 522353 784527 319435 485293 626551 956135 992743 818150 914618 978234 1007196 1031288 1006011 977629 914269 786280 524182
20 101374 431357 565219 517907 489707 695767 891575 997495 781869 912717 979758 619509 945398 1007512 1031960 1001327 977881 914874 784090 524260
20 603006 904313 930745 848119 1004847 1044511 130955 458572 229077 769477 515026 1042370 223229 760813 499194 1011434 720755 917428 707774 502335
20 322300 759708 502203 511543 913807 421837 950177 701303 996598 711915 1006442 517741 780242 907765 900729 752287 982302 630766 93565 260050
20 52222 236921 878265 478455 384591 779663 434075 943981 719587 850389 995582 512859 1027922 1038244 895933 752499 982078 900586 753372 522148
20 770550 64237 228651 294854 1017825 769559 904091 971611 1002717 834810 998204 358254 454318 515630 506319 1012467 978293 914869 786392 493553
20 101374 433593 779865 761287 517799 359379 621485 473467 827115 910709 979742 1020395 945642 1005300 1029748 1003295 715517 916638 720818 524108
20 640974 675701 258171 913589 981294 1014302 245639 900937 958163 1002979 1035203 931826 502268 514300 1025599 488925 456429 393078 786360 282555
20 575230 782733 913843 777827 815077 892509 937913 456023 1013974 1035385 441081 997240 503214 515478 762847 489135 981806 393162 245748 84863
20 677622 925617 256249 911732 977455 1010719 653197 245575 900810 957907 1004515 500670 1034179 510460 1029245 490460 458220 392887 786234 284539
20 709494 925649 257145 912564 978191 652237 212903 868202 939763 1022435 485854 501470 1033187 511228 1029437 1014333 458476 393047 786330 316347
20 602622 724669 610283 988791 1028715 193247 848701 261415 916677 969854 1035150 1042310 516601 514545 442340 425968 933279 392890 786264 331615
20 319998 419769 646265 511383 982031 620487 900005 485227 502507 998882 744126 1021788 781940 971763 767167 1014109 712684 917402 175067 261748
20 319194 356201 766456 630391 958125 995102 652687 981333 1012454 482619 387707 452283 771037 1035750 507843 752861 718702 916404 159667 242172
20 492030 626665 521753 171767 424429 826331 757179 993659 1009907 916526 784974 555002 978492 1007508 1031956 1005167 976839 390621 783285 393186
20 609150 837341 889595 937207 770543 735709 355007 963710 785969 392519 981898 489321 1028004 516064 503643 1013654 457589 916920 261838 169407
20 169470 363261 626659 520979 425195 827095 757175 994423 783949 915758 686581 878326 976697 1007512 1031960 1004399 977870 914905 785082 524260
20 639486 837593 261177 916551 178151 736213 889787 968563 1002227 933362 457374 1013548 503420 515644 1027471 488671 981357 393140 786378 347115
20 575358 739773 758267 871159 967919 159199 833213 997502 261671 916809 457585 489386 1028036 516064 503611 1013589 981902 392630 786136 365279
20 547834 480381 1025146 733687 901871 932063 969791 654137 786057 916881 523078 980961 487339 1023916 499667 1011668 456606 392558 261750 44029
20 232702 303033 779097 79863 516911 409051 752813 892523 979518 913822 1022187 1037539 815082 1004412 1030996 1003415 716509 912757 720818 524228
20 603518 931449 903609 837495 801711 1006623 259979 523092 130781 458202 783211 1045428 225267 761811 499692 1011660 720357 917218 707262 502847
20 609150 705981 639995 937207 1020143 211423 867005 963710 261671 916805 981898 489321 503792 516064 1027855 1013654 457589 392634 786136 313055
20 575230 758205 889819 937431 770543 785939 815005 439647 997598 916581 457449 1013608 503718 516064 1027705 489143 981814 392634 262092 84863
20 857850 649405 977210 840183 1008239 1038367 997273 130891 458444 490961 1031105 260006 511977 774102 244670 753070 720627 917364 661373 500863
20 320254 502173 371195 419767 511567 817101 908853 703279 998574 711929 1006456 759766 782304 1036719 1029753 752343 982358 655258 91519 262112
20 555390 663517 648443 646951 980167 916237 486807 1027670 482923 1023402 508894 996331 977723 1038581 505213 1013436 454636 393170 262128 47807
20 355578 635637 963442 479153 503343 1012255 851335 646987 974540 759230 510937 517593 779238 1038455 998889 737238 720571 917308 159101 259046
20 52222 349821 247227 218615 445679 498463 818843 716125 768685 915811 1011934 963569 995178 1040320 894687 1010613 980782 900540 786034 524224
20 117694 155129 894585 319191 494831 779607 996542 482139 785059 915853 979070 512923 946122 1038180 704427 880445 961525 884210 769756 522084
20 771318 114029 195243 326598 1001441 737047 906651 970333 867962 948668 1018355 440238 387950 514862 1028829 490703 980339 913077 786392 477169
20 574974 635709 771035 906087 781479 916507 941965 946005 440015 997838 457201 1013488 503658 499634 1019133 488767 981566 393172 262120 84735
20 563710 599805 933659 886647 756655 387803 914603 784499 974365 486718 1012558 455605 978373 483046 507872 1006073 976634 917396 261996 234975
20 919486 694781 961259 472311 1004907 886687 1046558 114479 646835 912805 390073 783302 257498 515788 1032016 622566 327672 817247 747133 445303
20 585982 616377 449657 773527 916495 423879 965541 779115 995050 998882 482110 1021788 454261 906227 505023 1013981 978842 385004 262004 109531
20 624126 831437 734195 843603 775021 785557 1016735 1027175 357983 948574 391595 980650 487228 483238 507704 1002747 456181 916212 262090 166655
20 633342 933437 717531 962439 228583 884051 652213 249693 904937 972238 482234 501179 1009270 1022079 1021940 1010637 458225 392862 786218 324463
20 640446 838509 760059 1034359 750829 358751 948798 784149 392867 982466 1045393 504686 471028 483312 829435 1003407 441789 900828 261994 181983
20 788478 817597 908403 927731 707823 478559 1019453 718619 489131 1029577 246781 1044598 1043334 1039242 245174 753364 458596 131064 605039 309983
20 641788 472988 743867 1019447 783887 839629 851873 359271 949478 374011 963450 1032685 485334 514002 768501 1011321 457375 916766 245738 183677
20 591870 686557 802619 875367 243655 904909 252603 781427 996895 497021 1024949 979182 453470 974230 1030378 491248 968697 393170 786220 355759
20 230398 302969 781465 630695 519271 472027 488371 750445 890603 956907 915742 980510 815082 1006836 1031380 1003295 714237 912117 720754 524172
20 102142 430973 755131 693751 467951 887263 293819 617853 946430 523347 785037 915169 978762 1007568 1032128 1007151 978613 915230 785266 523692
20 231934 302969 779929 630695 517735 343003 489907 751981 957675 914494 979742 1020395 815082 1005300 1029844 1003295 715517 912853 720754 524172
20 174846 742649 830329 555511 1002095 963679 1022015 261899 917132 519573 1045410 517085 1041898 450477 999322 475109 974802 392947 786292 349566
20 608238 708021 258619 914005 981646 212935 868265 937843 1023203 487677 1034723 964082 502652 514684 1025695 1015070 456557 393142 786392 314843
20 575230 770493 758267 937431 902095 785927 802717 439647 997598 916593 457449 1013608 503780 516064 1027643 489143 981814 392622 262104 84863
20 639870 784581 745259 806901 845801 1021725 391835 982106 1033789 343421 932796 489166 503526 515794 764383 1012211 457575 916902 245752 181695
20 707446 937937 259193 914612 980239 637901 212903 868202 957171 1002979 488158 1033187 501244 513276 1027615 1014077 458476 393047 786330 314299
20 562174 609661 837595 990423 771311 785171 374175 964189 391783 981413 1009886 1013546 502761 516064 1027894 488437 458106 917176 262092 151231
20 639742 784773 745067 837621 845801 1003101 1021501 391963 982170 343293 932732 489382 503750 515986 764351 1012187 457447 916838 245752 181631
20 639870 1001693 739835 837367 1020143 571357 342719 932990 785957 392553 981928 489414 503792 516064 1027855 1013561 457559 916886 261850 181695
20 677622 958353 256249 911732 977999 620493 1010237 245543 900778 990691 971699 500702 1034147 510460 1029245 490910 457708 392919 786266 284539
20 586110 638157 646939 780071 941029 947161 441779 999026 446077 1002940 502734 497622 911607 1037547 1028925 490831 982670 389112 262128 94911
20 815486 847629 915219 981219 989157 736217 482745 1023608 224887 765366 510934 255978 1040637 777007 507215 1015438 196596 131064 578783 307903
20 788478 887293 957147 636535 382639 911131 736655 482647 1010915 980029 226297 1044934 257756 778088 507824 1014334 196090 917444 707511 437103
20 885756 719932 826619 960343 505967 1038487 343965 876389 1011401 1041865 687054 226806 257270 253786 769954 1012287 457713 655162 623613 444335
20 639486 620157 708523 244407 899787 259407 914739 1035037 1035493 949406 949094 964508 487034 499322 989159 993789 455163 393132 786384 315351
20 282366 844281 466841 867239 509895 851531 976307 747871 1028318 515133 514677 751277 1027884 776682 765683 1013618 720796 655316 38783 260586
20 333310 307005 839627 492535 504683 507035 1004445 1006701 648799 977246 653735 980646 1010929 778034 769988 749374 718329 916216 137983 262084
20 574462 740733 967931 1018679 973583 1025231 259495 915045 260699 915865 1013990 1013530 520144 516064 573399 422909 933866 376190 769724 347839
20 454846 406525 513147 518023 810471 696023 991030 585531 880346 765418 642044 653296 1042551 1039243 900509 753325 982860 373359 225631 131056
20 885502 794589 1019451 1024487 1039879 1040845 587691 359275 949482 130263 719702 489366 258002 253928 245744 751229 457405 916796 723391 427391
20 820990 794589 1016315 1027623 1036743 1043981 652183 456023 1013974 654443 457387 1013546 258002 253928 245744 227069 719740 392636 658879 330623
20 979038 930301 1036859 806647 692079 987038 65435 360298 245490 122364 650232 129016 519111 1039811 900813 753493 982948 897335 749743 517183
20 399102 455005 504635 517831 827239 991125 589467 753257 1046582 634109 903929 653296 944631 777166 1031626 880478 978860 356783 251199 131056
20 909502 796669 1035147 1041287 589283 360147 950066 106303 696030 466414 244722 251892 258032 1037435 1030269 753053 458413 917324 746095 450911
20 979038 930301 1037251 294643 180075 475034 577439 872302 757494 122364 650232 129016 518719 1039419 900813 753493 982948 897335 749743 517575
20 844158 927733 904987 915685 1042183 687051 441771 999018 188023 744886 498646 251884 258024 1036539 768829 490845 982684 131058 632031 352959
20 820990 802765 1016315 1023511 1035821 1040853 652199 456039 1013990 654427 457371 1013530 257994 253922 245744 227069 719740 392636 658879 330623
20 732988 848124 984059 947543 374127 899735 513438 1038950 257629 781733 260953 784289 847098 843579 966602 360434 167925 610253 585982 424623
20 418686 510189 516347 519943 931813 842199 744119 1023094 851513 752985 1031064 645098 651248 1038109 637807 884142 720590 337631 173503 131056
20 307710 364221 472699 495511 506255 652999 980773 653627 981209 1006702 1034862 1034138 746485 774645 770016 814587 687806 884572 167775 262112
20 282110 465725 377819 508791 515215 933707 845741 916565 748143 1028462 981233 751027 1027762 778208 765405 1013468 719774 655162 38655 262112
20 796670 969965 686523 441015 998189 911455 911267 194383 751317 505305 1037251 1044542 257948 121853 769510 491242 982896 909214 757371 478583
20 575486 621021 842611 765171 372079 962141 1034303 784139 390807 980389 504761 1011838 1011590 991162 1022919 477181 458202 917224 262004 162543
20 609150 579293 569323 774391 1004011 993757 373439 963710 1011253 392519 981894 1042213 517850 499684 1023771 491214 457593 916920 262128 150975
20 811774 856045 978483 913875 979405 1043975 735131 482139 1023194 228583 768870 513958 258008 775805 506557 1015100 196586 131060 575935 304511
20 561150 734589 652235 956663 962347 990427 252335 907885 257623 912789 1010483 444409 1040622 1038102 507844 424925 948198 392570 786104 341695
20 803838 991005 382331 447927 383695 976333 912053 977529 751151 752083 1030446 1029842 257822 778208 242685 490748 720726 655274 560383 471011
20 930174 1017829 980747 456949 1013993 367579 241083 511610 638567 908710 781254 129016 912189 777565 1031836 98286 589810 812255 676543 489239
20 624126 581437 734171 831431 775015 1039507 1024925 1027181 357983 948574 391595 980650 487222 483276 507698 1002747 456181 916212 262120 166655
20 979006 995821 687323 441687 974413 1045379 860062 749414 503530 1035760 130012 255964 910463 253359 769717 491321 851938 846783 758651 479991
20 647550 813021 748779 773927 848867 768221 343479 933494 384603 974234 482254 497644 503792 1036535 1025823 1014585 458093 917164 262098 189119
20 852990 810845 989819 992695 480719 1026765 514615 1041721 652955 653671 981402 980582 257878 778152 245714 753632 193533 392444 658687 307119
20 532478 550909 637307 748759 775951 834503 355759 945771 382583 972211 480219 1028333 1019701 1034478 501722 1014580 458076 917144 262112 178879
20 528382 588029 750427 777767 862183 315355 293815 834931 993013 478589 1018809 448235 1042638 1036758 506478 1014954 980764 917260 262128 243103
20 658430 556861 638667 952055 940523 943963 1017533 1022301 1013939 257135 914030 258967 912790 515878 507698 491212 458692 388089 783864 267775
20 532478 550909 637307 744663 780047 834503 351663 941675 386679 976307 478171 1021165 1026285 1037110 501722 1014580 458076 917144 262112 178879
20 561150 734589 652235 989431 957675 995099 252319 907869 257639 912805 977715 444409 1040606 1038118 507844 425941 947182 392570 786104 341695
20 974974 944101 779947 522421 1046857 310991 843571 474926 1007314 638438 646118 374776 380920 1018559 1021279 622205 720796 876959 162299 255831
20 754430 565181 653251 993779 1019499 1022363 1041949 228143 883886 195799 850774 423866 454566 483276 507844 1005175 975357 391929 785784 361855
20 788478 572861 678779 805879 890095 447839 1005117 896795 453295 1010125 1028339 783246 781430 1040258 506732 490930 982736 393060 255993 81631
20 918526 943097 1023097 699831 965391 478671 1005223 649067 387771 913875 784620 521532 1044052 647066 376802 622492 327652 793727 220023 177887
20 386428 736204 486619 503575 315373 843729 613815 941686 637563 965050 516349 726014 781282 1038095 1029365 1013561 720207 917134 190141 261090
20 968060 113628 773339 904983 1021135 950209 194999 752246 327275 884138 1033021 127982 502770 515042 929773 474463 966302 914677 784185 476861
20 36862 502457 775513 764871 513447 294867 556973 342907 644349 961771 971637 1024747 1009140 1006314 1029492 1003295 981406 917022 786098 524108
20 138238 278265 771449 552823 509167 925279 968255 523027 785037 802283 909950 996267 1026979 909194 1025500 1013204 982420 907765 786162 524140
20 653406 556533 764731 1030709 341871 931742 384915 974690 485110 495100 482290 775887 847099 1036607 1031619 1014477 454493 913324 260088 194735
20 902588 228204 1002731 775399 835553 113119 703166 1019005 392755 982354 1033117 472054 256890 514930 1029903 817145 425391 884430 782229 444125
20 580734 770989 968603 163255 818637 261707 917041 1025822 1010334 1040870 440573 488825 519289 466936 629631 1005287 981986 376750 770004 377815
20 815486 840957 867275 386871 976683 513243 744871 1023590 749149 1027484 248826 784324 1042663 1039133 245115 491194 196588 655344 570047 408535
20 123390 321277 478075 245143 502895 879447 968375 718667 752301 941542 965338 997180 1044360 646587 898023 1012955 981309 892892 777846 524256
20 848508 511388 384683 711895 978251 868293 686009 728942 995058 913893 477694 1017278 778989 1037169 505439 1014303 458662 654810 126775 179193
20 532476 1040508 583611 223991 767183 879439 990779 196381 851621 417261 957397 481257 1019857 1032638 502702 1013142 981114 392922 786274 374135
20 812030 959481 1006713 994711 183791 710359 449335 649019 387803 913891 784572 521564 1044068 909195 114677 229362 982924 892030 736079 472751
20 618106 356797 963002 586487 734671 850575 774041 512382 515286 1043561 1043281 1042273 516542 990783 368619 942060 425939 901076 262054 175741
20 829946 732789 1005170 523137 794599 910551 1023031 391993 981657 228766 752246 243675 511964 774059 1030060 1014249 196334 655182 578045 451959
20 663022 629625 943353 254327 909934 960735 1036351 950053 261771 916882 1014661 1030051 1036227 511932 505820 490362 458586 392685 786164 270071
20 810782 849833 474489 219063 744397 501710 1026996 782970 904319 979195 522543 1045845 749215 1023718 761755 1011682 196092 130812 569191 326611
20 582398 617913 457321 784919 641003 413655 956341 910707 990962 448893 997874 489262 1027916 1039503 502463 1012445 982426 393068 262116 112091
20 855802 651453 979258 806391 995951 1037343 475033 130891 458444 507345 515049 1042377 255990 777174 769454 753574 720627 917364 659325 518207
20 999182 880085 241115 767717 511462 1038040 588990 653438 519703 1045801 924543 456151 978665 646095 900082 228348 975807 368445 745267 358123
20 940534 715965 486715 1027638 915503 1044511 1040257 720707 491205 1031624 256974 800735 912369 122814 243191 751354 456572 903151 727933 432891
20 811774 987085 909787 978471 913893 982553 735127 482135 1023190 228587 768874 513962 258032 775805 506557 1015100 196566 131050 575935 304511
20 38910 203769 846969 355575 432623 699231 863551 513819 760563 783779 914125 1007998 1034131 1035884 1031820 948149 950218 916402 785628 524132
20 613726 945497 892585 850999 783691 1047180 229267 507748 259795 522724 1018335 1001199 648189 971770 736123 997308 188405 389106 700078 326719
20 857978 649341 977082 790519 1009967 1028639 130955 458572 491225 507369 1039305 255966 1042401 252918 769494 753382 720755 917428 661437 513087
20 158462 756473 816505 568311 611823 960095 1001023 260891 916636 518379 1044852 521099 1043860 450477 475093 999338 974802 392931 786276 365950
20 553726 645533 650843 711143 866215 931801 978477 482107 1023162 486645 1026932 509902 1040827 1037941 506575 1015118 458646 393192 262128 46463
20 586174 638061 681851 647047 947173 441687 998966 1039129 446141 1002972 502638 497642 911611 1037431 1029021 490923 982730 389108 262128 94943
20 200574 451065 597753 96183 927471 778463 954039 848510 523787 859613 990045 1038149 913292 1036730 1030570 1014242 720685 912755 720850 524020
20 624126 540541 827363 779187 785483 1016783 1023031 1041197 358063 948654 391511 980566 487254 483226 507800 1002749 456185 916216 262116 166655
20 24446 631741 728299 735463 845763 253711 949405 1026398 388787 914739 449397 480749 1003117 1033178 442225 1009586 965550 916716 786384 504542
20 563966 663517 812987 699367 873959 910237 761243 432767 1008766 456879 1014102 505547 511699 1036076 1029940 490217 982384 393162 262068 91519
20 103934 158461 552827 303031 341967 708431 750391 523291 890493 944510 891325 976558 1025497 1006294 1026790 1007017 980433 916194 786328 524132
20 146686 246777 802617 315351 679279 767767 511387 522827 902782 913838 932221 947421 994997 1023653 1018842 1008618 979938 654579 655308 524084
20 139006 254457 794489 320503 355759 667487 702255 523291 909950 957805 989941 1005237 1035973 1032698 1030554 1012682 982418 655075 655260 524132
20 397182 532473 516345 161719 404463 844255 895671 651646 679611 990555 1039115 1021779 782218 1036540 1029548 1015012 982724 392989 781941 393186
20 174846 797693 677371 826295 728527 845519 747319 440895 1006686 518379 1044852 504731 1035676 511715 1029988 491177 982864 131029 655274 349566
20 184830 274365 511571 669667 391591 588251 777773 931643 946875 994766 1026766 910966 778745 860090 1022325 1006709 982612 907213 782230 524264
20 135166 709589 802659 519345 250859 343901 540599 781403 939639 971127 993773 1025261 910198 908524 1029018 1014426 982200 905115 786220 524230
20 146686 246777 802617 313335 679279 683807 513435 521803 903806 911790 932093 997173 1027285 1023653 1016826 1012682 981954 654579 655308 524084
20 639486 260889 968425 771799 605675 867797 837565 1002621 391795 458062 932604 489394 1027890 515890 502735 1012559 719291 917134 720868 496893
20 738238 584953 1020761 758263 902511 552923 834878 261675 1004157 490917 391922 980706 503756 515810 995251 998622 456605 916365 786260 444799
20 102142 430973 755131 178151 903655 1016287 293819 617853 946430 523339 785037 915153 978762 1007560 999376 990783 978613 915246 785266 523700
20 983998 998477 478707 766707 247789 842653 261278 770941 904885 979385 522582 914790 978538 1039946 311284 557048 929247 866015 753447 506795
20 521486 522509 652851 417235 614124 765652 933816 970616 457931 654580 930813 1033210 878431 1021799 891807 1010599 588343 306667 196043 130804
20 818270 859637 388667 978485 740207 1018782 751507 1029986 775922 255484 848847 1044543 1043907 515789 245597 491436 195574 654328 572591 400891
20 561148 1011836 857851 717175 732079 439007 971951 888693 781977 376245 908229 1042321 517742 514874 1031498 425961 950166 915834 261862 216543
20 818270 790525 466675 914739 742255 1020830 225175 503654 779002 249334 391887 980679 1043517 1039817 769881 1015720 194556 654324 572591 457019
20 287742 372153 980553 517335 355819 744403 947773 510779 654003 719333 1030238 767922 782180 827231 988157 999310 974266 909036 255199 261988
20 608126 715193 890585 564215 1032431 683483 874173 964734 261675 392525 490341 456618 503756 516002 995187 998302 980821 916914 786132 508159
20 443358 218873 911673 118647 508783 621918 186299 966467 846077 498907 768746 898988 1011426 1039780 995711 929757 949822 915155 785301 523684
20 951230 249081 865145 366071 731631 1016287 97726 184187 832253 982405 522954 784082 913228 1007444 1031874 941995 949374 913075 784173 523061
20 1016510 118265 930681 169975 862959 492511 32702 642683 457838 995581 784842 914898 978764 1007444 1031618 1007019 978611 915245 785205 523925
20 182142 649657 480985 380599 509615 584667 966437 883262 785507 447741 498525 898538 1011652 1038818 734143 929659 949662 915285 769756 522722
20 427902 121337 992953 207863 889583 1016543 57275 621182 523339 959741 981829 783818 912850 1007500 1031618 941939 948670 913197 784181 523956
20 233086 334841 714169 49111 508399 1032663 368315 848254 946878 998731 784973 1029707 880586 974732 1029556 748797 974451 913205 752626 524196
20 771022 935673 653625 1034359 851054 883870 968603 489315 261829 521667 424946 1029436 389044 499636 563199 752477 965549 896971 737018 510079
20 138750 323193 750489 585639 488167 303067 499123 726909 761069 913598 961003 976235 1000437 1035806 1030686 880490 979924 884181 786034 524172
20 231934 302841 780057 630631 517799 367579 933291 489843 751853 914494 979550 1020395 815082 1005524 1030036 1003071 715709 912853 720626 524108
20 493406 389369 692153 257255 890791 588254 490283 654398 958069 998741 1018781 686060 879602 1006314 1030378 1000895 456411 913229 784211 458676
20 103422 146937 904761 310999 511087 773463 178107 998219 783075 913869 977022 1008830 1024971 942026 1027892 874365 973749 884210 786076 524196
20 230398 278009 777753 573159 515367 370651 961451 996203 516851 778733 915518 980062 1010846 810986 1031956 741245 972725 908245 753138 523980
20 492798 626649 521001 171895 671211 425181 888507 1010803 784926 915790 1018107 555002 977724 1006516 1031076 1005391 976839 390589 784101 393170
20 231934 302841 780057 630631 517799 433627 867243 489843 751853 914526 979518 1020395 815082 1005524 1030036 1003071 715741 912821 720626 524108
20 770494 509533 809467 903799 1032815 588253 327230 785701 1014949 1031258 523202 866284 946148 1023968 431615 747259 962459 915347 229214 244669
20 101374 177913 904505 511191 973903 898951 228251 243563 883429 768483 979134 1033053 944114 1005538 998748 986815 846829 851674 785724 524084
20 754558 769165 644595 503603 839533 1000413 1004469 1014886 386685 977273 391582 980634 1043654 515978 802804 737055 439791 899819 229368 187127
20 246526 380221 455155 643043 521863 1034575 687021 767581 851054 752857 899994 882538 946132 958420 465791 992703 970427 914165 785718 507880
20 460286 520761 724953 221031 1025735 327115 602045 834933 941293 784478 985597 587756 977834 908018 1030954 1014450 976479 907039 783795 524244
20 651390 668669 650651 767383 906639 981699 1047075 954174 990878 949730 519068 518116 1008507 253551 900725 486653 458077 376810 778224 283647
20 230398 302585 781849 502903 1027151 488395 496571 907107 973539 782821 915614 980254 847842 1007164 999332 597983 714493 879485 687610 524180
20 492030 626665 521753 171767 424429 863195 757179 956795 1009907 916526 784974 555002 978588 1007412 1031956 1005263 976743 390621 783285 393186
20 231934 303033 779865 79863 517679 473563 752045 891755 957675 914590 979742 1036771 815082 1005180 1031764 1003415 715517 912757 720818 524228
20 651740 978476 878203 713703 860133 929502 226749 768377 253657 970046 482166 1021874 519633 1036527 505679 1014667 851413 327658 785974 371391
20 736380 443388 941243 962375 251367 252631 255803 908086 911066 911850 997725 997037 1010869 1023817 496630 484346 589809 326783 720782 343949
20 574462 605309 744635 765767 382439 383703 386875 973621 976601 977385 997726 997038 1010870 1023818 496629 484345 457854 917388 262128 147343
20 302970 390057 748792 597943 925645 650575 978485 1012510 374459 448987 764285 771709 517019 1037798 1030886 491363 720302 917204 193491 224508
20 770302 902121 261657 80887 671213 871387 955835 1032571 802554 392494 981844 489276 503644 515868 1027751 1013447 457391 916693 786402 443891
20 36862 495997 519315 758755 294759 628699 932667 781869 1020539 556537 912053 976597 1008506 1007316 1031828 1002927 980398 915918 785750 524264
20 24574 45053 95739 178935 343471 508767 770991 671327 902775 969195 883095 964251 1010845 1023134 1021797 1010538 980340 916200 786224 524224
20 532222 116725 124787 932337 715567 806367 890287 990827 1040510 261271 383719 947897 1027785 1039132 503606 489302 456646 916376 785896 408057
20 277246 377845 378355 671601 187823 809823 895791 523287 771710 997739 784796 931577 945849 1023689 1021366 1009110 976838 655256 654055 524136
20 100350 146425 908345 310743 514223 776791 733099 501595 964299 779747 910285 1011838 977214 942026 1031732 874429 970485 883698 785820 524132
20 146686 246777 802617 315351 679727 767767 519563 522827 902782 905662 932221 947421 994997 1023205 1018842 1008618 979938 654579 655308 524084
20 790014 984057 589369 874199 424623 965399 1035659 482651 1027299 1044542 653773 194037 257724 778036 245468 753508 980938 392178 721915 370543
20 872058 618941 963002 840663 465647 994647 1035833 783134 783534 515289 1043297 521841 256926 777638 638923 950220 163827 376820 691837 321007
20 574462 605309 744635 749383 382439 383703 386875 973621 976601 977385 997726 997038 1027254 1023818 492541 488433 457854 917388 262128 147343
20 582142 597693 815075 767603 768907 386767 976685 391479 981205 990334 1006190 1005462 1019802 508413 503269 487929 458426 917336 262116 139103
20 609150 705981 924923 770551 901871 211423 867005 963710 261675 916817 981894 489317 503780 516064 1027867 1013658 457593 392622 786132 313055
20 639742 705917 627707 968151 1001935 785927 309151 867165 933086 392421 457578 1013680 503780 516064 1027643 489071 981685 916794 262104 215487
20 102142 467837 693691 302071 730607 1016287 355259 580989 946430 523339 785045 915145 978828 1007442 1032128 1007277 978547 915254 785258 523700
20 919486 924157 436987 996583 969575 886687 1046558 114479 646835 388533 914345 259030 781770 515788 1032016 98292 589800 817247 681599 480635
20 206590 301949 626107 169975 862703 1016287 422843 746877 841982 523339 785037 915222 978762 1007313 1032128 1007406 978613 915177 785266 523700
20 277246 377845 378355 671601 184239 809823 897839 519703 775294 932091 784796 947897 995177 1023689 1019318 1009110 980422 655256 654055 524136
20 528382 530429 634107 682871 588207 437599 994863 907031 448187 1005003 496615 1040509 1042322 1038460 1031064 490932 982724 393064 262112 96991
20 123838 174073 882809 735479 290671 385887 933182 777995 452339 511411 973778 1005276 1043660 1020287 892853 1013667 981677 901066 786292 523468
20 246654 362489 686329 408055 577263 987871 770751 802430 523787 902643 916370 980380 1011116 1039756 769877 1011539 980835 915821 769962 524020
20 423162 346101 756722 982785 497127 748247 488631 768119 908830 912686 389979 783276 978393 974569 868203 999324 839670 571645 128859 261036
20 316922 347893 764786 980865 380775 499031 653623 1015307 718973 1010846 512699 746486 976361 777164 802779 996733 962294 901036 251579 261068
20 71678 162297 888441 569271 961135 465631 481975 228715 784011 890237 914317 975102 485347 974234 1031618 1011484 972773 915954 786036 519964
20 619002 347637 954098 786177 939495 895703 913591 979063 491035 1031468 514846 517934 780249 777193 474587 999148 327531 851868 249846 176893
20 246270 350133 445395 769137 499087 620491 715693 315255 508663 818662 899770 964316 1011258 1039976 996327 994781 980283 915805 786326 523880
20 51198 248189 750771 379859 480719 704327 367547 882269 510587 835049 979637 1028970 995060 1040036 1025439 946027 948702 916790 786392 523940
20 555510 891129 681961 1017574 392963 756687 947375 964719 261685 519484 521052 914355 912851 450517 999253 475066 974650 911340 786138 481519
20 100350 540405 757203 521009 782927 294859 695735 864103 511213 913595 1018343 947686 977530 1006266 1030968 1005405 976797 916828 786344 523990
20 103422 146937 904761 310999 511087 773527 440219 736107 783075 913869 977022 1008830 1024971 942026 1027892 874365 973749 884210 786012 524196
20 230398 565173 992995 522577 57323 602071 485053 956023 784443 1017079 817910 914746 978330 1006956 1031512 1006491 977773 914381 786124 524198
20 492030 626645 955363 523313 94187 422877 694199 863095 1016567 556534 784986 915098 978540 1007288 1031736 1006927 978331 914797 784813 524230
20 492798 626665 520985 171895 425197 695771 863931 1010803 784942 915790 1018107 555002 977724 1006548 1031060 1005359 976839 390589 784085 393186
20 73214 435837 569299 512931 671463 490587 896311 776989 907981 979358 1026167 620021 1002425 970358 1031080 1009614 974313 915130 784234 524244
20 101374 492925 522387 755683 294759 694235 864059 784941 1017467 556537 947066 914133 978612 1007316 1031828 1005999 977359 914862 785750 524264
20 909438 943081 130841 553975 892141 959963 1040571 925562 196270 753038 506804 1038228 257948 251759 768847 490869 982613 917474 756979 477947
20 812670 921577 389617 962227 917005 193999 751015 506222 1038566 1043483 686715 1021850 257524 251645 767861 490428 981972 655338 625567 479067
20 919486 924157 436987 994023 972135 886687 1046558 114479 646835 388525 914353 259022 781778 515788 1032016 98292 589800 817247 681599 480635
20 950782 933781 762619 1033589 765231 510685 1036973 326503 851099 490726 1014554 391090 913346 647062 376808 621053 720508 853631 155627 243039
20 528382 651997 720155 750055 315367 987097 350139 355195 417021 896243 957301 960437 1041742 1038990 504286 1015318 979690 916780 262128 245295
20 568318 601597 579323 663479 784463 813007 915511 438063 994987 972205 1004462 504283 1035868 510451 1029748 490197 982354 393112 262112 87935
20 268286 551421 130619 790519 830191 841055 946619 994139 1004779 507037 514861 779934 517989 776918 769382 1015348 982916 917440 759801 518650
20 561150 603645 586619 663479 781391 816079 912439 991019 439983 973229 502235 1033945 1008558 513398 1030772 487253 982226 393112 262112 88831
20 62398 79865 972921 415223 193007 768095 990398 358235 517787 916867 1010634 1046116 887551 774067 962461 1014581 966626 912764 778188 523876
20 575358 183289 865529 294135 725999 837087 1016255 473470 772851 785683 916013 522122 1011356 1040012 966443 1011555 966612 916434 785644 522101
20 459774 659445 1014307 390609 106475 728791 493499 959867 976091 1005687 588282 783926 912956 1039756 1031948 884184 457341 879591 783309 458662
20 123774 174073 874745 461815 837103 735455 647615 925054 452315 523531 981906 1013420 1044132 778083 900949 1013587 981613 901034 778140 523508
20 460542 256377 858041 357847 732591 757655 458379 794493 653502 974053 987901 717810 847820 1038682 1030986 1014626 976191 913011 784077 524212
20 597486 909801 925425 130835 458508 1009095 1005223 1022567 654395 457948 228221 767901 249821 1036090 505722 1014682 589291 851700 713462 502247
20 102396 946428 540539 447223 693743 862687 1016255 1032571 634613 523533 785173 915237 978462 1007398 1031818 483289 978913 915162 785130 490998
20 48118 216057 833001 1000934 523779 554959 629679 944495 1018095 261235 1045052 521171 913013 974517 999098 999253 974682 913306 785820 521708
20 493246 56313 992633 77815 755183 955615 556478 319099 752222 522635 1024253 914378 977890 1007436 1031106 1007283 978717 915253 786085 523636
20 8190 643577 929401 550903 699119 891231 1004607 261915 392875 458141 490445 505781 511971 1036188 1030090 1014706 982498 917204 786276 516222
20 246654 653497 444377 235255 383695 737099 413629 851038 1011301 509309 932844 882162 1027258 1039778 895959 1012383 719675 898925 720852 523682
20 492286 522521 755689 364407 294635 694237 863933 947829 785454 1017085 556028 914778 978354 1007058 1031570 1006383 977743 914343 260827 262116
20 788478 924153 1041945 947319 961199 65499 622507 376691 909027 650741 390125 783346 519658 253692 769900 491444 982980 915486 759199 478047
20 821230 981097 985073 65427 229260 1022407 1026727 114557 646845 388573 914333 259066 781754 515802 1031962 819179 950260 882806 779879 513383
20 141310 416125 499339 452407 686571 845659 752051 769621 944763 1025453 1028781 1036758 1035478 641017 899450 884396 982724 335839 778030 393200
20 157438 568317 611835 663287 794479 699295 873887 255599 915574 453819 488157 1028922 1035612 511907 505797 1014690 982468 392873 786256 366974
20 138238 509305 802489 321015 924911 937183 247739 671357 522827 784837 909566 996277 1026965 909196 1025898 1013578 982850 646131 654654 523956
20 38910 203769 846969 355767 699119 863839 957239 259867 513739 760307 913837 1008254 1034179 1035452 1031564 948181 950186 916434 785772 523892
20 231294 317945 730873 339447 580335 955615 1017023 818302 523787 785685 992237 914330 977842 1007500 1031058 1006451 978765 915301 785898 524020
20 378854 444345 621041 966226 687022 350167 900653 249655 1011895 445691 498411 767708 994684 1038684 1024951 1011403 851429 851866 784235 522588
20 508886 771049 376433 687538 425421 638670 378807 772475 969947 914535 818044 964028 1011260 1023548 989147 994279 979687 915867 261973 262058
20 755686 885753 163313 917010 293870 694231 946615 494455 991991 888251 784941 521884 978044 1006940 1031260 1007275 978827 654821 654298 522091
20 124886 190329 874993 966306 94183 940894 751927 900637 509559 452027 502683 996604 1042668 761563 1020791 1013643 851413 851818 778156 522476
20 246654 653497 444377 216567 383439 737099 432061 851038 478845 1029477 932844 882106 896754 1040034 1026463 1012439 719675 911213 720852 523938
20 247734 378617 687953 899554 417511 364507 818750 506171 768685 771447 969335 931324 1010140 1038796 1029719 1009579 979883 655253 654586 524108
20 116222 218873 846649 715479 446063 382807 204731 769355 900325 948350 512499 963548 995298 1039244 1025599 880061 980451 884442 786228 523148
20 36862 495869 517899 244183 867051 843475 760251 957563 781901 912693 977829 555001 1009914 1007388 1031972 477167 979806 914894 784054 491504
20 101886 431741 517003 506967 671467 581587 892219 781109 912101 979382 1022075 620025 945786 1006492 1031076 477167 978381 915102 784206 491504
20 492030 522777 755689 364471 294379 694237 947637 888189 992509 785454 556028 915098 978546 1007442 1031762 1006255 977807 914279 260571 262116
20 230910 364409 783001 757671 520807 303067 425395 687469 994539 915518 1018347 817130 977652 1006548 1030868 1005119 976671 652765 655218 524172
20 51198 80885 220595 976497 516783 1010207 835467 253271 646855 909691 973261 996838 1027526 1022586 1017789 948185 949174 916668 786040 524136
20 397182 449721 734169 552935 504743 323419 880429 785438 992893 995709 969195 972011 1043094 644092 900330 1014962 979924 892823 253811 262092
20 582142 601977 456921 784439 1014287 649163 438183 972645 911075 990706 1022946 505438 1035932 510335 1028541 425453 950074 392924 262100 87995
20 55286 219897 845177 1009782 876303 975311 516783 245603 835253 253395 899989 997274 774035 1019372 1020543 948197 949978 916202 781692 523580
20 121086 206717 278451 772035 474727 490071 784443 909069 978574 992702 1024926 848373 911605 925558 1022441 1007049 710395 911226 720820 524232
20 812414 994245 911579 842997 390957 980761 752015 1030734 228979 507314 521017 775118 249848 985079 761213 1007292 196566 655330 566975 452847
20 575230 743741 254923 785447 810979 908379 386997 976725 490198 517589 834297 1013050 1027386 499660 723967 997101 457582 916366 770032 449723
20 844478 421349 388507 898677 908173 704203 999210 195895 490710 1044601 244206 251382 757752 935919 1026967 745149 974684 655330 615263 520825
20 375030 844637 392899 944114 703339 998809 195231 490605 1041978 712030 1006508 243445 249589 887295 1021902 752471 982437 647160 615855 517946
20 323134 909781 606043 933733 130727 458393 1012622 1038706 1044686 228477 768573 251581 724988 837503 502771 1011123 712662 909288 713195 505294
20 231166 125433 956217 456135 757607 896791 228251 491083 850046 990453 1020605 881650 946124 907754 1030602 1008959 716531 906973 720812 524084
20 722814 584185 464633 258487 730095 862943 937655 326270 785435 990453 1039173 849890 520076 907706 966090 1015178 964413 907101 786148 520051
20 460286 520761 724953 256743 1029895 327115 741293 875885 933109 784478 989685 587756 847794 973626 899818 1014330 968415 894815 783795 524244
20 199678 597945 517241 97751 779439 1019671 457613 686939 859883 965091 913726 988139 847818 972508 1029340 1013364 970047 912117 786276 524210
20 231294 63993 984825 334839 487887 700111 758463 817790 523291 1019117 1043237 849834 911834 974258 1031570 753507 972637 911221 753564 524004
20 567290 440445 1005690 682487 891567 1018207 943919 655129 780009 914897 1045441 520382 519830 450507 999372 475059 974772 392558 261750 83965
20 618750 724829 603131 993079 193391 848797 261271 916581 958014 1019198 1035210 1038274 453109 512253 507121 425968 945871 393050 786344 331695
20 727804 452508 932283 1007127 1011215 638917 655265 195431 851174 255227 910202 987645 1018349 444406 501722 489442 974457 391839 785694 335229
20 135166 441465 750489 703911 488295 315355 380851 642925 742141 1000949 961259 963819 1042718 1039390 898036 883946 979924 868127 786034 524172
20 135166 750809 441145 62455 488623 315357 642987 740731 957165 964973 1009907 1017829 1041182 1037854 898298 883564 982226 868247 786228 524226
20 755642 195305 884080 692211 856045 228639 850590 965211 1006653 1025243 1033021 422398 518630 514790 507238 1013451 980789 130987 655316 362461
20 101374 433529 779929 761255 517735 303067 359347 621421 997611 910581 979518 1020395 945642 1005524 1029844 1003071 715741 916766 720754 524172
20 100350 468845 497899 1022151 589729 323415 503087 776989 747251 751027 910195 979196 1043100 941938 966576 875773 956367 883662 785518 524184
20 86014 431101 32251 48887 178031 355231 694175 871279 1000183 1016315 784477 914605 978014 1039420 998821 999002 978849 915282 785314 524224
20 32250 425529 1016824 700119 943535 1004951 638861 772477 906485 1031246 293755 259787 388963 450139 474547 998348 973796 912062 784182 492540
20 203262 634489 481177 774887 344007 719307 768315 423741 425205 914590 912278 1025395 476157 839666 964524 1011306 958047 907757 786324 519786
20 395262 514617 933321 224503 124907 509787 681917 834909 833269 1036659 928253 1045646 1043334 646620 768634 883634 981562 876143 761767 524228
20 8190 190969 882233 372439 488047 750487 434075 716139 712419 859517 891853 960459 1001333 1034430 1028534 1011146 980540 915954 786012 524196
20 135166 423609 768345 686023 506279 380883 642989 413563 756477 841195 946923 1024501 1041950 1039390 898794 883572 981364 867743 786098 524108
20 36862 278009 774777 603895 512367 956639 1020095 802667 519827 781709 912267 976803 1007870 1007498 1031956 1003381 980828 916340 785906 524012
20 36862 212601 905657 340983 759023 1020127 147387 842109 847565 519499 781139 976835 1007870 1007434 1032068 1003445 980542 917106 785324 523700
20 138238 509369 802425 278007 937199 967903 540605 247675 260811 784837 909566 996189 1026893 909132 1025970 1013666 982914 908211 785470 523892
20 116222 715385 481177 218871 446127 584667 638379 350077 900325 948414 498141 964466 995276 1039202 1024703 1011059 980429 917022 786324 523106
20 639486 260761 968553 706519 605675 867797 837565 129659 1002621 457934 932732 489394 1027762 515762 502735 1012431 981427 917262 786276 497021
20 101374 433529 779929 761255 517959 802763 359347 621421 497915 910581 979518 1020395 945642 1005300 1029844 1003295 715741 916766 720754 523948
20 38910 212217 903993 343895 510319 773527 409499 718691 838397 849357 766699 1007998 1025739 1007306 1026996 1005493 982078 916722 785244 524196
20 36862 502457 775513 764871 513447 294867 556973 343675 710269 961003 905717 1024747 1009140 1006314 1029492 1003295 982174 916254 786098 524108
20 38910 501885 513683 764387 294759 634331 961339 775981 556793 941525 906165 1008506 1034133 1034618 999316 996591 982190 916174 786006 524264
20 230910 520793 888745 302967 163307 565213 258747 748917 994493 915566 1018301 817084 977530 1006546 1030866 1005167 976839 914899 786190 524196
20 100350 433849 780633 696263 518951 358355 620461 827243 649469 496891 996075 979358 945898 1006964 1030516 1002399 976757 917022 786098 523724
20 101374 433593 779865 696263 517799 359379 621485 473467 827115 648573 979742 1020395 945642 1005300 1029748 1003295 977653 916638 785842 524108
20 101374 433785 779673 696231 517479 303067 359347 621421 648445 997611 979262 1020651 945898 1005524 1029588 1002815 977877 917022 786034 524172
20 104318 501949 448211 764387 360231 633819 710573 977518 622201 841205 1006421 1009082 1034069 1034682 933844 996079 965947 916686 786070 524264
20 492798 626649 521001 171895 802283 425181 757435 1010803 915998 784718 1018107 555002 977724 1006516 1031076 1005391 976839 390893 783797 393170
20 230398 302969 781465 630695 519495 931787 488371 750445 496379 891371 981054 914974 815082 1006836 1031380 1003295 715741 910837 720754 523948
20 231934 302969 779929 630695 517735 408539 489907 751981 892139 980030 914206 1020395 815082 1005300 1029844 1003295 716253 912117 720754 524172
20 233150 316409 732537 16375 886255 1017055 816574 448123 883294 522635 764157 784141 977866 1007436 1031106 1007283 978741 917157 783346 523636
20 294686 826237 925547 944039 392899 1026510 761526 1042040 1046575 195807 490205 243575 773975 511929 1030041 752626 982512 655340 615871 512494
20 138750 123645 278459 585559 637775 481223 771899 523303 925309 909694 940525 963997 994741 907934 1025770 1010394 979698 908769 786340 524120
20 528382 651517 718139 766695 806887 301023 859067 372347 941685 495097 453557 1009617 1040750 1039502 1031446 489134 981706 917260 262128 227679
20 669180 379644 278011 577399 613999 415647 633759 504679 963821 1034490 948541 910942 1009077 1023429 1023546 1010634 981714 915361 262054 261977
20 200574 341917 129267 919539 476143 711133 715453 848254 988859 994651 1030923 783973 912806 908998 1030388 1015012 458519 905081 784282 458728
20 722430 930621 988027 994487 1000399 1031183 647061 651097 194263 850390 260585 915176 454502 450474 507856 491488 969981 390463 784958 330495
20 198654 855925 931731 260337 752399 384459 388779 456045 988855 994647 1016807 914042 977340 973532 1030392 1015016 708475 653213 589798 524054
20 146686 246777 802617 315351 679727 751383 519563 522827 902782 905662 932221 963805 994997 1023205 1016826 1010634 979938 654579 655308 524084
20 40958 143357 81403 127479 423535 510623 816927 772911 638159 969971 932695 1017767 910685 1004894 1028856 1006505 981420 913074 786032 524224
20 575230 782733 651707 761447 815077 892509 937913 456023 1013974 1035385 441081 997240 503214 515478 1024983 489135 981806 393162 262128 84863
20 580862 990429 882027 356023 962219 850717 777607 257627 1046116 522680 778719 512763 1035111 1034172 114669 688113 425934 901074 736062 439671
20 396286 660989 812667 928503 939375 960159 1005855 245547 253651 388525 652214 521161 781778 908972 900948 1015712 982976 891387 780925 521342
20 8190 254461 385787 455991 486991 565199 602039 645991 703723 875765 932729 989169 970665 1033566 1028766 1012142 977622 916762 785948 524256
20 174846 798461 677755 826295 728527 848783 748951 502395 1037436 456879 1014102 501467 1034044 511715 1029988 490409 982480 131029 655274 349566
20 86014 431101 32251 110327 161647 310175 739231 887663 938743 1016315 784477 914605 978230 1039420 998741 999082 978633 915282 785314 524224
20 174846 863161 710105 823031 726895 896603 775741 457487 1014934 502011 1036668 517035 1041876 514979 1031620 425709 950130 131029 655274 349566
20 722430 930621 984059 998455 1004367 1027215 647061 651109 194263 850390 260585 915176 454490 450474 507856 491488 969981 390463 784958 330495
20 528382 651645 751835 767783 806887 825307 351671 941685 372347 961977 494585 485333 1040622 1039118 1030358 1013546 458062 917132 262128 193215
20 30718 146429 56827 223991 364399 521247 626591 686927 827095 993755 913781 1016798 976295 1005227 1029293 1006964 978552 916138 786224 524224
20 633594 404413 939482 708327 866151 768795 908445 454223 1013302 502203 1036764 516843 1041780 498611 1023436 753385 851825 327598 229334 120189
20 562174 609661 575483 990439 785159 1033423 374191 964205 391767 981397 1009902 1013530 502745 516048 1027894 488437 458106 917176 262120 151231
20 169726 363389 626659 520595 425579 802647 757431 783693 915630 1018999 686837 878454 976313 1007032 1031576 1004495 977870 915161 785210 524260
20 101374 433785 779673 696231 517959 802763 359347 621421 648445 497915 979262 1020651 945898 1005044 1029588 1003295 977877 917022 786034 523692
20 101886 431741 565219 517011 490603 696023 867639 781101 912077 979374 1022071 620021 945782 1006552 1031064 1001391 978393 915130 784218 524260
20 169726 363389 626659 520595 425579 565207 994871 783661 915630 1018999 686837 878454 976313 1007064 1031576 1004463 977870 915161 785242 524260
20 169726 363389 626107 302071 755183 991711 422843 685437 878846 523339 785045 915214 978633 1007584 1032128 1007135 978742 915185 785258 523700
20 31230 700089 874329 129655 130703 965067 1006381 965939 1006821 1041502 1041302 193019 354813 188091 343901 995002 972636 896994 776164 493542
20 574974 610041 455481 708439 258671 389847 597947 900451 965837 489598 1034699 997322 502772 514996 1025599 947645 950002 917276 786340 511435
20 38910 80889 969849 179639 510191 772447 903863 343899 767659 914883 979853 1007870 1025931 1007498 1027700 939901 949234 916796 786132 524132
20 423162 346101 756722 982785 497127 748247 505015 751735 908830 912686 389979 783276 978393 974569 868267 999260 839670 571645 128859 261036
20 726518 859121 255609 454548 1008335 638791 743095 941403 965803 911486 195053 849834 1019363 511804 503516 491308 979575 390621 785306 334835
20 493822 565209 517929 79863 735723 489693 891579 957563 783902 914766 979854 1036531 552954 1005372 1031972 1003463 453501 912821 782053 458706
20 104382 400377 650361 694775 240367 863455 945470 498491 972491 521619 914277 1007870 1034123 1035892 1032004 751517 851637 850906 753634 523628
20 639870 784581 548603 837621 1003309 1021725 391823 982094 1041977 343421 932796 489174 503526 516034 764383 1012203 457587 916914 245752 181695
20 639870 1038533 776411 552949 767789 845785 359087 949358 1041977 376185 965560 489166 503510 466936 1018351 1005367 457559 916886 262114 181695
20 770526 1039409 583673 617461 195887 851486 1029005 1041229 212701 867820 457526 489274 503666 401404 1019071 1004791 973771 392659 786146 377583
20 722814 1011917 987643 995575 565229 626653 193727 850046 1035829 1043761 260977 915376 453854 515786 507842 425968 945967 390991 785294 330687
20 585982 735093 374203 907701 979247 1040671 786051 392781 990782 1015234 506822 1038280 552927 448247 965369 486653 954350 913266 257980 220027
20 575358 937181 675323 901879 1020143 635869 439487 997502 785957 916777 457543 1013638 503792 516064 1027855 489337 981944 392662 261850 84927
20 760926 762797 644595 507683 843717 1008590 1006773 1008502 386750 977338 391517 980569 1035357 511914 802804 737055 439791 899819 229368 187127
20 928446 957413 957923 1011505 1013449 241551 907158 375415 777326 387323 782716 500655 1033686 511673 1029976 98278 65528 818495 686815 415071
20 754430 565181 653203 993779 1020335 1019483 1044009 228127 883870 195815 850790 423914 454550 483276 507844 1005175 975357 391929 785784 361855
20 652476 453468 241019 125879 519439 729037 933798 882537 420606 1006058 1028341 508798 1042145 841183 899995 1014815 712381 892790 720850 521953
20 254334 308985 739833 338935 579311 189919 1016255 794494 1009901 916634 981682 1013644 1044114 515883 769845 1013363 981837 916837 769994 516052
20 359548 754684 997563 1006407 634343 636631 642875 964406 970458 972266 326641 488797 487085 515253 507721 747506 718975 916366 163725 230398
20 319998 500469 511283 819137 517479 518807 702363 703339 711901 998634 1006428 1005484 782280 905979 900413 750071 982582 630774 93759 262088
20 790398 340989 930779 873959 961255 904411 724799 1044542 228943 245079 777065 780145 518030 514966 1031592 1015472 196586 655316 585919 445693
20 138750 323193 750489 585639 488167 303067 499123 734077 761069 913598 973163 976235 985077 1034910 1027614 880490 979924 884181 786034 524172
20 294362 474929 771064 842997 744751 1023518 911245 977741 747223 1026534 358779 439995 519227 516035 767453 1014508 718710 654262 48875 246780
20 39934 208125 540595 509779 771887 605655 522411 965223 906813 972189 1008446 1028327 846821 1006822 1029976 1006553 978298 913114 786376 524212
20 574462 806841 260217 915607 981263 225223 767909 872299 956147 1033699 998370 488638 1027420 515196 502463 1012573 458476 393076 786330 301019
20 770302 806869 1020387 261681 552939 766429 889783 968055 802550 392538 457626 1013530 503660 515896 1027739 489197 981613 916653 786374 477687
20 395262 540629 969187 521777 81899 510429 678839 846199 921335 996699 1028891 651766 781914 908954 1030380 1014956 982584 907117 780205 524230
20 639486 708333 763611 322423 881517 940955 910879 777511 522425 932990 1030854 456618 1011632 499548 891387 486863 980437 901030 262008 218871
20 227580 886652 232443 342967 382415 764751 775479 425757 952062 961966 979922 1012397 1010905 1007273 1031377 1001334 850047 589797 655258 524130
20 231358 129273 952185 303063 634223 779607 850238 523787 986749 1006989 1016765 881626 1043146 1038578 1030882 423167 688051 915365 720844 491380
20 364022 246777 802281 685030 523779 626639 709551 992623 1017071 784506 899509 914997 978524 1007260 1030746 483187 454579 914394 785813 425964
20 770302 575485 739835 761399 875343 241359 385975 976231 818902 376186 965546 997180 1044248 516064 1028567 489195 457341 916653 786384 417183
20 231294 317945 730873 645815 888047 955615 501175 818302 523843 785677 992245 914330 977834 1007556 1031050 482171 716637 915301 720370 491196
20 832766 1000701 817979 875863 368303 962199 783755 259699 1047116 522676 782587 1045308 126941 712677 737230 475121 450522 913378 756543 421231
20 561150 687677 818779 759527 911719 764827 906653 1021801 1042673 441519 449231 452407 1009358 1006390 998742 462841 979448 393130 262100 94719
20 146414 771049 802289 261651 917004 940999 969639 996711 1025255 260219 915868 456317 487101 499613 1023610 1011546 980890 130027 654836 378358
20 492478 690169 391289 236791 494063 964703 588990 771931 1042067 1045891 752586 1012860 913004 1007460 901060 807935 425885 864187 785205 458722
20 593662 778653 745979 769575 1000423 794589 810933 387447 979190 1023097 1030761 390889 978792 515470 506326 491402 454303 915230 262128 137087
20 269310 812285 106363 452407 798191 845151 859575 1014355 237181 522637 778622 1020885 1035205 1033914 1029802 753452 720836 917384 686843 523506
20 593662 778653 730107 785927 1008103 860117 925621 387447 979190 1023085 1038953 390889 978792 514462 507290 491402 323263 849758 262128 137087
20 137214 277497 773241 671207 510695 940383 969023 505627 802539 521619 783245 909694 993195 909194 1027700 1011412 982676 644861 654322 523628
20 593662 778653 745979 785927 992231 860117 925621 387447 979190 1023097 1038953 390889 978792 514462 507278 491402 323263 849758 262128 137087
20 141310 416189 499275 452503 583659 752083 769589 944955 948411 1025245 1028701 1036774 1035622 641017 899514 884316 982628 335855 778126 393200
20 198654 921333 1013507 129521 437227 453083 630459 757371 521277 990423 1004487 848634 913228 1038652 1031468 883192 718797 878519 720694 523974
20 597754 388009 980432 781107 783565 860107 925621 390263 977518 994667 1004277 1024875 1033461 510878 505246 489886 327355 851804 262118 139133
20 8190 385277 159611 278007 648143 515599 845215 898395 671453 777525 924653 1005357 1019817 1032670 1026678 1012466 981682 917284 785642 524240
20 135166 423609 768345 686023 506279 380883 642989 415611 756477 839147 946923 1024885 1041566 1039390 898794 883572 981364 867743 786098 524108
20 198654 855797 948003 260561 375275 925399 757435 760443 521757 1000935 1008487 913658 977340 1039644 1031948 1014232 323547 587757 655158 458470
20 103422 146937 904761 310999 511087 773463 210875 965451 783075 913869 1009790 976062 1024971 942026 1027892 875453 972661 884210 786076 524196
20 231934 302969 779929 112375 1025583 367579 489899 751981 974051 914494 979742 1036771 815082 1005276 999364 986943 715517 912853 720754 524180
20 722814 1011917 987643 995799 565229 643029 193727 850046 1019453 1043761 260977 915376 453854 515786 507618 425968 945967 390991 785294 330687
20 618750 724829 988987 996151 258415 913821 261779 917089 958014 1019342 1035206 1042370 451069 514297 507121 425968 552703 327518 720812 331695
20 602622 741037 782819 360115 900937 488143 1029429 490031 1031253 1035450 1035098 1034138 385533 446973 442030 950100 532479 847846 196600 233303
20 742650 284661 830450 786177 859623 929495 1004727 1026167 392734 458030 480123 1024956 509787 1035180 505675 1014668 720345 655081 65526 239869
20 200574 451065 597753 95223 921327 927455 778431 848510 523787 859581 1022773 1038101 913292 1036778 1030602 1015234 720717 912755 720818 524020
20 145404 903420 548603 508407 801743 771791 930495 967295 523801 671221 785189 915222 995157 1023825 1019310 1011114 982314 391145 784858 392950
20 231294 299001 749817 105463 722927 930271 454847 817534 888507 1035547 1043219 915338 1042668 1039588 1031876 491339 720669 915061 720866 491444
20 755690 195257 884056 228711 850662 756699 890301 1026675 1037421 1042611 1044813 488126 453982 450206 474910 931827 937965 130987 655316 362485
20 756414 830201 742777 754679 886255 158687 816574 453243 1012860 522411 1046868 521891 1044292 450530 475108 999067 974621 130989 655314 365919
20 121596 943484 299003 878263 779375 478815 449335 900877 966342 383469 1024446 512997 1043393 1037722 998011 737237 720569 916850 688110 521626
20 400638 508793 671641 223095 937423 390859 509371 851061 780894 784686 932093 964501 1027749 647084 893946 883682 979818 859999 777459 524180
20 528382 530429 546299 568055 611695 699039 873759 961071 1004631 1026219 512343 1041065 517462 1039016 507220 491176 458576 393120 262080 11263
20 728764 451068 616427 929399 973707 255695 911150 260407 915670 990333 997997 1021849 1036177 509422 504310 489970 589797 327355 720730 335709
20 592894 747101 784547 794611 993131 1022365 1009435 1038637 827129 388443 979802 390061 978348 515670 507590 491428 453367 914678 262136 136703
20 86014 32253 48891 94071 178095 431071 871343 955255 1000187 1016317 784415 914511 978102 1039390 998731 999092 978761 915376 785376 524224
20 659454 715453 846555 718135 849231 729035 860085 994151 1004793 1026279 1036665 516839 1041784 514718 507166 491038 458720 130987 655316 268287
20 138238 294137 763705 548727 435695 959839 286651 522835 757373 776653 909694 1004491 1010379 1037494 900810 1009588 982916 900021 785650 524076
20 701686 310137 739289 871350 556271 851099 245527 1004861 514766 1042766 782581 390010 437747 958067 987068 474979 970700 915397 785322 485053
20 195258 327001 985080 946423 962927 728029 859582 745069 896630 781733 912326 128995 452859 450331 507531 491283 970724 914109 783710 460796
20 377598 445913 653881 514759 569319 866261 493499 509307 933618 637309 948722 718622 1011500 778036 1031311 748255 979693 916938 218603 261940
20 542718 629625 945337 401367 441231 781639 645035 423773 250619 905691 1009901 1029182 502746 1039540 1026021 1014642 982882 392636 786076 388711
20 758014 886713 228473 994711 1023119 128967 719781 1016699 847594 851426 359230 948060 257653 483180 507748 1004531 455871 915677 782234 429019
20 135166 424633 767321 687047 505255 380883 642989 413563 759037 847083 1016821 946923 1042718 1038878 899818 882548 980340 867743 786098 524108
20 135166 424633 767321 687047 505255 380883 642989 417403 763517 839147 1016821 946923 1042590 1038622 899818 882548 980340 867743 786098 524108
20 802618 733437 1032442 874983 960231 734047 510654 1035358 917033 458097 981905 391113 749355 761651 499660 487380 719342 653046 53213 210367
20 794108 1040956 844283 863479 1036399 1005087 327069 130893 458437 785826 490473 1030089 774129 511950 243702 752598 720570 917298 667007 498239
20 888446 1028725 240571 511413 923631 944607 851635 196476 753340 638423 908249 649197 1042386 777190 1031656 491215 982799 389566 775291 360307
20 315318 350169 977017 1011830 508399 978077 1012510 384819 499411 654787 768931 718757 749514 777836 801535 995253 964570 900476 246271 261740
20 230398 302969 781465 630695 519271 432091 488371 750445 891627 995819 981054 914718 815082 1007316 1031380 1002815 715741 911093 720754 524172
20 201726 470141 350171 351703 457359 765891 994607 711485 644845 782773 911726 976122 1033117 1035890 835484 950192 931695 899827 785502 524256
20 1040790 1040509 653723 392806 719271 458330 1015338 769813 777877 507368 515048 571388 610300 953087 988543 405439 939983 911347 255595 227799
20 659326 792569 256249 555959 691695 975071 1025207 913534 1007131 1015051 1022803 259869 913290 514796 506796 490740 458692 388981 784354 268283
20 135166 540597 709587 519281 781455 344011 512941 677751 802535 971239 993723 1025339 910310 908602 1028828 1014364 982136 904925 786280 524182
20 803838 851001 754681 892247 186223 715671 481181 1010533 250621 778741 1046618 1045674 519514 1040034 409587 737086 966604 131060 621771 372399
20 139006 254457 794489 322487 357839 700239 743223 522779 910462 957677 990069 964269 1003221 1034682 1028570 1010602 980434 655075 655260 524132
20 576766 986361 848697 873943 431983 961431 777371 781419 521788 1046836 252379 780003 517980 1039268 638925 163829 950218 376818 734014 355055
20 158206 399229 517779 663523 391527 670683 850235 781869 925307 1021358 1037198 651769 888698 1034485 1027285 884436 982676 878511 784214 524264
20 539134 919545 130617 675575 849487 760719 945563 997739 1030371 1037374 1040990 258541 388021 384469 507484 491316 458660 905194 784338 395259
20 597966 730997 252027 907445 1041966 1042974 196487 851785 949955 992755 996307 512493 511437 968690 440828 489724 958015 393078 786360 337851
20 602622 724669 593915 946807 988783 193247 848701 261415 916677 969854 1035158 1042310 516601 514537 442344 491488 966039 392890 786264 331615
20 135166 440953 751001 703399 488807 315355 380851 642925 739069 956907 1008117 963307 1042974 1039390 898548 883434 980436 868127 786034 524172
20 618750 724829 603131 988983 193391 848797 261271 916581 958014 1019198 1035210 1042370 451069 514293 507121 425968 945871 393050 786344 331695
20 129150 236985 818121 162743 257643 517723 912949 966414 1007246 943612 1018866 636383 1042831 842493 996221 998643 974195 907194 784356 524228
20 722686 1012109 988123 998983 643045 651217 958013 259383 915638 1019005 195321 849784 454094 515498 507314 425968 943039 390863 785230 330623
20 139006 254457 794489 290743 325519 748367 768807 521755 911486 924925 973469 989037 1019605 1032698 1025466 1013202 981474 655075 655260 524132
20 593662 778653 730107 777767 1008583 827341 802741 387447 979190 990333 1038953 390889 978792 514518 507290 490922 454303 915230 262128 137087
20 722814 1011917 988123 995799 565229 651217 193727 850046 1019453 1035573 260977 915376 453854 515306 507618 425968 945967 390991 785294 330687
20 593406 1008413 746427 990423 993167 589765 843689 760957 387703 979318 1022201 390633 978664 514870 506726 491488 454047 915102 261978 136959
20 397182 209913 838905 381927 687335 921055 984511 651646 504555 523531 977525 980533 781210 778130 900764 884620 979914 868211 773997 523508
20 727804 452508 932283 1007127 1035791 638917 655265 195431 851174 255227 910202 987645 993773 448486 501722 485362 974457 391839 785694 335229
20 531966 722877 855027 194163 730863 946783 850493 1023255 1039495 1040510 260507 914885 454121 515704 507752 491464 978838 391098 785380 330743
20 919548 653436 805883 834967 455023 1012311 512823 1027853 446173 1002981 1031049 653198 781434 777402 244598 228826 720610 391153 657405 343727
20 727534 735469 763571 417635 911300 253711 883099 1026647 384633 454076 979772 480235 1002859 1033942 376696 1009588 588279 835247 720856 505047
20 331646 225725 167923 880883 333807 733919 827069 717438 519703 953845 1035093 1042245 1040634 1038762 1031562 950212 949563 655270 655193 524008
20 639934 673781 227451 899189 641519 989407 933054 968563 1042067 1045891 981954 521340 519788 515916 245655 884633 457533 360422 770024 296955
20 659326 792569 256249 555959 667119 975071 1025207 913534 1007131 1039627 1022803 259869 913290 514300 506796 491236 458692 388981 784354 268283
20 343740 770556 806891 990327 1029227 643807 971582 651047 978630 327141 474013 489357 503417 515985 764902 750578 720059 916826 147293 246270
20 623614 952249 130169 736679 843463 259471 916117 1016699 1025707 1034707 457022 1013340 519292 515436 507508 292855 687085 884650 720850 461787
20 591870 923573 985587 130673 686799 900367 780957 1001303 1021607 194011 390059 1044604 454458 515704 507608 491368 847341 850902 785830 461303
20 670204 378620 278011 577399 620207 630559 453519 488279 964845 1033466 907838 963949 994741 1006037 1025754 1003370 980658 916417 262086 261945
20 706426 194805 882930 1017777 629711 945551 654103 506942 1033849 1037657 1041321 520438 518870 515302 933735 212955 835548 327595 753580 345981
20 135166 750809 441145 119799 488623 315357 642987 740731 957165 964973 1009907 960485 1041182 1039894 898298 883564 980186 868247 786228 524226
20 81150 673785 375609 645591 870255 409431 748731 785483 973374 980278 1008371 504301 502701 499429 1017818 1014668 851165 851938 786228 509914
20 292766 833773 911779 178035 481129 1018718 1023546 916743 255677 259449 259033 1044710 945883 712591 999317 733166 970740 655224 612599 522470
20 560126 910953 768409 779863 663533 810963 902843 1022325 1030325 453755 1012346 455605 1011124 515854 507498 486351 980430 393116 262114 71167
20 597630 647673 925593 680951 863919 256731 783147 453950 980174 990333 1022869 513717 1036101 1032698 506346 490978 851571 327660 786324 341855
20 633594 437177 1005016 708551 866215 900883 777869 485983 980030 502011 1036668 516843 1041780 498611 1023436 687979 818933 327630 229302 120189
20 699642 185213 873338 627703 921071 640927 932511 1027193 513598 520558 1042865 1045713 518990 1040065 507686 229291 851884 327635 753620 339197
20 69630 463613 518547 735075 319207 685915 859835 510807 781485 988411 588665 910805 976506 1039660 966068 1015188 961487 914350 785110 524136
20 624126 785449 1020881 552947 823277 781467 996253 1016701 358109 948700 391483 980538 520006 483178 507690 1006775 456167 916198 262100 166655
20 836478 937929 391409 925651 898861 913877 195247 490606 1033787 703835 998298 259790 241404 253684 1026535 752501 982452 655306 607679 509755
20 531454 919545 130169 667127 849007 708255 881951 1022763 998091 1038755 1040510 258989 388053 515420 507508 491188 458692 913322 784338 395259
20 919422 139257 909561 322295 800719 510415 934847 129406 728819 933211 1030931 260010 782226 908956 1030380 1014956 982436 909155 779901 522069
20 582142 597693 813035 732791 776811 385759 975677 392487 982213 990334 998286 1021850 1036178 509421 504309 489969 458426 917336 262116 139103
20 602622 724669 553979 986743 988783 193247 848701 261415 916677 969854 1035162 1042314 516597 514533 442340 491488 966043 392890 786264 331615
20 531454 919545 130169 683447 849103 749327 898711 957275 1006251 1022435 1040510 258989 388053 515196 507196 491220 458596 913322 784338 395259
20 109310 928505 644473 692183 858031 881559 716175 502395 1037436 506043 1038684 517835 1042228 514787 1031524 229325 327605 851914 753586 415102
20 560638 671545 910281 779111 933795 761051 903085 908405 453215 1012062 1022195 456115 1011378 514846 506828 486893 980716 393018 262100 71423
20 528382 536445 643323 685975 349679 891351 380599 1036413 933435 978251 486235 1025891 1040828 1040138 505564 1014500 457972 917384 262128 179119
20 539134 919545 130617 678647 849487 765327 940955 997739 1027299 1037406 1041206 258541 387805 384437 507484 491316 458660 905194 784338 395259
20 593662 778653 730107 777767 1008103 794589 802741 387447 979190 1023085 1038953 390889 978792 514518 507290 491402 454303 915230 262128 137087
20 593662 778653 731067 777799 1008551 802773 843689 387447 979190 990333 1022573 390889 978792 514486 506330 490954 454303 915230 262128 137087
20 139006 254457 794489 290743 374671 715599 776999 521755 911486 924925 998045 939885 1019605 1033658 1026538 1012210 980434 655075 655260 524132
20 593916 454908 799739 838903 865135 873887 961183 969839 753205 769365 777129 780233 517942 514902 507306 491210 720689 393154 192766 69629
20 531454 919545 130169 683255 832879 683679 898335 1006379 1022675 1038755 1040510 258989 388053 515196 507564 491348 458692 913322 784338 395259
20 101374 171513 910905 368343 517295 779607 696235 473947 752355 883149 979070 1020875 946122 1005492 1029940 1002623 846781 851442 786076 524132
20 230910 364473 782937 171767 520751 409051 687533 888683 1010915 915614 1018347 817130 977532 1006452 1030996 1005215 976791 652669 655282 524228
20 554746 476413 1018234 628471 682863 875615 961599 521995 1047188 785817 520939 1045364 913321 974801 475059 999372 450478 389078 261606 47997
20 870138 96757 702962 1040129 583655 845527 993975 997495 261662 1033593 1037113 520654 519566 252406 376635 950076 425931 901068 777961 427773
20 857850 649405 977210 842167 1008239 1036383 997297 130891 458444 490961 1031105 259982 511977 774102 244670 753070 720627 917364 661373 500863
20 665086 774773 260499 798705 637551 968411 1025595 458029 1014925 908410 945129 391068 519062 499165 1023910 490230 981846 914919 786408 477051
20 240118 512633 700369 874418 775055 359883 458279 638269 994493 973918 818156 960485 902906 1019365 1021562 752343 979387 912215 753514 524188
20 770302 837589 1001955 261681 571371 735709 989623 902007 802550 392602 981786 489324 503672 515896 1027727 1013403 457453 916589 786374 443895
20 542718 772221 838627 259475 736875 990807 903863 390989 980621 802293 488377 1028726 503736 515992 1025487 1014222 457978 916794 786404 445303
20 742652 895804 984051 130163 882895 767759 941469 941909 962278 1027494 195561 325594 257273 384826 507097 491306 979519 907237 781270 459767
20 870138 96757 702962 1040129 583655 992983 846519 997495 261662 1033593 1037113 520654 519566 252406 376667 950108 425899 901036 777961 427773
20 343740 770556 806891 990327 1029515 642767 970542 652087 979670 327141 473725 489069 503705 515985 764902 750578 720059 916826 147293 246270
20 146686 246777 802617 315351 679279 767767 511387 519755 905854 913838 932093 947421 995125 1023653 1018842 1008618 979938 654579 655308 524084
20 582142 597629 794555 681943 350127 891799 785547 975229 975549 990526 490078 1029734 511606 1035721 505305 1014241 458354 917448 262068 175087
20 658942 815013 931555 252401 252777 972959 767773 945455 126683 914774 994247 509371 1041020 907206 375738 490360 458584 892157 786086 407271
20 45046 706041 342777 1003766 210863 967135 903855 500351 720435 376277 785171 915269 1011484 499605 1023338 946147 949980 914874 785132 515434
20 31230 833209 741209 129655 196239 899531 1006381 965939 1010917 1037406 1041302 225789 322299 318907 212829 997050 970604 905172 767970 493542
20 532474 540409 516600 94071 186287 763103 895663 963191 515613 810459 744251 882507 970643 1034478 507676 1012212 978284 914868 785348 507619
20 209406 478781 106459 741095 505671 1014411 702365 653677 900309 969854 969566 903086 1024501 1036785 1027754 819156 424383 882299 786226 458728
20 651390 947125 228059 769237 782639 1038099 392845 933710 974514 482790 1022952 518092 575487 1034463 375671 884089 454269 864190 782306 439739
20 909502 1008249 302585 894199 969071 597727 925502 130861 458452 753122 244716 251892 258020 1038219 1031059 490909 720555 917330 713055 483963
20 114102 192213 323427 1004528 736491 867677 945726 775963 907949 972238 178935 386423 1017785 511095 1027022 491399 981433 915162 785260 480248
20 230398 626613 694227 522353 784527 356299 423853 601975 956135 1017319 818150 914618 978268 1006840 1031288 1006367 977595 914269 786280 524182
20 562942 764221 613339 895463 776007 961995 317373 818797 518270 1006805 979697 1008558 1033941 1035690 475092 996731 981790 917298 262120 245439
20 289788 1021052 445931 700919 996075 913503 501951 421725 720525 1015185 1039238 518085 780090 646137 901029 753006 982642 892894 216823 259898
20 837886 907021 879475 448467 715245 995029 424637 965753 783902 488814 1029034 1040629 518090 729076 498527 1007003 982822 131064 646895 372151
20 820222 331769 718169 954311 390503 916115 497055 1026667 513119 1042603 489822 1013418 781684 777908 769844 685053 425970 655308 69627 195245
20 821244 751740 920571 947319 956847 480607 1009199 900885 384693 912837 390121 783254 257466 777930 245610 884625 196578 620670 559101 436959
20 531454 919545 130169 667127 849007 683679 898335 1006379 1022667 1038755 1040510 258989 388053 515196 507572 491348 458692 913322 784338 395259
20 697326 781861 1043971 310769 876008 554971 947129 1020793 1022201 779495 391742 521502 388600 450159 999030 475023 974742 912327 261596 214007
20 174846 740089 832889 550903 942575 1018079 1020223 257595 915036 261515 916364 521891 1044292 450461 999322 475109 974818 391923 785780 349566
20 861946 645365 973170 520065 794599 1012311 1044535 130843 458396 486841 1026969 251806 772598 1034217 244718 753102 720619 917356 665469 504951
20 611322 417013 961778 1046273 540647 735703 903863 1034359 783929 914777 457502 455926 487227 1023804 499659 1011660 979945 392622 261838 107517
20 564206 554489 1018489 447607 1008750 686303 1034303 655139 917123 1031557 521114 1029093 454571 1007538 505338 483277 978900 392828 261980 76791
20 811902 927733 903419 917253 1040615 711127 481975 1023094 720427 490827 1031050 251884 258024 1038107 244605 753084 458460 131058 599775 304575
20 609150 705981 627707 937207 1032431 211423 867005 963710 261671 916805 981898 489321 503780 516064 1027867 1013654 457589 392634 786136 313055
20 575230 758205 675323 889831 785927 1032655 815021 439663 997614 916569 457429 1013588 503706 516048 1027701 489147 981818 392630 262120 84863
20 844158 927733 903419 917253 1040615 678871 433591 990838 196203 753066 506826 251884 258024 1038107 768829 490845 982684 131058 632031 352959
20 102142 430973 755131 145399 887279 1016287 293819 617853 946430 523339 785037 915153 978762 1007560 1032128 1007159 978613 915246 785266 523700
20 811902 894141 392963 1019123 975339 669659 940985 1023098 196213 752997 244654 513996 258020 775991 1030997 490910 982670 655352 641247 484091
20 568062 732089 841177 692151 858063 784971 916533 438047 1005214 502203 1036764 516843 1041780 514787 1031524 425709 950130 393130 262100 87423
20 706298 194933 883058 1023873 648167 944599 648887 1017721 506046 1037529 1039049 521518 519950 514422 933495 212955 835548 327595 753580 345853
20 593854 663285 254203 909685 992879 1008223 979518 261895 917129 925171 1022867 1038211 978882 512508 506348 490956 454077 392950 786296 270203
20 108286 927481 645497 690167 858607 699295 873887 501371 1038460 519339 520907 1045300 1043796 515747 1032004 229293 327637 851882 753618 416126
20 869358 511781 515843 621809 965864 844763 848825 996729 509671 1034599 260510 783902 781532 777464 114543 425846 688015 901014 689143 473849
20 575422 620789 345979 952181 727535 838495 997694 785939 509565 517549 521101 1044722 1043666 1040066 376743 950185 425942 901080 261996 178427
20 582142 597693 813035 732791 777099 386767 976685 391479 981205 990334 997998 1021850 1036178 509421 504309 489969 458426 917336 262116 139103
20 665596 907884 968379 764535 1029517 195279 752427 458037 1014993 780399 1044885 390122 388594 237561 892902 360126 851802 534525 646550 477023
20 639486 663289 388889 810855 257703 758747 972203 782707 913645 506942 457310 1013278 929770 515988 896477 485365 977845 900850 786252 481771
20 770998 97017 968177 376658 905679 687815 818366 740215 1019549 245163 965484 473066 388730 515690 1028343 1013533 457627 913317 785756 443893
20 242934 510329 636849 969682 773519 360263 425643 704093 907838 818668 735989 935930 894949 1021669 1018746 1012127 980279 912603 785258 524188
20 508350 314873 750201 714455 246767 481751 556734 364411 515251 769244 850890 899042 1011556 1039948 931199 995227 965557 914237 785827 523852
20 770998 80889 968177 392786 903631 671687 802238 742263 1018103 261291 981612 374650 487146 515690 1029789 1011485 457627 915365 785756 443893
20 775482 382441 977648 606163 671661 448407 912270 278398 351483 961788 496571 1008604 509371 1034972 1030503 1013351 982347 917045 262118 256605
20 609150 705981 548843 1032439 1040619 211423 867005 963710 261671 916805 981894 489317 503780 499696 1019679 1013658 457593 392634 786136 313055
20 644346 350137 961496 972183 911759 753475 769701 368223 945726 474598 480235 1025012 509675 1035124 1029435 1013981 327411 851820 262046 190845
20 806782 873973 431867 961269 1014831 1031199 774031 1045326 917187 458189 252791 780153 518070 1039288 737235 475116 720370 130812 570303 354811
20 820222 914709 497115 1026789 513479 1043145 430013 462717 194263 719337 489942 1013480 782102 778026 769842 684927 949438 131068 593151 391723
20 1036530 237397 225178 847780 226759 850633 1037107 1010749 245342 834926 244638 833454 1019763 1003452 991485 794475 161239 95703 588521 326377
20 135166 474425 717529 455591 752839 380875 642997 709501 495339 968173 994163 996723 1042590 1039390 897788 881644 851314 802719 786218 523988
20 552702 609789 693243 686775 638287 967631 902583 478063 1021174 981165 915795 489115 1027868 1039897 470763 997236 458194 392108 262112 46975
20 563198 732093 650859 962199 956907 252759 908597 964379 1005811 259247 914125 1007998 509937 1035918 507748 423677 950118 392122 785880 339423
20 232830 62457 986809 333815 699631 759455 327067 816766 522827 1012142 1018109 1041749 910314 973778 1031106 753011 974637 913205 753612 523956
20 848094 900465 422905 521157 716007 1011478 179615 712285 474734 1007020 764914 772082 910287 497023 1022653 752859 982826 126972 619311 384691
20 52990 89081 959865 318951 762855 494047 909631 220987 995582 785555 981645 513707 1011594 1038164 900811 945789 949234 901044 785772 522068
20 101886 431741 517003 244919 696043 867675 843571 781085 912101 979414 1022075 620025 945786 1006508 1031108 477151 978349 915102 784230 491504
20 116606 880889 184249 105463 480175 782495 900875 948542 446173 511325 1043269 964556 1026298 1039586 993207 737133 849531 851892 753618 523490
20 101886 431741 517003 179895 565227 998491 908595 781085 912085 979358 1022075 620025 945786 1006508 1031108 477151 978405 915118 784230 491504
20 760926 762797 644595 503603 843597 1008590 1006773 1012582 386750 977338 391517 980569 1035477 511914 802804 737055 439791 899819 229368 187127
20 493302 498041 714425 850230 437711 1037839 475027 749397 883418 751077 778997 913882 912234 581596 638892 949311 942051 362231 235899 130988
20 494070 497273 715193 849462 436175 1038479 475027 748405 749269 882138 914266 782821 913002 581596 638892 949311 942051 362999 235131 130988
20 411614 448749 508787 687283 878381 1046558 499591 704331 896725 910805 621529 767466 781546 647096 996927 998374 851828 317679 246647 131000
20 135166 440953 751001 703399 488807 319195 380851 642925 747229 953835 1000437 963307 1042494 1038622 898548 883434 980436 868127 786034 524172
20 135166 750809 441145 62455 488623 315357 642987 744571 962157 964973 1001971 1017829 1041054 1037086 898298 883564 982226 868247 786228 524226
20 297982 614005 650131 439793 374607 941771 466747 977709 502493 609783 1012346 771047 1041530 1037724 769702 1014173 720726 916968 177657 261798
20 724918 125433 923633 392786 862159 719303 848318 740215 1007863 1023133 1030685 259755 978540 384378 506346 491114 454555 909221 784220 399349
20 742650 350137 961496 996759 997775 655171 720549 417375 896574 327142 381931 975860 476923 1018748 499427 1011556 980283 915677 262046 239997
20 158974 431037 486227 694243 392359 701915 749357 965691 1036910 1038670 653561 882389 888762 1002741 995157 989114 851796 844783 785302 524264
20 534526 576505 998457 744631 895343 1002591 846771 259915 390867 980419 488365 1036414 520076 1021909 499690 1014738 458172 917164 786292 436863
20 135166 439929 752025 702375 489831 325339 380851 642925 741085 953835 955371 1008597 1041470 1038398 899572 882410 981460 868127 786034 524172
20 392238 343293 408827 610231 954318 619471 963510 724862 775928 782840 514463 1041567 517991 1038951 1031977 1015633 589739 851924 195671 257016
20 597884 975100 984051 64755 683823 755167 899247 1044590 1007157 1015061 260921 391001 389065 450266 442266 490730 958437 911286 785350 459767
20 554910 628213 350843 944757 588015 1018718 1034430 783699 1029795 490797 1045379 520828 389015 974745 474845 998898 450534 913384 261996 173563
20 727804 452508 940475 960999 1013287 597981 638889 191343 847086 259315 914290 1020397 1003125 509914 505750 487370 982641 391839 785694 335229
20 490526 212473 917033 675767 947147 757710 1029042 708474 717562 841212 514735 1041583 517975 1038679 835485 884708 441447 81403 654933 322556
20 811966 1042533 911595 794613 473065 744031 1023038 390941 980633 228793 506840 775790 249848 1034135 768935 1015238 196342 655218 566751 452975
20 135166 439929 752025 702375 489831 317403 380851 642925 740093 953835 963307 1008597 1041470 1039390 899572 882410 981460 868127 786034 524172
20 383214 844665 237273 896567 931790 911819 187319 482677 947954 703838 998300 251629 249813 1034042 1030627 752239 982189 655316 615867 517946
20 666878 922617 257817 745287 977319 851155 997035 965747 1038878 1037646 129773 255421 903146 511221 376636 360372 458572 863199 783346 398331
20 431098 1031433 618232 202743 61421 480221 714429 842365 506939 1003773 780638 914838 1018795 1035606 896756 949715 950062 898923 785315 523974
20 161270 308985 743801 891510 617391 636703 515215 454483 749237 896442 455651 1033180 1041519 972723 998869 999146 973692 916933 786122 523068
20 593918 570365 711867 976487 991111 255695 911147 244535 899795 468475 1002109 1037717 1042838 513002 1031276 948718 425969 392892 786264 318815
20 894332 449212 492531 588915 382671 964943 863677 483158 995045 515478 621529 686058 716474 777577 769690 1012287 976853 916390 230391 261481
20 445678 685497 379769 975767 996206 351703 499381 719979 883262 1030492 784611 382949 733170 776090 896431 1011405 851828 571099 117629 259994
20 194810 327449 985080 946551 963247 728029 744877 765557 876142 896438 912326 128995 452987 450203 507211 491155 970724 913661 784158 460796
20 379388 669436 276475 577015 613231 415647 633759 437871 907389 996598 979630 1040857 1009462 1023686 1023289 1011145 981841 917154 262053 261978
20 397182 532473 516345 161719 429039 844255 895671 651646 679611 990555 1014539 1021779 782218 1037548 1029548 1014004 982724 392989 781941 393186
20 139006 254457 794489 320503 355759 667487 710447 523291 909950 957805 989941 997045 1035973 1034682 1028570 1012682 982418 655075 655260 524132
20 146686 246777 802617 315351 679727 767319 520619 519755 905854 904606 932541 947869 994677 1023205 1018842 1008618 979938 654579 655308 524084
20 597494 126585 988145 454546 879279 734935 775975 933181 974029 1040510 195051 390555 1019365 511674 503642 491338 850551 849900 785308 463861
20 793854 984057 589593 880039 441191 495067 1021619 1006699 518718 1044822 653549 193981 716501 778012 769932 229236 976874 392178 721915 358095
20 728764 451068 616427 929399 973419 256223 911678 259879 915142 990621 998285 1021561 1036177 509422 504310 489970 589797 327355 720730 335709
20 174846 863161 710105 839399 735079 899675 777277 454415 1013398 502203 1036764 516843 1041780 498611 1023436 425709 950130 131029 655274 349566
20 790270 325465 756217 898359 695919 990877 715671 1010533 1044686 425203 391739 771829 517946 513994 507842 752990 982444 654324 96171 231933
20 561022 635325 740587 759031 832491 347615 937661 1011838 392755 982353 510829 517989 1041306 1039250 475108 999195 458158 917196 262128 176863
20 701686 310137 739289 871350 556271 900251 196375 1004861 514766 1042766 782581 390010 437747 958067 987100 474979 970668 915397 785322 485053
20 790398 858077 930795 371447 904427 977117 724799 1044542 753223 245071 777043 255865 1042310 514988 1031600 491192 196570 655332 585919 415223
20 564094 681693 647659 764151 925419 891357 451263 1008766 917029 458067 1014674 1021753 1036081 509902 505798 490349 982444 392922 262128 73151
20 531454 919545 130169 683447 849103 773903 898711 932699 1006251 1022435 1040510 258989 388053 515292 507196 491124 458596 913322 784338 395259
20 790270 325465 756217 898359 695151 990109 716439 1011301 1044542 425203 391883 771829 517946 513994 507842 752990 982444 654324 96171 231933
20 595710 61301 255891 989681 764751 818891 892219 1013293 1042526 259255 389863 979322 1003241 446390 442278 487254 956381 916380 785896 465401
20 700922 183933 872058 626615 923599 650127 949399 1028473 1028793 511294 514654 517742 1041873 1038817 507494 229291 851884 327635 753620 340477
20 633594 404413 939482 691959 857967 765723 906909 457295 1014838 502011 1036668 517035 1041876 514979 1031620 753385 851825 327598 229334 120189
20 722814 1011917 597499 995575 626669 958237 259231 915550 1035829 1043761 195445 849844 453870 515786 507842 425968 943071 391019 785322 330687
20 542718 772413 258763 580855 991019 904539 390829 980557 1011251 488917 801785 1029434 503516 516036 762863 1013998 457590 916374 770032 445883
20 597884 975100 984051 64755 683823 763103 891311 1044590 1007189 1015061 260921 391001 389065 450234 442266 490730 958437 911286 785350 459767
20 122078 583533 318387 746979 498405 928734 767547 482621 945838 964982 782795 512949 511701 1034090 900495 884311 982233 868344 785332 517994
20 633594 437177 1005016 663527 911239 704331 745133 485983 980030 502011 1036668 504555 1035628 510899 1029588 884531 851669 294894 262038 120189
20 139006 254457 794489 290743 325519 748367 769319 521755 911486 941245 957149 989037 1019605 1032698 1024954 1013202 981474 655075 655260 524132
20 343740 770556 940787 896371 997775 644815 976686 776759 1043546 457957 392041 472989 487093 499545 759782 747498 589243 850902 147293 246270
20 628158 756349 1018475 767639 751499 383943 977830 849273 851185 489598 1044889 521062 356281 942040 475120 986607 450111 912990 262116 173535
20 593790 778461 556011 755191 1025259 794589 387263 979070 1007149 1015077 1022777 391013 978852 514774 506822 490714 454491 915354 262128 137151
20 770302 642933 355291 947157 1017679 785795 1032863 522349 835134 818526 1030962 391078 978856 483244 735983 990707 453879 914681 245724 186235
20 832504 740604 753418 881111 380395 970451 1021115 1040507 392733 982309 252790 259894 1027917 1039245 733118 475121 196062 655078 570361 422639
20 461310 366045 501363 580531 429039 977565 505239 645499 744667 982076 1045318 750521 651210 1039972 769960 816894 949703 880501 239223 262056
20 158974 431037 486227 694243 392359 695771 749357 965691 1036910 1044814 653561 881909 888762 1003221 995157 989114 851796 844783 785302 524264
20 125430 504057 552937 931558 515843 713679 1008815 1040495 654901 974140 1006428 915221 1027866 891375 757749 490419 458195 907002 769754 425964
20 618750 724829 595963 996151 193391 848797 261271 916581 958014 1019198 1035206 1042370 451069 514297 507121 425968 945871 393050 786344 331695
20 178622 712249 866777 584439 619887 190427 878524 502637 505077 1035498 1037170 1045135 1043735 498173 1023610 425899 950228 393123 786372 351838
20 36862 439673 645817 95223 767375 514639 421803 618333 963803 904429 961491 1033957 1040702 1005018 998124 991031 981692 916850 786274 524180
20 248062 378685 193499 640999 522631 1035851 687789 768349 898718 849262 883562 1012977 946132 958420 466559 992191 970171 915701 786226 507880
20 593662 778653 746427 769607 1000423 810965 827321 387447 979190 990333 1030761 390889 978792 515470 506294 490954 454303 915230 262128 137087
20 975290 311017 745328 959475 1000941 581407 474782 519259 782909 638318 383734 390886 651110 1022923 1023413 819115 950228 877021 257243 258877
20 118742 182265 867057 982306 464871 930782 641975 750199 446075 1016311 522523 914765 1010876 1039532 769483 1011531 851669 849850 769852 522988
20 292794 744169 1027440 357363 439789 748831 1022622 512859 517309 915659 981301 783974 970459 905021 737195 999380 715758 646646 47069 261734
20 325854 367349 613691 945461 293359 986974 506547 521043 751292 1029602 785196 1033343 649175 972761 769437 1015491 712678 913384 174843 261932
20 651454 678773 234747 894197 586223 1000159 921534 504957 982610 1015138 506828 1046338 257943 909209 1030963 490909 458413 384998 782312 289659
20 727804 452508 932283 1003063 1035791 606157 655265 195431 851174 255227 910202 987645 1026533 448486 501722 489426 974457 391839 785694 335229
20 475646 648825 448953 715479 246767 382423 1009211 498493 515253 769242 916322 980876 1028004 1039946 830847 556990 931827 867293 753125 523850
20 361470 259257 953209 231415 701903 514831 864157 914523 986749 1034605 752090 1013604 1043634 1039570 1031842 946879 294891 589630 654309 458708
20 518458 818633 761584 457075 506477 514717 573342 876390 912587 783604 654278 886271 943870 972635 997291 733053 970677 389693 227771 131014
20 221694 124637 588595 500979 190959 964957 511163 517723 1014325 916870 1039050 972660 1044260 889791 729047 802558 948171 876025 770024 524068
20 508412 818748 446075 480983 779439 1042711 499597 767833 1030881 835022 588510 849766 880586 647090 998463 733173 979449 377341 220015 130994
20 296958 614005 649107 440817 375631 941771 466747 976685 501469 640503 740327 1012858 1042554 1038748 769702 1012637 720726 916968 178681 261798
20 877948 187356 847067 1034007 391951 999361 687527 966246 227963 506298 1040621 193526 257010 860149 761183 1007262 980793 647146 632509 517357
20 580734 770989 968603 163511 818893 261451 916785 1010462 1025766 1040798 440701 488697 519289 466936 629503 1005415 981986 376750 770004 377815
20 902588 228204 775403 1003399 835553 114135 704182 1019005 391739 981338 1032445 472058 256886 514930 1029903 817141 425391 884430 782233 444125
20 724918 125433 923633 392786 862159 719303 848318 732023 1007863 1023133 1038877 259755 978540 383482 507242 491114 454555 909221 784220 399349
20 139006 713149 597491 451443 681455 929119 343869 777751 910462 523465 859125 1021669 1035973 1033082 1029018 1014666 851908 850619 786280 523702
20 625660 455804 210427 956791 954159 374559 784527 753477 986813 912817 488374 1033177 517358 513766 1031874 883323 589797 818654 720698 510937
20 563710 763453 646859 370423 960363 502683 810909 391533 981233 1008766 1012318 1036773 1035717 509882 999364 735679 458414 917298 229368 188247
20 725998 726957 863187 711907 388964 513819 1042589 751951 358071 898359 457530 980188 708523 905172 441848 949880 795639 580843 126836 244431
20 611836 436988 790523 833367 817967 1010071 1021583 1035367 622141 441694 775117 517046 780121 514874 769457 491210 720353 392930 174846 87549
20 400638 508793 671641 225127 972231 388811 512443 851061 782942 781614 932541 997037 962005 647084 893946 881650 977770 859999 777459 524180
20 984060 130172 602043 742647 874959 779855 1036475 925533 966293 1027493 195502 391062 454106 515878 507002 491362 846463 849897 785361 459773
20 102142 429945 651705 193495 382319 908567 474779 784973 980030 1027275 1018739 1025763 1008124 1006540 1028540 675775 818933 851914 753522 524196
20 408254 455293 748667 736487 449383 387743 783646 900905 1040080 391603 784844 1001405 960475 890607 1019766 882674 847852 548191 129971 261580
20 453242 310201 744920 416503 671087 520795 781373 909070 900758 391595 784852 837599 993214 1021811 1019629 880611 980964 619645 129963 261588
20 165886 363005 605819 651143 464871 965207 498103 509787 511195 718013 750493 913774 1011316 1039916 1032072 945131 818654 849905 784882 523820
20 293372 1017468 102395 441047 513199 875863 895791 196381 622309 765390 775094 816109 945593 973769 998833 992990 968566 915098 784507 524130
20 810238 847221 434011 991125 1035535 916163 456359 1013353 1027614 506348 686559 636735 257773 778210 1029363 490358 981944 391132 771071 355771
20 913726 481117 1022803 1009571 122727 651161 450454 978792 802047 773374 228346 767988 519511 1039785 505595 1014517 720447 917198 717263 502701
20 916518 1022365 634795 438230 972746 622533 425912 727934 746238 747004 850557 505071 1035507 511853 1030001 1014815 719783 392154 195675 120759
20 593662 745917 817643 722935 785931 992207 827309 387439 979182 1023097 1038937 390869 978772 514486 507286 491472 454331 915258 262116 137087
20 799740 511100 841147 1024247 391279 194911 490043 1029901 720549 1015233 1039238 259954 815093 760825 499574 748990 978650 651242 612063 505741
20 553974 766201 806889 1019110 261891 832463 897455 1004655 327285 458037 514972 1042204 255987 777075 999317 475002 982234 917146 774124 485615
20 623614 794553 257145 663031 372399 502943 783245 889723 972491 913875 457022 1012798 946122 515700 1032004 485365 977653 916844 786354 482251
20 464762 710541 781194 249655 474985 523353 884145 851782 750303 1028511 973051 1041660 845811 908276 703982 949934 404349 118591 638705 327622
20 1026170 536565 808946 523137 892135 1009239 1041463 130846 720526 228782 556022 767899 1036188 249835 505836 1014233 457465 916329 774269 433527
20 1040478 865973 641275 969077 1008239 794590 772541 130918 458472 490930 1031074 251884 520098 1038227 244701 753101 720599 917337 669499 500863
20 799678 873837 855931 415223 961261 734047 1035326 458521 226991 768437 514510 1042132 255915 777137 507338 1015504 720742 131064 576735 371319
20 548350 619901 637563 770999 671631 902095 916519 970553 480955 1026492 948691 964309 486743 1023574 497131 1010412 455534 393112 262112 44799
20 790526 794493 800699 909559 746223 500959 1034427 1040509 982535 752919 506663 1038147 1044230 251836 768984 490984 196344 131056 564719 285663
20 658430 556669 638619 919543 960175 948571 1005995 1017693 1038569 257183 914078 258919 912742 515638 507746 491412 458692 388089 783864 267775
20 593790 651513 921529 161751 179151 908679 259867 981054 466557 994653 1002349 1017781 516602 1037018 1029354 1014002 851811 327644 786340 388775
20 418798 961141 701851 1004949 892590 518867 1043235 259389 783565 915571 784796 915058 651164 188391 475113 606198 843768 288239 739963 368478
20 397182 532473 516345 145399 412655 844255 877247 651646 695995 990555 1030923 1038099 782218 1037548 1030388 1015204 982724 392989 781941 393186
20 593790 651513 921529 684535 701167 858015 261403 979518 1003117 1019317 514917 1042245 517370 1038554 507338 491218 851811 327644 786340 338879
20 323134 909781 605915 933605 130855 458521 1012622 1038670 1044722 228477 768573 251581 724988 837503 502771 1011123 712662 909288 713195 505294
20 733690 521993 839416 770551 540653 764381 875197 1026173 259643 392534 981782 849652 1011539 499635 1023822 487342 455659 914859 786118 417021
20 597630 647673 925593 680951 864143 260811 261419 975678 976094 990397 1022805 505461 1035877 510458 1028586 490978 851571 327660 786324 350111
20 597630 647673 925593 159719 898951 257739 261419 975678 979166 990397 473725 1005165 1019733 509434 1026538 1012210 851571 327660 786324 383895
20 618750 724829 603131 989127 195943 851349 258719 914029 958014 1019342 1035066 1042226 451069 514293 507121 425968 945871 393050 786344 331695
20 574974 739965 258955 777319 815075 990811 904379 390997 980629 489910 834041 996986 503724 515988 762847 1013197 457454 916270 770032 445819
20 613626 349173 959474 786177 816615 834263 1002679 1018999 521758 522542 784857 784105 388923 974652 474971 999340 450507 913356 259062 175357
20 901982 908453 812539 995157 779117 785558 975773 982118 489053 1030489 489902 1029802 520098 663548 497143 1006323 450363 131064 647119 305919
20 584188 996924 961659 748247 259247 914711 970637 253785 909025 1007050 496630 975821 518066 1038399 637945 425461 948154 376542 769894 355183
20 721918 540157 739067 888631 760719 356047 947879 227703 1030299 1033341 850542 390586 978386 515554 507620 1015576 453565 914389 786280 431967
20 450942 502989 517339 518951 817125 818137 572855 867958 712313 1007032 760790 759786 651248 905471 1028925 752975 982670 380687 221887 131056
20 288734 833781 698171 1001269 944943 1022302 392611 917059 255613 779677 259021 1044722 1043682 188375 475097 737254 974824 655164 612603 498366
20 593790 651513 921529 684535 179919 874383 261403 979518 1003117 1019317 498549 1025877 517370 1038554 1028586 491218 851811 327644 786340 355247
20 528382 716925 96187 663287 848335 257807 965275 859997 388789 470509 1002413 1017833 1040606 512886 1029430 1014130 458660 917098 786384 449755
20 609534 586605 315347 750499 1019109 767323 908343 487197 456366 981390 510453 1033941 1041258 1037226 344015 933750 949497 901048 262100 244347
20 815358 823133 407539 908083 717167 1012125 196247 491109 1019454 499150 1027014 1034186 254717 775413 768249 753498 982952 131060 593839 388411
20 853502 818973 311147 984055 1004459 498909 1027245 1035385 652831 981278 129511 456422 257846 778054 769938 229348 718329 916216 658175 484315
20 599550 580221 829395 220083 171951 784475 912551 470877 997021 449950 1024981 512762 1035066 1033701 1030762 949878 949737 393144 786372 390503
20 597630 647673 401337 667607 354223 382871 785035 451454 976062 466173 990013 1029709 1035877 1034714 1028594 1014242 851571 851916 262068 261451
20 632310 645753 960465 482226 171951 253339 913031 470397 996541 981086 1024501 512762 1035066 1034181 1030762 687735 818667 327612 753612 390983
20 888668 749820 831995 988983 651887 979614 130455 458086 1019597 1035577 515017 1042369 255230 776438 245490 294901 687963 884650 692141 469823
20 612860 962108 568315 941623 736463 445391 653749 258933 914149 456110 1047066 1033343 1009625 1021910 499689 487398 982481 392890 786218 343391
20 878394 620789 964850 509905 469967 851271 252350 776798 517753 1041817 1045289 782582 781542 991031 630763 942060 163803 376796 698173 327335
20 818286 790525 382651 750199 1029006 220879 749355 499510 1027794 770558 391655 980451 519357 1039705 769645 1015700 194556 654328 572823 453467
20 722814 1011917 605435 987639 626669 958237 259231 915550 1035833 1043761 195445 849844 453870 515782 507842 425968 943071 391019 785322 330687
20 618750 724829 595963 996295 195943 851349 258719 914029 958014 1019342 1035062 1042226 451069 514297 507121 425968 945871 393050 786344 331695
20 200190 856829 292827 605159 509799 772955 983999 998479 192125 848254 522645 783785 913038 974732 966452 1015600 957691 912881 784086 522986
20 582142 747069 878315 129751 719691 1041799 842653 376173 965873 1006686 998310 505816 511960 757183 1020543 489977 458414 917298 778212 419703
20 639870 1001693 743923 845555 1032431 571357 342719 932990 785957 392553 981928 489414 503780 499688 1019679 1013561 457559 916886 261850 181695
20 647422 714525 747899 777415 1041191 867285 359853 900713 425590 966066 457674 989164 511976 837623 505183 1013403 973053 909086 262128 240319
20 640982 705529 867761 458338 735719 932766 261659 902967 1002167 968171 391885 488828 1027196 515196 503755 1013451 851413 850810 786348 496567
20 321466 703209 1006960 899795 908589 712087 998286 452459 485109 503243 510901 759422 780414 1037259 1029557 687803 950108 655334 92125 260222
20 231294 299001 749817 113591 722927 454879 939447 817534 888539 1027355 1035091 915338 1042668 1039020 1031396 491307 720669 915061 720866 491476
20 28542 123837 207859 840947 701679 377823 925117 1020286 486119 519463 981593 1013573 1043672 778007 900907 1013434 981926 901076 778216 523480
20 826620 222204 628667 703319 995567 386519 453051 1004663 257646 785678 908197 980809 1019549 510842 503778 819053 948150 883674 785649 499357
20 531454 919545 130169 816375 699759 683679 898335 1006379 1022675 1038755 1040510 258997 388045 515196 507564 491348 458692 913330 784330 395259
20 534526 649657 472937 1009895 581603 335327 925373 780411 390711 980309 504693 1036538 511860 1034127 1031066 1015698 458158 917196 261996 191195
20 582398 746969 327225 863671 284655 826333 775091 778619 990458 457845 490270 1029932 511860 1035919 505559 1014501 982474 917442 261948 240107
20 640382 742109 766451 839411 770799 830941 341695 932478 1047589 490714 392041 980904 487366 499684 1023771 1011005 456535 916374 262120 182719
20 647550 773341 750827 768807 847811 1045261 359831 949846 376441 966072 482262 497626 471020 840701 1025271 1010491 449903 908974 262128 189119
20 609150 705981 644083 945395 1032431 211423 867005 963710 261671 916805 981898 489321 503780 499688 1019679 1013654 457589 392634 786136 313055
20 108286 927481 645497 855031 693743 699295 873887 501371 1038460 519339 520915 1045292 1043796 515747 1032004 229301 327629 851890 753610 416126
20 568062 732089 841177 856023 694191 784979 916525 438047 1005214 502203 1036764 516843 1041780 514787 1031524 425717 950122 393138 262092 87423
20 576254 632253 679387 902631 785927 910283 940973 437615 996590 1046641 506270 456405 1011540 499634 1022589 487099 980794 393172 262120 86911
20 582398 637405 685995 777751 904811 944085 911795 441191 998630 449725 1006396 497626 503694 1036775 1025661 490203 982362 393132 262128 91519
20 539134 919545 130617 708215 816847 760719 945563 997747 1030371 1037374 1040990 258541 388021 384469 507484 491308 458660 905194 784338 395259
20 463742 724221 81851 934903 984559 993951 1037595 585534 325341 457133 653782 784038 520005 909220 966600 1015744 965751 907899 783225 519418
20 633594 404413 939482 694007 855919 765723 906909 457295 1014838 502011 1036668 517043 1041868 514979 1031620 753385 851825 327598 229334 120189
20 624126 694909 730107 303079 781479 494303 1020719 356157 882381 424430 915865 456378 978762 1007508 1032080 1006715 976373 916086 262120 259415
20 553726 636253 589371 749255 440167 973717 472987 1006441 1023218 421117 502622 1034156 909815 513631 1030829 1015094 982474 389112 262128 121263
20 550782 798457 774585 731639 901871 1011871 831387 1022078 261709 392531 981827 505802 520100 483179 1029941 1007572 457660 916908 786162 443647
20 455482 865257 1035504 671699 446381 382871 753038 855934 357115 897467 776444 1041628 780139 1039179 507253 1015349 851942 588893 125879 245454
20 278238 836601 998457 855543 947759 1036638 122795 651083 773866 458195 228317 505805 519797 1040021 767986 1014754 720364 917300 703039 516542
20 51198 219389 351195 241079 652079 718427 941735 511311 896669 849269 961513 996814 1010294 1023800 1020663 1009593 981406 916714 786372 524144
20 451262 483833 827001 963927 239343 510679 990526 257843 1014986 654517 637916 907236 913228 776091 1031075 818877 688114 352763 711023 393036
20 685786 767785 903672 971383 810733 892702 453533 1011029 503526 179579 736179 387060 779835 253891 1030365 490350 982438 653259 641532 480447
20 580830 847641 990441 357751 586731 996316 251325 776821 517754 1042866 522575 1046151 773373 1036090 114651 688083 425964 901092 732974 441015
20 549886 653625 943833 896615 457159 630731 405437 939893 260339 1008877 1022700 505210 1035698 510815 1029015 1015098 982826 393172 786140 382639
20 583038 758749 683987 898019 781511 917257 439711 997982 448111 1005998 457077 1013428 495594 904445 1027893 488827 981690 384982 262120 92863
20 624382 952701 695275 254903 910763 1024415 1039879 620349 948414 261325 916177 980806 1011652 483256 475096 986751 456441 392046 785778 302583
20 371166 433077 493299 621937 474287 939870 911149 506647 588523 972262 1012348 782747 683962 646617 769896 1010631 978141 908982 231159 261992
20 341974 644921 408561 773362 1004143 973598 994973 1027405 327335 357751 650187 976364 516919 499653 761658 753066 718555 915708 146421 249082
20 58878 355193 702137 846551 749199 505671 383915 712029 515299 997502 782773 1004506 1019876 1033791 896475 947693 950130 901044 785258 523932
20 583038 635885 769227 777991 946145 910291 439735 998006 448123 1006010 457053 1013404 495566 904439 1027897 488815 981678 384988 262128 92863
20 528382 619005 937883 931447 744111 243419 898859 257335 912583 957565 437229 1034133 1041018 513514 1030550 491488 981490 392892 786252 351071
20 568062 733109 710571 842709 867787 780167 917017 437055 1004734 452847 1012086 504539 1035612 495347 1021804 424685 949618 393126 262104 87423
20 770302 645949 761499 837607 751975 386011 976313 517741 818810 376238 965580 1013526 1027862 483312 993787 988911 457399 916693 262120 187743
20 319998 467961 588921 610039 883471 452047 765103 509803 520883 1007002 776940 783964 1044244 1022327 827325 949733 933850 901090 258995 261724
20 277246 322413 613747 455395 736677 685407 383791 1031705 781430 522443 784820 894935 1001213 954299 1021806 1011658 974804 915384 260811 261556
20 312318 509053 478187 650663 980675 511311 513591 850717 899757 948693 784506 751532 1028048 778136 667391 865787 965998 884342 234487 262040
20 287742 370549 517059 687345 843115 867995 718111 1014317 517719 518567 768378 1038008 781560 727023 957405 1007446 966566 655308 117687 261368
20 12286 333565 219515 423399 760743 463839 486959 833339 719037 896243 912075 780117 1032638 970697 1031500 1015696 974454 915836 784106 524176
20 69630 635385 482873 161527 777295 472975 585627 897899 896739 421357 478077 1034069 1040574 971754 966236 1014226 957879 917052 786340 522706
20 69630 400885 986931 652017 671343 881823 195483 390507 511687 780637 989623 1017687 976122 1037048 1029096 1014728 847789 851798 785830 523836
20 246654 588025 460793 617911 685775 379855 447415 802174 495341 513397 998300 914858 978642 1039514 768635 1014627 978733 915285 770020 523418
20 651390 685021 993011 850355 359087 900253 784135 929598 974538 482774 1022948 513976 642939 1032447 506715 1015145 458357 913350 257980 177647
20 102270 193017 855801 356855 401327 698079 648879 946814 523291 1019125 1018741 1038101 1042842 1036778 1030602 753507 851789 851890 753564 524004
20 549886 113909 228659 967665 187631 755551 895675 850523 1013293 1040873 522550 521430 519574 876487 933789 990970 966502 909116 786376 517097
20 115710 653433 444345 683255 702287 379855 605627 479085 497397 513461 932828 1012970 1027922 1039450 1026735 1012535 850915 851868 786340 523354
20 629244 452220 669659 827111 254951 387803 1028159 614205 753301 421310 949134 907177 1019341 509814 503730 1013883 981489 915286 786026 499149
20 778654 909933 976059 1040503 671213 311006 868154 196405 753361 392674 941044 505840 511984 625663 1021839 490159 981835 908701 777838 484703
20 721918 667133 614107 784775 423655 964435 985015 485727 1026283 1037429 850550 914830 912956 449978 507548 1015592 973773 386043 262128 106351
20 647422 780045 720179 517091 908517 326109 883385 375673 442030 998858 1039126 931828 937972 756719 1021055 484799 976603 917262 253944 228951
20 891006 768413 518827 48119 605675 351965 843577 225086 718554 454124 1012720 365311 888187 771998 1026020 949071 949431 911238 777829 521555
20 855422 808925 917251 986611 996075 507097 708027 979578 773711 1044886 252271 779629 517814 1039028 704454 229348 442173 131064 602815 289759
20 582590 802169 770809 597495 901999 943711 990782 261901 392347 1040629 489962 1029578 519626 974755 505781 1014677 450524 917220 786290 436863
20 639486 806653 710491 761143 908335 388315 452519 1010531 783053 949702 440958 997050 1027868 516064 893943 488829 981433 901068 261874 220063
20 663482 256745 914800 667635 808941 259359 912030 957275 990397 977115 1012029 1024971 1033653 511598 505462 490214 458086 130987 655316 270301
20 294462 826621 878427 990919 129959 457619 1027470 760698 1041140 489917 1046607 243451 773819 511861 1029941 753138 720860 917480 681839 513486
20 639486 806869 1020643 261425 552939 766685 889783 968311 392283 933110 457626 1013530 503660 515896 1027483 488941 981357 917164 786374 477943
20 943738 370665 776688 454563 752357 642655 906807 506654 1031310 386299 910187 782780 1042900 991131 958077 352238 573430 817565 194507 228725
20 812670 1017465 948633 959223 1001903 388699 914987 785180 1047700 130283 392035 260020 782276 319469 606197 475114 712690 891294 697727 479711
20 950782 768661 665595 935925 764591 511325 1037613 588575 326893 752798 490348 391090 913346 647062 376808 883187 982642 853631 253289 242399
20 793086 878425 237297 817651 637295 965021 122527 450157 1010235 519622 1045190 234493 756989 1034042 1025994 229108 720726 917412 681899 488763
20 823036 1012028 792571 911479 986927 1028639 130957 458565 229078 245237 777173 518105 780262 515050 1031626 1015529 720762 917426 714943 513087
20 801270 1005689 829417 1033830 229251 907471 1026607 130869 458389 257500 783260 488435 1011123 761813 499642 1009644 720634 917338 711023 504943
20 539638 838137 734953 1033446 392963 707535 931247 1005679 327283 261429 521052 914355 487381 1023829 499642 1011514 982684 915180 785882 501999
20 408382 220117 810219 961765 520995 849245 773550 1035854 260723 522643 915692 735183 880439 1023801 890870 1009656 720850 109531 587453 392428
20 823030 587577 1018353 227282 439759 908103 466621 994909 1044542 621803 195291 1033957 255866 776090 769834 949559 949228 392668 756213 388007
20 888188 750540 990427 1029895 319461 847825 620983 948854 128635 456122 1018685 1033461 254942 775146 244722 491321 720207 917134 691901 470255
20 794238 470457 971721 294807 749163 1027667 775861 521550 1046670 842877 342779 866107 839629 511418 766940 1012708 716274 647670 49071 252789
20 561134 808821 251787 780469 1013866 911707 802739 245581 382695 972231 498631 1025273 485334 1038584 1028926 749485 458172 917148 753522 453243
20 593902 840565 775051 257205 457834 388443 802739 737101 905959 1004999 486137 1025273 975830 515320 505662 1014078 716717 917148 720754 498631
20 927358 444393 735729 978483 1014413 110543 374695 252790 777446 386299 910187 782780 1042900 892541 1023898 360426 589812 809375 718427 490781
20 937206 229313 888057 1028916 968173 971613 384183 912471 783930 1046826 129495 390855 257898 778122 933875 868348 49102 815931 707325 451517
20 844286 374493 359275 908679 964323 949077 226231 767323 776429 490614 1030810 1038124 724990 509687 1026925 1011099 196558 655344 585279 449977
20 351610 679517 962202 850727 474567 914377 743347 1025908 391417 718062 1034967 521503 748411 1022908 761707 1011628 458225 655062 110013 194286
20 815742 838141 342003 974499 389607 219871 748343 499006 1027286 752749 1031052 772074 517821 1038165 768635 1015194 196596 655336 570783 454475
20 647870 752101 769635 845809 1042313 383695 974126 359227 949466 375997 965468 473062 479206 757663 1020411 1009277 457399 916822 253944 189791
20 572154 437437 1002810 817623 1022351 781895 653225 440155 1005276 783841 517094 1044543 912345 450283 999276 474867 974708 389046 261534 88957
20 818286 839357 910307 745075 1023882 224975 751405 503606 1029844 770558 932347 521403 1043801 515557 768623 1014678 195580 131064 572823 317279
20 848190 900945 517369 520437 179567 712093 474782 1007212 720435 1015234 756726 759794 814075 512863 1029037 748863 978638 126972 619215 384931
20 848094 419833 900465 521155 716007 1011478 179615 712283 474734 1007018 756726 759796 912333 512383 1028795 752861 982828 126970 619311 384693
20 820222 802045 888779 652631 456043 981651 497055 1022567 517725 1042853 489822 1013414 748794 745274 769848 1000445 720844 393200 167927 129711
20 799742 904413 480635 1025383 1006247 734173 128431 653939 456301 981425 522574 1046162 225269 761833 499670 1011658 720126 917308 708383 502459
20 804862 841981 891707 1002839 126319 652951 454043 980579 503389 1029541 746489 520542 1043110 253936 736507 474102 720700 917448 695247 480943
20 795646 830717 872251 1025367 128367 653975 456091 981603 489053 1014181 514398 1037990 258032 758779 499700 752890 720700 917448 675791 502447
20 799742 867577 970553 480631 1025359 1006223 390555 916067 456285 981413 260446 784038 225259 761811 499692 1011668 720122 655164 574463 502455
20 949798 970397 874411 497622 1027018 622533 245688 642430 913660 932991 252655 780019 517997 1039217 900519 490970 589308 310875 717599 355255
20 918526 848989 195475 1012835 823271 987097 898235 244597 776885 518581 915578 260020 781774 515790 1031950 884694 983016 97197 648827 382331
20 811518 1016313 949785 700135 482215 648155 910763 387451 913651 785468 1047116 521884 1044244 581613 344053 737258 450546 892446 220631 178031
20 909502 519777 848377 1012629 1038733 130759 458534 606013 933596 228842 768994 251890 724988 837615 502399 1010807 712379 909146 713055 505245
20 979126 1017825 65337 229204 948461 823255 987066 1028467 114414 646510 387950 128892 781213 515485 1031709 884647 982986 880859 779507 512755
20 935804 1030300 948347 952247 1038607 65485 229285 245610 253689 781801 521193 652278 388598 909030 900981 884666 982994 853983 783391 518687
20 952186 850037 1013938 260033 921575 1030423 65435 229212 243449 775641 517081 913654 650222 384494 900814 884587 982956 853949 781367 514615
20 931068 1035036 919547 981047 1037583 65485 360357 245605 122614 650726 652277 521194 519673 1040105 900986 753594 982994 899231 751711 517663
20 979066 823157 987058 260033 948455 1030423 65435 229212 114414 646606 388046 886774 779257 513529 1029849 884587 982956 880829 781367 514615
20 560638 742013 808931 256915 769131 990807 906423 388941 978573 489902 834037 501689 1009270 515992 1029070 1011161 457466 916282 786404 447863
20 160750 952245 849979 1013845 1031310 65479 229289 243571 775907 517603 1018866 914556 649725 383741 899949 884662 983000 853979 781854 515358
20 109310 928505 644473 707559 865767 714335 878143 506651 1039516 518379 1044852 521099 1043860 499443 1023852 229293 327637 851882 753618 415102
20 818270 859637 449851 978485 740207 1018782 751507 1029986 251638 779768 848847 1044543 519623 1040073 245597 491436 719858 130044 572591 339707
20 339452 972444 482731 620215 898763 752461 1030961 390431 522469 719994 912031 1042277 967678 643065 704430 950226 273917 842598 237015 196218
20 422142 177145 875865 488391 712039 978579 251295 517739 761438 1027498 904180 915252 780639 1039019 867581 737266 851916 46075 618157 393012
20 293502 933553 125433 127477 457103 634575 905005 767294 1037532 1014883 1022946 976503 1009563 252607 506717 749052 718828 917394 679763 499682
20 448110 948405 227003 505685 866798 614103 892729 749366 1027800 251373 254957 913906 903807 1035678 769703 1015625 589820 321423 702811 391666
20 671638 457841 865241 1033188 867559 1035482 390462 745277 784077 1046925 719347 980659 356311 892759 499690 1011562 848892 577451 129662 241597
20 294126 925141 630075 910901 1027854 129997 425891 457571 760566 1040888 1013855 243191 773607 511737 1029865 752572 720700 917458 681691 513822
20 815358 894749 392387 975731 669675 941017 195773 752757 1027642 1035578 244694 514020 257269 759263 1022701 491342 982918 655352 641839 484283
20 844030 695673 877553 196243 975695 892359 1025335 392749 990838 490908 244714 776106 257962 513757 1030813 687355 950244 655194 615413 510327
20 670204 904812 972987 764535 1029005 192207 749355 456501 1013457 386554 392162 783471 1043861 237561 892902 360126 851802 539133 645014 481631
20 937654 409457 642489 782804 457999 888775 1029034 775789 375934 1015011 383927 911159 518106 1039194 769693 622076 589804 815835 147315 256749
20 938994 875701 765114 503636 996239 720071 458537 783671 521945 1046873 391662 915054 872435 757756 892899 749548 851870 566269 89947 260791
20 550908 1022076 699355 999927 250607 906459 979007 618301 1011341 261525 916385 1030022 519794 974789 473081 999030 450490 392030 785770 306671
20 647870 815077 748011 766453 1029737 342751 933182 383791 974030 392371 981842 481254 495608 771711 1027975 1013657 457405 916828 253938 189791
20 969206 1036177 389625 521844 998063 719581 982317 654135 916679 785594 1047370 940019 356348 890876 237551 747503 325534 839291 736607 438259
20 802398 325429 327619 1006833 735083 1034138 736157 1035116 258806 389623 981055 1045709 225119 761687 499630 1011622 719864 654840 577199 503033
20 639742 784773 753179 1003125 1021549 903129 968633 392035 982242 343293 932732 489358 503702 515974 764399 1012211 326335 851294 245752 181631
20 490526 511341 810811 683863 948109 892870 765866 1030000 967422 588284 473343 652911 913077 777945 965407 1014754 441571 386523 251319 64508
20 422270 504477 456491 572343 867275 712141 1007025 761466 814717 896414 1035236 649208 516351 908063 1031525 753326 982738 382183 227159 126968
20 799486 841021 949843 389619 218991 759707 486301 1026921 511226 736501 777014 1042372 779839 1039053 507230 1015210 196600 655348 584143 442023
20 918526 994549 976219 586741 357743 883355 243103 768619 513629 1038761 522582 1046178 126968 646398 900924 753612 458738 888775 741175 453295
20 624382 952701 703403 246775 902635 1020319 519707 620349 948414 261325 916177 980806 1011620 1007556 475096 986751 456441 392046 785778 310711
20 584186 437565 996922 769223 910183 1041175 647065 778057 446195 1005044 498638 456139 1011404 1038399 900081 421371 947964 376750 261942 94973
20 921406 865117 490899 776035 278503 708569 652218 523380 556671 834939 449469 976821 387038 908246 769516 1015528 979150 904365 245399 256875
20 540414 597885 583419 645495 682927 347103 890287 976501 1038458 486583 1028807 488251 1027403 974485 502716 1013196 450410 917392 262112 177631
20 821182 1016313 294521 932983 889583 717919 1013822 1036051 1044099 392597 195501 489420 257660 253804 245732 751539 981970 654826 592863 492027
20 942462 458501 978707 989169 1040621 867289 744889 1023608 97903 376238 252878 128998 126954 908087 769367 1015446 589816 836831 697023 516349
20 560126 759997 779851 763623 941987 891355 911149 1022267 818929 453981 1012572 455603 1011122 515916 507732 486127 980206 392862 262128 71167
20 885502 802765 1016315 1020375 1035821 1043989 587663 359247 949454 130291 719730 489394 257994 253922 245744 751229 457405 916796 723391 427391
20 582142 597693 813035 732791 768619 385759 975677 392487 982213 990334 1006478 1021850 1036178 508413 505317 489969 458426 917336 262116 139103
20 108286 927481 645497 691191 857583 699295 873887 501371 1038460 519339 520915 1045292 1043796 515747 1032004 229293 327637 851882 753618 416126
20 560638 651961 462825 734839 783467 367839 957757 388903 978629 1014158 494077 509925 1041018 1037210 1031058 818675 425662 884572 262116 193371
20 921590 497389 380395 520678 720801 457823 1014831 775967 1043101 1031571 645879 911221 780026 1039224 638460 360382 851918 799739 240495 229329
20 457486 520973 261171 809939 744684 1027284 868280 905080 850635 913867 784628 968189 747359 1021799 237471 487335 718582 130103 568299 344056
20 443374 492525 511091 553971 883820 890271 486047 766827 718507 719307 1046836 1046100 651192 745432 933725 991143 965878 389063 248951 131000
20 457294 522765 261171 830419 732652 1005012 925625 892792 911096 850379 752116 243423 511719 773919 1029927 883599 720310 97399 578539 387064
20 378350 509293 510579 603635 932588 480159 1027103 819001 652971 981428 653771 980692 749496 761816 499623 1011527 718191 916086 183031 245720
20 443646 679353 385913 979847 511207 355799 503477 663419 883374 1030604 776435 735218 782218 908140 898367 1013341 851828 564955 123773 262026
20 591870 219837 538619 781607 907975 161743 833461 480119 1025261 481527 1026413 1046042 453366 974188 506554 1015128 970651 393130 786384 372061
20 443326 514169 681961 509847 499595 850631 1014950 667517 779933 572861 736220 898802 913010 647140 1028463 883515 982362 345567 252027 131044
20 631798 699769 381689 449718 847439 252367 604087 512877 736995 882133 949082 980282 479212 1019731 499388 1009855 979941 916906 786076 503635
20 728444 451548 552939 957655 1029899 622533 191919 847470 258679 913846 989437 1004781 1019705 508918 502758 488410 982833 392539 786074 335549
20 343740 770556 989819 1003111 1028999 642767 970542 653107 980690 278013 326633 489069 503701 515985 765418 751090 719039 915806 147293 246270
20 135166 439929 752025 489831 759719 325339 323499 642933 741085 953843 955379 1008589 1041470 1038446 899564 882418 981404 868127 786026 524180
20 138238 484477 302827 457479 746979 986839 992951 630645 785049 826861 910070 971693 977805 1037658 1031450 884620 976370 883067 786030 524272
20 836862 871353 195945 392471 859115 683735 964277 1033843 522782 997874 719085 227134 503644 253804 765359 1013197 981914 655332 627675 509683
20 593662 745917 532475 785927 992231 1008087 827317 387447 979190 1023069 1038925 390861 978764 514490 507306 491464 454331 915258 262128 137087
20 732892 324092 517691 423543 374447 513822 949131 899923 1039074 724477 780861 784321 846330 842975 965998 884150 692149 610157 61950 262081
20 446294 757561 422897 638194 832367 996254 851101 1014892 511543 513335 773067 779723 910076 907516 507845 622427 720810 348071 160757 113914
20 443326 514169 681961 411639 499595 850511 1014830 765725 779933 572861 736220 898802 913010 647140 1028463 883635 982482 345567 252027 131044
20 335830 663481 387569 718450 812015 977310 914973 466743 470711 734683 760779 513447 773835 1033084 1030268 1014892 458693 655274 125429 194170
20 934398 460793 719529 510647 1037643 518799 1045779 359215 883923 507054 1030994 653228 651220 647140 637437 753276 327674 820863 198651 195925
20 934398 919549 1034923 518823 1045827 326351 851251 228143 752851 507054 1030994 129004 651248 122872 637437 884348 720796 853919 689791 513367
20 682746 234749 890234 540599 925295 968287 1033783 261899 917132 944633 496126 1012633 503198 1039241 1027041 488934 458182 392947 786292 289661
20 663034 254453 910066 950033 976079 630727 1019063 1025143 261675 916780 924665 1005417 1011497 512926 506654 484342 457702 392667 786140 270077
20 443646 679353 385913 462823 979847 355791 503469 711803 883262 1030492 776427 735210 782226 908148 898487 1013461 851820 564955 123773 262034
20 754942 887785 261401 93943 685805 826331 992955 1017467 1047078 817658 260317 390958 978740 483164 507676 1007015 454095 914901 785378 431091
20 381310 444345 638185 499095 413675 587607 883509 1027614 512635 945650 703166 997084 650605 777956 1028979 751023 981453 913306 216027 261860
20 381422 444345 638073 499095 929518 587607 883509 511771 512747 945650 703166 997084 650605 777844 1029091 751023 981453 913306 216027 261748
20 484254 518261 518027 727029 818027 965978 908858 784141 671421 613853 760812 849778 585720 973239 899799 1015014 444111 370095 256119 65528
20 727294 247541 247667 867249 1003151 129871 720167 998939 851564 386494 975830 995833 1026537 843752 501622 489318 449215 908503 786328 409049
20 309114 504777 773368 1023527 815077 908829 714647 1010518 425683 373243 711037 1004988 503595 512979 765428 751215 981678 654798 80827 249084
20 597750 124793 989681 452530 682959 898447 752407 958013 1040510 195803 391851 1005269 1019621 509818 503642 489386 851303 850908 785836 465397
20 103934 306933 501587 744369 466639 589259 438071 907835 783469 1009886 504183 946938 773561 970598 1031080 882151 972701 884572 782038 523176
20 201726 339893 986851 783697 64491 416727 711357 863863 521275 989431 1042830 845558 779129 908698 966008 1015128 964495 907117 782246 523980
20 292702 439221 572651 875749 516963 1018334 650813 1023278 520883 521555 654029 783596 946063 712535 999257 733174 970744 916402 218043 261356
20 530430 634297 482153 777095 833507 357847 947893 765051 383551 973149 1028339 1041294 477053 1035506 506732 1011610 458158 917196 262004 175835
20 926206 417389 975547 880231 1030021 621263 884011 768821 1031377 253118 514906 251882 249842 901629 900718 1015700 589816 302999 714079 385533
20 983550 986749 490155 383671 908619 256719 781619 521005 1045713 457902 981842 587390 847772 712676 49148 557048 918015 862183 726943 507219
20 554366 890229 350907 944821 831983 1000159 783667 522812 785491 523436 785219 522124 126935 712665 212973 999378 450534 913384 756414 435579
20 804798 913525 905467 921589 717423 488543 1030206 1036045 1044105 720281 490409 1030088 257654 253810 243639 752598 458214 131064 593391 297951
20 802366 836573 905467 685687 440943 998493 1032638 1036102 1044162 195995 752553 505777 257597 253753 767950 490454 982500 131064 625143 345583
20 104430 351481 713593 253223 944870 448095 910007 868179 769677 959989 498603 1013146 511403 1035220 1030270 751469 851403 851772 753394 519124
20 371446 848313 487001 685974 453071 892867 495541 701307 972026 736493 1006444 517749 780202 776863 1031454 883187 982629 622556 118135 260010
20 901598 293621 392771 772017 971243 933786 391575 740219 1019129 752814 1030956 473062 454262 515686 766687 1013085 716749 655288 48503 247737
20 171502 628597 497547 518325 911978 780635 556979 425805 734951 882134 957383 976121 1017799 1002488 1026808 1006655 979774 392621 786076 393074
20 707510 783897 903657 390758 671715 310237 867772 937845 1022197 455867 1012442 1032693 501626 513658 1027727 490287 982350 655251 131052 216535
20 661498 581045 911482 500597 779375 451039 1008317 941923 442027 998857 777107 915334 1036163 510844 900342 490814 982620 374777 261100 89815
20 411638 510189 513859 784562 556969 699355 495527 748667 835189 849269 881621 766458 913180 647096 997023 998254 982222 379119 251719 131000
20 439030 682477 572779 744806 522113 686799 760495 516979 912542 521457 916252 652654 1019517 839607 995258 868309 974808 348923 259985 130414
20 418806 519953 556281 761076 701903 1006285 701373 742269 517843 518627 915742 914990 650492 843607 868263 999258 974762 361467 257827 130300
20 578542 988137 847089 253715 519948 881607 964007 883815 251515 776507 518620 1042076 771051 1035508 114621 687965 425914 900954 732406 441063
20 887998 325081 756601 906183 703911 999061 1045262 392251 719454 1014124 522419 763829 419834 417778 505802 740831 970477 655220 95979 232317
20 377598 477629 499227 509559 514447 815051 849833 621427 949490 638189 965484 735158 765908 778208 1024507 1013341 719519 916766 181631 262112
20 30718 146429 56827 339703 248687 521247 626591 802639 711383 993755 913645 1016798 976295 1005227 1029429 1006964 978552 916274 786088 524224
20 845276 760636 896123 916231 695783 990934 944053 425841 195291 489962 1040629 242622 773050 511949 1030089 752927 982574 131058 616173 382079
20 377790 845433 481769 508407 831211 621151 949310 499485 515725 638387 965586 735220 749540 777842 1028463 1009563 719789 916940 181727 261746
20 39934 204281 845433 354039 191919 701791 866095 514843 761075 915661 1007998 1037203 1018851 1033852 1027740 949173 950218 916914 786124 524132
20 867706 646989 974730 1010967 487145 1029841 130739 458356 1046543 253174 844543 480223 1018855 1033721 241630 751590 719739 916412 671165 505135
20 578942 987645 844539 882263 358831 965015 775951 518966 253171 1043660 785225 522160 773499 1035964 114653 688101 425946 901090 731838 439919
20 885756 687228 794107 960215 447855 1005911 1028159 913165 384693 1043849 195486 751526 257398 777930 245682 489433 981985 654970 623613 469743
20 639486 757437 710571 319191 880331 768839 391993 1033503 1044709 932990 948894 505466 454508 1007472 898525 481775 977395 901030 262104 223159
20 949278 990445 961971 491107 720773 372686 907178 760694 1041140 260600 850047 243391 773851 511805 1029977 622580 457706 883615 746863 447959
20 819078 637881 454377 757494 1021802 500702 1033660 618351 882419 409023 941021 784015 1044243 514983 1031621 1013886 719354 392828 194421 122331
20 528382 587005 769563 775079 798695 902107 818611 444283 1002233 495037 441047 997205 1043534 1039446 1028586 489134 981804 393100 262128 96639
20 793982 864229 437211 971733 457837 916627 728863 1041198 728783 1040846 751987 243063 773497 511670 1029816 490172 720866 131036 582335 350187
20 483710 451805 516923 519367 849703 1039125 753035 1031754 622197 900532 588762 776168 651248 858079 695679 941758 932845 379119 238271 131056
20 363262 468413 310771 1001427 492527 507415 842653 617823 947422 1038457 752046 653029 978788 777638 769992 1014389 716475 915258 168831 262088
20 853502 810845 984059 998455 482415 1027229 512919 1041253 652999 981446 653627 980538 257882 778152 245714 753632 194045 391932 658175 307119
20 853502 802653 984059 1010743 502895 1035421 504727 1037157 652999 981446 653627 980538 782274 253786 769960 229360 194045 391932 658175 286639
20 658430 556733 638555 919543 964719 940507 1022269 1009451 1033961 257423 914318 258679 912502 515734 507810 491348 458692 388089 783864 267775
20 8190 255357 387707 451511 490639 569295 630695 925561 702187 842221 735731 874229 1003473 1033534 1030686 1008494 982102 914842 785052 524256
20 692186 462773 487922 589425 930543 1013278 850333 498519 519367 761019 781099 772043 910076 906620 900460 622537 458662 331703 225782 65145
20 890588 162300 492539 473719 449199 518942 736655 712023 781542 914493 916417 685562 945883 1007466 966578 870325 829293 31230 652861 393153
20 919548 260220 408507 449239 584943 748887 1033787 835357 999077 1021389 910321 258494 519054 646582 769146 884442 982882 351087 759757 387057
20 497790 764885 830955 906725 522851 457885 728863 911150 622286 753106 818156 931703 1003385 970678 1030072 483519 709595 391795 195773 98254
20 270206 353725 568299 633319 480995 470239 957117 1040510 654863 974165 490291 702317 1036113 773550 1030034 752588 980410 917232 218867 261068
20 272382 350461 588203 648903 466787 424407 485051 649839 966197 1025497 1028953 1036726 1035574 706541 768238 753548 974554 917360 204659 262028
20 465278 468729 645561 347127 359631 1018767 425755 910910 712301 976362 979922 774525 781653 1038034 573404 753572 964799 900963 206587 262052
20 597500 451324 798651 840567 878031 957135 1036603 994871 654429 457902 752533 767909 773993 511894 505690 490346 720337 392930 189182 73213
20 294714 408057 771832 823255 940655 1012887 1018782 1025390 376523 646493 652205 455515 487219 515491 769589 749516 718820 915702 145915 247548
20 314750 338925 627675 643543 709869 421587 510143 750206 900623 998822 981809 517987 780188 1007522 965881 1006941 965582 917232 257891 259996
20 316894 413549 555955 509667 637413 994014 499003 913981 719959 1010862 514891 735094 650709 777140 964495 1013209 966392 913258 247531 261044
20 406014 671353 508409 710359 842543 1010455 505231 521549 391413 785466 785098 915250 831451 991203 1019836 876508 978916 616175 129525 261690
20 508412 818748 956139 190327 486251 1044511 495517 1023813 257753 802270 588750 882642 913062 646970 769339 751085 981489 377341 727799 392870
20 443262 499493 514275 681969 683977 513807 850589 1014876 779835 572795 736186 898774 896742 647128 1024509 883559 982438 345535 252135 131032
20 312830 350941 494827 508775 556963 962333 515215 654423 980537 1014074 702965 734966 749522 778160 898011 1009133 981710 900972 246639 262064
20 821244 751740 931067 936823 956847 480607 1009199 900885 384697 912841 390117 783258 257462 777926 245610 884625 196578 620670 559101 436959
20 582142 597693 798699 747127 777099 386767 976685 391479 981205 990334 997998 1021846 1036178 509421 504313 489969 458426 917336 262116 139103
20 839160 733948 734074 802039 874159 370527 961327 1039387 519781 782710 391609 980425 749214 237422 1023889 487393 194486 654278 577017 416479
20 582142 597693 798699 747127 776811 385759 975677 392487 982213 990334 998286 1021846 1036178 509421 504313 489969 458426 917336 262116 139103
20 929022 1019849 685049 718167 457389 1014421 898447 375415 1037902 514486 1042763 517811 648188 646397 769852 360410 851938 806719 233459 226671
20 419706 516345 892824 493431 961423 259787 259883 1046582 818781 572797 875373 915348 651236 711667 998883 735998 974062 385275 740767 393108
20 266238 815609 499257 374615 645743 973463 618395 946019 1012939 494845 502733 771829 1040702 1037770 768498 1015356 720732 917412 178095 260594
20 540410 737049 1032696 858999 1009871 841677 387773 978037 1037870 130411 719779 734939 765739 253651 501748 489444 457566 916886 770556 400831
20 574462 652697 970345 745015 605163 416733 961461 390003 390387 968957 1046798 996988 486842 1023442 497583 1009607 982426 917100 262116 241247
20 528382 651513 986937 220535 767567 883087 194459 850787 417517 962005 1018717 1001389 516602 1037042 506346 1013458 982078 393052 786340 372407
20 778654 909933 977019 1008823 671213 294622 835382 229177 769745 392674 990200 448500 511984 639999 506543 1014599 980875 908701 777838 501087
20 559102 727293 867131 756215 767631 379855 970155 251515 847469 390581 979921 1012078 1011350 1040148 507872 485369 457406 916698 786276 408927
20 418302 700253 1003347 964515 256487 520665 256695 520825 818239 1023182 916238 653142 913320 581115 867829 737018 974580 361215 743341 392974
20 983550 349885 945843 892755 1032815 489111 1030937 490791 1031369 588926 129966 718796 126954 712676 245430 753496 447995 911861 721407 437085
20 550782 633277 746731 778487 826347 339423 939709 1022078 392755 982353 490341 505778 1036240 511791 1029965 1014682 458158 917196 262128 185055
20 576766 986357 349563 848693 883759 965663 253831 782147 521932 1046984 252407 780019 518012 1039288 114653 688105 425942 901090 734014 436923
20 830198 879033 456281 227222 390703 888787 958373 736107 1006826 242941 512892 1040867 255964 776863 1031454 949877 688058 655308 576887 518627
20 927226 845525 391738 244149 194799 489821 937907 696155 990953 908742 1041347 250876 256956 1037375 900726 753310 982828 638457 616295 518083
20 109310 928505 644473 691191 857583 702111 872223 506427 1039452 518379 1044852 517067 1041844 515747 1032004 229293 327637 851882 753618 415102
20 560126 759641 453873 605171 162671 818077 257183 912493 1021499 1022267 1044934 451325 1009466 482556 507124 1003463 980938 393046 786340 366507
20 365054 586613 621971 495345 902959 436187 441259 474477 651511 978042 1010364 1013452 780743 679910 769814 1004411 974237 917224 233209 261910
20 286646 573273 478705 766706 862063 1004445 1027358 1038893 425079 652475 387927 456135 715691 761690 499621 753354 976636 915948 216565 242426
20 406014 480109 521603 548595 700137 707547 736059 851005 520807 773498 916124 653048 880079 1023445 892846 1011636 982854 369527 259463 130808
20 724730 749945 851848 989079 251371 780755 261683 888637 979134 900301 383709 911077 452446 973670 441718 294900 659195 618875 589708 469935
20 467710 516533 519747 598001 759723 750043 884269 703291 777402 834781 908124 849868 585720 973543 1031526 950166 411007 385463 257607 65528
20 754558 886265 162553 693239 940495 634575 993471 818302 1037851 261421 916386 489204 454556 515812 507796 1013547 978787 392029 785874 361979
20 754622 886265 195193 691191 636623 973135 851006 995099 1003179 228765 883666 423916 519796 515796 507748 1011839 980883 392109 785890 361979
20 562686 552765 679891 893939 779087 916619 1020829 1023085 452191 1010014 457127 1013414 1035493 511802 507702 488953 981752 393172 262120 72447
20 139006 254457 794489 307159 357295 743255 716079 522779 910462 990397 957293 964301 1003189 1034714 1028594 1011146 979890 655075 655260 524132
20 532478 552701 770555 621239 703823 902095 968119 478063 1021173 883883 965459 489115 1027865 1039898 502510 1013108 457644 392660 262112 46975
20 288762 388889 1022200 362487 833903 947421 701885 1005165 257627 519563 254955 1045270 1042676 712563 999331 737118 974734 655332 613055 522484
20 377342 816761 502201 834263 189423 484823 906811 256829 519349 720090 1014626 1030028 1044042 925630 759795 744413 974309 655284 605551 523850
20 596986 990425 976696 671095 1010447 587725 245163 908899 256637 911797 979182 988123 1019115 509820 1025972 489444 457683 392542 786070 286399
20 409514 371449 775544 894391 1033166 900367 1038998 454235 751165 489939 719277 456419 749413 368555 761812 879870 848766 548821 109307 251260
20 603644 445180 808827 830391 960399 875343 1006759 1027163 652861 457022 782805 520938 749413 761753 499558 487322 720353 392914 183038 79357
20 289534 494317 699635 480115 685421 481887 703551 913159 1046168 391595 784852 911079 1042296 843733 868281 999366 974762 628094 129963 261588
20 381182 444365 587123 478179 638629 883037 447919 499291 945774 1027482 703446 997304 650485 778036 1028463 751319 981689 913354 216043 261940
20 278382 612277 370635 437221 777442 940955 1031197 1033022 386735 487855 653655 980089 749171 499533 761778 1011164 718806 916216 175085 253170
20 343740 770556 790523 990615 1008751 648919 976694 645935 973518 327141 473725 505741 520073 515697 766962 752610 720059 916826 147293 246270
20 174846 678877 802235 838631 734695 894685 771899 440895 1006686 518379 1044852 455567 1011094 499381 1023818 487145 980848 131027 655276 349566
20 648438 252281 894929 940978 907663 687819 245543 847421 499294 933356 1024997 447482 1002362 1033957 1030331 486871 980311 393066 786332 358077
20 623614 952249 130169 663031 900239 194383 752429 1019675 1032939 1040867 456894 1012956 519292 515700 507748 358327 850901 819178 786322 461787
20 36862 373625 711865 225783 766863 515151 356267 683869 894683 896467 969701 972517 1042494 1004506 998636 991031 979834 916668 786274 524180
20 51198 155513 911545 351159 780399 510751 767891 898893 417515 497131 979907 1012030 995274 1039572 961855 1009397 965372 917362 786348 523476
20 576766 986361 848697 349687 956239 879503 777371 781419 521788 1046836 252379 780003 517980 1039268 114669 688085 425962 901074 734014 436983
20 848190 892141 911147 387015 949217 703831 474810 1007194 716349 486876 756718 759794 1042675 512893 1029021 752943 458446 655344 94943 187831
20 353270 571897 517745 712114 443375 849055 502679 620923 744155 519509 1047084 767946 781738 892647 989117 933502 950213 909148 255605 261546
20 574462 614201 976089 417735 779623 637907 961725 441197 252603 907691 1013854 473066 487338 1023220 1021727 1008629 982834 392668 786124 386679
20 174846 602077 579515 744679 834407 973405 998459 257807 915094 453047 1012174 500475 1033596 495571 1021868 424885 949706 392937 786288 349566
20 728444 451548 536571 941271 1009423 638917 194991 850542 255607 910774 990013 1021165 1035497 508918 504794 490466 982833 392539 786074 335549
20 8190 615417 441465 715959 244175 943951 473911 646939 881395 876003 973485 497373 495573 1032574 1025962 1014940 981970 916604 786276 518058
20 278266 375641 771576 825847 610159 937885 652447 980077 1034814 490803 750325 504635 503499 515779 763892 1014222 720726 917412 179115 247292
20 309114 504777 773368 897271 875885 847517 775455 1042990 491091 458147 711541 1009588 501595 498603 757748 685807 948702 655302 80827 249084
20 64766 334845 206843 189943 293743 122527 944927 759599 992990 989686 782765 914035 904883 970077 965753 1014953 958374 911308 785234 524224
20 383582 260337 872345 939877 371655 718282 504635 781622 993020 867677 949164 915095 978539 1023986 695471 227571 306135 587242 606045 425900
20 466406 732905 448369 650162 848844 1003279 505495 768347 972989 910462 490087 751019 454101 646874 835388 816092 667371 335335 186229 125882
20 250718 260501 391779 935921 695755 880332 990781 978234 718491 882029 932856 1029366 765783 909222 369583 227735 326247 564699 618220 409592
20 246718 257197 828891 813783 848717 253827 802716 986991 1021685 1006073 1030630 1013482 1044336 842846 244283 226615 188323 122787 540636 278492
20 233182 890341 186267 256917 196173 884162 1031219 872239 914094 195997 940791 1009401 976758 1039224 933820 209759 829931 65117 622050 359906
20 509862 641757 600027 637398 622158 458625 606110 961391 1029357 945399 1012597 979706 1043832 925692 499251 481707 578911 327585 196513 81886
20 232702 258269 349563 387431 710311 839453 474511 769619 884332 982448 990197 1026025 1009622 1039306 832318 682683 409039 638675 622444 458672
20 250110 378837 357747 719537 489103 784717 892327 958043 912998 978330 867286 964584 994557 1007420 238399 674795 292215 588473 606166 442344
20 248302 837617 260777 261445 802786 957143 892219 944951 879835 980150 914266 995837 1027708 1007516 239503 218735 195917 129709 540658 278514
20 231414 245141 259187 818160 930287 1004253 975677 859963 831195 904681 260999 915338 1010878 974174 1031788 225095 188071 128119 556024 293880
20 722926 772581 775779 802769 327592 509847 752271 420731 961723 357629 897853 979418 912988 843736 506614 1015094 710247 641511 65464 245071
20 858614 206829 220779 257702 850401 813791 946999 896315 1029331 261230 261006 906941 1036117 968698 966268 1015704 171919 128846 588273 326129
20 497902 522533 260803 794609 845800 961883 634557 906845 949818 622044 818168 735087 1003407 774006 1030038 483575 195271 391463 710075 294904
20 333694 306109 493043 555763 839375 473551 1004733 977022 507431 654619 1037141 717754 749417 777130 769752 1011606 980837 916964 230903 261848
20 402942 663477 687315 516977 979727 495563 519341 752743 898619 1038650 637415 775910 651158 906717 1030876 884600 851944 281343 254841 130966
20 665594 416693 514290 649073 969071 877279 1025213 474727 720411 621995 768969 513942 520070 645097 899902 1015132 851692 302551 252150 124793
20 671642 728313 910200 934903 994607 510430 1036974 188267 323261 849357 768915 259507 782019 909077 375788 360420 982134 597243 648060 472671
20 886770 899313 950040 163812 1022759 121819 650667 390763 740989 480701 1008589 717182 453310 974030 147436 866547 821235 818972 767639 503127
20 666494 415165 468963 710899 974603 621007 768685 521326 880183 1027413 521110 652153 1035514 905189 900538 1015512 851940 300767 259990 129913
20 459774 728793 324089 439927 382639 517917 965007 907607 1042661 752699 784954 784322 847582 974700 901044 818684 675763 601963 61949 262082
20 432090 494457 654520 1017271 841967 1009886 424883 685437 505547 523587 783245 914038 585685 745444 638708 876319 978734 337899 232315 130236
20 770938 773305 819144 742871 497131 1026771 930749 867454 456285 981349 391582 915110 323548 843748 769807 491315 707771 639867 49140 223983
20 804858 326069 506098 771953 907375 691679 988861 409447 716459 1013193 779241 520630 518870 515974 900891 752958 982620 638956 96983 247673
20 427966 497913 812921 469975 707439 972119 1013822 507659 845501 650653 914341 783066 1043682 876492 638836 745395 982730 366843 210415 130932
20 402430 663285 685907 387569 348015 495515 882847 1030251 517693 718135 777014 906490 782022 1037261 900956 1015720 851448 571303 125433 261830
20 220534 212693 261891 848880 931307 1033689 875195 1026682 980029 915662 260407 259783 814943 958366 892781 1011628 184039 110007 586744 324600
20 418302 501205 516723 556977 833199 973469 519559 695675 752843 916540 637914 776168 651192 874335 998253 990966 982854 379367 254583 131000
20 404462 446377 735185 387811 783716 977243 1011901 482895 704055 376207 777110 386987 780244 891773 1023226 884538 851676 546295 125675 259444
20 416222 669429 455563 522565 614115 765650 998459 708407 522893 652726 654066 1033721 878431 1021806 892829 1011628 851832 305647 260429 130802
20 404222 701369 478681 750535 454055 966227 1007149 387871 783518 899307 1038708 386805 780138 891835 1023452 884658 851916 546175 126709 259946
20 828406 294317 179435 482534 1041249 945247 1017533 368463 916115 1044945 260334 259502 257934 712503 999226 737237 974808 654972 607227 516977
20 591870 923573 985587 130673 686703 867487 781085 1021735 1033927 194011 390059 1044604 454330 515704 507736 491464 847341 850902 785830 461303
20 597750 124793 989681 452530 666607 877983 768791 941629 1040510 195803 391851 1021653 1035973 509818 505770 491338 851303 850908 785836 465397
20 405434 371193 775800 953079 988527 896543 1036702 457547 490707 720045 752437 386987 780244 384931 769988 883438 851318 546781 109051 251516
20 275454 363901 810955 494839 505067 506651 619935 947805 653927 981413 1034462 1034030 746485 775153 769988 1011514 720250 917176 167615 262084
20 465758 739253 423755 507461 646051 781714 458509 655154 948471 906463 1041134 1028601 846813 974316 833526 884472 691899 339311 196429 130994
20 315902 802421 357291 516581 712291 682719 961851 521005 521421 752822 1030994 783986 905111 987118 760765 1007065 982924 651256 112079 261746
20 869366 1034033 97529 441588 839023 990367 326557 473965 1041107 1044931 784446 259324 257772 253900 638807 950106 688039 901034 689147 509747
20 790270 901625 671545 939863 484783 1026455 908939 388723 1044542 720077 228061 767717 782156 253876 505818 1014754 458226 655164 639483 433007
20 791550 357725 916115 980323 348135 954329 488763 1030709 251515 776629 518522 1042100 779215 1039566 245598 753580 196566 655336 535807 441005
20 932986 375405 514954 453303 944105 634587 898867 773948 1038036 385534 752113 783535 1043783 892539 1023900 359406 589798 810397 193375 228849
20 178622 736825 842201 776871 900423 255947 911284 453485 455925 1010922 1012594 1028767 1035551 495603 1021932 424445 949882 130987 655316 351838
20 554238 1017081 817977 834903 437935 1003159 783755 259699 1047116 522676 782587 1045308 651213 188381 737253 475098 974818 389106 756542 351599
20 933646 352053 815995 964053 382446 907990 779196 1043576 259679 784743 522651 1046179 814911 958413 368630 749560 184306 634825 556223 441069
20 728022 864761 773745 325554 971375 1041502 751799 360267 900747 449949 519084 784325 846811 908778 442108 950076 667111 642677 63418 244087
20 729034 709113 912952 972375 517486 1042838 227227 752483 244979 883917 375645 898981 708555 380916 963326 949566 274421 578043 650812 449199
20 319194 358249 764408 630391 958125 997150 650127 977749 1010918 324859 482107 771549 517691 1037286 507843 752349 720238 916916 161715 240124
20 919548 653436 809915 863975 979303 488031 1029179 1036045 974485 486829 1027017 653198 780662 253562 244662 753106 196330 391153 657405 302559
20 919548 915516 989659 767159 513327 1041947 950149 704333 450261 978401 193529 914374 126430 646890 376690 98234 849982 788477 740215 469743
20 790014 984057 589369 866007 441007 973591 1011083 503131 1035491 1044542 653773 194037 781884 253660 769892 229300 980938 392178 721915 350063
20 315902 413549 555955 509667 638405 481999 499003 913981 719959 1010862 1026906 735094 649717 778132 963503 1013209 966392 913258 247531 262036
20 730990 752013 360019 702947 384740 1017817 441917 1038650 780971 388469 914037 455646 978142 712527 901014 950264 804791 571883 122612 259499
20 412606 435677 516339 663411 842095 1006173 1029182 519943 589467 753065 768970 645049 651128 1038278 900021 884182 982756 337647 254199 130936
20 418558 669653 712291 518577 468971 511581 718391 883483 1031322 613623 760694 907180 651206 1036763 899821 1015148 851896 304511 256441 131014
20 463838 520313 724921 964919 907823 1043486 522115 753477 704205 646613 781284 587708 846811 974314 900850 819066 411383 337391 258171 65468
20 473214 749225 367097 387767 521037 831183 964405 905006 1038036 714234 719842 914607 1043797 712315 769946 819196 416159 620371 104957 196578
20 288638 405241 905689 508663 979151 470987 742591 1022078 917029 519467 752483 1030050 781780 974643 767837 1014684 712684 655098 43967 261588
20 946366 708217 995825 196483 1036903 872151 1019702 360237 507596 122362 650218 129002 519069 1039757 638651 753498 851956 831839 733685 517239
20 575358 770493 901875 146931 739823 955615 802493 997502 261659 916805 457577 489432 503784 516040 1027863 1013543 981910 392634 786148 377591
20 667578 415701 512498 650865 877999 1026461 1039886 474423 455351 720203 621275 767721 511942 643001 898910 1014636 851196 302055 250358 126585
20 423542 842045 743771 1022358 513807 847811 749477 1027944 641790 517617 520945 651758 1043487 1040097 638839 884666 720860 341725 177851 129518
20 968502 817277 702651 997590 1038607 65479 360362 245612 513777 1041889 521185 651518 126462 646894 900979 753589 983000 886685 739163 518687
20 469750 685181 636091 775478 520751 781343 950147 900933 1040072 522705 588270 1042401 845790 843511 966522 884668 428989 347003 261073 65006
20 470262 681837 633707 775014 523649 728783 778927 523377 851486 589166 949171 898997 1036216 839639 964570 883676 432381 349435 261521 65390
20 397182 471901 518259 726963 633519 773277 458503 655160 949963 835035 973801 845813 1042378 908246 1031652 884468 716990 349551 196423 131000
20 212542 501581 237283 812915 883113 679645 968622 1038708 912090 716143 979567 783285 1043637 909083 835576 1015750 440727 106215 652762 327672
20 371134 451293 484595 572275 320495 867677 947774 511767 646841 712154 1006564 767913 782184 1022079 1021910 752539 982437 917190 222455 261992
20 476910 514169 862169 817367 899406 253827 911903 687917 769716 781797 1045413 717818 978362 843740 966379 1015666 427895 122787 652383 327644
20 289534 494317 699635 480115 685421 440927 744511 913159 1046168 391595 784852 911079 1042296 843701 868313 999334 974794 628094 129963 261588
20 979062 163533 565099 728998 1040865 1028893 323479 487258 888572 114158 646094 128974 781871 514803 1031379 884597 982968 880827 778737 513341
20 422766 509749 520643 671473 642794 716571 883357 1031260 521767 613755 760762 653048 995277 973293 895863 1011126 843734 308655 258503 130808
20 624574 588921 984057 802279 774887 357983 948798 1019677 1027725 1032693 391595 980426 519290 515434 507506 753555 456629 916436 229356 166879
20 455030 683469 573035 736934 512993 505629 839575 1003354 517363 892156 633838 653006 1043005 777519 1030611 884597 982968 356795 250865 130766
20 821182 1016313 294521 933095 906087 717919 1013822 1027851 1035923 392597 195501 489420 257660 253676 245620 751539 981970 654826 592863 492027
20 947382 326429 228139 506694 839651 741333 1019832 1037681 121598 649598 1044721 127870 519567 1039887 638903 884698 720876 865517 701659 517873
20 401246 485205 612267 760741 457827 654492 458515 655148 995023 1036751 817655 964089 839421 1035762 898806 1014520 713646 371547 196435 130988
20 939382 326205 227931 506518 514831 847811 749477 1027944 1033969 125438 1044961 127742 1043487 646894 638839 884666 720860 857565 693691 521697
20 553854 889717 351419 945333 832975 1002191 783155 523324 783955 784739 522652 521900 126935 712665 212973 999378 450534 913384 756926 435067
20 464378 423605 715386 641525 517231 620767 768317 876331 1023689 982406 521107 652268 995299 974454 896702 1011548 843257 309079 259987 130028
20 683738 703337 382456 839287 1003181 1022750 325519 489301 505574 667131 386013 782907 1042918 778179 900317 884078 982452 605107 120316 260667
20 464378 710973 780858 509751 751727 521247 884625 1032001 843467 912844 390121 717782 978419 1040116 835454 950190 403197 637119 129001 195542
20 487550 728537 324537 439543 382319 517725 752699 966414 908950 1043876 756730 784322 846303 973549 899957 819132 675699 601835 62397 262082
20 420598 510897 619769 767348 520751 781343 933773 876359 1023690 457171 653804 976867 911324 974461 900791 1015610 579006 306043 195539 130540
20 972146 64125 359098 244438 514831 815047 700331 995180 1033969 125438 1044961 127742 1043487 646894 900919 753499 982940 890329 742837 521697
20 488390 736473 324537 957878 896686 1036060 753539 309087 448237 386549 756730 783482 977359 907991 1031013 819132 683635 613739 62397 261242
20 471518 520313 724921 957239 896303 1035806 522115 753477 573149 712172 650228 587708 977867 908755 1031906 819066 419063 348911 258171 65468
20 979126 675565 65323 229190 1028577 823255 987066 1036915 376444 122350 650094 128878 519069 1039645 769679 884661 983000 880859 766449 517363
20 408030 954165 190715 487669 894319 1033822 260285 260941 900755 1039778 916274 718791 1011657 646621 769772 618486 849912 285423 726843 393010
20 935798 849981 751707 1030294 1038607 327619 229285 507752 513777 1041889 521185 651518 126462 646894 638839 884666 720860 853981 690107 518687
20 460734 498093 701659 644439 779853 491395 589724 933735 876267 1011185 816125 1045474 847342 974580 900984 751710 445243 371383 229283 65500
20 575230 806889 782745 913831 769637 892507 937907 456015 1013966 1035379 441075 997234 503228 515484 1024975 489149 981820 393172 262122 84863
20 288638 385501 451315 605619 371183 933533 511767 1030206 646747 974181 752489 759800 782248 1004735 1029959 1006550 720346 917220 189175 262056
20 968562 587901 882874 768214 1038607 294855 180139 474988 513777 1041889 521185 651518 126462 646894 900919 753499 982940 886745 739253 518687
20 659446 815993 765841 913650 832943 447963 1006251 1019005 196151 752967 256949 780229 910202 909086 507754 490940 982732 118757 651514 342751
20 462326 490897 839289 914036 874159 759517 1026861 261427 523459 851068 711607 976839 780218 1039306 835486 688108 406011 114147 617311 327292
20 343740 770556 804859 990327 994703 644815 972590 650039 977622 327141 473725 505753 519785 515985 766950 752610 720059 916826 147293 246270
20 387262 832877 907139 190963 486121 503003 933690 249661 712398 1007060 1020902 254969 1042246 1038459 768925 753071 982709 655352 603767 522054
20 794094 902517 604795 932533 1040942 1010719 130951 458569 515779 260572 1038819 227309 765901 776956 503794 1013714 720758 917432 705979 504895
20 31486 629485 959219 613747 943469 699999 874047 523015 1047704 522471 1046904 260011 389067 450485 475097 999334 974794 913332 784340 492926
20 528382 799709 316667 873831 961191 1035293 130959 196439 753355 769491 252909 780273 518094 1039314 507372 491252 982888 917424 782398 469819
20 911454 325293 890819 714995 1010025 425882 764829 696174 990964 505318 1037222 778745 518054 514683 1031227 753359 982869 655352 96055 249309
20 815550 906349 913531 399351 928749 740703 1019454 458521 229049 507352 252906 780272 518031 1039253 769447 1015494 720742 131064 570079 387191
20 597246 550845 709483 778615 863723 480607 1022269 917011 975486 982406 490163 1029841 511717 1036186 505774 1014732 457977 393068 262128 43999
20 877430 987089 130169 457908 490767 848845 630695 958314 1008371 1025507 244446 775390 257276 513853 1030461 753388 720727 917402 680891 510947
20 575230 739709 859099 770551 968143 785931 290719 833373 997598 392421 457457 489318 1028004 516064 503419 1013433 981806 916794 262100 233919
20 639486 257565 677803 760263 388707 817109 899513 971629 1022189 457910 1014326 505690 929772 515698 1025719 486363 978267 917390 786416 480749
20 101886 430845 467835 169975 887727 992159 523279 581435 618173 946622 784841 914897 978634 1007460 1032128 1006811 978293 915054 785014 524208
20 546558 568189 647643 778727 916999 925643 447407 1004909 1026286 457843 1014449 1029938 511729 1036062 505565 490334 982428 393192 262128 77247
20 100350 565173 732627 520817 782991 319435 486829 695671 863975 913723 1018343 947686 977594 1006428 1030776 1005243 976733 916700 786280 524182
20 911422 825069 391043 714995 1010025 1026651 925626 196430 491220 505318 1037254 778745 518086 252861 769437 753327 982837 655352 595831 511099
20 36862 540533 760275 517809 779855 294859 605111 514413 957671 910459 975675 1020391 1010150 1005178 1029816 1003421 981724 916892 786344 524118
20 792318 848301 913819 430007 987085 458315 1015345 775455 1042590 507001 252665 518008 780007 1039206 769510 229294 720852 131064 535423 356823
20 792318 848333 913875 982563 987109 1015321 766871 513367 1042646 769145 514745 1042232 255727 777070 507310 229326 196596 131064 544191 273279
20 574974 758621 785443 889843 937931 916621 1033115 814969 440027 997850 457141 1013428 503598 516004 1027317 488815 981614 393046 262136 84735
20 799614 846061 913651 982787 989157 747991 502455 1035382 753209 507225 1039256 255978 1042205 252783 769454 491214 196596 131064 562911 284095
20 808382 832237 913531 445687 1002861 759391 1026622 458507 1015441 769506 252857 518104 780199 1039302 507293 229102 720756 131064 551391 340855
20 811902 894141 888059 975335 392967 669647 940973 1023086 196217 753009 244662 514004 258032 775995 1031001 490910 982678 655336 641247 484079
20 317942 583609 482257 779890 617199 896219 1038397 343863 458375 751006 1029034 512501 511941 772026 703327 949611 933628 917324 237029 255610
20 909750 993249 130617 458324 842221 597975 925626 1008499 1034483 228590 768622 251772 257660 1037967 506781 1015069 720807 917450 713179 501235
20 644572 486260 548731 827317 339439 929502 750775 1029241 391711 981294 774397 516926 772045 510962 769863 1015689 458195 917218 240570 186093
20 449756 648124 1035323 812535 698095 993118 409529 588635 883434 768498 514173 513989 520129 644090 900495 753303 982822 368245 220525 123838
20 623614 952249 130169 670967 892303 194383 752429 1019675 1032947 1040867 456894 1012956 519292 515692 507748 358327 850901 819178 786322 461787
20 440566 518609 573241 745268 683375 947805 522419 523075 650910 914860 654140 759263 1019629 837623 993274 868295 974794 350459 258787 130876
20 859386 984057 720664 929143 883471 1023179 503211 1037923 518750 1044886 719085 128381 650933 253788 769940 229348 326643 845806 721915 415423
20 706426 194805 882930 1017777 629231 936863 654615 506430 1033849 1041833 1045321 520438 519382 515782 933735 212955 835548 327595 753580 345981
20 167422 127725 626611 455523 986597 341855 489659 777303 962109 914734 1018805 1033685 1041130 1037162 1030858 688015 818934 851417 753528 524180
20 230398 626645 956131 522545 94187 423645 669623 888439 784475 1017079 817910 914842 978284 1006968 1031480 1006479 977819 914285 786092 524230
20 174846 801725 679387 838631 734695 894683 771901 440895 1006686 518379 1044852 455567 1011094 499379 1023820 487145 980848 131029 655274 349566
20 793982 864213 437227 971749 916579 457885 728863 1041198 728783 1040846 751987 243063 773497 511670 1029816 490172 720850 131052 582335 350171
20 593662 586109 685979 712135 354279 895955 384187 986749 979518 994741 482013 1021673 978254 1037110 505182 1014122 454385 917388 262128 179119
20 528382 651997 718171 752039 315367 987097 317367 351099 421117 892147 961397 993209 1041102 1039630 504286 1013334 981674 916780 262128 245295
20 669166 771561 867057 718627 392132 745039 351671 896343 455899 1046588 717291 914164 421757 958365 499578 1011610 838390 587563 130004 241327
20 724954 707833 914232 480631 970511 1044686 228779 769635 360029 900501 187355 714707 387052 908260 441726 949942 799725 576763 652092 502455
20 487550 735705 325433 431095 370159 509661 751803 757626 835230 974252 912308 784322 977743 908631 1031781 819132 683251 613099 63293 262082
20 427966 420093 671187 385907 372143 511643 1014542 719927 898653 1037673 760757 750838 782276 907742 1030890 882617 851832 548583 123771 262084
20 414974 760057 485177 505175 620911 752279 843163 974435 912988 1043876 455629 652274 969979 1036092 802805 999370 699198 374447 194509 130034
20 468942 516345 859961 963927 776558 1038998 257435 519779 622173 884133 834509 645108 847676 972747 769010 949498 150519 385275 702127 327484
20 471870 520425 724977 522003 753421 834503 974246 912998 695933 634301 773084 587764 977275 907963 1031386 819178 419487 349535 258283 65524
20 301822 728313 451449 469927 710087 490063 719927 892699 1042076 391597 784850 898795 904947 1036140 1030004 819157 950186 615806 129965 261586
20 407006 480109 520611 548595 700137 1034910 737051 851005 521799 773498 588761 653048 880079 1023445 892846 1011636 981862 369527 258471 130808
20 499302 261825 794553 878516 850348 895837 523811 687902 818876 732655 1004495 701431 970199 773114 1029594 489587 452203 130755 644477 294844
20 942582 1041297 556665 761460 437935 179677 744877 518515 1044707 916510 653948 128764 651116 319415 868295 475066 974794 885243 779155 481103
20 400862 945765 93627 374197 252333 1041054 982787 130365 130269 1047650 867279 743383 1019865 903150 764918 1012728 589756 842355 702059 523874
20 619894 1033585 359097 965300 840175 991967 783667 522812 785491 523436 785219 522124 585693 729069 368599 942042 421863 897002 248510 177531
20 467902 511397 568795 702165 637773 491395 589724 943983 879351 1012217 981230 914806 1044088 794621 1023970 744542 449331 382635 229283 65500
20 849078 1029345 195385 490324 806893 692183 987066 906611 252668 780668 913651 258940 519567 1039887 901021 753575 982986 113518 619739 386803
20 757670 261921 806873 881620 851148 769923 819100 1021309 481007 1010031 449015 976503 517626 1038970 278366 736435 701355 638883 557020 502525
20 817590 1040817 687705 1023572 436975 915859 785948 391987 916643 261340 785228 309245 872429 184311 735207 471034 972778 648798 629179 480623
20 395262 440445 973707 105463 372203 243419 114491 1001277 872157 742893 1008625 913758 780910 1039474 1032068 1013886 589816 849575 716183 524164
20 282366 448345 633337 495559 589415 884373 715167 1010029 1028814 513339 514619 648445 1042226 776692 933619 737118 966572 915402 219051 260596
20 302970 390057 748792 597943 925645 650575 978229 1012510 308987 514459 764285 771709 517019 1037798 1030886 491363 720558 917204 193491 224508
20 397182 451005 516347 519943 809959 695767 990901 1044598 589371 884057 768873 644985 651248 1038222 899998 753070 982732 369903 221919 131056
20 422142 504633 557025 520435 521995 572367 843181 716397 892534 765366 1035220 653284 878975 744127 998621 987130 982810 386715 251227 131044
20 450942 511757 517915 518375 931813 818137 703929 999032 581239 875958 760790 645098 651248 1036541 899887 752975 982670 369887 221887 131056
20 885502 802765 1019451 1023511 1032685 1040853 587699 359283 949490 130255 719694 489358 257994 253922 245744 751229 457405 916796 723391 427391
20 885502 802765 1016315 1023511 1035821 1040853 587687 359271 949478 130267 719706 489370 257994 253922 245744 751229 457405 916796 723391 427391
20 802366 836573 908995 685939 441195 998745 1032638 1036102 1040634 195743 752301 505525 257597 253753 767950 490454 982500 131064 625143 345583
20 885502 802765 1019451 1020375 1032685 1043989 587675 359259 949466 130279 719718 489382 257994 253922 245744 751229 457405 916796 723391 427391
20 449756 648124 1036163 816627 702187 997210 409529 584543 879342 764406 514173 513989 519289 644090 900495 753303 982822 368245 220525 123838
20 487614 520317 522115 924659 863723 741083 1019706 556861 835292 712172 650228 587768 977807 908695 769703 1015622 451703 381551 242015 65528
20 544254 794553 779097 910135 975759 860107 785573 973939 485951 1028414 1038563 488931 1027810 514908 503261 1013468 458604 393172 262074 38655
20 984318 490837 449883 974501 388455 913049 259479 783977 522838 1046952 588031 849726 716750 647154 49150 557052 926707 857039 723775 507561
20 230398 500729 777337 503191 577007 710359 645943 943931 879323 1012195 981180 914780 1044068 1007498 802804 203903 441167 374447 753546 294900
20 466494 492029 995019 118519 382827 252827 910750 780654 1044722 949309 850525 718509 978737 974788 573432 622074 426495 867239 735063 458692
20 433786 632693 650194 425649 453231 521307 630583 1015564 655046 929247 996331 971741 1035753 1001406 1030588 612727 587238 294585 163513 131014
20 575422 620789 345979 952181 728015 847183 997694 785939 509565 513437 517037 1044722 1043154 1039586 376743 950185 425942 901080 261996 178427
20 582142 597693 815075 767603 777099 386767 976685 391479 981205 990334 997998 1005462 1019802 509421 502261 487929 458426 917336 262116 139103
20 633594 437177 1005016 724919 825295 782091 915093 473695 973886 502011 1036668 517035 1041876 514787 1031524 819059 687853 360366 196566 120189
20 139006 254457 794489 322487 357839 700239 735031 522779 910462 957677 990069 972461 1003221 1032698 1030554 1010602 980434 655075 655260 524132
20 803838 851001 754681 892247 186223 714647 482205 1010533 250621 778741 1046586 1045706 519514 1040034 409587 737086 966604 131060 621771 372399
20 568062 671661 810963 766947 904677 781467 914205 437823 1005150 440783 1006006 452279 1009486 498411 1023348 486137 980344 393130 262100 87423
20 266238 356605 833339 912775 488167 210903 482227 224635 954093 957813 764845 1034185 1041014 775358 1030362 1015564 720122 655344 580447 524044
20 909686 548333 130603 687814 1024993 368535 976283 925562 1036531 507068 195310 751278 249774 1035869 769359 489333 981813 917464 762865 485851
20 194170 833909 997810 509905 505615 687815 839595 1003372 891614 251385 516857 913894 781111 1039415 769769 884571 982940 95933 634334 391654
20 450942 500957 516923 519367 800743 941013 695739 990842 589429 884148 637914 776168 651248 907039 1030957 752975 982670 379119 221887 131056
20 855798 995217 651513 979316 1012303 319437 1038397 130855 458410 486835 1026979 509923 778748 776094 244732 753132 720599 917338 659323 504927
20 722430 922493 556955 986359 998447 1020763 1033131 651085 194279 850406 260509 915100 454454 515988 507844 491488 978169 390523 785018 330495
20 844222 1040493 812027 1025143 794605 695647 990782 392981 196277 490964 244728 776176 258032 513935 1031047 753067 982730 655210 615135 510079
20 575358 739773 1032411 727543 901871 540635 833213 997502 261675 392561 981857 489386 503784 516064 1027863 1013589 457630 916878 786132 443647
20 639870 705981 609275 967927 1020143 211423 867005 932990 261671 916805 981898 489444 503792 516064 1027855 1013531 457589 392634 786136 313055
20 811966 1040493 986747 909559 794605 744031 1023038 392985 982673 228789 506836 251892 258032 1038219 768939 1015242 196334 655206 566751 450943
20 395262 921085 932571 358007 243375 513819 880015 765271 1035491 521277 123899 1044934 1043004 646876 900968 753584 589816 826295 678767 522694
20 852990 818989 311251 1000435 1019117 1004891 497085 1026653 128623 653711 457078 980630 257894 778118 769834 229332 717817 916728 658687 486075
20 528382 651645 717499 769799 806887 318423 875955 945781 368251 437693 994265 493561 1040750 1037966 1028342 490286 982346 917132 262128 226527
20 853502 818989 984059 480183 1024973 482511 1027253 511101 652831 981278 653795 980706 782122 778066 245674 753616 194045 391932 658175 311127
20 852990 818989 311251 1000435 1019117 1004891 501181 1026653 128623 653711 457078 980630 782118 253894 769834 229332 717817 916728 658687 481979
20 532478 552445 727931 648119 785423 902095 925607 845675 477935 1020397 981203 488791 1027669 1039514 503226 1013432 457532 393044 262112 46847
20 532478 601597 695163 713655 785423 844751 860071 878443 436975 971245 1013971 505175 1035861 511418 1029816 490300 982226 392988 262112 87807
20 790014 844477 812027 1025639 392583 696015 991021 195895 490709 1044590 244217 775665 258032 513950 1031062 753338 982872 655336 615263 510575
20 946398 930301 1036859 839287 741039 1019678 327563 229203 507618 122364 650232 129016 519111 1039811 638685 884588 720820 864695 700783 517183
20 473214 465405 518827 683703 948043 634575 898867 773934 1038034 845308 588792 783535 1043795 843389 966556 884708 432615 350623 258903 65528
20 485022 212781 204667 829367 968653 899534 1038772 911993 695934 716191 979743 783334 1043814 908971 1031889 819192 424167 89943 652537 327672
20 811966 992877 986747 909559 842221 744031 1023038 392985 982673 228775 506822 251892 258032 1038219 768953 1015256 196334 655206 566751 450943
20 930174 1017829 979179 458517 1015561 891847 765351 1035878 114299 384442 256986 129016 912189 777565 1031836 98286 589810 812255 676543 487671
20 853502 818989 984059 480183 1020877 486607 1027253 511101 652831 981278 653795 980706 782106 778082 245674 753616 194045 391932 658175 311127
20 788478 850109 909187 927731 683499 437979 995129 186175 743133 497133 246781 1044598 1043334 1038458 769430 491174 982852 131064 637551 358751
20 983550 1008253 962219 374455 907083 244431 777011 507181 1039569 588926 850844 718820 126968 515758 1032018 557052 422395 879079 746911 446295
20 919486 953325 743803 486007 1012845 886687 1046558 900899 646823 388523 914353 259022 781780 515800 245596 884706 65532 817247 698107 431607
20 788478 850237 907507 927731 674799 429535 986813 247677 194235 751065 504809 1044598 1044230 1040138 768918 490918 982724 131064 638063 359007
20 932030 981113 1015681 887795 759275 501467 1034042 114493 646876 388588 259060 914319 781719 515751 1032006 98298 65532 816247 682607 416095
20 539646 597501 552699 771511 784911 837583 802727 478575 1021163 981109 1032686 488151 1026899 1038933 503484 1013560 458138 393112 262112 46975
20 658430 589469 622187 927479 952299 989661 993085 973115 1038577 257119 914014 258983 912806 515662 507782 491410 458596 388089 783864 267775
20 790526 800509 909787 916999 975335 925651 746423 501111 1034485 752747 506539 1038121 1044010 251614 768860 490908 196556 131056 564671 285567
20 658430 799997 589595 919543 940399 997595 497083 1025643 253533 781709 390094 783157 388470 908966 1031956 491460 458720 904185 783610 420543
20 722430 930621 988027 994487 1008527 1023055 647077 651097 194263 850390 260585 915176 454502 450458 507856 491488 969981 390463 784958 330495
20 658430 589469 622187 927479 952299 989661 1001277 964923 1038577 257119 914014 258983 912806 515726 507718 491410 458596 388089 783864 267775
20 609662 921469 865211 939479 366319 895703 773435 1045052 752719 507062 252763 780131 518044 1039268 769481 491248 65525 851914 701118 420335
20 528382 651965 750043 769607 808935 839635 462781 355191 945397 367867 957305 501737 1041950 1038734 1028534 1015338 457422 916812 262128 193855
20 793854 864213 437227 971749 916803 458381 728479 728687 1040990 1040814 751859 242935 773369 511798 1029944 490300 720850 131052 582463 350171
20 845436 768484 896683 511669 1038153 195279 720179 490286 1014994 910525 910173 258542 780786 810983 409593 728703 958366 121338 616349 374615
20 728764 451068 615419 929399 939919 256719 912174 259383 914646 990333 1022873 1029737 1036177 510446 504310 490978 589797 327355 720730 335709
20 844270 877493 130107 457813 491150 630727 958377 1008499 1025763 990706 244604 775804 257660 513439 1030303 753005 720822 917464 680923 510947
20 852990 818997 476667 1018613 480623 486047 1021341 1026669 652887 653739 981334 980650 782162 778146 245558 753608 193533 392444 658687 311243
20 804350 859997 969971 914227 447343 975773 515223 1043557 751163 1030458 752071 1029830 257882 778152 243197 490236 720842 131060 559871 339887
20 94134 243413 386915 973296 671467 814941 964158 777499 907949 343415 254711 1004473 1018842 509559 1027501 1013198 458631 916698 785260 449016
20 115710 315317 480979 768369 498575 585675 751277 446071 915515 509175 948966 964026 1011036 1039720 866279 994235 979805 900828 786326 523624
20 266238 356605 897851 913031 464871 211927 482739 224891 958069 699837 969689 714729 1040758 776878 1031370 1015564 979198 655344 644447 524044
20 844254 865909 641403 969141 1008431 991006 130951 458569 772349 490738 1030882 251884 519906 1038035 244701 753101 720758 917432 669371 501055
20 320478 371573 619643 947381 485167 998686 647047 974665 502515 511443 744188 1021922 781548 1036607 767709 1014723 720758 917432 175035 261356
20 402942 451421 516923 519367 696167 991125 720027 1014889 898615 1038646 637433 775928 651248 906703 1030862 622430 851884 281343 222127 131056
20 282366 365437 443835 508407 515599 571343 867243 945517 1028334 654451 719541 1013457 765810 778208 1027741 751422 981850 916892 215519 262112
20 320494 862133 653371 981077 1014926 122823 450473 485235 1025763 511459 990194 775804 781436 1036703 244477 752493 720822 917464 665563 507166
20 797438 825261 913819 453047 1010125 458315 1015345 766751 1037470 769251 1039202 517753 780262 252669 507260 229294 720852 131064 544127 333783
20 927358 956901 847531 487093 1013577 244431 769331 514862 1039570 910525 910173 258542 780786 646781 901020 622566 196600 334331 673695 325463
20 575358 984953 850105 871383 436975 963799 771899 1046588 777803 257371 783203 521116 1043876 515764 638925 163829 950218 376818 735422 349679
20 563966 727993 845273 700327 874439 784971 916533 433951 1009310 498107 1040860 504555 510707 1035628 1029492 425709 950130 393130 262100 91519
20 909562 597749 925554 520065 816103 1029207 1044535 130843 458396 228766 244654 776078 724982 509945 1027033 1011177 720619 917356 713085 514167
20 568190 615869 774379 778487 798699 367071 957117 1004670 392755 982353 1014674 505713 511972 1036059 1030030 490349 458158 917196 262128 157407
20 288734 855925 651387 979125 1012015 1030686 130951 458569 487123 503267 1035203 1021922 780540 250877 767453 753388 720758 917432 659387 515134
20 918526 695549 961899 472695 1005227 949279 244623 777043 1043141 520665 915518 652774 126714 384876 901040 622534 327640 787455 747325 445879
20 852990 818997 476667 1018613 480623 481951 1025437 1026669 652887 653739 981334 980650 782130 778178 245558 753608 193533 392444 658687 311243
20 532478 597501 616187 699255 785423 844751 339887 874343 957163 975341 489687 505179 1035667 511612 1029812 1014584 457942 917272 262112 185279
20 603518 939509 350971 895733 932687 903055 736543 1035822 783475 522428 782819 520924 225111 761689 499622 1011624 65517 851922 707262 435707
20 926654 962021 216571 743157 482157 893855 1039390 649007 387767 913849 784590 521558 1044056 892835 237532 884706 65532 810079 703347 440043
20 564222 597501 667387 648119 785423 813007 925607 371567 905963 975341 1013878 505047 1035603 511676 1029944 490393 458138 917076 262112 153471
20 804350 991021 902011 447415 975821 384207 912565 457849 751135 1030430 752099 1029858 257962 778192 243197 490236 720742 655258 559871 470871
20 811774 842141 911787 390743 980555 995269 473017 744295 1023206 228601 506744 776102 249818 1033853 768671 1015070 196588 655344 566655 453047
20 532478 552445 653435 770999 737039 902095 851111 968555 478907 1021369 932819 488791 1027669 1039446 502254 1012460 457532 393112 262112 46847
20 811774 842141 911787 454199 980555 470989 997297 744295 1023206 228601 506744 251822 774098 1033853 768671 1015070 720868 131064 566655 389591
20 456766 489925 506459 827125 700269 970649 606110 876394 749298 1017340 652280 422399 912591 777559 1031587 1013309 980934 387895 252591 129016
20 930300 904764 743131 1006983 501479 1026899 717749 456029 981225 654454 391838 915242 683981 434161 630734 356338 839230 799229 241083 220015
20 794238 699293 818859 241335 765771 513741 1038129 522542 1046738 572543 875133 571295 872421 773022 1029604 224250 456184 385530 742885 294743
20 409398 1007373 930683 1033686 325101 850645 652220 916600 259679 784743 522651 1046179 290807 434165 630778 749560 708554 896783 670911 510702
20 62454 733689 315369 986598 785923 472015 841135 878959 962799 523317 1038940 1042076 780147 777139 900821 950101 949946 900922 774124 523738
20 792570 775229 1042490 904311 937391 963231 393097 458609 1015505 1031649 252891 518108 780259 1039332 245214 229102 720718 655286 535549 471871
20 667388 905596 532475 798583 778479 971359 1026111 261909 392846 458157 1014669 505805 1036198 511961 1030066 490482 982482 917233 786282 480383
20 823214 848333 65179 130583 228972 987089 1012146 954215 1028835 245181 776893 517821 780126 514910 1031262 819087 950136 884720 780771 513507
20 540150 640505 932585 1032934 261891 801743 839087 1004655 130675 522556 784851 456565 487349 1023797 499674 1011546 980890 917148 785132 500975
20 794334 844525 65355 196359 990689 1040850 859575 1009267 261244 982159 228317 767837 511837 774062 505774 1014574 982512 917432 774899 502515
20 385278 451545 638521 503495 580583 875989 419771 510331 941810 703838 998252 759740 782132 1037903 1028595 752287 982189 917450 222699 261940
20 675706 717737 376056 823223 987085 326991 490805 1028894 684795 775579 383613 910461 518118 1038822 769891 884398 982740 619475 113916 256923
20 796158 910109 392291 1019795 975787 457941 1014949 925561 767643 1038746 244205 513772 258020 775543 1030774 229182 720718 655352 543487 484315
20 542718 772221 259731 903651 671591 891355 969531 390957 802553 456149 1012629 1028474 503732 515988 1025743 490222 982190 917078 786408 478587
20 909438 975337 130841 564727 859885 943067 1025211 925562 196270 490932 244700 776092 257948 513895 1030951 752975 982613 917474 746227 510203
20 855934 925613 1013019 774967 1041229 122827 389041 458594 848127 511227 490215 1029859 781742 1039828 243708 752632 720509 917150 667607 506143
20 967102 670457 902521 802039 705519 1001823 606014 458267 1033845 261586 392140 489194 1027786 515786 503733 1013653 982884 916403 785837 495999
20 681724 891260 532475 844663 778479 957023 994367 261909 392846 458157 1014725 505830 1036198 511961 1030041 490426 982482 917233 786282 480383
20 823034 716989 1012026 923575 913519 1026591 393105 196427 491212 507369 1039305 1042401 255966 252918 769494 753395 982900 655278 593789 511039
20 918526 996669 1002715 1037127 294887 835539 581565 716661 194299 457209 653814 915188 388986 516018 245724 753640 982030 910223 735807 494831
20 1004018 941621 896570 241620 995823 915031 260025 785241 523481 720110 457582 980878 937971 888828 958435 880620 827901 24539 654647 391863
20 1024498 998933 974362 122852 978471 126937 653225 392041 261353 883966 752510 489406 1011662 991219 958460 934397 16363 851223 719511 456279
20 935802 882781 1030298 932087 1035023 196553 98219 245612 777969 519665 1045473 127998 650734 384750 900979 1015732 851926 821181 779807 513311
20 952298 850029 1013874 65427 229260 1030343 1035047 245561 777945 519641 1045401 127998 650686 384702 900958 819179 950260 854005 779879 513383
20 462462 418749 516347 519943 866023 744151 1023157 979318 982666 621883 899929 776041 651248 907166 768942 1015244 589437 313839 173535 131056
20 467454 478781 516827 816759 686767 949531 898957 768853 1031393 646366 908138 776114 585720 971261 966206 1015748 430023 387511 255343 65528
20 493822 522581 736603 999077 712039 974489 650647 913001 783958 1045928 556028 816383 945982 876494 835570 476147 435151 365375 260779 32764
20 466046 489129 757241 702135 965453 644815 908085 780078 1043156 848378 784559 1045845 847483 974746 901090 557052 413159 339359 228179 65532
20 474206 490433 953849 890613 763757 1034140 572319 842606 715510 651770 1046589 980423 913099 778067 1032098 557052 423483 355639 220335 65532
20 985598 1014441 493561 441015 965965 383695 908597 256815 781525 521390 1045332 586235 847482 712602 638946 32764 935911 862111 726655 490835
20 921598 964413 948475 884055 245103 769687 515485 1039973 519771 1043875 889851 746493 910590 777022 1031116 489458 589816 322551 710607 360111
