87
100
102
104
105
106
108
109
123
128
132
135
140
150
153
157
161
162
174
180
206
262
280
294
324
325
366
393
396
398
409
438
468
470
518
521
611
614
618
624
643
646
647
650
658
669
676
680
681
707
708
799
800
801
851
852
864
881
909
920
948
980
989
993
1002
1099
1128
1132
1285
1295
1303
1304
1319
1336
1345
1363
1405
1440
1476
1481
1482
1488
1489
1499
1500
1513
1515
1521
1522
1615
1618
1620
1636
1641
1644
1645
1649
1650
1651
1652
1653
1654
1655
1656
1686
1696
1697
1698
1699
1704
1757
1758
1760
1761
1762
1765
1766
1767
1768
1770
1771
1776
1778
1779
1781
1788
1790
1791
1793
1795
1796
1801
1822
1824
1827
1829
1831
1832
1834
1852
1858
1860
1861
1924
1929
1934
1937
1938
1940
1941
1971
1972
1974
1975
1977
1978
1979
1980
2065
2067
2077
2078
2081
2084
2085
2086
2108
2137
2138
2140
2295
2356
2374
2376
2398
2399
2400
2442
2549
2584
2773
2775
3055
3065
3278
3279
3281
3452
3457
3459
3462
3523
3525
3529
3543
3553
3568
3667
3672
3674
3692
3696
3705
3707
3708
3715
3716
3727
3728
3730
3734
3735
3740
3741
3742
3748
3749
3794
3807
3810
3811
3812
3814
3823
3825
3830
3832
3833
3899
3908
3912
3913
3930
3931
3936
3947
3950
3958
3968
3971
3972
3975
3980
4126
4129
4177
4178
4183
4185
4200
4212
4214
4225
4230
4235
4266
4315
4334
4341
4346
4362
4371
4487
4494
4498
4499
4508
4543
4556
4572
4578
4580
4626
4639
4644
4656
4674
4682
4686
4822
4939
4942
5013
5312
5397
5510
6303
6385
6409
6486
6489
6505
6507
6508
6510
6513
6514
6516
6562
6565
6569
6681
6690
6703
6705
6714
6716
6720
6732
6733
6771
6839
6867
6874
6875
6878
6880
6888
6889
6891
6903
6908
6918
6921
6927
7094
7099
7113
7122
7126
7178
7179
7181
7182
7183
7192
7193
7198
7219
7232
7233
7239
7244
7247
7248
7253
7266
7454
7498
7739
7861
7886
7887
8042
8080
8143
8164
8165
8171
8184
8185
8210
8219
8222
8225
8252
8279
8364
8365
8366
8367
8375
8376
8379
8380
8389
8390
8509
8658
8659
9053
9207
9208
9212
9214
9248
9393
9397
9399
9406
9407
9408
9409
9410
9416
9430
9438
9439
10039
10043
10073
10307
11642
11690
11694
11749
11750
11754
11756
11760
11761
11763
11764
11825
11834
11835
11841
11849
11850
11852
11853
11855
11858
11861
11896
11900
11912
11918
12000
12071
12121
12375
12626
12631
13095
13216
13225
13228
13303
13346
13391
13392
13397
13470
14203
14209
14211
14212
14215
14217
14218
14349
14364
14567
14702
14706
14707
14985
14987
14988
15088
15156
15214
15215
15219
15232
15438
15534
15581
15605
15637
15638
15644
15645
15825
15827
15918
15921
15923
15924
16051
16150
16190
16191
16194
16252
16253
16255
16314
16317
16340
16341
16342
16343
16344
16345
16346
16348
16351
16585
16652
16669
16928
17110
17112
17113
17115
17116
17117
17118
17119
17212
17259
17261
17267
17308
17309
17310
17311
17312
17322
17331
17334
17390
17392
17395
17399
17408
17489
17490
17491
17492
17496
17497
17853
17864
17868
18229
18245
18444
18687
18760
18845
18872
18885
19072
19075
19076
19077
19082
19089
19262
19280
19300
19301
19394
19424
19441
19565
19567
19568
19569
19578
19579
19669
19714
19821
20260
20261
20268
20278
20279
20352
20443
20444
20576
20590
20606
20873
20887
20888
20906
21016
21027
21028
21196
21197
21198
21200
21280
21283
21286
21290
21291
21311
21322
21454
21459
21460
21461
21484
21687
21688
21693
21712
21713
21720
22967
22968
23056
23058
23076
23101
23119
23120
23126
24278
24352
24367
24516
24517
25559
25576
25620
25621
25689
25939
25940
26387
26391
26411
26479
27002
27473
27676
27684
27754
27873
27874
27907
27909
27910
27917
27922
27951
28130
28145
28609
29020
29041
29044
29064
29071
29072
29074
29077
29100
29109
29110
29111
29115
29116
29132
29133
29134
29225
29260
29264
29271
29272
29280
29281
29282
29290
29301
29302
29327
29329
29401
29404
29429
29553
29939
30098
30137
30187
30188
30189
30191
30318
30319
30320
30324
30326
30331
30346
30348
30394
30399
30400
30416
30428
30442
30447
30448
30450
30451
30452
30454
30456
30457
30459
30557
30567
30829
30830
30867
31111
31115
31118
31120
31153
31156
31163
31180
31223
31229
31230
31231
31237
31238
31239
31240
31244
31329
31343
31358
31359
31360
31361
31363
31433
31450
31453
31553
31599
31602
31725
31899
31905
31907
31915
31977
32033
32231
32349
32353
32355
32464
32465
32466
32467
32470
32528
32529
32530
32531
32560
32570
32576
32577
32579
32580
32581
32582
32645
32649
32651
32652
32678
32692
32695
32720
32725
32739
32740
32748
32751
32767
32768
32783
32795
32798
32812
32878
32879
32880
32889
32893
32899
32900
32930
32941
32942
32984
32985
32994
32995
33010
33016
33087
33100
33102
33113
33117
33120
33174
33180
33181
33185
33236
33238
33239
33240
33241
33258
33259
33262
33263
33267
33276
33290
33298
33300
33375
33399
33403
33404
33405
33407
33409
33431
33733
33835
33860
34224
34318
34650
34679
34681
34689
34691
34730
34742
34753
34801
34820
34821
34822
34828
34884
34885
34899
34911
34912
34916
34939
34948
34976
34979
34982
34993
34996
35004
35101
35278
35284
35285
35287
35291
35292
35293
35294
35319
35324
35326
35344
35346
35348
35349
35350
35351
35352
35353
35354
35357
35529
35532
35533
35534
35535
35536
35538
35602
35604
35608
35609
35613
35614
35615
35617
35618
35619
35620
35621
35622
35623
35624
35625
35626
35627
35653
35654
35660
35661
35664
35666
35675
35679
35680
35683
35719
35720
35721
35722
35723
35758
35764
35773
35787
35794
35795
35797
35801
35813
35816
35819
35820
35833
35842
35843
35917
35919
35920
35921
35922
35923
35924
35926
35962
35964
35969
35971
35973
35974
35977
36008
36009
36010
36018
36050
36051
36052
36054
36055
36056
36144
36145
36157
36166
36177
36276
36280
36288
36345
36348
36354
36371
36384
36386
36401
36402
36405
36407
36409
36418
36419
36421
36434
36435
36564
36602
36633
36798
36800
36873
36910
36964
36966
36972
36983
36987
37299
37301
37422
37426
37535
37536
37550
37555
37558
37559
37564
37566
37571
37590
37655
37668
37669
37677
37683
37694
37696
37697
37698
37712
37713
37716
37717
37718
37720
37723
37735
37736
37747
37750
37751
37759
37760
37786
37787
37800
37809
37819
37822
37832
37839
37872
37873
37874
37877
37879
37882
37883
37884
37885
37905
37906
37907
37909
37913
37914
37915
38022
38084
38090
38092
38108
38114
38242
38253
38383
38384
38386
38393
38414
38767
38769
39012
39013
39015
39019
39020
39024
40199
40202
40210
40405
40411
40520
40566
40678
40681
40682
40683
40684
40685
40686
40693
40697
40698
40700
40705
40706
40715
40716
40719
40720
40727
40728
40735
40736
40761
40765
40773
40776
40786
40793
40794
40795
40796
40860
40892
40900
40904
40906
41124
41139
41278
41349
41372
41404
41406
41454
41476
41809
41874
41891
41893
41922
42002
42007
42008
42009
42011
42018
42021
42048
42257
42344
42346
42359
42360
42409
42603
42634
42657
42668
42884
42890
42892
42901
42902
42903
42920
42921
42922
42990
43009
43015
43016
43023
43041
43043
43047
43103
43104
43134
43139
43140
43145
43146
43149
43150
43155
43156
43159
43172
43177
43183
43187
43189
43200
43202
43226
43235
43263
43281
43282
43300
43338
43341
43345
43347
43351
43427
43428
43444
43445
43446
43447
43448
43449
44166
44188
44193
45000
45022
45515
45578
45717
45718
45887
45889
45980
45989
45990
45992
45993
45998
45999
46043
46054
46084
46453
46631
46649
46766
46769
46844
46854
46884
47083
47130
47132
47136
47142
47180
47185
47206
47209
47303
47304
47306
47307
47314
47316
47435
47436
47439
47451
47466
47488
47515
47518
47520
47557
47560
47561
47565
47567
47568
47569
47570
47647
47687
47693
47696
48052
48053
48059
48062
48063
48291
48522
48812
48813
48897
48914
48915
48924
48979
48980
48981
48982
48983
48984
48985
48986
49019
49119
49178
49207
49237
49359
49369
49652
49672
49868
49898
50063
50072
50266
50917
51821
51955
51959
52230
52257
52271
52302
52306
52307
52310
52313
52354
52357
52358
52360
52361
52363
52365
52368
52374
52378
52430
52545
52548
52550
52552
52621
52815
52820
52821
52822
52864
52868
52869
52883
52884
52885
52886
52887
52888
52889
52902
52903
52907
52983
52997
53013
53197
53228
53229
53230
53233
53240
53243
53291
53293
53298
53301
53327
53350
53356
53358
53359
53366
53375
53376
53399
53408
53602
53605
53606
53607
53608
53653
53725
53928
53933
53937
53945
53951
53954
53996
54008
54023
54086
54093
54108
54118
54120
54133
54140
54141
54146
54148
54184
54193
54244
54249
54255
54323
54324
54325
54328
54330
54332
54334
54335
54336
54372
54373
54394
54449
54455
54456
54460
54461
54474
54478
54479
54530
54532
54537
54538
54540
54541
54637
54674
54685
54763
54797
54824
54872
55076
55114
55181
55197
55198
55224
55233
55273
55282
55293
55299
55326
55327
55328
55424
55433
55561
55563
55582
55585
55970
56006
56008
56119
56124
56125
56164
56165
56168
56178
56182
56183
56186
56188
56189
56190
56222
56227
56228
56229
56236
56334
56397
56405
56479
56539
56553
56600
56602
56605
56610
56628
56824
56851
56852
56853
56855
56858
56860
56933
56941
56943
56958
57097
57126
57128
57136
57137
57138
57141
57153
57155
57158
57162
57163
57165
57169
57170
57171
57172
57194
57195
57196
57198
57200
57203
57204
57234
57240
57242
57245
57246
57247
57249
57250
57251
57252
57264
57271
57303
57306
57309
57311
57335
57336
57338
57339
57341
57342
57343
57344
57346
57348
57364
57365
57417
57422
57423
57424
57426
57428
57429
57430
57431
57437
57439
57445
57446
57448
57449
57450
57453
57458
57475
57510
57520
57527
57528
57529
57532
57599
57600
57601
57626
57631
57636
57638
57639
57640
57641
57647
57659
57660
57661
57666
57668
57671
57672
57677
57678
57697
57701
57706
57708
57710
57714
57803
57813
57815
57831
57833
57835
57841
57842
57843
57848
57850
57851
57866
57918
58018
58019
58027
58050
58051
58056
58064
58065
58066
58081
58086
58092
58093
58094
58095
58097
58099
58101
58105
58109
58110
58139
58142
58146
58150
58152
58155
58156
58158
58159
58160
58171
58174
58175
58176
58177
58178
58182
58183
58184
58185
58186
58187
58188
58190
58191
58193
58200
58201
58202
58203
58204
58205
58215
58218
58219
58220
58221
58226
58239
58240
58241
58242
58243
58245
58247
58252
58256
58257
58258
58259
58279
58280
58282
58283
58287
58288
58293
58294
58295
58297
58298
58299
58300
58306
58307
58308
58311
58343
58364
58372
58378
58379
58384
58394
58396
58399
58402
58406
58407
58415
58458
58459
58460
58470
58471
58505
58633
58724
58737
58758
58759
58780
58784
58787
58791
58796
58798
58799
58800
58801
58826
58827
58828
58829
58832
58833
58837
58838
58845
58847
58848
58850
58851
58854
58864
58865
58867
58871
58877
58878
58880
58889
58894
58895
58896
58899
58900
58902
58907
58912
58914
58919
58920
58927
58962
59005
59094
59115
59118
59143
59164
59217
59230
59415
59445
59446
59447
59448
59459
59460
59463
59465
59467
59468
59470
59483
59485
59698
59745
59746
59748
59749
59752
59754
59755
59760
59765
59769
59771
59772
59774
59775
59777
59781
59783
59784
59785
59786
59788
59790
59791
59792
59811
59812
59814
59816
59818
59819
59820
59823
59825
59827
59830
59836
59837
59838
59840
59841
59847
59848
59849
59850
59851
59852
59854
59855
59856
59857
59858
59859
59864
59869
59879
59880
59881
59884
59887
59889
59895
59903
59909
59911
59913
59914
59915
59918
59919
59922
59923
59924
59925
59926
59928
59929
59930
59931
59932
59933
59934
59935
59936
59937
59938
59940
59941
59942
59943
59944
59947
59948
59949
59957
59972
59973
59997
59999
60008
60009
60018
60020
60046
60060
60069
60070
60076
60082
60088
60092
60094
60095
60098
60100
60102
60103
60106
60107
60108
60109
60127
60129
60132
60148
60150
60184
60244
60247
60294
60301
60302
60305
60384
60387
60389
60391
60416
60460
60467
60469
60484
60487
60488
60532
60535
60588
60590
60594
60621
60622
60623
60627
60638
60663
60671
60677
60678
60682
60683
60684
60685
60686
60688
60728
60733
60736
60740
60763
60768
60769
60770
60805
60808
60831
60837
60839
60866
60880
60886
60920
60943
60955
60981
60984
60988
60991
60997
61003
61007
61054
61062
61067
61069
61072
61073
61075
61077
61078
61079
61080
61084
61094
61099
61202
61265
61286
61287
61312
61326
61337
61340
61442
61451
61469
61470
61478
61481
61486
61491
61492
61516
61518
61519
61521
61527
61528
61530
61534
61535
61537
61547
61779
61818
61881
61883
61885
61886
61898
61901
61904
61906
61909
61913
61918
61924
61929
61932
61952
61961
61962
61995
61998
62004
62030
62042
62045
62048
62049
62053
62054
62055
62057
62059
62060
62072
62074
62076
62078
62093
62095
62098
62099
62100
62102
62103
62106
62168
62169
62170
62171
62172
62178
62181
62182
62183
62184
62202
62206
62207
62208
62218
62248
62249
62267
62318
62319
62320
62322
62331
62351
62359
62368
62379
62386
62389
62395
62396
62399
62408
62433
62434
62462
62463
62563
62564
62588
62645
62646
62648
62649
62656
62665
62669
62670
62672
62692
62903
62917
62922
62929
62934
62939
62943
62962
62963
63001
63005
63012
63013
63018
63022
63028
63034
63036
63038
63040
63103
63104
63106
63108
63111
63114
63140
63213
63220
63224
63225
63226
63228
63229
63283
63286
63288
63289
63369
63371
63372
63389
63406
63409
63442
63444
63445
63447
63456
63498
63502
63503
63547
63597
63601
63603
63606
63632
63635
63686
63706
63709
63712
63716
63730
63731
63767
63893
63894
63895
63905
63908
63911
63953
63976
63999
64000
64002
64009
64010
64075
64174
64182
64292
64294
64353
64354
64359
64360
64361
64362
64363
64364
64387
64389
64390
64436
64441
64462
64497
64505
64506
64507
64511
64514
64568
64572
64689
64690
64699
64700
64795
64797
64799
64803
64804
64867
64907
64911
64914
64932
64946
64948
64952
65132
65135
65141
65144
65151
65156
65350
66240
66252
66254
66255
66690
66697
66698
66748
66749
66869
67156
67243
67247
67260
67263
67264
67871
67872
67874
68131
68134
68149
68157
68159
68453
68483
68509
68889
68921
68929
68930
68971
68995
69206
70197
70198
70203
70350
70533
70534
70536
70542
70705
70767
70771
70788
70836
70944
70947
70951
71072
71142
71169
71219
71220
71221
71307
71345
71350
71351
71352
71358
71363
71370
71415
71419
71511
71536
71537
71600
71665
71668
71702
71748
71757
71825
71865
71938
71939
71941
71949
71951
71952
71959
71981
71983
72010
72013
72849
72851
73193
73194
73635
73640
73656
73659
73661
73694
73817
73834
73843
73846
73849
73850
73851
73918
73920
73999
74081
74085
74169
74174
74179
74193
74198
74209
74242
74334
74336
74342
74343
74345
74423
74433
74592
74594
74600
74604
74638
74641
74643
74648
74676
74680
74681
74685
74686
74705
74707
74715
74720
74721
74722
74726
74730
74732
74736
74743
74745
74746
74747
74751
74770
74775
74782
74785
74786
74787
74788
74789
74791
74792
74827
74828
74833
74979
74982
74984
74990
75006
75015
75054
75071
75073
75075
75086
75167
75242
75294
75418
75422
75583
75604
75789
76108
76109
76119
76123
76256
76297
76301
76371
76372
76374
76378
76379
76399
76407
76453
76455
76461
76466
76489
76490
76492
76493
76508
76528
76529
76531
76535
76574
76605
76608
76611
76612
76614
76615
76616
76647
76669
76677
76683
76688
76689
76707
76736
76751
76756
76759
76901
76902
77199
77452
77552
77562
77563
77571
77572
77573
77619
77631
77638
77642
77643
77644
77790
77839
77896
77899
77900
77901
77951
77953
77954
77964
78106
78171
78226
78262
78521
78905
78922
78953
79061
79068
79075
79076
79307
79309
79323
79339
79378
79531
79867
79868
79915
79916
79922
79923
79925
79927
79928
79929
79930
79931
79933
80160
80211
80212
80456
80826
80835
80837
80961
80965
81562
81566
81730
81777
81783
82134
82225
82237
82238
82239
82240
82241
82288
82296
82359
82360
82363
82364
82484
82493
82503
82509
82513
82515
82522
82525
82526
82555
82558
82560
82573
82574
82583
82584
82586
82587
82589
82591
82601
82611
82627
82628
82637
82644
82655
83224
83392
83447
83448
83450
83452
83453
83455
83456
83457
83458
83459
83460
83461
83462
83464
83465
83467
83474
83480
83482
83483
83484
83485
83491
83492
83494
83496
83497
83501
83521
83525
83528
83529
83530
83539
83547
83555
83556
83564
83569
83571
83573
83579
83580
83581
83584
83589
83590
83591
83601
83604
83608
83609
83610
83613
83623
83631
83636
83647
83651
83682
83686
83705
83726
83728
83731
83735
83736
83737
83739
83740
83744
83745
83749
83750
83754
83755
83757
83759
83760
83762
83764
83769
83770
83773
83774
83776
83778
83779
83782
83788
83791
83792
83814
83829
83841
83853
83855
83963
84076
84078
84082
84085
84323
84404
84433
84459
84555
84833
85046
85125
85151
85153
85206
85208
85221
85255
86588
86684
86689
86691
86692
86693
86694
86720
86773
86774
86831
86855
86871
86917
86989
87058
87178
87180
87190
87191
87429
87431
87647
87724
87757
87771
87773
87779
87780
87811
87812
87815
87817
87818
87819
87820
87821
87826
87827
88261
88549
88553
88555
88557
88558
88559
88560
88842
88876
89069
89076
89079
89101
89114
89136
89137
89165
89166
89204
89239
89240
89257
89275
89276
89278
89298
89300
89303
89305
89306
89326
89336
89354
89361
89371
89383
89390
89405
89416
89475
89483
89493
89510
89519
89589
89635
89714
89723
89738
89765
89766
89799
89800
89801
89803
89804
89808
89809
89820
89822
89826
89829
89830
89843
89855
90048
90096
90159
90171
90173
90174
90176
90178
90179
90180
90181
90182
90186
90201
90202
90217
90235
90261
90286
90288
90318
90319
90377
90379
90392
90409
90412
90453
90521
90643
90743
90845
90909
90936
90937
90951
90953
90960
90992
90994
90998
91000
91001
91009
91044
91046
91075
91094
91531
91692
91696
91759
91775
91782
91803
91837
91886
91888
91979
92040
92319
92458
92521
92542
92548
92549
92609
92610
92614
92616
92617
92623
92624
92655
92669
92678
92679
92681
92684
92689
92691
92692
92705
92712
92718
92824
92837
93018
93020
93043
93072
93073
93082
93085
93106
93112
93229
93235
93238
93252
93332
93334
93338
93583
93589
93604
93616
93773
93774
93822
93901
93931
93936
93959
93965
93975
93982
93995
94008
94017
94018
94019
94022
94025
94180
94215
94222
94484
94606
94699
94703
94709
94714
94718
94719
94720
94722
94731
94734
94735
94737
94743
94797
94818
95019
95040
95059
95068
95079
95081
95110
95137
95138
95156
95167
95171
95174
95175
95181
95183
95190
95191
95193
95194
95196
95197
95198
95436
95438
95496
95516
95518
95650
95658
95898
95900
95901
95902
95905
95906
95908
96248
96264
96279
96307
96543
96561
96661
96777
96782
96960
97118
97160
97161
97199
97390
97391
97398
97433
97480
97481
97599
97606
97609
97715
98084
98108
98114
98115
98116
98124
98146
98272
98281
98411
98413
98450
98706
98878
98935
98952
98961
98974
99053
99152
99205
99265
99284
99626
99628
99819
99831
99832
99911
99924
99966
99968
100006
100015
100026
100032
100065
100121
100129
100131
100136
100148
100154
100161
100168
100169
100186
100233
100234
100235
100317
100319
100326
100330
100333
100334
100341
100344
100358
100362
100366
100370
100375
100380
100399
100438
100441
100456
100492
100502
100530
100575
100578
100584
100585
100586
100587
100589
100590
100592
100595
100696
100706
100762
100778
100779
100823
100835
100836
100896
100897
100919
100934
100937
100958
100971
100977
100978
100998
101018
101023
101051
101052
101053
101059
101060
101061
101062
101067
101068
101077
101078
101079
101080
101081
101082
101084
101128
101135
101136
101262
101274
101275
101278
101279
101280
101284
101310
101315
101650
101782
101783
101789
101792
101793
101797
101799
101811
101817
101822
101977
102004
102008
102011
102014
102025
102039
102063
102070
102073
102105
102119
102126
102156
102181
102203
102207
102227
102403
102451
102491
102500
102545
102546
102615
102616
102630
102643
102649
102663
102692
102700
102701
102702
102712
102736
102741
102742
102744
102745
102753
102756
102758
102762
102763
102834
102835
102836
102839
102842
102843
102856
102857
102868
102877
102882
102883
102893
102905
102926
102928
102932
102945
102947
102954
102961
102963
102970
103002
103027
103042
103064
103079
103081
103088
103180
103181
103187
103189
103190
103191
103192
103193
103194
103195
103197
103209
103256
103266
103296
103311
103337
103349
103363
103398
103419
103420
103458
103459
103468
103469
103470
103471
103473
103481
103483
103495
103501
103503
103526
103545
103550
103555
103560
103586
103593
104155
104165
104170
104171
104172
104173
104174
104177
104178
104179
104181
104182
104212
104439
104509
104539
104547
104629
104767
104881
105098
105099
105114
105115
105116
105117
105163
105177
105207
105208
105310
105390
105391
105392
105448
105463
105556
105570
105586
105691
105698
105713
105720
105732
105783
105795
105813
105817
105834
105874
105891
105893
105918
105926
105927
105928
105929
105931
105938
105940
105944
105946
105947
105955
105957
105958
105959
105964
105972
105991
106029
106040
106044
106054
106056
106057
106058
106075
106103
106105
106108
106113
106117
106140
106141
106144
106166
106167
106171
106174
106177
106179
106180
106181
106184
106186
106191
106196
106202
106211
106256
106260
106261
106277
106283
106285
106288
106326
106453
106532
106537
106550
106559
106570
106571
106584
106674
106679
106681
106692
106693
106695
106702
106733
106852
106925
106946
107103
107104
107105
107106
107111
107117
107153
107208
107218
107219
107228
107251
107257
107258
107260
107261
107290
107312
107331
107344
107360
107371
107374
107381
107392
107397
107428
107431
107432
107723
107730
107734
107737
107775
107923
107924
107965
108005
108011
108045
108187
108201
108220
108222
108240
108273
108275
108277
108337
108347
108358
108359
108364
108367
108420
108429
108433
108439
108440
108441
108734
108735
108736
108927
108928
108955
109088
109099
109103
109118
109119
109354
109668
109737
109827
109876
109878
109895
110062
110113
110159
110166
110167
110173
110176
110203
110264
110269
110275
110278
110280
110283
110288
110330
110331
110343
110402
110403
110404
110462
110464
110479
110482
110487
110488
110489
110496
110498
110499
110500
110506
110509
110638
110818
110948
110951
110960
111167
111236
111250
111264
111271
111463
111494
111496
111505
111507
111525
111531
111532
111535
111557
111585
111588
111592
111593
111595
111596
111601
111642
111650
111665
111683
111686
111698
111710
112163
112217
113005
113030
113040
113116
113120
113121
113163
113168
113173
113174
113180
113246
113254
113260
113672
113851
113900
114062
114068
114069
114071
114073
114074
114075
114116
114156
114170
114494
114707
114795
114949
114956
114957
114959
114966
115021
115032
115034
115069
115072
115265
115578
116027
116032
116062
116079
116082
116083
116148
116172
116173
116174
116175
116180
116181
116182
116193
116202
116214
116302
116350
116543
116646
116647
116701
116755
116761
116763
116872
116929
116930
116937
116938
116939
116942
116957
116958
116959
116968
116969
116983
116992
116995
117002
117004
117039
117042
117044
117045
117186
117197
117202
117225
117358
117367
117393
117417
117501
117535
117614
117617
117695
117810
117834
117856
117864
117865
117866
117880
118501
118742
118751
118851
118857
119036
119465
119558
119559
119561
119562
119566
119567
119568
119569
119570
119571
119572
119875
119878
120109
120146
120661
120807
120899
120901
121037
121045
121046
121047
121052
121057
121058
121060
121061
121143
121156
121179
121951
122129
122154
122273
122274
122278
122279
122280
122596
122599
122609
122636
122637
122642
122643
122644
122649
122650
122701
122721
122818
122871
122898
123066
123079
123081
123155
123157
123163
123164
123165
123260
123267
123268
123276
123277
123303
123310
123312
123314
123315
123319
123320
123321
123322
123331
123332
123333
123336
123337
123340
123342
123359
123360
123365
123396
123397
123399
123402
123403
123412
123413
123414
123420
123430
123435
123438
123440
123442
123444
123445
123446
123450
123452
123456
123496
123508
123510
123515
123524
123525
123526
123528
123899
124004
124115
124142
124173
124176
124177
124180
124314
124398
124403
124470
124475
124527
124535
124536
124579
124643
124654
124655
124874
125058
125062
125063
125066
125078
125079
125088
125117
125160
125163
125281
125293
125298
125395
125445
125631
125632
125634
125635
125639
125640
125641
125642
125643
125645
125647
125649
125650
125805
126318
126319
126320
126321
126323
126325
126326
126327
126329
126330
126331
126332
126338
126339
126343
126346
126348
126392
126396
126399
126400
126402
126403
126404
126405
126407
126409
126410
126411
126412
126413
126415
126506
126516
126616
126676
126678
126681
126682
126897
126901
126902
127135
127174
127178
127179
127180
127182
127217
127218
127220
127469
127730
127731
127732
127747
127791
127795
127799
127811
127812
127815
127825
127834
128020
128030
128052
128053
128104
128105
128106
128115
128126
128127
128152
128158
128159
128160
128161
128162
128163
128164
128165
128166
128168
128173
128213
128214
128217
128219
128234
128238
128239
128240
128243
128247
128248
128252
128257
128258
128260
128262
128265
128268
128272
128277
128279
128288
128292
128293
128297
128355
128371
128416
128510
128580
128723
128724
128725
128726
128729
128731
128733
128747
128750
128752
128753
128754
128755
128774
128775
128780
128784
128785
128795
128802
128807
128810
128812
128815
128823
128825
128836
128859
128863
128866
128872
128873
128898
128899
128900
128903
128960
128968
128970
128972
128974
128976
128977
128980
129013
129019
129065
129066
129174
129177
129344
129369
129379
129414
129454
129455
129460
129491
129561
129570
129752
129956
130117
130118
130205
130306
130661
130667
130670
130671
130672
130673
130675
130676
130680
130685
130686
130689
130690
130694
130709
130743
130849
130850
130870
130871
130900
130901
130939
130941
130943
130944
130946
130947
130986
131115
131167
131190
131194
131220
131237
131269
131272
131279
131282
131326
131332
131334
131662
131675
131678
131705
131709
132007
132109
132111
132112
132113
132180
132320
132355
132370
132380
132492
132495
132497
132503
132504
132509
132573
132575
132634
132643
132651
132758
132759
132761
132762
132764
132765
132767
132768
132769
132770
132771
132831
132836
132843
132844
132849
132852
132853
132857
132861
132876
132880
132924
133011
133013
133014
133015
133016
133019
133022
133069
133071
133072
133074
133075
133076
133079
133083
133084
133095
133098
133106
133112
133149
133160
133161
133164
133168
133169
133170
133171
133172
133173
133174
133175
133198
133223
133282
133289
133336
133438
133449
133458
133464
133483
133494
133551
133553
133559
133565
133588
133589
133590
133595
133680
133683
133686
133687
133688
133690
133692
133693
133769
133794
133967
133969
134071
134076
134078
134115
134212
134214
134223
134227
134239
134240
134245
134251
134264
134268
134271
134272
134273
134274
134276
134278
134279
134284
134287
134296
134373
134380
134381
134382
134389
134396
134399
134423
134425
134568
134584
134604
134652
134739
134862
134876
134890
134891
134920
135009
135011
135012
135039
135067
135089
135126
135164
135165
135166
135177
135187
135195
135197
135223
135232
135233
135266
135269
135270
135493
135494
135495
135587
135687
135913
135964
135965
135990
135996
136050
136053
136126
136127
136149
136151
136156
136158
136160
136161
136162
136163
136165
136496
136504
136506
136531
136615
136655
136691
136708
136766
136768
136791
137091
137112
137202
137223
137240
137372
137387
137463
137568
137569
137573
137577
137578
137580
137582
137593
137596
137597
137602
137605
137624
137657
137662
137672
137677
137695
137697
137699
137704
137707
137708
137710
137804
137861
137866
137882
137924
137945
137966
138141
138147
138148
138149
138151
138518
138537
138538
138576
138588
138597
138741
138831
138886
139096
139107
139111
139114
139117
139124
139125
139127
139143
139149
139162
139302
139303
139310
139323
139391
139634
139650
139720
139932
139933
140028
140029
140038
140056
140067
140131
140147
140153
140157
140163
140188
140225
140231
140266
140450
140468
140469
140479
140670
140735
140923
140928
140932
140933
140935
140936
140946
140993
141186
141187
141202
141487
141495
141497
141506
141514
141521
141579
141592
141595
141597
141598
141604
141605
141849
141862
141932
141947
141948
141975
141985
142033
142066
142067
142068
142073
142074
142083
142084
142090
142094
142095
142098
142099
142108
142281
142330
142399
142417
142418
142722
142978
143473
143474
143475
143770
143771
143782
143785
143788
143795
143796
143806
143809
143811
143814
143817
143838
143839
143843
144516
144527
144598
144723
144845
145074
145201
145236
145350
145355
145407
145409
145416
145426
145451
145457
145458
145460
145504
145804
145838
146012
146111
146222
146224
146229
146288
146326
146674
146676
146722
146734
146794
146836
147015
147022
147029
147033
147100
147130
147181
147217
147489
147490
147498
147779
147780
147781
147790
147791
147792
147793
147794
147795
147796
147799
147800
147802
147803
147804
147807
147811
147812
147825
147827
147828
147830
147832
147840
147841
147849
147858
147870
147903
147904
147912
147913
147918
147919
147924
147948
147963
147964
147968
147969
147971
147980
147981
147982
147989
147990
147995
148000
148055
148056
148062
148065
148095
148102
148115
148116
148124
148125
148191
148194
148198
148199
148259
148272
148362
148445
148609
148755
148841
148855
149107
149110
149181
149182
149183
149442
149444
149464
149471
149533
150118
150132
150331
150351
150570
150601
150641
150666
150667
150670
150681
150704
150719
150757
150812
150891
150923
150974
150992
151222
151241
151243
151312
151835
151837
151840
151841
151842
151843
151844
151845
151849
151856
151858
152111
152113
152114
152115
152116
152117
152119
152132
152320
152377
152412
152416
152459
152505
152582
152585
152609
152618
152708
152710
152712
152732
152734
152884
152886
153026
153027
153028
153076
153093
153138
153185
153205
153214
153216
153232
153280
153291
153336
153352
153397
153521
153533
153569
153584
153588
153595
153645
153687
153701
153702
153704
153717
153725
153727
153728
153731
153733
153735
153738
153744
153745
153857
153957
154472
154503
154504
154936
154938
154991
155003
155334
155438
155439
155452
155530
155723
155724
155857
156273
156346
156355
156357
156397
156402
156434
156435
156439
156460
156482
156523
156525
156532
156534
156535
156543
156544
156898
157667
157668
157827
158400
158415
158433
158833
159083
159102
159383
159644
159858
159897
160462
161065
161184
161195
161387
161388
161491
161515
161546
161674
162334
162376
162385
162882
163080
163384
163551
163556
163608
163634
163713
163815
163840
164188
164192
164961
165463
165493
165498
165502
165507
165508
165511
165587
165726
165729
165730
165742
165743
165746
166023
166117
166128
166153
166811
166843
166876
166877
166882
166884
166885
166887
166888
166898
167149
167154
167157
167194
167265
167296
167379
167381
167386
167387
167388
167389
167390
167391
167392
167397
167417
167420
167432
167433
167474
167488
167503
167504
167505
167521
167522
167531
167578
167591
167592
167745
167873
167876
167879
167880
167881
167882
167883
167884
169609
169729
169740
169851
170493
170766
171084
171104
171928
171979
172033
172037
172535
172560
172619
172755
172760
172761
172774
172781
172863
172916
172978
172984
173024
173030
173184
173746
174475
174482
174485
174490
174492
174500
174576
174579
174583
174587
174589
174590
174596
174597
174598
174615
174637
174639
174649
174679
174680
174683
174686
174687
174689
174724
174725
174726
174732
174755
174757
174758
174759
174777
174801
174808
174810
174816
174831
174854
174883
174884
174983
174990
175070
175079
175086
175136
175137
175140
175206
175272
175276
175307
175341
175350
175374
175408
175425
175445
175555
175613
175685
175695
175699
175707
175710
175717
175720
175733
175815
175821
175822
175829
175838
175842
175854
175855
175860
175861
175879
175937
175945
175946
175950
175956
175958
175961
175962
175964
175974
175985
175988
176004
176017
176088
176089
176100
176104
176106
176107
176115
176116
176132
176137
176138
176140
176141
176158
176161
176166
176167
176169
176411
176449
176729
176732
176734
176741
176745
176754
176842
176852
176862
176863
176895
176904
176905
176906
176914
176935
176936
176937
176998
177034
177084
177144
177150
177152
177155
177207
177210
177217
177222
177231
177246
177360
177386
177387
177497
177509
177526
177533
177539
177540
177549
177557
177558
177559
177561
177584
177650
177680
177715
177720
177737
177842
177892
177916
177937
178054
178076
178080
178081
178082
178243
178251
178252
178253
178287
178360
178361
178446
178452
178453
178497
178578
178586
178592
178593
178594
178597
178599
178601
178607
178612
178613
178614
178617
178618
179443
179681
179683
179817
179826
179837
179838
179839
179840
179842
179844
179845
179846
179895
179916
179918
179919
180045
180152
180219
180359
180363
180364
180365
180366
180367
180368
180369
180370
180371
180372
180374
180407
180550
180551
180552
180922
180934
180978
180979
181620
181622
181623
181626
181627
181631
181634
181638
181643
181644
181646
181648
181653
181678
181679
181680
181688
181691
181692
181693
181694
181695
181696
181697
181699
181702
181706
181707
181713
181714
181715
181719
181726
181727
181738
181743
181744
181755
181770
181980
182098
182104
182105
182107
182129
182163
182208
182226
182249
182311
182313
182419
182790
182824
182955
183187
183214
183220
183244
183501
183526
183543
183547
183551
183553
183555
183605
183657
183681
183689
183690
183762
183770
183817
183821
183863
183951
183952
183955
183956
183963
183969
183975
183977
183978
184036
184056
184084
184098
184114
184124
184165
184170
184171
184172
184255
184256
184270
184273
184276
184278
184280
184281
184282
184289
184290
184304
184306
184332
184366
184401
184444
184487
184489
184530
184584
184629
184678
184681
184687
184773
184775
184787
184802
184828
184867
184963
184965
184991
185010
185031
185039
185082
185083
185084
185085
185179
185188
185206
185209
185279
185335
185338
185358
185360
185362
185377
185429
185431
185433
185454
185472
185476
185526
185678
185679
185687
185688
185712
185713
185718
185726
185739
185741
185743
185771
185836
185850
185852
185865
185869
186249
186265
186286
186287
186356
186361
186362
186373
186375
186410
186491
186492
186496
186515
186518
186521
186565
186580
186595
186603
186619
186644
186646
186658
186664
186665
186676
186701
186721
186765
186777
186778
186832
186834
186843
186844
186861
187367
187368
187566
187578
187605
187636
187637
187691
187693
187708
187711
187712
188090
188127
188133
188142
188143
188176
188206
188207
188503
188504
188555
188557
188558
188559
188562
188567
188630
188682
188709
188728
188784
188789
188797
188803
188826
188833
188853
188867
188900
188910
188927
188929
188936
188954
188971
188972
188975
188982
188983
188997
189000
189013
189054
189064
189083
189085
189103
189130
189131
189140
189147
189228
189232
189233
189237
189238
189250
189252
189264
189269
189281
189286
189289
189291
189300
189354
189366
189378
189385
189386
189389
189400
189419
189421
189430
189512
189513
189514
189515
189520
189521
189525
189533
189536
189549
189553
189556
189573
189586
189591
189628
189634
189647
189649
189698
189701
189705
189738
189767
189784
189808
189827
189829
189830
189832
189864
189869
189904
189905
189946
189976
189977
189984
190013
190014
190026
190027
190043
190047
190050
190051
190054
190057
190060
190061
190067
190069
190070
190072
190079
190081
190083
190085
190088
190090
190091
190092
190096
190098
190100
190102
190109
190117
190122
190128
190135
190160
190172
190173
190174
190175
190188
190261
190270
190279
190292
190326
190343
190350
190361
190365
190400
190429
190441
190485
190522
190524
190526
190565
190567
190619
190641
190679
190680
190711
190712
190783
190784
190812
190844
190845
190852
190900
190911
190943
190949
190995
190997
190999
191000
191004
191005
191006
191109
191178
191181
191353
191354
191516
191551
191560
191566
191567
191592
191621
191623
191638
191640
191663
191672
191673
191682
191685
191722
191757
191758
191761
191765
191985
192046
192077
192086
192089
192114
192119
192120
192141
192146
192192
192344
192347
192512
192531
192539
192561
192855
192900
192904
192918
192920
192926
192983
192990
193025
193027
193101
193102
193119
193145
193160
193188
193246
193249
193270
193395
193396
193397
193404
193430
193437
193441
193442
193443
193444
193445
193447
193452
193481
193495
193496
193501
193530
193532
193579
193580
193597
193918
193919
193949
193975
193990
194063
194073
194074
194075
194077
194080
194094
194106
194108
194419
194427
194430
194503
194504
194512
194596
194663
194676
194780
194781
194782
194784
194785
194802
194810
194902
194957
195225
195341
195348
195349
195350
195375
195378
195403
195409
195417
195418
195419
195540
195548
195672
195695
195696
195733
195736
195742
195745
195759
195773
195776
195829
195841
195988
195989
195990
195991
195992
195993
195994
195996
196172
196289
196298
196308
196312
196324
196326
196351
196356
196411
196424
196557
196559
196562
196571
196583
196585
196610
196658
196702
196758
196863
196900
196945
196970
197058
197060
197063
197064
197095
197104
197153
197253
197321
197396
197402
197404
197449
197464
197477
197506
197517
197621
197624
197665
197710
197711
197714
197744
197745
197774
197775
197789
197792
197793
197795
197999
198065
198078
198080
198084
198241
198242
198262
198305
198331
198350
198420
198442
198555
198562
198563
198575
198578
198587
198590
198605
198617
198618
198626
198627
198631
198649
198652
198654
198657
198661
198664
198698
198701
198706
198707
198708
198709
198710
198711
198713
198714
198738
198741
198747
198837
198857
198865
198875
198878
198899
198900
198918
198943
199004
199007
199015
199017
199018
199028
199029
199049
199057
199058
199064
199069
199071
199116
199119
199168
199185
199186
199187
199188
199189
199211
199246
199268
199308
199334
199343
199352
199360
199368
199372
199378
199379
199380
199387
199389
199461
199858
199940
199975
199979
199985
199986
199988
200319
200497
200525
200602
200607
200611
200613
200614
200615
200630
200640
200645
200688
200690
200691
200693
200695
200702
200709
200715
200716
200719
200721
200724
200727
200732
200738
200739
200746
200764
200766
200767
200768
200769
200772
200773
200774
200775
200776
200777
200780
200782
200785
200786
200787
200788
200791
200834
200887
200891
200892
200899
200900
200904
200905
200916
200920
200959
200972
201008
201015
201019
201022
201025
201030
201077
201081
201082
201089
201091
201093
201094
201095
201100
201233
201236
201256
201258
201261
201262
201277
201287
201288
201289
201290
201291
201316
201384
201385
201386
201450
201456
201469
201650
201761
201767
201818
201825
201826
201829
201832
201836
201837
201852
201853
201854
201867
201869
201870
201871
201881
201917
201919
201920
201921
201997
202086
202164
202179
202488
202489
202500
202505
202510
202534
202554
202556
202593
202650
202657
202663
202664
202666
202694
202696
202697
202698
202699
202701
202706
202708
202709
202723
202725
202726
202730
202732
202752
202753
202756
202758
202765
202814
202830
202831
202834
202835
202843
202844
202857
202858
202860
202861
202868
202870
202871
202875
202878
202908
202910
202971
202972
202979
202981
202982
202985
202986
202994
202995
202997
202998
202999
203002
203003
203027
203084
203085
203087
203102
203122
203227
203228
203229
203230
203242
203286
203287
203288
203290
203300
203305
203306
203365
203371
203372
203373
203385
203389
203395
203396
203397
203466
203512
203531
203533
203619
203704
203759
203760
203843
203846
203873
203883
203886
203941
203942
203953
203954
203988
204012
204014
204016
204017
204028
204032
204038
204051
204057
204079
204086
204124
204128
204131
204132
204157
204206
204208
204229
204242
204250
204261
204282
204406
204408
204539
204619
204620
204629
204630
204631
204642
204647
204648
204649
204658
204665
204668
204675
204676
204678
204685
204687
204710
204716
204757
204764
204766
204767
204841
204843
204844
204865
204951
204981
205021
205044
205169
205170
205177
205324
205327
205375
205489
205550
205552
205600
205604
205618
205621
205658
205666
205667
205750
205751
205752
205823
205840
205871
205873
205882
205883
205893
205894
205908
205909
205910
205917
205918
205919
205949
205984
205992
206009
206010
206014
206015
206016
206019
206021
206023
206025
206035
206036
206048
206049
206091
206101
206102
206121
206122
206157
206167
206168
206172
206180
206185
206187
206188
206189
206190
206191
206203
206209
206210
206212
206213
206214
206225
206226
206234
206239
206245
206246
206248
206252
206257
206271
206283
206287
206292
206294
206299
206302
206310
206318
206332
206339
206347
206348
206393
206426
206427
206451
206461
206474
206480
206483
206485
206499
206500
206504
206505
206506
206524
206528
206529
206535
206553
206554
206562
206567
206582
206600
206606
206782
206784
206804
206805
206806
206815
206821
206822
206825
206828
206829
206865
206869
206874
206875
206877
206882
206884
206887
206888
206892
206893
206895
206896
206898
206913
206916
206919
206926
206941
206965
206968
206982
206999
207009
207022
207066
207071
207094
207117
207118
207124
207127
207132
207133
207135
207147
207260
207272
207288
207340
207341
207342
207349
207350
207359
207377
207381
207386
207400
207401
207404
207430
207466
207469
207471
207474
207482
207488
207491
207502
207515
207530
207531
207533
207534
207535
207537
207542
207549
207558
207561
207582
207598
207609
207610
207617
207619
207622
207630
207633
207635
207638
207646
207647
207649
207659
207665
207667
207668
207672
207673
207726
207764
207776
207798
207804
207807
207817
207825
207826
207828
207829
207847
207848
207849
207858
207864
207871
207875
207880
207907
207910
207917
207918
207920
207921
207942
207979
207980
207982
207983
207985
207986
208011
208028
208044
208048
208055
208058
208059
208062
208063
208065
208067
208081
208134
208141
208143
208145
208146
208148
208212
208234
208258
208268
208271
208278
208284
208299
208306
208328
208341
208344
208352
208353
208379
208385
208391
208401
208432
208442
208446
208448
208454
208457
208460
208461
208463
208464
208489
208499
208500
208501
208502
208504
208507
208508
208511
208515
208520
208526
208527
208529
208707
208720
208721
208736
208751
208756
208767
208768
208812
208827
208843
208846
208861
208863
208871
208873
208878
208880
208886
208898
208900
208911
208916
208928
208942
208944
208945
208951
208960
208964
208974
208978
209082
209086
209107
209112
209113
209120
209123
209124
209144
209163
209167
209169
209171
209172
209190
209191
209192
209231
209235
209238
209250
209260
209274
209277
209284
209312
209315
209323
209344
209350
209353
209361
209364
209371
209373
209380
209393
209394
209397
209408
209414
209415
209418
209421
209422
209425
209439
209447
209450
209454
209516
209518
209522
209540
209546
209547
209565
209570
209641
209659
209665
209684
209693
209702
209785
209820
209822
209841
209901
209919
209922
209923
209925
209926
209941
209944
209958
209969
209974
209975
209985
209987
209995
210040
210043
210046
210053
210056
210058
210059
210061
210066
210067
210068
210069
210071
210072
210075
210077
210079
210113
210140
210141
210143
210144
210156
210157
210214
210293
210295
210298
210354
210364
210365
210369
210371
210374
210376
210385
210388
210389
210454
210460
210464
210465
210469
210470
210472
210474
210515
210518
210563
210578
210591
210593
210660
210662
210696
210714
210723
210727
210730
210734
210754
210787
210830
210848
210905
210957
210961
210969
210970
211101
211104
211106
211113
211122
211123
211125
211129
211130
211134
211141
211150
211151
211153
211154
211157
211158
211159
211162
211164
211165
211186
211218
211229
211233
211244
211251
211253
211257
211260
211261
211265
211267
211276
211282
211315
211322
211325
211327
211328
211354
211359
211372
211383
211385
211539
211540
211541
211542
211549
211553
211554
211555
211556
211568
211573
211574
211615
211618
211651
211652
211654
211655
211656
211661
211662
211663
211665
211666
211667
211686
211701
211702
211753
211754
211755
211757
211785
211786
211791
211801
211802
211804
211805
211858
211860
211868
211870
211871
211880
211883
211919
211923
211930
211933
211981
211988
211991
211993
211996
211997
212029
212032
212055
212057
212058
212062
212064
212068
212069
212070
212071
212072
212118
212124
212127
212129
212157
212158
212159
212161
212162
212173
212220
212233
212239
212268
212271
212277
212287
212339
212340
212341
212343
212344
212345
212346
212348
212349
212350
212351
212352
212353
212354
212355
212356
212357
212358
212359
212360
212361
212362
212363
212364
212366
212367
212368
212369
212370
212371
212372
212373
212374
212375
212376
212377
212378
212379
212380
212481
212486
212487
212574
212575
212577
212606
212609
212624
212640
212641
212643
212644
212646
212648
212650
212665
212702
212703
212710
212735
212767
212892
212899
212906
212940
212983
212985
212986
212990
213001
213013
213022
213039
213045
213049
213144
213147
213149
213156
213157
213245
213248
213331
213346
213360
213361
213494
213528
213551
213568
213572
213620
213623
213633
213634
213635
213645
213647
213648
213649
213651
213652
213673
213676
213677
213678
213679
213680
213682
213687
213689
213690
213691
213692
213693
213696
213710
213724
213739
213775
213789
213795
213840
213843
213850
213856
213857
213859
213876
213885
213929
213935
213969
213996
214074
214098
214107
214129
214328
214333
214334
214347
214349
214527
214528
214580
214600
214636
214693
214699
214714
214716
214717
214877
214882
214884
215046
215053
215059
215067
215068
215088
215199
215350
215359
215408
215420
215427
215435
215440
215441
215451
215452
215459
215535
215539
215541
215542
215561
215585
215627
215716
215719
215741
215827
215830
215891
215896
215902
215904
215905
215938
215942
215944
216008
216036
216037
216095
216096
216113
216119
216121
216122
216124
216164
216167
216171
216197
216202
216208
216224
216236
216243
216247
216248
216252
216255
216256
216257
216261
216387
216425
216453
216454
216499
216504
216520
216525
216527
216535
216551
216553
216561
216562
216573
216575
216587
216588
216596
216699
216886
216888
216892
216893
216899
216900
216905
217129
217202
217225
217226
217229
217280
217281
217282
217326
217328
217331
217332
217335
217339
217346
217347
217361
217362
217364
217374
217483
217485
217487
217495
217499
217505
217507
217541
217600
217602
217604
217629
217647
217650
217668
217671
217694
217696
217719
217721
217735
217741
217746
217748
217783
217793
217859
217867
217891
217892
217920
217921
217927
217928
218015
218017
218033
218035
218118
218120
218123
218144
218147
218158
218223
218226
218228
218233
218235
218264
218280
218294
218380
218420
218482
218490
218496
218510
218515
218519
218520
218521
218522
218533
218534
218535
218536
218539
218548
218562
218565
218568
218579
218581
218582
218583
218584
218585
218586
218594
218599
218601
218602
218605
218606
218608
218609
218621
218652
218665
218668
218671
218685
218709
218710
218712
218714
218718
218760
218766
218783
218792
218796
218799
218800
218838
218849
218866
218872
218874
218880
218882
218883
218900
218955
218962
218983
218984
218995
218997
219000
219003
219004
219006
219007
219031
219054
219055
219057
219061
219070
219071
219100
219108
219112
219114
219117
219138
219177
219180
219181
219217
219218
219227
219240
219290
219294
219295
219296
219320
219435
219437
219441
219453
219516
219540
219541
219542
219555
219556
219574
219576
219578
219593
219624
219631
219680
219681
219693
219694
219697
219703
219704
219751
219771
219845
219920
219922
219924
219944
219949
219952
219965
219996
220047
220049
220064
220065
220077
220081
220085
220145
220174
220180
220181
220182
220196
220197
220198
220200
220203
220235
220236
220237
220238
220245
220249
220275
220279
220282
220283
220284
220396
220399
220400
220402
220403
220422
220423
220431
220435
220439
220457
220458
220482
220483
220494
220547
220556
220559
220567
220594
220595
220892
220899
220917
220982
220983
220985
220988
220989
221006
221008
221047
221066
221076
221083
221097
221163
221165
221166
221201
221202
221204
221295
221330
221471
221518
221520
221521
221536
221538
221626
221745
221746
221866
221891
221952
221983
222045
222047
222059
222085
222092
222093
222095
222098
222102
222121
222122
222142
222157
222158
222180
222223
222227
222229
222233
222235
222237
222245
222246
222248
222269
222271
222273
222348
222351
222353
222362
222363
222386
222387
222421
222422
222456
222777
222783
222793
222796
222816
222906
223043
223098
223140
223143
223160
223177
223351
223352
223362
223418
223430
223431
223432
223435
223648
223652
223684
223737
223744
223745
223746
223749
223750
223752
223796
223799
223813
223822
223825
223862
223889
223901
223904
223905
223906
223908
223911
223913
223914
223929
223931
223934
223937
223938
223957
223965
223969
224006
224014
224015
224019
224032
224040
224049
224081
224089
224091
224249
224250
224279
224296
224297
224301
224346
224477
224582
224585
224607
224659
224800
224801
224810
224975
224982
224985
224986
225032
225034
225069
225073
225088
225101
225128
225138
225141
225142
225143
225421
225500
225509
225539
225590
225612
225622
225623
225693
225751
225759
225764
225770
225774
225775
225784
225789
225800
225815
225837
225849
225862
225864
225874
225883
225901
225970
225978
225979
226129
226142
226143
226161
226168
226183
226185
226219
226315
226325
226358
226365
226479
226485
226564
226588
226589
226636
226638
226732
226741
226770
226895
226901
226917
226937
226987
226997
226999
227002
227003
227004
227006
227018
227025
227026
227028
227051
227061
227073
227120
227121
227122
227123
227124
227340
227341
227342
227343
227371
227374
227375
227377
227378
227403
227461
227547
227549
227550
227634
227639
227649
227746
227876
227887
227890
227894
227935
228263
228359
228361
228364
228365
228608
228660
228665
228666
228692
228737
228775
228778
228780
228820
228821
228822
228893
228966
228971
228983
229030
229073
229084
229736
229741
229755
229789
229796
229801
229802
229808
229817
229820
229849
229851
229852
229858
229861
229873
229874
229881
229882
229899
229901
229905
229907
229909
229911
229920
229921
229925
229993
230006
230058
230059
230065
230067
230071
230085
230103
230237
230247
230248
230300
230351
230355
230385
230454
230455
230457
230459
230522
230530
230561
230618
230648
230653
230655
230664
230670
230708
230716
230854
230875
230881
230969
230980
230986
231327
231337
231338
231339
231341
231354
231391
231410
231440
231461
231672
231702
231726
231800
231809
231822
232004
232040
232046
232088
232093
232125
232146
232147
232148
232159
232220
232264
232376
232383
232387
232403
232455
232486
232509
232517
232520
232540
232542
232547
232558
232564
232565
232568
232569
232572
232574
232576
232578
232581
232586
232587
232588
232590
232591
232650
232656
232663
232664
232666
232691
232696
232725
232735
232742
232746
232793
232846
232897
232910
232923
232925
232929
232938
232967
232990
233011
233012
233017
233038
233053
233057
233061
233062
233063
233073
233077
233083
233085
233092
233094
233095
233099
233102
233105
233106
233114
233124
233129
233131
233132
233162
233168
233170
233178
233198
233210
233228
233231
233234
233236
233249
233254
233256
233287
233289
233295
233304
233306
233308
233312
233327
233333
233359
233360
233385
233413
233414
233449
233489
233542
233715
233757
233758
233759
233769
233823
233824
233825
233829
233831
233857
233863
233872
233873
233947
233957
234005
234082
234084
234147
234162
234213
234268
234269
234277
234618
234701
234732
234873
234889
234939
234941
234964
234965
234969
234985
234987
235002
235010
235012
235024
235033
235036
235047
235062
235070
235073
235122
235227
235256
235273
235277
235298
235305
235312
235328
235330
235349
235357
235378
235403
235404
235405
235409
235412
235432
235441
235442
235444
235445
235446
235449
235630
235655
235661
235680
235683
235684
235685
235693
235705
235712
235713
235784
235789
235793
235799
236050
236127
236176
236217
236369
236376
236377
236385
236433
236455
236464
236473
236512
236532
236540
236541
236824
236839
236844
236859
236912
236933
237018
237160
237177
237186
237344
237348
237375
237381
237383
237415
237449
237493
237502
237534
237535
237562
237565
237573
237575
237578
237579
237586
237592
237596
237597
237606
237610
237841
237851
237901
237915
237917
237918
237919
237920
237922
237945
237965
237970
237974
238015
238021
238022
238023
238025
238050
238056
238058
238076
238090
238105
238141
238156
238159
238168
238169
238212
238255
238258
238265
238270
238274
238275
238280
238285
238290
238340
238352
238353
238354
238356
238357
238358
238360
238362
238404
238576
238599
238629
238654
238678
238698
238895
238903
238942
238947
238954
239072
239093
239095
239096
239106
239162
239169
239183
239202
239225
239227
239250
239251
239254
239255
239263
239314
239316
239328
239337
239342
239357
239366
239373
239391
239393
239444
239447
239450
239556
239574
239578
239580
239583
239590
239594
239596
239598
239722
239728
239730
239784
239890
239892
239897
239899
239900
239902
239904
239918
239973
239980
239983
239984
239985
239996
240056
240094
240152
240209
240210
240240
240241
240255
240259
240345
240352
240375
240377
240378
240558
240591
240599
240613
240783
240788
240811
240814
240816
240822
241280
241286
241388
241454
241470
241542
241561
241601
241714
241735
241741
241856
241864
241924
241932
242021
242244
242393
242421
242577
242630
242635
242637
242639
242640
242644
242708
242712
242713
242714
242718
242720
242722
242733
242734
242735
242738
242739
242825
242940
242970
243051
243061
243079
243080
243081
243086
243088
243103
243121
243182
243183
243187
243193
243330
243362
243397
243404
243465
243486
243493
243494
243497
243498
243499
243500
243501
243502
243505
243513
243522
243525
243526
243571
243584
243589
243593
243594
243595
243596
243599
243603
243608
243615
243616
243624
243669
243672
243673
243675
243679
243688
243689
243690
243691
243694
243695
243716
243717
243719
243735
243789
243791
243794
243799
243815
243829
244045
244051
244073
244075
244099
244122
244126
244127
244130
244167
244235
244238
244247
244278
244454
244512
244587
244639
244647
244665
244666
244774
244825
244857
244868
244871
244884
244885
244886
244887
244888
244889
244890
244891
244892
245068
245074
245086
245087
245160
245227
245241
245244
245273
245324
245327
245328
245377
245391
245520
245521
245526
245575
245585
245587
245596
245598
245709
245857
245870
245919
245978
246123
246129
246131
246166
246169
246171
246182
246187
246189
246192
246193
246194
246196
246198
246200
246267
246270
246272
246279
246292
246300
246397
246399
246400
246408
246419
246423
246456
246468
246469
246471
246472
246473
246474
246475
246482
246483
246484
246485
246495
246506
246507
246508
246542
246556
246595
246625
246651
246661
246666
246668
246744
246769
246775
246777
246786
246796
246927
246928
246934
246936
246937
246941
246942
246957
246964
246966
246968
246982
246992
246995
247041
247078
247155
247224
247229
247241
247242
247249
247259
247353
247378
247380
247381
247382
247385
247392
247396
247398
247399
247400
247401
247404
247428
247432
247482
247485
247486
247487
247490
247497
247501
247502
247512
247528
247534
247536
247539
247556
247563
247577
247602
247610
247612
247616
247617
247621
247627
247633
247640
247641
247645
247680
247769
247849
247854
247866
247868
247892
247913
247926
247927
247955
247998
248016
248025
248034
248053
248078
248085
248087
248101
248105
248117
248163
248213
248303
248306
248307
248308
248397
248399
248456
248485
248488
248491
248533
248648
248738
248744
248750
248752
248753
248768
248807
248822
248824
248832
248838
248840
248842
248843
248844
248847
248854
248859
248862
248868
248871
248873
248876
248877
248879
248894
248897
248909
248937
249299
249416
249564
249567
249576
249577
249581
249585
249619
249838
250000
250100
250321
250383
250393
250414
250432
250991
250993
251029
251033
251040
251041
251085
251090
251177
251187
251189
251211
251224
251238
251248
251256
251260
251261
251284
251291
251339
251363
251367
251369
251371
251435
251469
251472
251474
251478
251582
251604
251706
251755
251763
251830
251904
251985
251992
252002
252046
252084
252207
252224
252251
252300
252345
252448
252451
252465
252526
252534
252536
252540
252547
252548
252626
252627
252746
252762
252764
252766
252867
252870
252930
252934
252958
252971
252974
252975
252988
252991
252992
252995
253000
253005
253014
253016
253017
253055
253060
253082
253085
253096
253207
253286
253289
253290
253361
253362
253384
253391
253399
253449
253454
253457
253459
253483
253536
253538
253544
253548
253555
253558
253581
253588
253594
253596
254206
254561
254565
254740
254746
254843
254850
254878
254885
254930
255065
255325
255344
255357
255380
255382
255397
255402
255458
255466
255473
255558
255561
255583
255585
255678
255718
255720
255881
255961
255962
255985
256003
256007
256013
256059
256089
256209
256338
256403
256410
256434
256435
256436
256461
256463
256469
256472
256473
256474
256478
256502
256512
256557
256606
256615
256667
256668
256669
256670
256671
256672
256784
256786
256863
256888
256912
257073
257074
257075
257077
257078
257177
257178
257180
257266
257279
257296
257304
257330
257332
257339
257340
257342
257371
257383
257386
257394
257395
257396
257403
257418
257425
257426
257433
257449
257452
257462
257603
257890
257992
258017
258236
258244
258266
258453
258480
258483
258501
258502
258669
258680
258888
258893
258977
258978
258979
258987
258994
259012
259067
259120
259123
259124
259125
259126
259127
259134
259135
259146
259151
259188
259189
259203
259209
259210
259211
259212
259318
259397
259442
259445
259752
259816
259827
259865
259932
259946
259951
259958
259968
259972
259976
260169
260178
260188
260194
260195
260238
260305
260399
260400
260440
260446
260448
260455
260456
260701
260702
260719
260857
260874
260877
260880
260883
260890
261038
261202
261234
261475
261492
261645
261670
261672
261829
261978
261999
262266
262535
262679
262807
262825
262832
262842
262845
262889
262890
262927
262948
262989
263025
263027
263028
263290
263291
263296
263298
263301
263302
263346
263633
263691
263981
264057
264061
264070
264095
264098
264117
264121
264134
264139
264143
264144
264158
264219
264271
264272
264326
264331
264344
264351
264503
264611
264670
264675
264781
264912
264913
264914
264915
264916
264917
264918
264963
264980
265181
265221
265234
265249
265259
265261
265290
265292
265299
265300
265328
265337
265348
265354
265368
265373
265386
265403
265452
265512
265520
265564
265586
265672
265810
265812
265820
265823
265824
265964
266182
266183
266232
266255
266271
266272
266308
266309
266314
266713
266714
266796
266869
266917
266918
267004
267006
267008
267010
267011
267139
267210
267213
267239
267244
267403
267432
267434
267453
267458
267463
267475
267478
267480
267482
267483
267489
267620
267621
267622
267645
267646
267672
267682
267701
267709
267733
267738
267749
267750
267795
267801
267816
267821
267838
267908
267929
267945
267955
267958
267962
268082
268160
268165
268166
268169
268170
268173
268179
268181
268183
268185
268190
268196
268200
268201
268204
268205
268206
268214
268216
268218
268219
268220
268223
268228
268231
268236
268238
268239
268246
268248
268250
268251
268252
268334
268353
268358
268363
268365
268377
268380
268384
268726
268728
268740
268761
268763
268768
268891
269040
269042
269045
269058
269066
269067
269075
269103
269159
269162
269234
269251
269518
269521
269522
269523
269578
269589
269619
269630
269725
269729
269747
269750
269782
269809
269815
269849
269894
269897
269939
269949
270063
270073
270126
270127
270128
270144
270173
270245
270261
270283
270284
270294
270364
270365
270388
270418
270434
270435
270438
270439
270449
270455
270464
270467
270471
270492
270497
270508
270510
270511
270551
270718
270746
270765
270766
270770
270781
270782
270783
270794
270795
270804
270805
270818
270829
270897
270918
270936
271017
271054
271061
271065
271128
271151
271172
271191
271270
271273
271280
271281
271384
271480
271483
271488
271491
271492
271495
271553
271621
271774
271817
271826
271827
271828
271887
271888
271894
271895
271896
271897
271898
271914
271927
271931
271937
271947
271950
271962
272004
272005
272006
272007
272008
272009
272012
272020
272026
272029
272066
272073
272083
272144
272190
272326
272458
272629
272854
272855
272944
273013
273020
273021
273022
273030
273031
273040
273050
273058
273064
273066
273068
273094
273095
273120
273133
273135
273154
273155
273156
273158
273187
273210
273227
273228
273229
273230
273244
273276
273304
273322
273325
273327
273328
273329
273334
273337
273412
273464
273465
273514
273538
273551
273608
273669
273676
273677
273689
273707
273710
273723
273739
273749
273756
273757
273760
273764
273765
273794
273803
273840
273872
273924
273929
273936
273937
273938
273940
273941
273943
273948
273955
273977
273982
274042
274056
274059
274074
274076
274077
274082
274111
274112
274273
274304
274312
274328
274329
274335
274340
274341
274379
274451
274452
274494
274697
274727
274728
274736
274780
274809
274848
274947
275028
275053
275120
275237
275267
275295
275297
275309
275320
275323
275346
275372
275597
275653
275663
275666
275669
275672
275673
275674
275678
275679
275714
275717
275738
275742
275748
275752
275779
275780
275781
275805
275815
275829
275882
275891
275902
275903
276000
276059
276083
276085
276086
276089
276107
276112
276113
276115
276192
276196
276201
276202
276207
276238
276258
276263
276268
276280
276281
276287
276288
276289
276306
276313
276314
276316
276353
276368
276369
276445
276458
276479
276480
276482
276484
276486
276510
276520
276521
276522
276523
276586
276589
276591
276592
276599
276600
276601
276602
276603
276615
276621
276646
276648
276652
276743
276751
276842
276846
276848
276854
276856
276864
276868
276874
276878
276880
276891
276896
276898
276910
276912
276919
276944
276953
277111
277112
277125
277126
277127
277130
277131
277138
277139
277140
277141
277142
277144
277146
277149
277150
277179
277187
277197
277252
277272
277275
277276
277383
277388
277584
277592
277597
277608
277610
277613
277626
277628
277812
277827
277848
277873
277879
277881
277882
277886
277887
277894
277924
277926
277932
277940
277974
277977
277981
277999
278009
278092
278094
278121
278143
278146
278148
278204
278262
278265
278338
278348
278358
278388
278391
278395
278400
278401
278439
278448
278449
278515
278517
278524
278648
278657
278664
278677
278708
278716
278717
278718
278719
278720
278738
278758
278760
278761
278769
278817
278820
278821
278822
278823
278827
278828
278831
278834
278874
278879
278883
278888
278915
278922
278925
278942
278943
278959
278965
278988
279001
279025
279057
279109
279148
279149
279150
279152
279153
279154
279155
279156
279161
279162
279167
279176
279192
279201
279227
279229
279283
279327
279334
279336
279446
279544
279590
279597
279612
279619
279621
279622
279792
279797
279799
279800
279801
279861
279893
280025
280028
280035
280036
280038
280060
280065
280083
280087
280154
280177
280178
280181
280182
280183
280190
280191
280193
280381
280561
280642
280643
280649
280650
280675
280676
280681
280683
280776
280870
280878
280916
280919
280920
281074
281090
281095
281170
281172
281175
281189
281190
281191
281192
281199
281201
281202
281257
281259
281289
281292
281332
281365
281378
281379
281436
281496
281559
281612
281616
281618
281621
281681
281714
281716
281961
281964
282000
282047
282082
282101
282114
282117
282148
282203
282207
282213
282214
282227
282229
282230
282231
282232
282233
282241
282265
282268
282273
282275
282280
282288
282291
282293
282322
282327
282343
282457
282470
282475
282477
282479
282480
282506
282507
282535
282538
282539
282602
282614
282615
282636
282637
282639
282793
282800
282817
282823
282825
282826
282832
282833
282841
282891
282893
282907
282921
282923
282928
282930
282939
282942
282959
283019
283121
283163
283167
283239
283240
283261
283262
283289
283372
283374
283381
283382
283388
283391
283489
283491
283507
283538
283543
283544
283602
283606
283616
283620
283621
283622
283712
283837
283843
283847
283909
283921
284107
284142
284147
284160
284204
284227
284277
284315
284323
284341
284350
284351
284380
284384
284387
284467
284476
284553
284560
284564
284572
284577
284665
284728
284732
284745
284759
284799
284801
284813
284816
284823
284824
284960
284967
284970
284990
284993
285004
285017
285036
285051
285053
285055
285062
285076
285079
285083
285085
285086
285087
285119
285130
285133
285136
285138
285139
285140
285142
285216
285220
285242
285247
285300
285329
285342
285353
285355
285356
285357
285402
285436
285437
285439
285447
285452
285459
285491
285549
285553
285566
285575
285578
285592
286271
286286
286295
286424
286425
286429
286430
286431
286492
286497
286573
286583
286589
286860
286910
286916
286924
286925
287048
287049
287052
287191
287242
287252
287293
287294
287295
287298
287349
287368
287534
287543
287558
287565
287589
287595
287603
287610
287624
287632
287639
287640
287645
287686
287711
287714
287715
287717
287718
287719
287724
287737
287762
287763
287766
287783
287786
287790
287792
287799
287877
287888
287949
287950
288031
288041
288047
288120
288291
288381
288398
288404
288407
288408
288484
288571
288573
288650
288665
288682
288694
288698
288742
288743
288780
288814
288815
288927
288932
288984
288994
289000
289042
289058
289059
289063
289064
289065
289069
289170
289191
289221
289225
289290
289315
289332
289335
289342
289345
289349
289351
289357
289364
289367
289370
289374
289376
289377
289379
289412
289416
289423
289426
289428
289614
289616
289645
289707
289739
289968
290019
290431
290475
290530
290602
290613
290624
290710
290768
290868
290878
290929
290942
290950
290958
291080
291085
291093
291103
291237
291239
291249
291320
291351
291422
291449
291467
291500
291642
291656
291658
291659
291713
291724
291987
292039
292201
292212
292248
292250
292402
292411
292472
292475
292612
292613
292616
292659
292663
292667
292766
292768
292789
292803
292804
292815
292830
292836
292847
292878
292885
292951
292952
292953
292954
292955
292956
292958
293199
293319
293330
293439
293441
293454
293455
293457
293523
293735
293837
293839
293860
293865
293870
293875
293876
293877
293881
293901
293904
293909
293918
293938
293943
294021
294027
294034
294035
294036
294042
294044
294046
294085
294131
294133
294136
294149
294152
294173
294174
294175
294178
294179
294195
294299
294308
294425
294517
294525
294528
294533
294534
294643
294661
294665
294673
294675
294807
294810
294849
294853
294861
294904
294913
294928
294987
294988
295004
295006
295011
295020
295023
295028
295039
295040
295041
295079
295087
295088
295108
295160
295200
295202
295203
295204
295205
295211
295244
295251
295253
295259
295276
295289
295302
295305
295315
295318
295336
295338
295353
295360
295361
295370
295374
295407
295415
295433
295451
295452
295453
295457
295459
295460
295461
295516
295525
295537
295649
295657
295970
296018
296042
296044
296062
296063
296080
296081
296083
296089
296090
296093
296094
296221
296266
296270
296408
296456
296530
296603
296616
296632
296646
296649
296664
296665
296666
296732
296835
296837
296854
296871
296912
296925
296978
296985
297004
297012
297022
297023
297025
297042
297081
297110
297195
297221
297222
297223
297225
297241
297264
297269
297272
297278
297280
297301
297308
297309
297312
297315
297320
297326
297329
297333
297339
297344
297353
297357
297366
297368
297373
297379
297393
297394
297399
297406
297407
297413
297414
297415
297417
297418
297419
297420
297423
297425
297426
297455
297456
297458
297473
297478
297484
297487
297492
297493
297496
297497
297511
297512
297514
297571
297606
297610
297624
297647
297648
297649
297650
297700
297809
297824
297883
297888
297890
297891
297915
297933
297936
297975
297979
297985
298005
298007
298014
298018
298024
298046
298051
298060
298065
298091
298092
298097
298099
298100
298108
298109
298110
298111
298112
298113
298116
298188
298190
298191
298194
298197
298218
298220
298222
298224
298279
298285
298290
298291
298294
298301
298307
298312
298313
298321
298327
298333
298356
298710
298726
298727
298768
298787
298805
298816
298827
298847
298848
298858
298898
298925
298926
298929
298941
298944
298953
299033
299069
299103
299104
299107
299114
299151
299176
299182
299186
299243
299245
299251
299273
299281
299297
299316
299331
299357
299358
299359
299364
299421
299507
299616
299618
299621
299630
299786
299796
299798
299799
299801
299818
299824
299840
299904
299961
299968
299974
299976
300039
300050
300121
300135
300155
300291
300303
300304
300352
300364
300367
300445
300456
300458
300472
300478
300621
300623
300624
300652
300654
300716
300765
301018
301031
301055
301075
301077
301105
301154
301164
301167
301213
301220
301282
301285
301311
301315
301317
301356
301368
301369
301386
301393
301403
301404
301407
301408
301409
301412
301414
301415
301417
301450
301458
301460
301468
301477
301503
301508
301524
301528
301529
301532
301533
301534
301536
301537
301538
301539
301545
301609
301612
301641
301647
301716
301762
302148
302171
302172
302173
302174
302216
302223
302237
302263
302293
302433
302451
302456
302458
302467
302475
302545
302546
302552
302563
302580
302581
302636
302637
302639
302642
302643
302660
302682
302691
302694
302699
302712
302721
302758
302766
302768
302864
302877
302878
302895
302924
302990
302998
303011
303013
303015
303024
303027
303092
303100
303104
303126
303159
303162
303164
303170
303251
303255
303257
303261
303285
303287
303288
303332
303333
303409
303487
303509
303517
303519
303520
303521
303522
303524
303525
303526
303567
303569
303571
303572
303579
303580
303582
303602
303604
303610
303619
303621
303638
303639
303712
303713
303714
303742
303745
303755
303759
303762
303763
303767
303769
303874
303884
303885
303926
303931
303946
304149
304200
304201
304209
304257
304306
304307
304312
304336
304364
304371
304372
304385
304413
304417
304428
304432
304516
304526
304527
304529
304531
304532
304533
304552
304555
304566
304567
304573
304671
304686
304687
304702
304709
304710
304711
304712
304713
304714
304715
304716
304717
304725
304727
304729
304732
304805
304807
304808
304843
304844
304853
304864
304867
304874
304904
304958
305065
305066
305093
305094
305097
305112
305119
305122
305126
305127
305233
305239
305260
305297
305300
305302
305313
305425
305443
305447
305448
305449
305450
305451
305452
305453
305474
305476
305487
305516
305526
305528
305538
305541
305548
305550
305570
305585
305589
305593
305597
305618
305619
305693
305695
305732
305735
305760
305762
305770
305782
305792
305795
305799
305801
305927
305998
306000
306032
306034
306035
306036
306086
306087
306088
306099
306100
306128
306129
306144
306145
306254
306255
306310
306653
306710
306716
306726
306758
306765
306767
306829
306841
306843
306846
306929
306931
306946
306953
306967
306970
306973
307018
307185
307221
307234
307360
307441
307450
307547
307570
307607
307619
307705
307732
307806
307814
307815
307825
307826
307860
307864
307994
308007
308042
308092
308124
308184
308192
308201
308216
308238
308254
308269
308307
308379
308381
308386
308388
308394
308436
308437
308458
308517
308529
308542
308606
308609
308610
308621
308623
308678
308684
308685
308694
308710
308719
308720
308722
308742
308769
308774
308775
308798
308801
308803
308810
308812
308815
308832
308833
308834
308839
308866
308868
308946
308987
309031
309033
309114
309191
309318
309322
309324
309331
309333
309337
309366
309427
309571
309592
309633
310221
310237
310288
310291
310346
310422
310423
310449
310453
310579
310603
310604
310608
310610
310611
310678
310680
310681
310690
310691
310698
310716
310717
310749
310754
310789
310792
310877
310888
311218
311225
311369
311400
311502
311536
311568
311585
311604
311605
311608
311618
311620
311622
311623
311624
311625
311626
311751
311753
311757
311760
311768
311769
311771
311772
311773
311774
311776
311782
311857
311861
311895
311931
311936
311965
311981
311988
311996
311997
312088
312094
312110
312130
312134
312136
312137
312139
312173
312226
312263
312264
312273
312274
312278
312285
312287
312293
312359
312360
312392
312434
312466
312499
312511
312515
312532
312533
312541
312553
312554
312565
312566
312568
312569
312570
312573
312580
312584
312586
312588
312589
312590
312592
312593
312598
312600
312602
312604
312605
312608
312613
312616
312618
312622
312626
312628
312632
312648
312653
312655
312656
312657
312659
312660
312685
312697
312740
312816
312819
312821
312842
312843
312864
313108
313110
313121
313122
313125
313224
313438
313486
313534
313535
313536
313552
313554
313747
313801
313849
313858
313859
314060
314062
314063
314088
314215
314240
314242
314396
314408
314436
314437
314590
314597
314600
314667
314692
314696
314765
314766
314788
314790
314791
314814
314914
314941
314948
314967
314971
314975
314985
314986
314994
314995
314997
314999
315003
315004
315005
316162
316173
316177
316178
316213
316227
316314
316333
316334
316335
316336
316337
316605
316621
316660
316997
317003
317018
317087
317186
317190
317226
317229
317241
317242
317265
317275
317312
317359
317392
317427
317487
317515
317540
317572
317588
317596
317599
317781
317796
317980
317987
318001
318026
318030
318048
318051
318053
318058
318059
318087
318097
318200
318204
318205
318256
318263
318276
318288
318289
318296
318299
318306
318339
318344
318468
318479
318481
318518
318531
318619
318689
318797
318802
318807
318866
318873
318884
318902
318910
319044
319117
319128
319129
319141
319151
319153
319175
319176
319183
319283
319286
319393
319394
319538
319543
319558
319603
319709
319710
319884
320409
320547
320562
320627
320644
320737
321320
321816
321841
321853
321858
321927
322022
322056
322097
322196
322308
322360
322378
322384
322405
322409
322411
322429
322474
322510
322764
323140
323264
323265
323319
323324
323672
323725
323848
323862
323863
323871
323873
323876
323877
323880
323946
324149
324249
324338
324339
324340
324341
324342
324388
324418
324419
324420
324432
324486
325110
325112
325141
325151
325152
325153
325154
325155
325157
325158
325176
325178
325180
325183
325185
325186
325192
325196
325197
325198
325200
325268
325330
325359
325366
325437
325446
325486
325515
325784
325794
325798
325845
325919
325948
325957
325958
325963
325964
325966
325967
325970
326221
326276
326285
326286
326322
326733
326736
326740
326754
326756
326792
326862
327137
327157
327181
327182
327239
327240
327243
327255
327256
327259
327364
327384
327386
327607
327672
327678
327691
327692
327857
327871
327920
327940
327941
327942
327943
327977
328065
328074
328082
328083
328126
328133
328137
328142
328165
328209
328210
328225
328231
328316
328333
328344
328364
328375
328628
328629
328631
328647
328790
328809
328812
328957
328958
328961
328968
329061
329063
329070
329081
329086
329094
329141
329291
329293
329303
329306
329327
329355
329384
329406
329415
329430
329441
329452
329533
329534
329563
329587
329669
329671
329673
329678
329711
329716
329749
329768
329825
330114
330115
330144
330148
330152
330154
330156
330159
330183
330188
330191
330222
330223
330224
330227
330264
330266
330280
330284
330377
330395
330406
330414
330415
330416
330438
330448
330450
330452
330534
330537
330538
330539
330544
330553
330572
330575
330587
330590
330613
330632
330654
330656
330657
330662
330663
330665
330667
330668
330669
330674
330675
330676
330679
330680
330682
330683
330684
330685
330735
330757
330759
330761
330762
330763
330764
330835
330883
330884
330888
330889
330896
330897
330903
330904
330906
330908
330909
330910
330911
330912
330913
331246
331247
331252
331255
331257
331264
331274
331278
331279
331348
331364
331387
331412
331428
331429
331507
331517
331524
331558
331561
331567
331577
331737
331738
331839
331848
331849
331852
331857
331887
331900
331914
331932
331934
332014
332015
332017
332018
332021
332023
332024
332030
332048
332049
332051
332053
332055
332056
332057
332063
332064
332067
332069
332070
332105
332106
332108
332109
332181
332240
332244
332263
332299
332336
332338
332342
332347
332348
332349
332352
332357
332371
332383
332400
332406
332409
332436
332437
332441
332445
332448
332477
332480
332486
332491
332503
332509
332511
332514
332516
332517
332549
332551
332552
332553
332555
332557
332558
332559
332561
332594
332601
332607
332610
332614
332617
332618
332626
332628
332630
332640
332641
332647
332648
332650
332651
332652
332653
332658
332660
332663
332668
332670
332671
332672
332681
332682
332684
332686
332690
332692
332693
332694
332696
332698
332699
332702
332704
332945
333031
333073
333074
333077
333079
333080
333089
333092
333093
333261
333396
333399
333402
333473
333528
333529
333596
333599
333600
333601
333629
333708
333709
333839
333972
334345
334396
334517
334521
334522
334523
334526
334527
334662
334667
334759
334764
334765
334806
334815
334822
334836
334847
334874
334929
334986
335010
335060
335062
335162
335175
335192
335195
335207
335270
335272
335273
335277
335304
335318
335344
335346
335348
335349
335350
335352
335353
335355
335356
335409
335420
335422
335436
335438
335489
335660
335922
336113
336129
336135
336153
336157
336178
336183
336187
336202
336305
336308
336309
336310
336315
336334
336340
336358
336361
336362
336363
336366
336411
336528
336561
336598
336671
336702
336704
336824
336827
336850
336972
336975
337003
337019
337023
337075
337096
337099
337180
337183
337283
337343
337344
337367
337368
337371
337372
337373
337374
337509
337525
337531
337540
337749
337833
337838
337990
338078
338150
338172
338177
338229
338253
338320
338352
338502
338645
338671
338679
338711
339183
339200
339395
339405
339465
339466
339471
339487
339511
339517
339533
339537
339541
339546
339776
339781
339788
339790
339793
339950
339951
340003
340007
340051
340111
340141
340142
340161
340290
340599
340600
340610
340658
340680
340714
340733
340737
340740
340753
340755
340762
340763
340841
340876
340934
340936
340964
340980
340987
341053
341060
341118
341128
341179
341185
341248
341294
341320
341351
341352
341493
341495
341502
341503
341507
341540
341550
341556
341558
341615
341619
341624
341722
341750
341805
341882
342053
342056
342062
342065
342073
342145
342235
342264
342289
342306
342385
342406
342407
342409
342412
342414
342477
342479
342481
342484
342492
342495
342559
342564
342576
342579
342581
342613
342615
342618
342687
342688
342710
342712
342721
342800
342830
342882
342895
342897
342909
343017
343074
343078
343079
343086
343087
343088
343094
343096
343097
343099
343100
343117
343132
343133
343134
343222
343223
343319
343322
343468
343471
343473
343479
343509
343534
343535
343554
343556
343560
343561
343565
343595
343650
343659
343674
343679
343697
343700
343716
343741
343744
343795
343799
343805
343827
343832
343836
343844
343845
343914
343919
343922
343969
343983
343984
343985
343994
344011
344012
344023
344024
344027
344028
344029
344049
344059
344060
344062
344065
344066
344069
344127
344128
344137
344154
344159
344168
344179
344219
344220
344224
344292
344293
344309
344347
344358
344359
344360
344386
344397
344398
344399
344417
344548
344554
344663
344997
345000
345002
345007
345009
345010
345015
345017
345018
345019
345021
345024
345083
345099
345100
345104
345129
345197
345264
345266
345278
345350
345413
345427
345494
345499
345502
345569
345573
345592
345599
345724
345733
345734
345739
345741
345743
345747
345761
345768
345816
345819
345834
345837
345845
345846
345852
345978
346044
346045
346054
346067
346080
346082
346130
346152
346177
346180
346182
346183
346184
346194
346221
346237
346243
346244
346249
346250
346252
346259
346260
346274
346276
346277
346278
346291
346292
346293
346294
346312
346314
346315
346317
346324
346325
346326
346329
346336
346343
346355
346401
346410
346417
346429
346434
346452
346457
346562
346623
346629
346630
346648
346654
346693
346700
346701
346707
346710
346784
346811
346812
346813
346816
346818
346821
346847
346848
346850
346857
346864
346866
346869
346873
346887
346888
346915
346924
346931
346933
346934
346935
346940
346941
346959
346962
346963
346964
346966
346967
346969
346974
346975
346977
346979
346980
346987
346988
346989
346990
346991
346996
347001
347002
347003
347004
347005
347011
347021
347024
347041
347047
347049
347083
347084
347085
347089
347090
347095
347096
347099
347113
347121
347122
347124
347144
347157
347162
347178
347183
347187
347190
347219
347242
347244
347245
347269
347271
347272
347281
347282
347283
347290
347292
347368
347369
347382
347383
347384
347401
347402
347403
347409
347410
347435
347440
347450
347452
347502
347526
347527
347559
347564
347571
347574
347576
347578
347579
347580
347599
347604
347607
347608
347613
347621
347623
347626
347627
347648
347663
347683
347684
347689
347706
347741
347742
347748
347749
347767
347777
347780
347781
347815
347818
347820
347822
347827
347830
347831
347832
347842
347844
347849
347852
347853
347854
347859
347860
347863
347866
347878
347879
347882
347916
347927
347929
347941
347943
347953
347970
347975
347979
347982
348057
348060
348086
348089
348093
348094
348098
348102
348103
348112
348117
348123
348127
348128
348133
348138
348139
348141
348155
348184
348186
348194
348195
348198
348204
348205
348207
348208
348209
348215
348217
348243
348250
348263
348274
348278
348284
348288
348292
348306
348307
348384
348386
348393
348404
348406
348408
348483
348484
348517
348530
348571
348572
348575
348577
348578
348581
348586
348587
348668
348670
348671
348691
348693
348695
348697
348699
348703
348704
348738
348755
348772
348779
348789
348796
348877
348967
349001
349002
349003
349004
349005
349006
349024
349025
349038
349049
349050
349061
349063
349067
349068
349077
349080
349095
349109
349115
349125
349132
349146
349147
349155
349161
349162
349185
349186
349188
349189
349190
349233
349235
349247
349273
349275
349278
349300
349307
349313
349316
349320
349324
349326
349347
349352
349353
349358
349392
349396
349401
349402
349486
349487
349511
349513
349516
349632
349644
349647
349650
349661
349662
349667
349668
349671
349677
349918
349952
349963
349966
350009
350015
350018
350036
350070
350088
350143
350147
350152
350159
350175
350183
350188
350244
350271
350363
350386
350409
350428
350482
350582
350593
350594
350651
350674
350677
350724
350739
350761
350766
350805
350822
350831
350836
350839
350901
350902
350904
350907
350908
350923
350929
350930
350931
350934
350939
350940
350941
350966
350967
350968
350970
350973
350976
350995
351009
351010
351030
351032
351035
351083
351084
351142
351154
351156
351158
351242
351248
351256
351259
351261
351265
351266
351278
351279
351282
351287
351288
351372
351385
351388
351411
351483
351485
351487
351488
351492
351549
351553
351556
351574
351575
351589
351590
351627
351665
351667
351687
351793
351801
351804
351805
351829
351832
351889
351917
351933
351956
351957
351959
351990
352001
352009
352011
352026
352051
352053
352055
352091
352094
352098
352099
352104
352107
352108
352109
352113
352114
352237
352305
352330
352332
352383
352384
352422
352425
352427
352431
352438
352440
352443
352448
352450
352455
352457
352458
352459
352462
352463
352888
352895
352969
353002
353004
353005
353029
353031
353065
353115
353117
353421
353463
353485
353487
353490
353593
353598
353599
353799
353805
353807
353809
353938
353961
353962
353963
354043
354045
354134
354135
354136
354427
354628
354643
354662
354666
354672
354738
354769
354770
354940
354955
354957
354961
354963
355073
355075
355083
355116
355132
355133
355134
355135
355187
355198
355526
355528
355535
355541
355612
355644
355723
355763
355865
355945
355952
355957
355994
355997
356024
356047
356052
356066
356081
356086
356193
356438
356517
356519
356523
356527
356530
356532
356548
356549
356550
356551
356552
356560
356568
356578
356588
356644
356651
356653
356749
356840
356843
356859
356905
356917
357071
357206
357210
357211
357219
357225
357226
357334
357335
357343
357399
357418
357498
357503
357513
357613
357616
357618
357622
357687
357690
357704
357873
357874
357876
357879
357885
357923
357934
357977
357983
358150
358155
358159
358163
358203
358233
358248
358535
358674
358720
358734
358737
358820
358826
358827
358873
358874
358879
358880
358883
358884
358892
358893
358906
358917
358923
358925
359036
359039
359049
359187
359188
359191
359194
359203
359333
359338
359341
359342
359343
359414
359672
359690
359694
359756
359863
359909
359927
359949
359950
359961
359995
360269
360320
360333
360335
360747
360779
360917
360918
360920
360922
360986
360998
361008
361011
361016
361020
361035
361036
361040
361081
361085
361090
361106
361109
361111
361116
361118
361235
361251
361257
361272
361273
361280
361357
361376
361523
361591
361683
361691
361740
361745
361773
361777
361795
361812
361823
361830
361835
361840
361844
361845
361870
361886
361888
361892
361894
361900
361903
361908
361909
361942
361954
361964
362171
362239
362330
362331
362382
362385
362398
362400
362409
362418
362421
362436
362438
362443
362447
362703
362704
362737
362738
362764
362848
363181
363188
363189
363206
363512
363513
363543
363561
363578
363580
363583
363585
363588
363589
363590
363618
363621
363666
363667
363677
363680
363706
363707
363708
363716
363746
363777
363786
363791
363828
363893
363895
363896
363905
363913
363919
363920
363921
363924
363929
363930
363933
363944
363948
363950
363952
363968
363971
363972
363973
363975
363979
363988
363989
363993
363996
363997
364000
364003
364004
364007
364009
364011
364014
364017
364018
364020
364021
364024
364025
364028
364029
364032
364033
364036
364038
364044
364046
364049
364051
364052
364053
364057
364059
364060
364062
364063
364064
364069
364074
364075
364078
364080
364082
364096
364098
364099
364101
364102
364103
364109
364110
364116
364117
364120
364121
364187
364214
364217
364245
364248
364259
364263
364323
364328
364329
364330
364331
364338
364348
364349
364351
364361
364365
364373
364378
364381
364382
364383
364384
364385
364390
364391
364392
364393
364400
364401
364402
364403
364408
364410
364412
364415
364437
364465
364468
364495
364523
364584
364586
364620
364621
364622
364627
364628
364633
364634
364636
364642
364643
364644
364645
364646
364648
364649
364650
364651
364652
364654
364657
364660
364664
364668
364671
364675
364677
364678
364679
364680
364681
364682
364683
364687
364688
364698
364700
364702
364706
364709
364710
364712
364713
364716
364717
364719
364721
364724
364727
364729
364730
364731
364732
364733
364736
364739
364744
364745
364749
364753
364754
364755
364757
364766
364770
364771
364776
364778
364779
364780
364782
364783
364790
364792
364796
364798
364801
364802
364804
364805
364806
364807
364808
364809
364810
364816
364817
364819
364821
364823
364824
364826
364827
364829
364831
364832
364834
364835
364836
364837
364838
364839
364840
364841
364843
364845
364846
364847
364848
364852
364855
364858
364863
364867
364870
364871
364872
364873
364874
364875
364880
364884
364890
364891
364893
364896
364900
364901
364903
364911
364914
364916
364917
364922
364923
364925
364927
364930
364931
364933
364938
364939
364941
364942
364943
364946
364947
364949
364950
365033
365111
365214
365228
365291
365294
365295
365299
365322
365471
365477
365592
365594
365756
365835
366073
366119
366235
366236
366240
366241
366243
366346
366348
366349
366353
366567
366750
366753
366761
366764
366795
366797
366806
366807
366808
366810
366814
366815
366816
366817
366829
366831
366832
366837
366838
366859
366860
366861
366862
366863
366907
366908
366909
366956
366971
367015
367017
367019
367023
367056
367057
367058
367074
367088
367093
367094
367102
367124
367164
367176
367215
367250
367295
367304
367312
367313
367314
367318
367319
367348
367360
367372
367420
367464
367540
367558
367560
367573
367591
367593
367599
367617
367618
367623
367625
367626
367627
367629
367631
367660
367661
367727
367732
367746
367747
367753
367755
367756
367757
367768
367769
367776
367778
367780
367784
367792
367793
367796
367799
367801
367805
367813
367814
367819
367820
367821
367822
367828
367829
367831
367832
367840
367841
367844
367845
367848
367849
367850
367856
367909
367914
367916
367917
367918
367921
367922
367924
367940
367943
367951
367953
367954
367956
367961
367997
368004
368006
368008
368190
368220
368221
368226
368230
368252
368259
368305
368308
368330
368340
368439
368452
368453
368466
368474
368475
368476
368479
368502
368509
368513
368514
368590
368595
368607
368613
368621
368622
368625
368626
368627
368637
368681
368721
368731
368743
368782
368882
368885
368886
368919
368921
368923
368927
369205
369228
369229
369308
369316
369330
369344
369356
369416
369442
369487
369496
369500
369503
369528
369532
369548
369568
369577
369580
369637
369645
369719
369794
369801
369805
369809
369811
369840
369841
369846
369848
369849
369850
369853
369956
369958
369959
369962
369965
369968
369970
369973
369993
369994
369999
370013
370043
370082
370090
370107
370131
370157
370185
370196
370213
370250
370260
370289
370345
370354
370373
370375
370377
370388
370389
370391
370398
370399
370416
370425
370449
370453
370455
370456
370464
370492
370524
370533
370536
370582
370592
370609
370620
370645
370646
370656
370659
370662
370663
370674
370681
370688
370705
370719
370728
370793
370795
370923
370952
370959
370995
371001
371048
371054
371055
371058
371104
371181
371185
371201
371210
371211
371314
371315
371316
371338
371357
371371
371379
371399
371409
371410
371414
371510
371513
371516
371526
371604
371606
371682
371799
371926
371933
371935
371938
372004
372097
372141
372148
372187
372196
372201
372347
372351
372594
372618
372619
372707
372819
373323
373468
373478
373497
373542
373571
373582
374021
374027
374052
374128
374129
374138
374143
374150
374151
374152
374337
374338
374441
374456
374458
374474
374493
375063
375116
375195
375207
375212
375221
375228
375230
375235
375241
375270
375280
375281
375283
375284
375285
375290
375422
375676
375695
375697
375916
376155
376160
376286
376332
376585
376763
376831
376843
376893
376917
376957
376991
377025
377028
377029
377169
377170
377179
377184
377186
377245
377375
377494
377496
377548
377558
377563
377594
377597
377598
377600
377609
377618
377632
377710
377740
377746
377761
377768
377807
377946
377947
377948
377953
377955
377956
377969
377975
377987
377988
377994
377996
377998
377999
378011
378012
378017
378019
378168
378585
378586
378595
378597
378600
378602
378604
378605
378616
378626
378642
378644
378754
378999
379011
379012
379037
379043
379044
379046
379047
379048
379049
379050
379053
379066
379073
379075
379076
379078
379080
379081
379082
379083
379084
379182
379189
379193
379195
379200
379340
379347
379350
379356
379358
379381
379416
379483
379485
379544
379546
379574
379645
379646
379650
379651
379743
379755
379760
380098
380291
380299
380309
380337
380532
380539
380540
380541
380542
380548
380555
380556
380557
380560
380611
380612
380633
380636
380638
380639
380643
380644
380647
380686
380690
380693
380696
380697
380698
380727
380728
380752
380799
380814
380817
380821
380849
380893
380894
380897
380898
380904
380914
381040
381076
381077
381088
381090
381092
381106
381108
381119
381120
381121
381134
381137
381194
381326
381329
381331
381333
381334
381335
381376
381392
381412
381415
381547
381550
381573
381574
381582
381583
381584
381586
381587
381592
381595
381596
381617
381619
381640
381695
381711
381713
381716
381717
381718
381726
381727
381730
381740
381754
381755
381764
381771
381772
381786
381787
381788
381790
381986
381987
381991
381994
381995
381997
382030
382031
382080
382169
382189
382198
382226
382229
382440
382461
382464
382492
382548
382551
382676
382677
382746
382748
382817
382836
382837
384003
384006
384008
384009
384060
384069
384086
384129
384133
384177
384405
384419
384430
384431
384433
384435
384473
384481
384491
384496
384498
384504
384505
384583
384618
384621
384622
384624
384629
384632
384633
384641
384712
384974
384996
384999
385077
385401
385412
385479
385498
385531
385535
385551
385554
385817
385819
385850
385851
385854
385858
385862
385869
385870
386035
386036
386037
386229
386252
386257
386258
386262
386263
386267
386268
386320
386341
386342
386344
386345
386347
386350
386351
386353
386354
386432
386439
386463
386468
386569
386939
386944
386987
387162
387163
387166
387178
387180
387198
387199
387209
387210
387232
387243
387275
387306
387307
387363
387381
387390
387391
387392
387396
387400
387406
387414
387434
387435
387444
387445
387472
387493
387595
387623
387645
387651
387659
387672
387701
387706
387707
387775
387778
387781
387790
387796
387797
387798
387819
387821
387842
387855
387856
387859
387899
387924
387977
388003
388005
388045
388050
388059
388061
388077
388092
388117
388118
388159
388210
388213
388215
388225
388290
388301
388302
388303
388309
388311
388314
388315
388316
388366
388384
388598
388604
388605
388623
388631
388673
388674
388675
388681
388682
388683
388684
388706
388707
388710
388711
388712
388739
388741
388742
388756
388758
388759
388760
388766
388769
388770
388771
388893
388912
388913
388914
388915
388922
388928
388935
388940
388945
388951
388956
388971
389035
389041
389047
389048
389049
389050
389074
389078
389079
389080
389081
389082
389085
389086
389098
389103
389106
389107
389109
389111
389113
389149
389171
389187
389200
389257
389285
389289
389301
389326
389330
389331
389333
389334
389335
389338
389342
389364
389444
389452
389525
389575
389579
389657
389658
389659
389664
389665
389666
389667
389668
389671
389675
389681
389682
389702
389714
389915
390026
390030
390032
390039
390041
390042
390045
390046
390049
390061
390062
390064
390065
390081
390087
390383
390478
390480
390481
390490
390491
390492
390526
390583
390609
390659
390681
390686
390772
390778
390781
390783
390871
390875
390881
390883
390885
390886
390895
390909
391182
391183
391190
391195
391198
391202
391205
391206
391207
391208
391230
391239
391247
391251
391263
391270
391274
391284
391298
391299
391310
391322
391323
391712
391761
391763
391938
391964
391975
392023
392054
392104
392106
392120
392330
392331
392346
392387
392388
392389
392398
392400
392808
392827
392876
392972
392979
392986
393083
393115
393119
393130
393177
393217
393222
393290
393293
393295
393330
393394
393398
393423
393425
393435
393436
393437
393438
393439
393448
393449
393458
393470
393482
393495
393496
393500
393513
393531
393538
393545
393546
393547
393548
393558
393561
393583
393584
393593
393784
393978
393979
393982
394069
394136
394138
394152
394190
394251
394271
394292
394293
394701
394732
394807
394813
394858
394903
394911
394934
395128
395133
395140
395142
395143
395144
395151
395153
395163
395164
395204
395212
395214
395215
395217
395236
395254
395256
395328
395331
395339
395356
395357
395359
395360
395376
395391
395399
395400
395401
395414
395415
395425
395496
395946
396036
396040
396044
396122
396895
396906
396913
396927
396931
396950
396968
396971
397007
397013
397014
397021
397023
397026
397031
397032
397048
397049
397053
397057
397077
397079
397119
397138
397143
397148
397151
397157
397171
397173
397193
397195
397209
397210
397214
397244
397271
397272
397276
397277
397289
397292
397294
397295
397296
397297
397514
397769
398141
398207
398577
398606
398863
398864
398867
398870
398872
398873
398875
398876
398877
399144
399149
399155
399209
399214
399221
399236
399240
399641
399759
399763
399764
399766
399769
399770
399771
399772
399773
399788
399797
399837
399839
399902
399988
400002
400014
400016
400053
400104
400117
400155
400206
400226
400268
400405
400583
400586
400589
400590
400591
400593
400670
400746
400750
400863
400866
400870
400878
400900
400906
400907
400909
400911
400919
400920
400926
400927
400928
400929
401085
401087
401090
401107
401126
401153
401173
401184
401223
401267
401391
401395
401398
401414
401519
401523
401525
401526
401528
401529
401606
401692
401696
401779
401782
401785
401786
401793
401814
401821
401826
401827
401829
401831
401833
401834
401841
401842
401852
401859
401866
401870
401871
401879
401880
401881
401882
402027
402039
402162
402255
402279
403066
403220
403221
403223
404709
404914
405477
405497
406137
406138
406143
406146
406147
406157
406227
406228
406233
406276
406277
406281
406283
406284
406285
406286
406287
406288
406300
406306
406307
406308
406309
406311
406313
406314
406318
406319
406321
406322
406324
406325
406332
406333
406334
406335
406336
406337
406339
406340
406341
406344
406348
406365
406367
406368
406371
406372
406374
406377
406393
406399
406402
406403
406413
406415
406416
406418
406420
406422
406425
406426
406429
406435
406436
406437
406438
406439
406441
406442
406760
406764
406823
406825
406826
406828
406843
406849
406855
406892
406899
406901
406917
406918
406969
406972
406979
407006
407008
407016
407018
407019
407047
407061
407070
407072
407090
407106
407131
407137
407162
407276
407318
407352
407406
407438
407476
407541
407552
407555
407563
407573
407584
407603
407608
407635
407757
407762
407863
407865
407916
407923
407929
408122
408132
408144
408146
408183
408335
408500
408518
408620
408791
409261
409262
409273
409284
409288
409352
409384
409414
409416
409457
409463
409470
409482
409587
409595
409597
409600
409601
409603
409604
409749
409886
409930
410144
410285
410346
410524
410636
411449
411458
411466
411472
411591
411623
411630
411631
411632
411831
411832
411836
411867
412139
412511
412535
412570
412578
412588
412612
412772
412785
412786
412794
412874
412901
412917
412929
412938
412940
412942
412943
412944
413262
413277
413287
413294
413296
413297
413303
413310
413333
413465
413527
414231
414447
414515
414521
414648
414858
414860
414861
414862
414863
414864
414866
414870
414874
415291
415292
415293
415294
415295
415296
415297
415298
415299
415302
415303
415305
415306
415307
415310
415311
415314
415315
415316
415317
415318
415321
415324
415325
415326
415327
415328
415330
415333
415334
415343
415344
415350
415351
415357
415362
415374
415375
415460
415463
415464
415467
415468
415470
415472
415474
415476
415481
415483
415484
415485
415498
415500
415501
415503
415504
415505
415508
415510
415514
415516
415517
415518
415528
415532
415535
415536
415539
415543
415546
415547
415564
415567
415569
415570
415572
415573
415574
415576
415577
415578
415579
415580
415590
415595
415596
415597
415598
415599
415601
415602
415603
415604
415605
415606
415609
415618
415619
415620
415967
415969
415970
415971
416018
416021
416024
416025
416026
416027
416175
416541
416542
416549
416550
416751
416759
416762
416775
416795
417087
417106
417223
417261
417324
417327
417336
417407
417412
417421
417425
417483
417501
417505
417575
417576
417652
417682
417749
417853
417906
417910
417922
417938
417939
417941
417953
417962
417963
417973
417980
417981
417988
417995
417996
418010
418011
418012
418097
418101
418128
418330
418335
418337
418342
418345
418346
418348
418349
418350
418351
418352
418604
418609
418610
418613
418615
418618
418620
418625
418991
419003
419067
419078
419088
419095
419107
419121
419122
419130
419132
419150
419154
419196
419229
419248
419250
419273
419275
419295
419299
419302
419309
419311
419329
419340
419346
419378
419395
419413
419428
419501
419503
419504
419506
419509
419542
419544
419547
419550
419552
419578
419579
419592
419604
419626
419627
419635
419655
419659
419663
419667
419670
419699
419702
419706
419711
419832
419834
419839
419840
419841
419850
419851
419852
419979
419981
419983
419995
420010
420011
420037
420051
420077
420092
420176
420253
420259
420266
420279
420347
420348
420351
420353
420362
420364
420366
420370
420371
420375
420376
420387
420403
420412
420420
420431
420442
420456
420470
420542
420546
420548
420559
420563
420576
420577
420602
420603
420610
420612
420613
420620
420621
420622
420628
420632
420634
420635
420663
420664
420668
420669
420788
420797
420863
420864
420914
420916
420991
421001
421085
421106
421107
421113
421114
421123
421142
421143
421158
421377
421416
421534
421535
421627
421779
421795
421848
421850
421867
421901
421924
421937
421938
421949
421997
421999
422045
422120
422216
422239
422242
422249
422252
422254
422501
422534
422562
422568
422592
422601
422603
422623
422640
422688
422691
422707
422750
422753
422796
422797
422798
422799
422800
422810
422811
422813
422827
422843
422848
422854
422857
422860
422861
422864
422865
422866
422920
422921
422923
422924
422927
422936
422941
422944
422945
422947
422952
422957
422958
422959
423000
423006
423020
423021
423052
423060
423062
423065
423066
423075
423078
423087
423096
423137
423154
423156
423187
423329
423333
423343
423380
423392
423405
423409
423411
423412
423421
423432
423487
423488
423505
423510
423512
423514
423516
423518
423520
423523
423605
423656
423661
423662
423722
423826
423832
423834
423836
423838
423842
423847
423848
423851
423899
423901
423902
423911
423912
423913
423928
423929
423932
423940
423961
423962
423963
423966
423967
423969
423970
423971
423972
423974
423977
423981
423984
423992
423993
423994
423995
423998
424000
424002
424012
424014
424021
424030
424045
424046
424067
424073
424118
424127
424139
424146
424150
424153
424160
424162
424168
424172
424195
424207
424223
424224
424225
424226
424227
424229
424236
424237
424283
424296
424303
424304
424305
424318
424336
424338
424340
424343
424373
424383
424408
424412
424422
424424
424431
424460
424466
424467
424470
424471
424473
424489
424494
424503
424508
424511
424517
424582
424606
424607
424608
424609
424627
424640
424642
424651
424652
424657
424678
424693
424702
424703
424705
424722
424731
424756
424757
424758
424761
424772
424775
424811
424812
424814
424818
424830
424831
424832
424833
424835
424837
424838
424840
424854
424857
424859
424860
424861
424862
424863
424865
424875
424876
424877
424879
424880
424881
424882
424883
424884
424898
424920
424927
424934
425002
425034
425035
425046
425050
425073
425080
425094
425095
425103
425104
425115
425178
425191
425218
425235
425245
425257
425260
425261
425262
425263
425265
425268
425271
425272
425273
425286
425288
425291
425304
425308
425313
425322
425323
425327
425333
425335
425340
425347
425349
425350
425355
425360
425361
425369
425372
425373
425559
425566
425569
425570
425572
425576
425584
425589
425592
425595
425597
425608
425609
425627
425634
425641
425646
425647
425649
425670
425685
425688
425703
425726
425728
425794
425819
425820
425854
425855
425868
425870
425893
425923
425976
426043
426053
426054
426056
426057
426098
426100
426103
426104
426105
426106
426133
426142
426143
426147
426148
426149
426151
426152
426153
426154
426178
426250
426262
426263
426266
426271
426275
426287
426337
426339
426428
426431
426432
426433
426435
426436
426449
426483
426485
426490
426506
426530
426589
426601
426661
426672
426677
426825
426850
426852
426855
426858
426860
426861
426881
426883
426903
426922
426923
426925
426939
427029
427034
427037
427049
427050
427066
427067
427068
427083
427087
427093
427094
427104
427124
427129
427140
427168
427169
427170
427175
427176
427180
427184
427185
427187
427188
427190
427191
427192
427202
427212
427213
427216
427228
427229
427263
427264
427272
427286
427288
427392
427395
427396
427477
427497
427548
427558
427592
427593
427595
427596
427598
427678
427963
427966
427972
427979
427986
428004
428005
428039
428040
428041
428047
428048
428049
428052
428053
428055
428057
428058
428060
428061
428072
428078
428082
428087
428092
428096
428101
428105
428109
428113
428114
428115
428120
428123
428127
428128
428180
428187
428190
428192
428194
428199
428257
428259
428260
428262
428263
428277
428278
428279
428280
428283
428285
428286
428293
428294
428296
428298
428299
428300
428301
428320
428321
428322
428323
428324
428329
428355
428357
428359
428369
428375
428376
428381
428384
428389
428401
428403
428405
428406
428414
428446
428452
428458
428473
428484
428501
428502
428503
428504
428512
428520
428521
428522
428557
428565
428566
428575
428720
428728
428742
428743
428828
428898
428924
428925
428926
428982
428983
428990
428991
429003
429004
429005
429006
429008
429009
429012
429013
429018
429019
429021
429024
429038
429042
429043
429049
429055
429059
429068
429069
429074
429076
429077
429081
429082
429083
429093
429094
429095
429097
429109
429110
429111
429113
429114
429120
429121
429122
429123
429126
429128
429130
429131
429132
429133
429137
429138
429143
429147
429150
429151
429155
429156
429167
429168
429169
429171
429280
429285
429286
429287
429292
429303
429355
429357
429369
429394
429400
429442
429443
429444
429447
429455
429487
429488
429492
429496
429497
429503
429505
429506
429513
429518
429524
429526
429527
429573
429575
429576
429580
429582
429584
429592
429594
429596
429600
429611
429616
429622
429623
429624
429630
429644
429649
429664
429675
429705
429765
429767
429772
429774
429776
429779
429798
429802
429867
429868
429900
429907
429960
429962
429978
429979
429994
430064
430066
430070
430071
430072
430073
430074
430075
430078
430094
430095
430096
430100
430103
430135
430164
430170
430172
430173
430175
430182
430207
430211
430212
430215
430217
430221
430224
430227
430229
430230
430232
430243
430251
430252
430254
430255
430276
430281
430282
430283
430289
430294
430306
430309
430514
430524
430527
430535
430536
430538
430539
430541
430542
430547
430576
430594
430600
430601
430617
430623
430627
430675
430688
430696
430697
430730
430731
430738
430739
430744
430777
430783
430793
430804
430812
430823
430825
430835
430840
430842
430850
430854
430855
430868
430869
430872
430873
430876
430877
430934
431049
431052
431111
431118
431119
431142
431150
431151
431208
431209
431221
431226
431227
431229
431349
431771
431773
431774
431805
431932
431934
431936
431939
431941
431942
431946
432114
432269
432310
432353
432356
432487
432491
432505
432508
432513
432516
432659
432711
432713
432725
432727
432734
432805
432889
432920
432943
433028
433100
433104
433106
433112
433116
433117
433141
433144
433145
433146
433147
433150
433155
433156
433183
433495
433496
433501
433502
433503
433505
433506
433511
433524
433525
433526
433528
433530
433622
433671
433676
433685
433761
433796
433825
433826
433829
433830
433841
433850
433937
434120
434124
434129
434130
434131
434145
434148
434151
434188
434216
434218
434219
434240
434529
434555
434565
434622
435055
435064
435087
435107
435121
435124
435125
435126
435127
435131
435147
435151
435152
435172
435207
435208
435212
435283
435322
435612
435632
435641
435645
435656
435669
435670
435671
435752
435777
435781
435831
435840
435845
435848
435876
435877
435884
435887
435903
435919
435942
435956
435995
436012
436013
436026
436029
436031
436094
436096
436098
436151
436280
436299
436302
436389
436414
436498
436503
436515
436576
436591
436597
436626
436630
436636
436637
436749
436757
436758
436759
436760
436761
436822
436848
436900
436902
436903
436904
436905
436909
437133
437134
437135
437139
437140
437197
437200
437201
437203
437204
437348
437350
437359
437366
437738
437773
437813
437817
437824
437825
437842
437849
437850
437851
437859
437862
437863
437867
437868
437942
437960
437961
437962
437974
437990
438059
438141
438266
438276
438304
438329
438331
438340
438341
438344
438417
438432
438436
438437
438439
438440
438445
438457
438460
438464
438470
438474
438477
438483
438500
438527
438528
438529
438541
438544
438545
438546
438548
438551
438584
438587
438589
438590
438592
438593
438598
438606
438624
438654
438656
438658
438661
438804
440342
441464
442293
442972
444341
444342
444437
444439
444517
444519
444567
444598
444625
444748
444751
444756
444758
444760
444762
444763
445012
445044
445051
445053
445856
445857
445859
445868
445870
448525
448741
449349
449465
449466
449486
449501
449515
449586
449821
449825
449831
450007
450019
450146
450150
450152
450154
450156
450158
450159
450163
450168
450169
450170
450172
450203
450205
450206
450207
450209
450219
450227
450229
450230
450865
450872
450874
450875
450876
450877
450879
450880
450913
450914
450921
450924
450925
450926
450927
450928
450929
450930
450931
450933
450941
450943
450944
451333
451347
451354
451358
451438
452691
452764
452815
452885
452908
452927
452965
452974
452976
453025
453028
453031
454158
454213
454258
454261
454311
454316
454323
454325
454326
454341
454346
454450
454481
454543
454546
454608
454683
454983
455148
455345
455377
455400
455401
455559
455861
456863
456905
457289
457586
458180
458429
458443
458447
458449
458453
458461
458988
459133
459387
459390
459391
459458
459469
459473
459474
459534
459620
459717
459719
459823
459824
460010
460023
460024
460027
460117
460141
460147
460151
460221
460274
460347
460357
460478
460485
460493
460551
460558
460559
460624
460633
460818
460841
460858
460860
460865
460869
460879
460884
460887
460904
460911
460913
461170
461363
461366
461379
461380
461381
461382
461385
461386
461387
461706
461726
461997
461998
462035
462234
462327
462336
462548
462576
462580
462594
462601
463145
463150
463151
463163
463166
463167
463169
463835
464302
464323
464427
464428
464432
464434
464503
464559
464651
464725
464796
465077
465120
465164
465243
465464
465574
465589
465792
465830
465859
465863
465873
466046
466048
466058
466084
466087
466226
466227
466272
466273
466327
466345
466362
466390
466436
466444
466679
466680
466689
466699
466701
466705
466710
466711
466754
466770
466780
466785
466791
466804
466830
466837
466860
466871
466945
466971
467052
467056
467346
467427
467431
467437
467464
467474
467475
467774
467826
467888
467931
467934
468009
468054
468058
468240
468601
468622
468631
469091
469094
469123
469212
469213
469229
469241
469242
469245
469305
469306
469379
469451
469477
469479
469592
469662
469665
469826
469830
469894
469904
469910
469915
469950
470003
470048
470104
470106
470123
470140
470148
470154
470173
470185
470199
470234
470237
470245
470287
470322
470325
470326
470359
470414
470415
470416
470417
470420
470421
470422
470423
470425
470443
470496
470522
470529
470530
470537
470540
470552
470557
470570
470577
470580
470581
470582
470649
470657
470660
470668
470670
470671
470672
470673
470674
470728
470735
470736
470740
470741
470742
470743
470744
470979
471068
471070
471106
471114
471119
471123
471128
471139
471142
471194
471203
471208
471211
471225
471436
471676
471683
471684
471685
471698
472141
472153
472333
472336
472362
472364
472369
472371
472623
472630
472634
472642
473331
473400
473451
473462
473463
473574
473576
473584
473996
474031
474068
474106
474266
474267
474275
474284
474286
474288
474291
474292
474352
474367
474369
474396
474409
474413
474414
474422
474428
474429
474430
474433
474434
474435
474436
474437
474438
474440
474446
474448
474489
474496
474556
474571
474585
474586
474588
474589
474591
474604
474607
474612
474618
474625
474633
474638
474645
474651
474652
474663
474666
474670
474677
474707
474711
474740
474742
474743
474747
474797
474821
474825
474826
474829
474831
474833
474834
474867
474872
474884
474902
474918
474925
475029
475066
475140
475163
475164
475171
475236
475279
475284
475295
475312
475313
475358
475645
475674
475727
475924
475932
475933
475934
475935
475943
476011
476030
476114
476115
476117
476118
476119
476120
476147
476170
476189
476366
476374
476379
476408
476410
476468
476483
476491
476500
476513
476514
476517
476518
476527
476533
476555
476558
476560
476588
476595
476603
476606
476608
476611
476632
476638
476652
476657
476700
476712
476723
476736
476748
476750
476752
476753
476785
476786
476787
476791
476837
476849
476851
476859
476861
476875
476887
476938
476948
476950
476953
476959
477000
477006
477011
477013
477041
477059
477070
477071
477072
477074
477075
477118
477125
477157
477170
477171
477176
477177
477181
477183
477196
477197
477198
477201
477215
477225
477229
477233
477250
477253
477254
477260
477265
477276
477277
477279
477288
477301
477313
477314
477316
477322
477388
477395
477414
477419
477420
477422
477427
477429
477430
477431
477432
477433
477434
477456
477458
477461
477462
477503
477514
477523
477524
477546
477547
477552
477565
477570
477585
477587
477589
477593
477619
477632
477635
477637
477638
477641
477644
477646
477648
477668
477674
477726
477730
477735
477743
477753
477762
477771
477777
477778
477804
477805
477811
477819
477821
477824
477826
477993
477994
478001
478002
478006
478007
478015
478020
478045
478129
478148
478398
478411
478470
478477
478508
478509
478526
478527
478529
478580
478587
478605
478607
478628
478630
478631
478645
478646
478653
478686
478698
478699
478702
478799
478881
478926
478932
478938
478942
478957
478959
478967
478995
478998
478999
479002
479084
479085
479086
479101
479113
479114
479115
479130
479162
479186
479243
479247
479248
479250
479252
479253
479277
479278
479279
479314
479344
479346
479348
479350
479351
479353
479354
479356
479366
479373
479375
479376
479803
479804
479837
479842
479890
479893
479900
479919
479920
479928
479929
479930
479957
479963
479965
479967
479969
479971
479972
479992
480006
480009
480016
480029
480062
480064
480065
480066
480068
480069
480075
480083
480087
480097
480104
480105
480106
480153
480157
480160
480164
480168
480170
480172
480173
480176
480182
480191
480203
480206
480207
480210
480211
480213
480218
480225
480228
480230
480240
480253
480259
480260
480282
480288
480289
480293
480296
480333
480365
480379
480381
480382
480384
480391
480398
480411
480413
480414
480416
480476
480489
480495
480499
480500
480511
480512
480580
480584
480586
480587
480616
480625
480626
480635
480638
480640
480641
480648
480649
480660
480663
480678
480680
480681
480719
480742
480763
480765
480781
480786
480788
480793
480794
480797
480801
480802
480803
480847
480848
480863
480864
480873
480875
480876
480877
480879
480884
480885
480888
480889
480893
480894
480895
480896
480897
480931
480932
481003
481009
481010
481039
481082
481103
481160
481176
481189
481194
481197
481199
481202
481205
481206
481209
481211
481213
481224
481225
481226
481229
481232
481251
481312
481319
481327
481336
481353
481354
481357
481364
481365
481366
481368
481370
481372
481373
481376
481380
481381
481384
481385
481386
481405
481407
481457
481458
481460
481462
481463
481473
481476
481477
481487
481492
481501
481502
481540
481570
481588
481589
481594
481616
481621
481622
481649
481652
481657
481659
481660
481661
481664
481666
481667
481669
481675
481683
481685
481686
481687
481688
481692
481694
481695
481696
481697
481714
481717
481728
481738
481739
481740
481741
481744
481766
481774
481775
481784
481814
481815
481914
481933
481991
482026
482061
482063
482077
482081
482096
482102
482103
482163
482171
482194
482197
482198
482200
482202
482225
482233
482234
482238
482241
482245
482250
482252
482253
482275
482276
482282
482285
482289
482301
482302
482330
482353
482356
482368
482399
482415
482431
482432
482433
482455
482456
482457
482458
482461
482532
482537
482540
482542
482543
482570
482579
482588
482605
482606
482607
482609
482612
482627
482629
482643
482649
482658
482659
482664
482666
482667
482669
482670
482694
482696
482700
482701
482709
482713
482718
482731
482741
482747
482751
482770
482867
482874
482946
482949
482953
482966
482968
482975
482976
482999
483022
483033
483052
483073
483144
483153
483164
483165
483171
483176
483201
483213
483216
483223
483261
483278
483280
483291
483295
483311
483314
483315
483345
483354
483356
483437
483439
483446
483449
483522
483523
483524
483552
483555
483576
483577
483583
483585
483586
483587
483594
483596
483597
483599
483659
483666
483671
483672
483681
483682
483684
483686
483687
483690
483710
483711
483712
483713
483716
483758
483759
483760
483766
483770
483771
483812
483828
483862
483863
483878
483891
483892
483893
483898
483899
483900
483969
483971
483972
484075
484080
484083
484096
484102
484108
484115
484157
484164
484166
484173
484182
484186
484195
484356
484381
484393
484394
484437
484473
484492
484494
484496
484502
484507
484510
484513
484600
484607
484608
484625
484635
484647
484656
484671
484681
484682
484714
484741
484815
484879
484887
484888
484939
485039
485148
485149
485153
485167
485263
485265
485269
485271
485277
485280
485281
485283
485292
485294
487117
487118
487131
487364
487628
487685
488097
488100
488104
488105
488107
488108
488111
489527
489528
489531
489591
489594
489690
489693
489721
490329
490332
490334
490335
490738
491589
491610
491776
491867
491891
491939
491943
491970
492182
492242
492244
492405
492407
492408
492440
492443
492445
492448
492458
492459
492465
492512
492520
492547
492617
492620
492624
492626
492639
492640
492641
492642
492647
492649
492650
492651
492660
492683
492770
492779
492799
492813
492825
492848
492866
492905
492925
492927
492951
492979
492995
493003
493004
493508
493530
493623
493632
493642
493654
493662
493682
493704
493744
493780
493846
493858
493861
493870
493871
493875
494155
494166
494282
494296
494383
494461
494483
494486
494491
494492
494501
494511
494516
494519
494554
494636
494655
494678
494680
494686
494699
494705
494735
494737
494738
494740
494741
494743
494746
494751
494755
494776
494808
494890
494895
494900
494902
494918
494925
495085
495088
495094
495195
495257
495261
495409
495434
495487
495494
495497
495502
495621
495630
495668
495672
495673
495675
495677
495692
495693
495696
495699
495715
495765
495770
495777
495845
495868
495933
495938
495940
495941
495942
495978
496000
496134
496157
496166
496201
496210
496242
496312
496340
496502
496525
496561
496813
496890
496916
497115
497137
497138
497147
497203
497205
497217
497218
497232
497257
497266
497280
497285
497286
497288
497291
497292
497294
497298
497401
497438
497493
497505
497540
497619
497631
497634
497635
497639
497644
497685
497688
497694
497716
497748
497771
497917
497983
498078
498125
498127
498136
498151
498399
498471
498472
498533
498755
498838
498841
498854
498868
498869
498871
498872
499293
500054
500582
500589
500591
500592
501059
501352
501531
501806
502025
502070
502132
502162
502163
502176
502181
502214
502220
502221
502266
502269
502271
502273
502274
502276
502286
502297
502298
502300
502302
502303
502304
502307
502315
502348
502420
502623
502628
502629
502630
502631
502632
502634
502635
502651
502656
502657
502658
502660
502661
502663
502664
502669
502677
502680
502681
502683
502692
502877
504484
504503
504861
505123
505124
505386
505629
505635
506807
506840
506857
506997
507005
507006
507007
507208
507277
507279
507285
507287
507288
507290
507472
507841
508095
508153
508426
508430
508513
508527
508695
508829
508896
509070
509077
509078
509079
509087
509089
509274
509290
509455
509534
509535
509550
509593
509594
509599
509713
509816
509823
509824
509825
509832
510033
510239
510546
510550
511365
511366
511897
511956
511962
511980
512057
512148
512150
512152
512154
512157
512165
512167
512205
512244
512262
512321
512324
512325
512463
512491
512803
512805
512810
512811
512819
512934
512940
512958
513068
513420
513601
513609
513796
513807
513907
514144
514145
514330
514413
514419
514841
515142
515147
515263
515318
515321
515337
515488
515489
515501
515508
515511
515512
515515
515516
515686
515778
515780
515781
515782
515796
515833
515933
515948
515971
515978
516136
516429
516430
516683
516687
516852
516973
516982
516997
516998
516999
517004
517005
517006
517046
517165
517194
517195
517199
517202
517277
517371
517396
517405
517406
517407
517462
517467
517472
517663
517745
517766
518378
518485
518560
518761
518764
519309
519311
519345
519346
519377
520021
520027
520254
521041
521049
521051
521052
521056
521324
521329
521350
521352
521366
521380
521381
521402
521405
521412
521413
521414
521420
521801
521803
521805
521807
521810
521948
522172
522178
522182
522240
522245
522260
522272
522282
522283
522347
522420
522429
522430
522431
522433
522434
522440
522458
522459
522461
522465
522470
522474
522556
522570
522587
522634
522635
522639
522641
522649
522804
522814
522830
522844
522850
522852
522854
522867
522873
522883
522899
522903
522908
522910
522912
522924
522998
523000
523020
523028
523210
523229
523341
523398
523417
523422
523428
523435
523437
523455
523729
524027
524152
524234
524235
524275
524281
524496
524499
524500
524506
524534
524535
524547
524555
524568
524578
525131
525132
525168
525173
525189
525190
525201
525238
525252
525265
525273
525275
525341
525347
525350
525353
525354
525442
525561
525565
525570
525747
525974
525987
526062
526065
526160
526163
526170
526177
526186
526210
526219
526220
526223
526333
526362
526363
526364
526365
526367
526368
526370
526533
526536
526538
526541
526583
526599
526602
526742
526743
526789
526790
526798
526799
526800
526801
526802
526803
526806
526809
526813
527213
527244
527247
527563
527574
527757
527805
528223
528281
528377
528385
528398
528486
528587
528612
528630
528694
528703
528704
528795
528796
528799
528800
528801
528802
528803
528804
528805
528807
528808
528809
528944
529013
529159
529162
529180
529197
529199
529202
529208
529209
529210
529211
529213
529214
529218
529248
529263
529268
529276
529279
529340
529390
529429
529435
529597
529603
530160
530169
530170
530175
531030
531053
531252
531286
531316
531348
531371
531391
531437
531500
531502
531703
531719
531724
531732
531733
531828
531829
532007
532080
532146
532148
532151
532157
532334
532335
532338
532342
532348
532351
533392
533485
534721
534744
534745
534746
534770
534831
534895
534907
535152
535198
535200
535336
535352
535414
535415
535501
535503
535508
535513
535514
535516
535517
535519
535520
535523
535533
535534
535538
535544
535584
535585
535628
535630
535664
535674
535677
535678
535701
535705
535707
535715
535737
535745
535755
535762
535765
535788
535827
535831
535847
535859
535868
535885
535897
535902
535904
535906
535955
535979
535985
535993
535994
536000
536008
536017
536021
536022
536132
536142
536363
536380
536385
536581
536604
536687
536781
536853
536971
537344
537397
537470
537627
537634
537777
537935
537954
538157
538226
538291
538335
538405
538468
538484
538524
538752
538754
538786
538794
538797
538798
538810
538812
538921
539989
540052
540065
540077
540175
540176
540177
540304
540310
540346
541180
541183
541323
541324
541330
541358
541359
541371
541375
541399
541400
541401
541407
541409
541411
541416
541417
541438
541443
541449
541450
541458
541461
541467
541468
541478
541503
541523
541525
541539
541540
541542
541546
541548
541549
541557
541589
541590
541596
541597
541604
541618
541621
541623
541624
541629
541631
541632
541633
541635
541636
541638
541639
541641
541643
541644
541647
541648
541755
541827
541869
541875
541877
541878
541934
542008
542030
542033
542035
542036
542037
542129
542130
542176
542442
542443
542655
542659
542736
542772
542775
542930
542968
543053
543701
543716
543921
544105
544177
544193
544212
545311
545314
545400
545932
546010
546011
546081
546088
546093
546095
546164
546221
546246
546295
546324
546383
546429
546671
546779
546888
546899
546900
547096
547205
547227
547230
547266
547318
548232
548253
548272
548280
548281
548328
548329
548337
548338
548339
548341
548343
548345
548347
548349
548350
548417
548420
548422
548426
548436
548465
548498
548538
548609
548611
548621
548623
548624
548636
548651
548667
548694
548706
548715
548742
548753
548783
548856
548893
548962
549003
549016
549086
549128
549136
549178
549204
549209
549211
549214
549237
549239
549245
549247
549276
549320
549360
549363
549365
549367
549368
549371
549379
549382
549403
549407
549450
549458
549468
549500
549503
549520
549524
549530
549538
549567
549585
549589
549590
549591
549592
549593
549635
549638
549645
549647
549654
549658
549661
549662
549668
549672
549678
549762
549806
549814
549831
549858
549873
549932
550000
550069
550091
550105
550182
550234
550391
550400
550432
550442
550510
550567
550570
550637
550753
550921
550933
550960
550961
550963
550967
550968
550973
550976
550989
550991
550993
550998
551006
551011
551013
551014
551019
551031
551042
551043
551056
551059
551072
551073
551090
551108
551109
551123
551132
551140
551153
551155
551157
551168
551181
551196
551198
551200
551212
551213
551216
551217
551218
551221
551223
551226
551227
551228
551229
551232
551233
551235
551236
551237
551240
551241
551244
551249
551254
551322
551323
551327
551328
551339
551343
551345
551347
551349
551350
551352
551354
551357
551358
551391
551393
551401
551402
551403
551409
551415
551419
551421
551422
551423
551433
551437
551441
551443
551444
551445
551494
551501
551504
551517
551528
551534
551535
551540
551541
551545
551565
551572
551599
551600
551604
551610
551611
551612
551613
551617
551639
551642
551665
551667
551668
551670
551672
551676
551679
551681
551748
551749
551757
551760
551765
551768
551769
551776
551803
551815
551817
551819
551821
551825
551827
551828
551829
551832
551834
551837
551838
551839
551840
551841
551842
551857
551858
551935
551940
551942
551943
551944
551945
551950
551951
551962
551978
552118
552119
552120
552122
552123
552124
552125
552127
552128
552132
552137
552151
552152
552153
552268
552272
552275
552277
552340
552830
552831
552848
552849
552851
552853
552855
552981
553000
553021
553032
553036
553053
553057
553108
553111
553116
553117
553120
553122
553124
553125
553127
553153
553203
553214
553277
553278
553279
553280
553288
553297
553309
553311
553317
553318
553323
553325
553336
553350
553376
553378
553392
553402
553448
553466
553467
553469
553470
553472
553476
553518
553554
553584
553616
553629
553649
553658
553685
553694
553701
553709
553710
553726
553735
553777
553920
553928
553939
553978
554005
554103
554299
554301
554308
554314
554321
554323
554345
554533
554662
554868
555610
555707
555830
555984
556057
556082
556083
556086
556108
556109
556132
556134
556135
556160
556164
556299
556315
556382
556383
556389
556391
556394
556395
556416
556427
556751
556789
556827
557222
557223
557226
557228
557233
557234
557463
557490
557492
557496
557497
557500
557513
557669
557705
557903
558012
558182
558197
558200
558559
558560
558590
558647
558652
558673
558674
558678
558709
558793
558949
558976
559010
559042
559499
559520
559524
559529
559700
559703
559706
559707
559708
559789
559829
559876
559955
560136
560146
560147
560151
560225
560286
560335
560353
560368
560378
560388
560453
560454
560456
560457
560458
560459
560461
560469
560470
560491
560505
560593
560612
560628
560633
560634
560635
560641
560643
560651
560659
560671
560676
560678
560683
560691
560692
560698
560699
560701
560702
560747
560770
560778
560780
560790
560795
560803
560810
560813
560817
560819
560825
560826
560830
560834
560836
560837
560861
560865
560866
560869
560878
560880
560888
560895
560897
560901
560911
560914
560966
560979
561006
561007
561008
561011
561092
561204
561207
561208
561209
561211
561212
561214
561215
561218
561219
561221
561223
561224
561225
561227
561272
561332
561390
561425
561427
561428
561458
561483
561496
561498
561538
561562
561609
562021
562346
562454
562621
562631
562718
562719
562723
562724
562726
562727
562780
562782
562784
562845
562847
562850
562853
562862
563000
563165
563250
563262
563283
563313
563333
563429
563431
563570
563576
563590
563626
563642
563645
563650
563700
563702
563730
563731
563755
563977
564048
564061
564200
564201
564202
564297
564443
564483
564638
565191
565201
565218
565231
565234
565245
565254
565294
565343
565365
565370
565392
565401
565441
565494
565518
565599
565612
565616
565710
565737
565831
565857
565909
565910
565962
565963
566025
566068
566116
566145
566147
566149
566150
566152
566192
566285
566316
566326
566327
566861
566976
567218
567219
567220
567221
567222
567227
567228
567861
568295
568425
568459
568487
568741
568749
568839
568892
568992
569377
569434
569461
569498
569500
569502
569606
569726
569750
569860
569892
570004
570027
570028
570121
570122
570314
570497
570632
570774
570847
570849
570854
570856
570861
570929
571028
571069
571348
571360
571379
571412
571450
571454
571457
571699
571934
572080
572081
572082
572096
572098
572106
572110
572116
572117
572119
572121
572123
572126
572128
572133
572134
572136
572138
572139
572142
572144
572145
572146
572162
572166
572168
572169
572170
572171
572172
572174
572254
572255
572256
572268
572269
572270
572285
572300
572307
572309
572310
572315
572320
572327
572332
572336
572337
572344
572353
572355
572360
572361
572364
572375
572379
572385
572389
572390
572393
572396
572398
572401
572404
572405
573206
573916
573929
573950
573968
575315
575325
575343
575344
575345
575346
575347
575348
575349
575351
575352
575353
575354
575357
575410
575419
575428
575430
575443
575531
575532
575533
575582
575594
575599
575606
575676
575713
576109
576116
576125
576127
576140
576157
576178
576179
576180
576184
576191
576200
576774
576775
576780
576782
576784
576793
576814
578264
578291
578295
578365
578372
578373
578388
578549
578578
578586
578592
578620
578626
578629
578664
578665
578674
578676
578677
578679
578682
578693
578792
578794
578822
578838
578842
578849
578851
578919
578921
578939
578941
578942
578944
578946
578971
578974
579003
579188
579215
579217
579229
579231
579232
579233
579234
579235
579303
579305
579453
579570
579582
579590
579715
579730
579772
579778
579788
579790
579847
579849
579862
579864
579868
579869
579908
579992
579994
580027
580059
580065
580077
580085
580097
580099
580106
580107
580146
580154
580226
580227
580239
580240
580242
580243
580247
580249
580263
580267
580291
580371
580373
580375
580376
580377
580378
580386
580429
580444
580446
580457
580561
580577
580622
580624
580631
580666
580667
580668
580670
580677
580679
580683
580691
580693
580703
580704
580750
580757
580758
580761
580762
581084
581297
581462
581465
581519
581731
581772
581891
581901
581917
581939
581946
581963
581971
582013
582027
582044
582050
582114
582115
582117
582152
582454
582455
582460
582475
582477
582485
582509
582666
582673
582676
582696
582698
582700
582701
582703
582747
582760
582761
582785
582791
582837
582894
582964
582970
583145
583228
583229
583234
583236
583289
583313
583316
583471
583499
583607
583608
583620
583623
583658
583679
583760
583761
583835
583836
583843
583935
584039
584043
584045
584048
584049
584058
584060
584070
584120
584121
584191
584375
584389
584468
584470
584495
584586
584682
584685
584710
584714
584740
584760
584772
584775
584793
584808
584809
584811
584814
584818
584820
584822
584825
585100
585202
585209
585444
585446
585449
585472
585474
585476
585484
585498
585519
585809
585811
585813
585816
585835
585840
585865
585883
585884
585885
585889
585890
585902
585920
585921
585932
585939
586027
586033
586042
586044
586048
586067
586084
586091
586093
586094
586097
586102
586104
586106
586117
586118
586119
586121
586122
586123
586124
586125
586127
586130
586137
586162
586163
586167
586175
586176
586178
586179
586181
586185
586186
586195
586196
586197
586198
586201
586213
586214
586230
586235
586239
586241
586242
586243
586245
586250
586251
586256
586266
586270
586273
586274
586277
586281
586296
586300
586303
586306
586314
586315
586316
586317
586436
586438
586441
586443
586445
586454
586460
586535
586540
586552
586554
586555
586644
587033
587034
587070
587071
587073
587074
587075
587076
587077
587111
587114
587118
587119
587123
587126
587127
587128
587129
587155
587156
587157
587287
587289
587294
587295
587296
587310
587312
587314
587353
587397
587399
587401
587412
587492
587502
587504
587505
587516
587527
587531
587535
587540
587542
587545
587547
587559
587573
587574
587575
587577
587583
587595
587597
587600
587603
587606
587608
587609
587610
587618
587626
587629
587637
587638
587846
588185
588195
588196
588198
588199
588204
588205
588624
588667
588671
588817
589458
589459
589643
589708
589714
589715
589717
589739
589753
589827
589838
589843
589846
589853
589855
589857
589858
589862
589863
590022
590039
590040
590041
590042
590294
590304
590328
590414
590420
590428
590430
590437
590438
590443
590444
590458
590460
590461
590463
590465
590472
590476
590484
590496
590501
590503
590504
590506
590517
590518
590523
590524
590527
590530
590532
590535
590573
590574
590575
590577
590603
590604
590605
590606
590630
590631
590633
590634
590661
590664
590675
590680
590686
590688
590690
590692
590695
590701
590706
590713
590714
590717
590744
590745
590748
590750
590752
590895
590898
590901
590903
590905
590906
590910
590912
590913
590917
590918
590920
590923
590926
590927
590929
590930
590931
590932
590935
590952
590955
590958
590959
590960
590969
590970
590972
590973
590974
590976
590978
590984
590986
590990
590991
590994
590996
590997
591003
591007
591009
591011
591012
591014
591015
591016
591019
591023
591024
591025
591092
591093
591094
591096
591097
591098
591100
591105
591106
591137
591138
591139
591141
591144
591145
591146
591148
591150
591153
591154
591162
591163
591164
591167
591169
591170
591172
591174
591179
591180
591181
591183
591185
591190
591191
591193
591195
591202
591203
591204
591205
591208
591210
591214
591215
591224
591225
591233
591234
591235
591236
591240
591241
591242
591244
591249
591250
591259
591260
591280
591281
591284
591289
591292
591323
591327
591328
591334
591370
591376
591381
591388
591389
591395
591399
591400
591443
591444
591603
591610
591620
591644
591697
591698
591703
591706
591707
591713
591714
591717
591718
591728
591730
591732
591753
591757
591778
591842
591843
591847
591850
591851
591853
591860
591918
591923
591925
591927
591929
591932
591935
591939
591942
591943
591944
591951
591953
591956
591959
591961
591966
591971
591972
591979
591999
592055
592056
592067
592072
592127
592128
592144
592159
592163
592180
592201
592225
592229
592231
592251
592260
592261
592262
592272
592280
592281
592297
592298
592299
592302
592304
592386
592387
592398
592399
592496
592498
592499
592521
592523
592533
592548
592551
592552
592553
592556
592568
592570
592571
592572
592573
592574
592584
592593
592594
592606
592613
592615
592619
592622
592624
592625
592626
592628
592634
592645
592653
592654
592656
592660
592662
592664
592665
592707
592708
592712
592721
592739
592764
592765
592786
592824
592825
592830
592834
592853
592858
592862
592866
592869
592873
592875
592934
592936
592940
592943
592944
592945
592947
592948
592950
592951
592952
592954
592955
592963
592968
592971
592972
592974
592977
593107
593111
593113
593116
593117
593118
593119
593421
593424
593425
593427
593428
593429
593430
593431
593432
593441
593442
593490
593523
593535
593539
593542
593590
593646
593648
593652
593736
593739
593743
593747
593763
593764
593767
593769
593843
594066
594068
594075
594077
594084
594086
594088
595195
595199
595201
595218
595220
595237
595252
595259
595263
595264
595269
595274
595276
595277
595278
595279
595280
595293
595296
595297
595300
595323
595333
595334
595344
595380
595386
595398
595399
595525
595531
595589
595596
595626
595635
595637
595638
595654
595655
595673
595677
595680
595683
595684
595685
595689
595693
595694
595696
595751
595787
595792
595816
595871
595985
595997
596024
596025
596030
596031
596034
596035
596037
596078
596715
596721
596724
596725
596738
596740
596810
596842
596978
597021
597037
597050
597052
597191
597265
597285
597286
597385
597464
597509
597510
597514
597517
597520
597528
597530
597531
597532
597817
597835
597994
597997
598034
598037
598044
598210
598344
598345
598459
598639
598641
598646
598690
598917
598957
598968
598969
598970
599003
599024
599025
599026
599027
599036
599037
599038
599039
599052
599055
599057
599058
599059
599070
599071
599072
599073
599075
599076
599083
599092
599093
599460
599482
599568
599613
599621
599652
599654
599657
599662
599663
599664
599675
599678
599692
599706
600066
600083
600127
600146
600249
600380
600583
600607
600613
600619
600665
600708
600725
600830
600845
600900
600908
601216
601221
601473
602037
602123
602551
602552
602558
602561
602581
602614
602621
602624
602683
602714
603083
603175
603193
603201
603378
603379
603565
603609
603611
603614
603615
603749
603841
603868
604205
604210
604217
604309
604328
604357
604436
604622
604626
604642
604649
604674
604700
604755
604782
604783
604797
604799
604800
604801
604802
604803
604825
604839
604847
604850
604851
604852
604854
604971
604980
604981
604995
605001
605019
605031
605046
605048
605050
605051
605063
605065
605066
605078
605079
605083
605084
605107
605110
605111
605113
605123
605124
605127
605132
605166
605182
605185
605187
605189
605191
605207
605211
605212
605220
605226
605236
605251
605258
605278
605300
605306
605312
605324
605334
605340
605387
605388
605389
605390
605391
605392
605393
605394
605548
605555
605556
605558
605560
605563
605577
605579
605736
605947
606074
606076
606097
606162
606452
606460
606731
606740
606743
606744
607018
607027
607118
607122
607128
607156
607184
607238
607316
607392
607393
607476
607519
607624
607630
607801
607875
607877
607879
607880
607900
607902
607906
607909
607910
608149
608153
608155
608157
608158
608162
608172
608238
608250
608254
608268
608328
608358
608481
608482
608483
608611
608618
608769
608784
608799
608925
608997
609177
609208
609261
609263
609264
609305
609308
609345
609377
609402
609477
609478
609502
609725
609726
609728
609734
609749
609758
609761
609816
609822
609834
609848
609876
609890
609978
610017
610022
610026
610495
610530
610622
610637
610641
610647
610657
610666
610669
610684
610700
610705
610706
610708
610715
610725
610746
610821
611969
611976
612373
612514
612531
612533
612534
612541
612549
612559
612562
612563
612571
612575
612609
612619
612699
612743
612810
612824
612900
612941
612960
612966
612969
612971
612973
612976
612978
613068
613074
613097
613118
613128
613250
613253
613346
613363
613369
613380
613399
613517
613609
613617
613685
613771
614094
614112
614137
614227
614247
614281
614286
614291
614322
614613
614686
614691
614745
614980
615115
615162
615187
615201
615258
615293
615639
615671
616022
616117
616357
616358
616382
616383
616394
616395
616404
616408
616416
616427
616453
616461
616604
616711
616712
616718
616722
616724
616725
616787
616790
616851
616867
616869
616870
616873
616874
616875
616878
616879
616880
616883
616884
616885
616886
616887
616889
616890
617055
617058
617059
617060
617061
617063
617064
617161
617173
617175
617176
617177
617179
617180
617340
617363
617365
617602
618186
618229
618244
618259
618342
618488
618519
618727
618815
618827
618936
618937
618948
618951
619033
619043
619057
619059
619083
619110
619114
619125
619129
619173
619175
619181
619182
619292
619529
619547
619556
619679
619766
620078
620196
620358
620477
620768
620833
620859
620906
621060
621069
621071
621072
621200
621210
621213
621214
621216
621217
621333
621334
621337
621338
621340
621341
621343
621345
621347
621348
621351
621375
621381
621385
621387
621390
621393
621395
621396
621397
621410
621468
621490
621496
621546
621693
621694
621698
621700
621706
621708
621709
621854
622205
622206
622483
622509
622749
622820
622851
623018
623398
623556
623557
623886
624154
625337
625517
625773
625817
625845
625904
626111
626562
629177
629460
629574
629575
629582
629583
629611
629615
629712
629733
629737
629762
629763
629766
629767
629809
629813
629953
629954
629956
629957
629969
630006
630008
630035
630107
630125
630134
630138
630140
630141
630197
630309
630364
630384
630407
630414
630415
630426
630463
630468
630480
630509
630599
630630
630636
631121
631138
631242
631294
631419
631894
631947
631967
632002
632003
632013
632019
632030
632032
632033
632034
632385
632386
632397
632413
632415
632421
632470
632499
632582
632633
632635
632659
632666
632667
632819
632835
632841
632843
632844
632904
632909
632910
632913
632972
632977
633013
633014
633055
633057
633058
633059
633129
633147
633156
633169
633400
633692
633895
634006
634041
634173
634176
634195
634935
635509
635962
636032
636253
636254
636288
636294
638180
638265
639084
639218
639246
639260
639267
639296
639678
639868
640118
641776
641972
642011
642038
642396
642397
642511
643066
643938
643997
644649
644783
644806
644839
644870
644933
644939
644940
644943
644947
645153
645189
645220
645221
645223
645225
645226
645337
645345
645451
645536
645547
645637
645639
645641
645678
645680
645681
645682
645683
645685
646752
647042
647178
647474
647511
647966
647967
648234
648298
648516
648578
648585
648596
649015
649018
649024
649038
649046
649077
649138
649682
649693
649785
649789
649805
649905
649963
649996
650023
650158
650836
650844
651362
652124
652131
652162
652245
652247
652620
652623
652900
653803
654648
654927
655392
655465
655468
656352
657457
657471
657939
657959
659038
659954
659955
659956
659957
659996
660002
660004
660005
660013
660017
660026
660036
660040
660057
660058
660221
660255
660280
660282
660298
660533
660539
660540
660713
660748
660759
660792
660901
660917
661028
661035
661056
661190
661215
661340
661346
661353
661371
661386
661454
661455
661456
661458
661459
661480
661525
661526
661543
661557
661572
661752
661753
661787
662162
662224
662687
662965
662966
662967
662968
662969
663042
663055
663160
663722
663726
663748
663811
663917
663920
663968
664112
664166
664168
664169
664189
664278
664280
664324
664381
664658
664724
665327
665552
665579
665628
665961
665962
666027
666117
666126
666774
667128
667140
667228
667264
667265
667324
667365
667373
667390
667481
667715
667781
667830
667831
667835
667877
667878
667880
668764
668774
668790
668793
668798
668804
668861
669702
669899
670162
670221
670226
670248
670277
670281
670369
670374
670395
670407
670547
670563
670564
670565
670569
670584
670596
670598
670601
670612
670613
670630
670632
670678
670687
670688
670722
670814
670826
670827
670829
670842
670843
671106
671122
671129
671271
671764
671772
671797
671806
671873
672432
672732
672766
673122
673167
673170
673316
673317
673320
673328
673334
673335
673336
673337
673338
673339
673341
673342
673344
673345
673349
673352
673356
673357
673362
673368
673369
673903
674064
674065
674067
674068
674069
676459
676545
676630
677622
677637
677645
677649
677654
677718
677720
677866
677867
677887
677892
677894
678016
678021
678036
678043
678044
678046
678047
678048
678049
678079
678119
678132
678144
678163
678165
678166
678168
678169
679869
679875
679935
680160
682092
682752
682956
683082
683157
683240
683645
683995
684149
684521
684984
685065
685077
685175
685190
685213
685224
685228
685287
685291
685437
685439
685441
685499
685708
685723
686063
686122
686229
686230
686231
686397
686584
686603
686613
686627
686647
686663
686749
686912
687026
687115
687143
687144
687150
687522
687542
687543
687545
687548
687742
687761
687762
687806
687825
687839
687856
687857
687868
687873
687912
687948
687951
687956
688012
688015
688018
688024
688026
688028
688030
688035
688156
689782
690567
690571
690621
690622
690645
690654
690675
690715
690721
690804
690860
690877
690879
690880
690881
690912
690914
690926
690927
690928
690930
690931
690935
691552
691556
691558
691613
691619
691937
692392
692706
692708
692716
692726
692788
692813
692994
693356
693391
693399
693400
693404
693405
693415
693463
693468
693475
693479
693480
693484
693486
693496
693510
693520
693532
693533
693549
693571
693579
693606
693610
693691
693709
693820
693989
694004
694020
694271
694279
695274
695429
695445
695517
695616
695618
695773
695790
695793
695846
696006
696037
696062
696257
696297
696502
696577
696592
696593
696609
696617
696622
696634
696702
696708
696711
696725
696946
696959
696972
697259
697561
697925
697926
697927
697928
697929
698448
698507
698629
698634
698655
698665
698667
698668
698669
698782
698856
698866
698880
698896
699033
699775
699885
699900
699905
699911
700227
700261
700269
700275
700283
700289
700340
700409
700417
700418
700420
700421
700423
700536
700954
701003
701013
701021
701033
701054
701058
701068
701070
701071
701074
701115
701130
701152
701153
701155
701158
701169
701204
701205
701506
701544
701557
701654
701690
701826
701962
701983
702176
702220
702221
702261
702271
702276
702289
702329
702341
702725
702727
702807
702832
702931
702937
702945
702946
702947
702948
702950
702953
702962
702963
702965
702986
703019
703032
703075
703378
703417
703418
703419
703420
703433
703492
703493
703497
703501
703506
703508
703509
703517
703518
703519
703520
703522
703534
703567
703601
703972
703985
704424
704430
704436
704437
704438
704646
704651
704652
704655
704739
704740
704805
704806
704853
704890
704893
704905
704929
704936
704960
704969
704974
704976
705019
705024
705030
705031
705032
705034
705129
705136
705497
705515
705553
705561
705562
705563
705678
705679
705716
705720
705735
705748
705817
705834
705849
705863
705867
705873
705891
705911
705916
706035
706051
706053
706059
706098
706108
706109
706131
706180
706189
706193
706201
706207
706210
706230
706237
706273
706287
706302
706382
706635
706647
706657
706899
706947
706957
706958
706959
706961
706963
706970
706973
706976
706981
706983
706985
706986
706987
706988
706989
706991
706996
707001
707023
707028
707109
707111
707261
707292
707301
707313
707331
707338
707396
707442
707450
707471
707538
707554
707558
707643
707649
707654
707656
707667
707672
707673
707676
707682
707691
707696
707715
707723
707733
707734
707744
707747
707748
707750
707890
707912
707914
707967
707976
707979
707985
707987
708001
708002
708219
708231
708420
708421
708423
708429
708448
708450
708452
708453
708456
708457
708462
708466
708467
708468
708469
708476
708479
708481
708485
709053
709074
709226
709227
709231
709232
709235
709246
709257
709277
709341
709351
709356
709362
709449
709586
709773
709801
709857
710013
710109
710705
710718
710771
710815
710829
710888
710900
710907
710941
711019
711024
711252
711255
711262
711354
711355
711361
711857
711865
711869
711871
712048
712050
712053
712070
712071
712074
712075
712076
712091
712094
712098
712099
712100
712101
712102
712103
712146
712147
712151
712358
712365
712368
712373
712562
712572
712576
712755
712762
712786
712834
712835
712847
713094
713487
713497
713498
713505
713508
713511
713536
713567
713580
713658
713667
713682
713698
713725
713783
713788
713810
713912
713915
713919
713921
713938
713939
713987
714091
714097
714103
714104
714119
714126
714127
714169
714171
714178
714180
714210
714213
714215
714217
714227
714231
714232
714233
714285
714288
714289
714301
714307
714324
714325
714359
714468
714469
714550
714551
714552
714555
714557
714563
714570
714710
714719
714722
714735
714736
716626
716631
716634
716635
716637
716639
717405
717464
717493
717533
717539
717550
717581
717631
717632
717633
717639
717640
717650
717656
717667
717677
717818
717823
717824
717825
717826
717835
717836
718078
718438
718452
718453
718535
718582
718584
718585
718602
718605
718616
718650
718654
718674
718677
718680
718682
718688
718695
718699
718907
718986
718987
718997
719000
719060
719091
719131
719171
719179
719497
719608
719612
719613
719614
719615
719616
719670
719671
719672
719681
719683
719686
719718
719721
719723
719793
719797
719798
719799
719800
719805
719810
719811
719812
719813
719820
719821
719829
719830
719838
719840
719842
719898
719900
719978
719983
719984
719990
719991
719992
719993
720002
720013
720015
720025
720027
720069
720078
720097
720137
720156
720221
720222
720234
720330
720331
720333
720347
720352
720369
720399
720426
720444
720466
720492
720524
720547
720567
720592
720675
720689
720693
720705
720729
720781
720793
720824
720828
720832
720835
720836
720936
720937
720954
720955
720956
720958
721008
721043
721048
721049
721051
721065
721072
721074
721083
721087
721094
721105
721124
721125
721174
721198
721216
721226
721227
721232
721235
721236
721239
721249
721251
721253
721258
721259
721272
721273
721281
721284
721294
721307
721309
721395
721402
721406
721407
721431
721448
721512
721534
721535
721540
721541
721560
721561
721562
721563
721567
721568
721570
721577
721582
721586
721595
721597
721598
722227
722228
722233
722248
722255
722257
722261
722262
722263
722265
722286
722305
722313
722332
722338
722340
722341
722344
722345
722350
722355
722363
722403
722443
722445
722502
722519
722521
722567
722832
722838
722841
722846
722857
722891
722915
722932
722949
722950
722951
722990
722992
723007
723051
723052
723077
723092
723093
723099
723107
723114
723115
723130
723131
723140
723184
723185
723186
723188
723189
723192
723195
723196
723197
723200
723206
723213
723340
723341
723349
723384
723386
723393
723493
723495
723539
723552
723575
723585
723587
723808
723818
723839
723840
723855
724102
724129
724181
724183
724186
724188
724190
724195
724196
724238
724239
724243
724299
724305
724315
724319
724320
724321
724339
724340
724343
724344
724347
724354
724355
724356
724362
724366
724367
724371
724378
724382
724384
724387
724392
724453
724479
724481
724493
724524
724577
724610
724627
724632
724638
724649
724731
724740
724757
724897
724898
724900
724904
724909
724912
724913
725145
725154
725161
725234
725259
725266
725271
725479
725483
725505
725509
725512
725513
725521
725592
725622
725638
725683
726847
726849
727193
727200
727312
728461
729277
729638
729734
729740
729931
729975
731422
731427
731433
731472
731482
731488
731499
732070
732168
732298
733104
733115
733289
733328
733341
733425
733426
733427
733526
735087
735246
735349
735359
735378
736413
736503
736519
736662
737614
738085
739014
740177
740178
740294
740427
740668
740879
740946
740960
740962
740969
740992
741013
741206
741211
741276
741283
741284
741285
741286
741566
742137
742534
742585
743384
743387
743963
744454
744455
744459
744491
744532
744533
744743
744770
744790
744791
744792
744793
744936
745060
745150
745375
745595
745780
745786
745822
745854
745864
745868
745869
745921
745980
746207
746309
746515
746528
746537
746552
746665
746924
746925
746935
746937
747059
747087
747109
747136
747160
747315
747702
747744
747900
748038
748081
751634
751637
751641
751642
752132
752327
752819
752893
753302
753304
753390
753702
754599
755329
755349
755425
755489
755716
755986
756048
756422
756601
756631
756999
757006
757009
757010
757086
757091
757107
757111
757174
757179
757193
757199
757208
757211
757213
757215
757216
757223
757225
757226
757227
757228
757231
757232
757834
758633
758642
758650
758667
758692
758694
758727
758728
758749
758765
758766
758779
758792
758793
758801
758802
758803
758804
758812
758820
758821
758829
758830
758838
758839
759024
759026
759028
759029
759034
759038
759042
759047
759050
759053
759057
759069
759072
759096
759137
759255
759317
759345
760330
760331
760343
760421
760422
760516
760566
760573
760575
760678
760686
760700
760704
760747
760749
760750
760751
760752
760982
760983
761017
761089
761098
761187
761227
761259
761273
761317
761320
761330
761336
761364
761388
761398
761401
761452
761454
761455
761457
761461
761462
761464
761466
761501
761507
761508
761509
761522
761523
761561
761562
761572
761573
761576
761577
761579
761590
761614
761618
761625
761630
761632
761633
761636
761638
761639
761654
761657
761659
761661
761663
761667
761670
761671
761672
761673
761675
761799
761804
761806
761807
761810
761814
761816
761817
761819
761827
761829
761832
761839
761842
761971
761973
761980
762023
762024
762041
762052
762068
762166
762179
762185
762188
762190
762191
762193
762257
762272
762274
762276
762277
762288
762289
762298
762300
762302
762308
762310
762311
762313
762336
762390
762392
762397
762398
762399
762438
762439
762518
762519
762528
762531
762610
762621
762641
762642
762761
762764
762782
762784
762785
762842
762883
762949
762951
762952
762953
762958
762959
762960
762961
762962
762963
762971
762972
762981
762994
763003
763007
763011
763012
763018
763021
763022
763063
763118
763119
763120
763190
763203
763205
763212
763214
763222
763224
763225
763226
763230
763231
763235
763236
763237
763255
763314
763316
763317
763387
763388
763401
763409
763430
763431
763462
763463
763508
763512
763513
763515
763516
763562
763568
763569
763570
763596
763621
763639
763689
763721
763722
763725
763726
763729
763860
763879
763884
763886
763887
763888
763889
763890
763915
763976
763977
764052
764053
764167
764168
764170
764171
764172
764235
764241
764243
764244
764247
764254
764255
764261
764262
764517
764526
764613
764614
764619
764620
764622
764634
764635
764636
764638
764639
764640
764641
764642
764724
764726
764732
764757
764783
764791
764795
764798
764810
764811
764820
764828
764833
764838
764843
764848
764886
764898
764910
764948
764951
764952
764962
765001
765143
765145
765154
765156
765164
765185
765186
765211
765216
765217
765236
765239
765241
765242
765244
765245
765246
765247
765254
765260
765263
765264
765267
765268
765272
765277
765280
765324
765327
765329
765330
765332
765333
765334
765335
765375
765377
765382
765383
765419
765426
765446
765451
765455
765507
765512
765514
765519
765526
765528
765574
765578
765591
765603
765628
765646
765750
765755
765821
765824
765844
765845
765848
765857
765888
765892
765893
766038
766041
766059
766060
766064
766067
766073
766074
766083
766084
766087
766099
766104
766117
766149
766154
766166
766177
766180
766259
766268
766271
766272
766300
766351
766389
766424
766425
766444
766479
766480
766485
766495
766507
766517
766672
766694
766752
766758
766761
766770
766773
766774
766778
766784
766789
766793
766796
766809
766824
766838
766842
766843
766847
766852
766855
766856
766862
766875
766877
766879
766880
766895
766920
766926
766930
766935
766942
766946
766950
766956
766971
766974
766975
766979
767046
767047
767058
767062
767134
767137
767152
767196
767649
767654
767676
767682
767700
767713
767727
767746
767753
767754
767762
767766
767770
767778
767780
767789
767792
767855
767928
767943
767945
768063
768132
768136
768154
768187
768215
768289
768307
768314
768321
768395
768403
768405
768407
768409
768448
768453
768454
768457
768458
768466
768472
768536
768539
768541
768554
768555
768731
768732
768738
768762
768770
768777
768782
768791
768817
768830
768834
768842
768844
768851
768855
768862
768867
768871
768873
768877
768880
768883
768885
768933
768967
768969
768975
768976
768979
768983
768989
768994
769036
769043
769044
769053
769090
769099
769120
769131
769133
769135
769140
769143
769151
769215
769220
769228
769230
769232
769251
769255
769258
769260
769270
769271
769273
769275
769277
769279
769282
769284
769285
769287
769366
769377
769383
769405
769443
769490
769506
769507
769515
769517
769529
769609
769612
769642
769684
769694
769696
769711
769712
769713
769735
769743
769744
769765
769787
769788
769839
769849
769857
769860
769904
769911
769915
769919
769927
769928
769930
769971
769977
769979
769985
769990
769994
770004
770092
770098
770115
770117
770120
770122
770123
770124
770126
770134
770136
770137
770140
770141
770144
770145
770147
770148
770150
770151
770152
770153
770155
770161
770162
770175
770176
770177
770178
770179
770181
770191
770192
770195
770196
770197
770198
770200
770201
770202
770203
770204
770205
770206
770209
770211
770214
770215
770232
770347
770371
770435
770437
770477
770480
770510
770517
770519
770520
770602
770606
770609
770625
770644
770696
770699
770700
770701
770702
770704
770705
770708
770721
770722
770778
770815
770844
770846
770849
770850
770854
770855
770856
770857
770865
770869
770872
770878
770887
770890
770900
770930
770931
770932
770944
770947
770995
770998
771000
771001
771003
771004
771005
771006
771007
771008
771009
771015
771016
771020
771022
771030
771033
771038
771040
771042
771043
771045
771047
771050
771053
771054
771055
771056
771057
771059
771060
771076
771078
771083
771085
771151
771153
771155
771158
771214
771235
771297
771388
771390
771391
771395
771401
771479
771480
771539
771583
771584
771599
771750
771810
771813
771814
771830
771834
771836
771838
771979
772087
772183
772286
772288
772332
772336
772379
772386
772387
772398
772417
772424
772430
772432
772433
772485
772486
772487
772546
772558
772641
772643
772644
772661
772669
772683
772685
772714
772716
772717
772718
772733
772734
772739
772740
772741
772747
772751
772767
772770
772771
772789
772790
772791
772812
772813
772822
772823
772838
772840
772847
772848
772849
772850
773068
773083
773088
773265
773290
773293
773300
773303
773304
773305
773306
773309
773311
773319
773325
773467
773471
773472
773473
773474
773478
773479
773499
773500
773700
773751
773775
773784
773811
773825
773839
773971
774071
774134
774144
774145
774195
774281
774286
774287
774288
774289
774290
774346
774351
774352
774359
774360
774439
774515
774530
774582
774691
774707
774709
774850
774875
774886
774971
775063
775064
775066
775068
775101
775102
775113
775114
775117
775119
775121
775187
775235
775299
775303
775304
775319
775321
775322
775323
775325
775339
775350
775375
775378
775379
775380
775381
775386
775388
775395
775396
775416
775424
775454
775461
775464
775472
775498
775548
775612
775623
775632
775633
775665
775676
775677
775728
775834
775882
775883
775887
775899
775900
775905
775908
776006
776013
776087
776094
776095
776096
776102
776223
776233
776319
776321
776325
776336
776368
776369
776530
776617
776681
776804
776849
776882
776889
776892
776896
776903
776999
777136
777196
777318
777323
777324
777326
777327
777341
777342
777362
777363
777364
777389
777394
777395
777396
777397
777398
777404
777405
777410
777413
777414
777418
777419
777420
777421
777426
777427
777428
777429
777529
777797
778052
778053
778138
778139
778381
778449
778470
778472
778687
778793
778799
778800
778811
778826
778830
778880
778893
778966
778974
779126
779131
779134
779187
779198
779200
779204
779206
779214
779224
779306
779314
779315
779316
779318
779350
779417
779468
779602
779734
779745
779814
779893
779996
780024
780123
780130
780135
780140
780151
780154
780170
780171
780229
780273
780309
780316
780318
780336
780362
780393
780419
780422
780423
780426
780448
780458
780464
780465
780490
780491
780493
780496
780500
780550
780628
780707
780713
780718
780736
780741
780743
780744
780748
780829
780907
780917
780921
780935
780936
780941
780943
780996
780998
781061
781123
781213
781235
781252
781286
781312
781313
781314
781347
781452
781453
781501
781558
781641
781645
781648
781836
781837
781847
781926
781958
781959
781960
782055
782056
782069
782102
782139
782140
782156
782158
782159
782342
782345
782346
782362
782363
782364
782369
782458
782459
782476
782481
782491
782551
782552
782573
782575
782576
782588
782591
782603
782604
782617
782618
782627
782632
782633
782654
782655
782658
782669
782677
782751
782756
782757
782784
782786
782798
782799
782813
782817
782821
782828
782841
782842
782851
782853
782885
782886
782939
782940
782959
782961
782963
782966
782971
782972
782974
782977
782978
782980
782984
782985
782987
782996
783034
783052
783205
783207
783227
783239
783289
783290
783414
783540
783564
783569
783820
783866
783870
784194
784196
784210
784213
784592
784730
784751
784777
785351
785411
785429
785711
785724
785725
785733
785735
785754
785755
785756
785778
785779
785780
785781
785792
785794
785795
785796
785797
785810
785813
785818
785823
785834
785845
785927
785931
785934
785958
785977
785989
786230
786232
786233
786234
786235
786236
786249
786262
786302
786303
786320
786321
786322
786323
786358
786368
786380
786452
786455
786494
786498
786499
786502
786503
786506
786507
786509
786513
786517
786544
786547
786548
786569
786570
786576
786694
786695
786707
786748
786753
786762
786838
786840
786841
786842
786843
786913
786931
786990
786994
787220
787222
787223
787238
787240
787268
787385
787387
787388
787405
787406
787617
787825
787838
787840
787841
787843
787887
787897
787913
787932
787944
787966
787976
787981
788037
788044
788046
788047
788048
788342
788343
788346
788347
788494
788534
788539
788574
788707
788709
788712
788755
788808
788817
788973
789017
789359
789363
789364
789413
789423
789431
789454
789487
789491
789497
789499
789500
789502
789504
789509
789512
789518
789520
789521
789522
789523
789525
789534
789537
789538
789545
789548
789549
789551
789556
789558
789559
789560
789561
789563
789564
789567
789568
789569
789573
789574
789575
789589
789591
789606
789653
789721
789736
789753
789756
789782
789785
789800
789878
789880
789883
789887
789888
789889
789890
789891
789892
789893
789899
789900
789946
790210
790213
790218
790220
790221
790226
790227
790229
790230
790250
790270
790287
790317
790341
790358
790418
790428
790437
790441
790470
790495
790500
790530
790533
790535
790539
790540
790541
790563
790570
790574
790667
790706
790715
790720
790729
790750
790759
790760
790841
790876
791281
791287
791358
791362
791371
791373
791389
791392
791427
791496
791545
791624
791631
791636
791639
791645
791646
791660
791662
791692
791719
791736
791739
791744
791753
791781
791785
791807
791887
791889
791891
791910
792014
792018
792061
792063
792074
792075
792111
792113
792123
792140
792141
792153
792161
792179
792200
792201
792212
792222
792226
792238
792249
792253
792254
792281
792282
792287
792289
792333
792334
792338
792339
792343
792344
792345
792346
792357
792443
792448
792449
792450
792452
792454
792455
792510
792584
792608
792613
792617
792618
792625
792632
792639
792645
792652
792671
792676
792696
792707
792708
792712
792714
792746
792751
792758
792759
792765
792790
792799
792887
792974
793028
793061
793148
793152
793154
793180
793199
793201
793212
793219
793236
793248
793279
793301
793329
793341
793344
793380
793451
793454
793505
793549
793554
793616
793651
793667
793689
793744
793746
793759
793779
793804
793807
793809
793811
793812
793814
793815
793816
793818
793820
793821
793827
793833
793835
793836
793840
793841
793893
793905
794031
794109
794110
794131
794150
794169
794178
794183
794185
794193
794201
794205
794210
794222
794230
794251
794267
794277
794305
794314
794329
794363
794368
794371
794373
794375
794376
794377
794440
794444
794449
794451
794536
794589
794596
794602
794621
794629
794632
794640
794651
794665
794728
794737
794771
794772
794774
794776
794777
794778
794781
794908
794909
794917
795069
795081
795090
795096
795108
795144
795171
795200
795213
795300
795303
795315
795356
795358
795361
795363
795365
795368
795369
795474
795475
795480
795578
795581
795588
795592
795636
795696
795700
795707
795709
795741
795748
795752
795768
795832
795840
795841
795862
795906
796047
796048
796049
796348
796352
796357
796412
796651
796652
796716
796782
796824
796957
797217
797230
797247
797258
797259
797260
797261
797262
797263
797270
797273
797320
797366
797488
797489
797518
797524
797526
797531
797532
797547
797553
797554
797563
797564
797568
797579
797580
797585
797587
797590
797604
797606
797612
797613
797629
797648
797649
797701
797703
797968
797973
798002
798008
798023
798043
798060
798065
798066
798147
798179
798261
798271
798291
798292
798298
798403
798430
798598
798602
798621
798677
798730
798731
798732
798735
798791
798797
798929
798931
798935
798936
798959
798960
798969
799056
799064
799076
799081
799142
799349
799391
799542
799562
799635
799647
799651
799663
799731
799788
799811
799813
799814
799815
799816
799817
799896
799949
799956
799958
799980
799984
800120
800121
800123
800124
800273
800274
800281
800284
800291
800304
800375
800389
800705
800724
800726
800728
800779
800785
800787
800841
800846
800856
800859
800860
800874
800878
800879
800882
800955
800956
800958
800961
800994
801030
801079
801189
801239
801249
801251
801256
801267
802115
802118
802150
802239
802252
802288
802389
802484
802521
802567
802569
802614
802620
802635
802636
802662
802693
802711
802794
802797
802799
802800
802807
802808
802810
802894
802895
802896
802902
802923
803047
803054
803055
803065
803066
803070
803179
803180
803187
803189
803246
803312
803370
803403
803559
803765
803815
803931
803954
804154
804218
804225
804228
804238
804253
804254
804255
804256
804260
804331
804338
804391
804433
804443
804449
804453
804457
804515
804582
804590
804591
804600
804736
804756
804774
804802
804954
804957
804988
805113
805117
805195
805296
805330
805333
805335
805343
805519
805527
805528
805531
805539
805575
805588
805666
805669
805686
805701
805715
805730
805735
805768
805771
805782
805786
805789
805803
805833
805841
805862
805864
805870
805871
805875
805876
805884
805888
805972
805997
805998
806007
806009
806020
806024
806029
806030
806033
806056
806059
806139
806162
806166
806181
806425
806426
806445
806451
806469
806473
806483
806498
806501
806503
806513
806515
806516
806525
806532
806811
806814
806816
806834
806836
806847
806852
806853
806854
806867
806869
806873
806890
806932
806933
806935
807063
807081
807112
807118
807123
807124
807140
807144
807145
807146
807175
807181
807229
807285
807320
807324
807332
807333
807339
807343
807408
807445
807447
807448
807487
807731
807875
807877
807942
807943
807962
807963
807964
808005
808006
808009
808011
808035
808036
808041
808042
808072
808073
808074
808085
808086
808108
808109
808110
808112
808114
808205
808275
808293
808480
808534
808546
808583
808614
808680
808913
808921
808923
808924
808965
808982
808984
808994
808995
808996
808997
809026
809070
809071
809073
809102
809107
809111
809112
809113
809114
809160
809164
809170
809450
809452
809491
809507
809511
809587
809598
809601
809713
809758
809762
809859
809868
810101
810103
810120
810168
810265
810296
810297
810346
810349
810470
810476
810477
810478
810480
810481
810482
810483
810488
810490
810493
810497
810505
810511
810513
810514
810546
810548
810590
810591
810593
810594
810641
810647
810651
810653
810657
810658
810681
810733
810807
810810
810811
810860
810861
810896
810927
810930
810932
810959
810969
810984
810985
810988
811000
811008
811026
811042
811049
811053
811054
811078
811119
811120
811138
811139
811140
811141
811142
811143
811144
811145
811146
811147
811188
811189
811200
811211
811212
811215
811217
811219
811220
811221
811222
811229
811230
811231
811232
811233
811238
811243
811260
811442
811446
811472
811496
811528
811539
811541
811584
811593
811599
811605
811610
811611
811627
811632
811634
811637
811640
811642
811643
811644
811645
811746
811749
811758
811761
811771
811814
811817
811853
811856
811857
811859
811873
811876
811879
811882
812271
812276
812277
812278
812291
812300
812321
812410
812423
812426
812455
812460
812467
812498
812503
812504
812505
812508
812519
812586
812589
812591
812593
812618
812620
812622
812662
812663
812681
812683
812685
812686
812690
812695
812698
812699
812700
812705
812706
812783
812847
812848
812852
812878
812900
812901
812910
812913
812914
812915
812958
812961
812983
812989
813017
813018
813048
813066
813094
813100
813105
813106
813117
813128
813130
813133
813134
813144
813183
813207
813216
813348
813351
813396
813435
813437
813513
813584
813621
813634
813646
813711
813723
813756
813757
813758
813759
813827
813852
813859
813860
813861
813915
813918
813935
813955
813965
814149
814151
814169
814175
814220
814225
814244
814251
814255
814275
814315
814343
814350
814356
814377
814378
814380
814423
814430
814515
814620
814633
814638
814716
814768
814788
814790
814827
814830
814834
814835
814921
814932
814934
815017
815023
815024
815027
815152
815153
815324
815326
815367
815375
815379
815392
815407
815408
815409
815415
815420
815425
815426
815427
815433
815443
815452
815522
815527
815552
815559
815582
815601
815613
815615
815650
815657
815661
815667
815669
815678
815684
815690
815692
815705
815776
815810
815874
815881
815887
815894
815895
815902
815903
815908
815981
816000
816009
816068
816139
816145
816146
816147
816148
816154
816156
816158
816160
816161
816167
816174
816221
816244
816249
816278
816279
816280
816289
816304
816315
816332
816333
816371
816426
816455
816643
816690
816697
816713
816754
816776
816783
816784
816785
816788
816847
816872
816876
816877
816878
816881
816902
816920
816922
816923
816925
817097
817101
817120
817123
817127
817132
817182
817212
817246
817260
817261
817264
817270
817272
817299
817301
817304
817305
817307
817310
817312
817313
817315
817316
817317
817318
817367
817406
817408
817416
817437
817524
817525
817593
817614
817638
817640
817645
817676
817704
817713
817719
817726
817767
817771
817797
817798
817801
817814
817826
817986
817991
817994
817995
818029
818183
818231
818284
818343
818344
818430
818463
818466
818467
818477
818486
818487
818657
818786
818817
818826
818849
818884
818886
818913
818921
818968
818969
818972
818979
818983
819001
819004
819035
819036
819038
819048
819056
819062
819064
819065
819070
819112
819143
819180
819205
819211
819218
819235
819238
819248
819279
819359
819360
819362
819407
819410
819412
819434
819436
819471
819476
819501
819524
819526
819545
819546
819615
819624
819680
819726
819738
819748
819757
819758
819760
819764
819769
819773
819837
819840
819845
819847
819848
819849
819851
819860
819861
819879
819895
819948
819949
820078
820096
820098
820103
820244
820274
820275
820280
820283
820319
820377
820412
820463
820526
820536
820537
820538
820539
820543
820546
820547
820555
820558
820577
820579
820584
820615
820633
820651
820653
820655
820656
820657
820671
820677
820698
820723
820730
820769
820795
820832
820855
820863
820884
820935
820974
820976
820995
820998
821000
821004
821005
821006
821008
821010
821014
821016
821070
821073
821292
821298
821300
821326
821328
821333
821334
821335
821343
821344
821350
821352
821359
821360
821366
821370
821375
821401
821425
821491
821524
821532
821622
821630
821648
821649
821662
821734
821735
821736
821742
821820
821828
821851
821897
821935
821985
821990
821998
822000
822004
822024
822031
822033
822035
822043
822047
822050
822052
822054
822061
822062
822063
822065
822067
822068
822081
822083
822084
822087
822101
822102
822105
822106
822111
822150
822198
822203
822216
822218
822219
822222
822270
822272
822297
822299
822316
822331
822341
822350
822356
822396
822414
822417
822444
822448
822501
822503
822538
822588
822589
822596
822621
822713
822716
822717
822720
822826
822841
823011
823050
823052
823054
823059
823152
823153
823173
823185
823191
823192
823194
823210
823211
823223
823224
823236
823246
823266
823269
823276
823290
823329
823340
823349
823352
823354
823365
823366
823367
823373
823374
823377
823378
823380
823382
823383
823386
823389
823390
823392
823396
823397
823400
823401
823404
823405
823410
823411
823414
823416
823418
823419
823421
823423
823425
823428
823432
823433
823435
823436
823437
823438
823465
823466
823469
823475
823476
823480
823486
823487
823496
823502
823506
823507
823509
823510
823511
823522
823523
823525
823526
823527
823547
823559
823563
823575
823605
823609
823614
823627
823633
823638
823639
823642
823644
823646
823651
823653
823656
823660
823661
823675
823676
823691
823720
823721
823731
823776
823777
823783
823784
823793
823800
823809
823816
823817
823818
823819
823822
823823
823824
823825
823826
823837
823843
823844
823857
823858
823867
823871
823875
823876
823877
823878
823887
823888
823895
823900
823904
823933
823949
823952
823956
823957
823976
823987
823988
823991
824001
824035
824036
824038
824044
824045
824050
824051
824060
824062
824119
824142
824143
824147
824148
824161
824163
824164
824165
824166
824168
824169
824171
824172
824173
824197
824198
824236
824248
824252
824273
824315
824316
824350
824364
824385
824386
824387
824388
824389
824390
824391
824392
824393
824425
824433
824438
824441
824442
824445
824448
824450
824454
824456
824461
824462
824463
824533
824534
824561
824564
824617
824618
824620
824621
824622
824638
824646
824649
824656
824658
824661
824663
824666
824667
824668
824675
824681
824685
824702
824703
824711
824713
824714
824731
824737
824832
824833
824837
824839
824842
824843
824845
824846
824848
824849
824850
824862
824874
824879
824887
824889
824893
824895
824897
824898
824899
824925
824991
825023
825024
825028
825032
825039
825041
825042
825072
825131
825139
825143
825155
825179
825183
825184
825190
825192
825193
825213
825215
825222
825223
825226
825244
825246
825248
825250
825251
825252
825253
825291
825297
825301
825306
825324
825333
825335
825341
825346
825347
825378
825409
825411
825419
825421
825424
825426
825427
825432
825433
825449
825486
825492
825513
825550
825560
825574
825597
825599
825614
825621
825622
825624
825629
825636
825655
825656
825658
825670
825671
825673
825676
825677
825682
825721
825770
825776
825777
825781
825782
825794
825795
825804
825810
825824
825826
825833
825836
825840
825846
825855
825858
825863
825864
825865
825876
825877
825882
825884
825885
825922
825961
825962
825966
825968
825973
825974
826002
826010
826012
826014
826015
826017
826019
826020
826392
826462
826510
826518
826625
826626
827729
827730
827915
828018
828023
828041
828044
828045
828150
828151
828152
828225
828226
828281
828339
828342
828398
828677
828819
828881
828955
829096
829105
829140
829165
829169
829349
829352
829382
829399
829422
829425
829427
829440
829488
829497
829498
829499
829503
829623
829628
829629
829632
829633
829645
829660
829666
829676
829691
829693
829698
829699
829706
829707
829708
829709
829711
829713
829716
829810
829811
829813
829815
829816
829827
829835
829845
829856
829858
829883
829894
829912
829914
829915
829918
829919
829940
829942
829944
829953
829997
830052
830088
830107
830126
830129
830130
830132
830143
830152
830163
830206
830235
830241
830247
830277
830278
830287
830288
830291
830297
830299
830308
830323
830325
830333
830337
830363
830364
830366
830375
830377
830378
830379
830380
830398
830399
830400
830412
830414
830423
830431
830432
830521
830522
830524
830569
830574
830579
830662
830663
830664
830680
830681
830683
830684
830685
830925
830929
830944
830999
831004
831005
831007
831008
831012
831013
831015
831018
831028
831040
831042
831043
831044
831063
831065
831076
831077
831081
831084
831085
831087
831214
831215
831222
831223
831227
831229
831234
831235
831248
831251
831256
831268
831271
831273
831277
831284
831310
831312
831313
831315
831320
831325
831330
831340
831344
831354
831355
831428
831480
831481
831482
832567
832576
832577
832585
832586
832587
832591
832598
832601
832602
832615
832616
832617
832618
832854
832855
832861
832869
832872
832876
832910
833124
833125
833309
833321
833355
833466
833472
833478
833479
833481
833515
833548
833550
833551
833560
833561
833562
833566
833567
833579
833581
833584
833588
833593
833596
833605
833607
833617
833625
833627
833631
833635
833646
833648
833656
833658
833684
833686
833689
833694
833737
833804
833870
833884
833887
833888
833890
833898
833901
833908
833912
833914
833915
833920
833921
833922
833990
833991
833997
833998
834015
834056
834061
834064
834075
834084
834097
834099
834101
834106
834113
834116
834118
834119
834177
834195
834201
834204
834234
834263
834296
834588
834590
834598
834792
834846
834847
834851
834852
834853
834854
834855
835094
835096
835218
835253
835266
835286
835290
835385
835386
836969
836972
836973
836974
836992
836996
836997
836998
837006
837016
837018
837109
837136
837138
837141
837148
837150
837152
837157
837168
837170
837179
837186
837205
837215
837230
837285
837288
837295
837308
837317
837348
837350
837351
837353
837398
837431
837441
837442
837448
837509
837512
837826
837846
837847
838014
838026
838027
838151
838322
838341
838345
838347
838349
838432
838448
838455
838591
838629
838663
838681
838685
838686
838687
839064
839347
839377
839382
839383
839388
839391
839524
839717
839719
839733
839735
839826
839827
839832
839843
839846
839847
839854
839859
839867
840443
840448
840449
840451
840452
840453
840459
840460
840467
840470
840471
840472
840473
840474
840484
840485
840487
840488
840492
840493
840522
840525
840528
840530
840538
840540
840541
840542
840545
840547
840548
840549
840552
840557
840558
840559
840565
840566
840568
840570
840571
840573
840574
840575
840578
840582
840583
840584
840586
840588
840590
840595
840597
840600
840602
840606
840607
840608
840614
840618
840620
840623
840649
840650
840657
840659
840661
840662
840663
840668
840669
840670
840677
840679
840681
840682
840691
840692
840693
840694
840695
840706
840718
840722
840727
840736
840738
840746
840748
840749
840754
840757
840763
840771
841175
841177
841198
841199
841201
841202
841204
841206
841218
841219
841221
841222
841224
841225
841393
841423
841443
841457
841459
841481
841482
841483
841486
841493
841526
841527
841541
841544
841565
841567
841640
841641
841674
841762
841793
841794
841835
841873
841895
841898
841905
841918
841941
841973
842042
842072
842108
842111
842116
842248
842258
842324
842327
842351
842363
842365
842368
842369
842374
842376
842455
842456
842461
842522
842531
842541
842542
842543
842548
842549
842568
842578
842580
842581
842582
842585
842586
842732
842773
842777
842778
842779
842826
842832
843229
843231
843247
843371
843374
843378
843379
843380
843399
843401
843404
843505
843620
843698
843785
843833
843941
844105
844107
844131
844326
844354
844357
844380
844381
844383
844419
844421
844573
844587
844661
844662
844677
844679
844766
844767
844783
844794
844802
844807
844811
844819
844841
844843
844850
844900
844984
845005
845012
845013
845014
845120
845167
845171
845180
845181
845184
845185
845196
845213
845254
845256
845304
845333
845337
845349
845381
845385
845401
845404
845408
845415
845418
845419
845421
845427
845436
845437
845439
846321
846799
846962
847147
847149
847151
847220
847236
847237
847270
847347
847447
847456
847489
847538
847540
847551
847553
847554
847555
847561
847562
847576
847577
847605
847892
848391
848395
848399
848405
848406
848408
848413
848415
848438
848440
848448
848473
848523
848530
848532
848534
848544
848548
848549
848561
848564
848582
848585
848859
848871
848882
848884
848886
848889
849249
849251
849253
849254
849255
849256
849521
849858
850043
850072
850102
850105
850106
850107
850108
850113
850235
850263
850707
851082
851234
851702
851705
851734
851753
851762
851765
851769
851771
851773
851777
851964
851969
852006
852081
852171
852194
852195
852200
852202
852204
852207
852225
852229
852237
852240
852242
852243
852246
852295
852305
852309
852334
852343
852345
852346
852349
852442
852443
852446
852454
852456
852460
852461
852464
852465
852467
852491
852492
852494
852495
852496
852497
852499
852509
852542
852546
852547
852563
852568
852569
852571
852650
852676
852677
852679
852680
852681
852682
852767
852768
852769
852789
852793
852794
852797
852798
852799
852801
853292
853704
853706
853948
854117
854488
854490
854564
854571
854596
854597
854618
854628
854633
854637
854789
854795
854881
854886
854887
854888
854891
854892
854903
854930
854931
854970
854993
854995
855017
855018
855020
855066
855070
855081
855090
855120
855121
855163
855279
855366
855504
855505
855589
855616
855618
855634
855730
855734
855735
855792
855877
855944
855958
855959
855960
855961
856023
856024
856025
856058
856063
856068
856069
856070
856071
856075
856085
856092
856093
856094
856095
856227
856236
856237
856238
856440
856446
856591
856623
856643
856777
856778
856779
856780
856781
857046
857512
857513
857514
858026
858126
858131
858167
858624
858626
858632
858642
858873
858884
858886
858897
858915
858977
858997
858999
859062
859112
859119
859132
859137
859196
859218
859274
859337
859364
859497
859829
859830
859836
859837
859840
859843
859844
859868
859879
859883
859892
860014
860052
860059
860060
860091
860096
860233
860276
860320
860321
860324
860325
860469
860478
860489
860499
860505
860520
860522
860523
860654
860669
860687
860695
860702
860727
860733
860741
860745
860752
860755
860819
860822
860824
860921
860951
860952
861158
861185
861206
861234
861237
861295
861305
861313
861315
861316
861317
861321
861323
861324
861325
861326
861330
861331
861342
861345
861346
861347
861350
861351
861352
861354
861356
861357
861371
861374
861377
861379
861380
861385
861403
861412
861420
861428
861430
861431
861440
861471
861472
861473
861485
861486
861489
861497
861507
861511
861513
861514
861523
861524
861525
861530
861535
861537
861538
861540
861541
861558
861561
861570
861572
861573
861586
861591
861605
861609
861620
861626
861632
861634
861650
861689
861691
861701
861702
861705
861707
861709
861710
861711
861736
861740
861743
861747
861750
861757
861765
861767
861768
861771
861824
861828
861846
861898
861899
861935
861936
861939
861943
861944
861948
861950
861951
861952
861953
861954
861955
861958
861959
861960
861961
861962
861965
861966
861968
862026
862028
862051
862052
862073
862075
862102
862109
862248
862250
862256
862258
863117
863532
863699
864826
866131
866313
866470
866473
866474
866650
866774
866780
866867
866873
866896
866904
866936
867038
867040
867120
867197
867204
867220
867223
867228
867237
867261
867267
867276
867296
867336
867342
867373
867665
867673
867724
867733
867734
867736
867745
867748
867749
867750
867756
867757
867758
867761
867764
867765
867768
867770
867771
867772
867777
867778
867779
867790
867791
867793
867794
867795
867796
867810
867811
867818
867820
867826
867827
867830
867831
867836
867838
867839
867893
867895
867919
867921
867925
867929
867934
867936
867947
867979
867983
867985
867990
868428
868470
868664
868665
868896
868897
868926
868962
868967
868969
868974
869069
869080
869158
869188
869430
870070
870558
870559
870561
870564
870565
870566
870567
870568
870735
871094
871112
871113
871114
871115
871132
871135
871191
871993
871994
871997
872001
872004
872006
872007
872008
872253
872293
872381
872631
872789
873020
873889
874023
874154
875519
875592
875599
876061
876064
876066
876128
876130
876138
876146
876147
876179
876190
876191
876192
876196
876242
876243
876248
876251
876252
876253
876257
876267
876268
876272
876273
876287
876288
876291
876294
876295
876296
876303
876325
876332
876334
876348
876352
876392
876513
876581
876720
877313
877706
877726
879177
879586
879588
879592
879596
879597
879600
879602
879614
879615
879616
879617
879618
879621
879637
879639
879642
879643
879646
879648
879649
879673
879730
879734
879754
879759
879761
879762
879765
879771
879778
879779
879780
879781
879783
879785
879819
879821
879823
879824
879826
879831
879838
879841
879843
879845
879846
879847
879967
879990
880012
880116
880325
880345
880346
880347
880375
880500
880645
880657
880680
880702
880840
880937
880938
880939
880940
881007
881012
881014
881015
881016
881029
881037
881099
881109
881112
881160
881171
881174
881178
881182
881183
881184
881185
881211
881219
881264
881267
881270
881276
881277
881613
881673
881806
882164
882167
882181
882183
882324
882414
882600
882604
882605
882606
882641
882646
882647
882648
883529
883546
883580
883586
883621
883837
883839
883842
883843
883844
883845
883846
883847
883883
883888
883889
883975
884083
884182
884195
884202
884204
884338
884344
884356
884365
884371
884380
884383
884386
884387
884442
884512
884516
884517
884533
884536
884696
884739
884773
884804
884819
884821
884839
884893
884898
884900
884902
884911
884929
884947
884950
884952
884969
884972
884974
884975
884977
885317
885546
885547
885548
885549
885550
885553
885554
885664
885749
885753
885768
885968
885996
886020
886048
886117
886118
886126
886186
886245
886256
886291
886311
886341
886356
886357
886360
886361
886366
886398
886414
886415
886429
886434
886446
886447
886484
886516
886539
886585
886590
886591
886592
886608
886656
886775
886841
886842
886852
886889
887089
887090
887583
887768
887775
887995
887999
888004
888047
888055
888189
888201
888242
888252
888253
888255
888258
888261
888262
888268
888277
888279
888281
888282
888390
888394
888480
888493
888498
888518
888522
888524
888568
888571
888574
888590
888591
888596
888598
888601
888604
888620
888623
888641
888643
888757
888764
888891
888898
888911
888931
889002
889055
889073
889075
889079
889130
889139
889148
889239
889243
889248
889251
889252
889253
889318
889328
889335
889345
889346
889353
889550
889553
889883
889922
889923
889993
889998
890033
890034
890046
890081
890093
890094
890126
890212
890261
890264
890352
890357
890398
890418
890429
890430
890490
890494
890495
890565
890592
890595
890668
890669
890681
890721
890757
890809
890817
890903
890910
890911
890935
890941
890942
890943
890990
890992
891054
891055
891058
891059
891060
891062
891065
891066
891067
891069
891070
891071
891076
891077
891089
891092
891100
891182
891211
891213
891255
891299
891492
891493
891496
891498
891500
891501
891503
891515
891542
891545
891546
891548
891551
891552
891554
891555
891589
891592
891593
891613
891614
891620
891622
891636
891638
891675
891677
891682
891686
891695
891697
891701
891702
891705
891706
891707
891709
891710
891711
891712
891713
892261
892361
892394
892461
892614
892674
892720
892739
892850
892853
892882
892886
892887
892974
893194
893222
893223
893330
893337
893343
893360
893361
893364
893368
893370
893501
893654
893689
893727
893745
893754
893755
893786
894052
894055
894056
894076
894078
894084
894159
894669
894670
894701
894702
894765
894826
894852
894853
895013
895020
895194
895195
895246
895255
895264
895275
895277
895281
895339
895345
895346
895422
895423
895425
895825
895832
895979
895980
896049
896050
896171
896175
896187
896400
896401
896474
896524
896527
896528
896613
896628
896673
896684
896685
896693
896717
896971
896974
896995
896997
897187
897258
897290
897299
897313
897348
897414
897419
897431
897530
897591
897592
897597
897608
897613
897621
897629
897637
897686
897687
897690
897701
897702
897705
897706
897708
897717
897744
897751
897752
897754
897755
897758
897759
897765
897773
897774
897776
897794
897799
897802
897812
897815
897816
897830
897836
897895
897919
897940
897968
897972
897976
897985
898010
898011
898015
898016
898038
898040
898064
898065
898067
898098
898104
898105
898114
898116
898118
898120
898133
898177
898307
898308
898330
898334
898391
898394
898548
898553
898555
898556
898564
898570
898611
898694
898695
898697
898701
898702
898703
898708
898709
898753
898756
898758
898760
898761
898763
898764
898769
898770
898773
898774
898777
898788
898806
898807
898927
898937
898999
899008
899011
899033
899037
899048
899071
899078
899079
899098
899101
899102
899104
899107
899110
899153
899154
899166
899228
899232
899252
899257
899299
899301
899302
899303
899304
899305
899328
899349
899354
899517
899544
899677
900247
900270
900434
900436
900438
900439
900440
900441
900448
900455
900456
900457
900458
900561
900562
900565
900566
900567
900568
900570
900571
900572
900577
900578
900579
900704
900705
900706
900709
900710
900711
900712
900713
900714
900715
900716
901481
901544
901777
901778
901855
902004
902086
902220
902471
902806
902882
902940
903021
903022
903023
903024
903041
903056
903058
903059
903060
903061
903065
903078
903084
903099
903100
903104
903113
903114
903115
903118
903119
903120
903138
903139
903150
903151
903153
903154
903155
903177
903178
903180
903181
903182
903184
903186
903196
903197
903198
903199
903200
903203
903206
903343
903421
903575
903586
903610
903759
903760
903761
903765
903769
903771
903774
903775
903776
903777
903778
903779
904076
904765
904971
904972
904974
904976
904978
905644
905704
905787
905788
905789
905861
905874
906071
906074
906076
906077
906078
906080
906400
906403
906405
906406
906409
906414
906415
906418
906429
906431
906433
906434
906435
906436
906439
906443
906446
906447
906448
906461
906462
906471
906472
906476
906478
906551
906713
906860
906863
906908
906911
906952
906986
907001
907011
907020
907026
907027
907036
907047
907053
907054
907286
907579
907898
907939
907944
907948
908010
908028
908035
908036
908058
908063
908064
908065
908067
908071
908091
908094
908095
908119
908217
908224
908239
908245
908258
908260
908261
908262
908271
908272
908492
908514
909160
909277
909333
909361
909444
909456
909460
909463
909479
909647
909650
909673
909674
909755
909763
909870
909872
909875
909878
909887
909893
909894
909922
909928
909935
909936
909947
909959
909960
909971
909974
909975
909982
909983
909991
909993
909997
910055
910056
910068
910071
910072
910444
910445
910446
910489
910490
910491
910495
910497
910551
910684
910700
910790
910796
910805
910809
910897
910940
910941
911013
911025
911029
911030
911034
911066
911067
911086
911099
911103
911104
911109
911298
911299
911300
911306
911314
911315
911362
911370
911372
911429
911527
911549
911586
911590
911591
911593
911594
911595
911609
911611
911740
911770
911998
912038
912067
912068
912138
912149
912152
912153
912157
912164
912167
912186
912187
912188
912189
912201
912202
912247
912249
912263
912272
912398
912400
912440
912521
912578
912608
912609
912629
912631
912656
912741
912757
912788
912790
912795
912798
912802
912821
912829
912831
912833
912834
912835
912844
912862
912868
912907
912914
912916
912918
912919
912920
912924
912925
912926
912984
913203
913446
913465
913489
913490
913491
913565
913657
913662
913663
913668
913682
913683
913717
913719
913721
913722
913723
913741
913755
913759
913769
913772
913776
913779
913787
913790
913837
913844
913848
913855
913861
913865
913867
913868
913872
913873
913874
913875
913876
913883
913901
913902
913909
913924
913931
913933
913934
913938
913939
913940
913942
913948
913993
914001
914051
914058
914061
914063
914065
914075
914086
914088
914217
914281
914561
914562
914563
914651
914654
914657
914711
914712
914715
914717
914719
914786
914794
914795
914831
914834
914837
914838
914918
914924
914925
914926
914927
914953
914985
914986
914987
914988
914991
914993
915064
915070
915080
915084
915085
915087
915088
915089
915096
915159
915204
915225
915228
915241
915243
915245
915250
915251
915252
915257
915261
915290
915336
915339
915370
915385
915390
915392
915393
915399
915400
915407
915409
915410
915413
915414
915434
915437
915438
915441
915448
915451
915454
915456
915460
915464
915466
915480
915483
915491
915492
915530
915617
915637
915639
915761
915965
916118
916119
916123
916149
916163
916167
916168
916178
916185
916186
916189
916190
916225
916257
916266
916267
916270
916271
916275
916279
916281
916288
916289
916290
916294
916295
916298
916299
916300
916341
916346
916377
916378
916386
916387
916424
916443
916445
916448
916450
916451
916452
916471
916499
916500
916501
916597
916608
916650
916659
917117
917132
917133
917140
917142
917234
917254
917280
917295
917296
917297
917301
917303
917304
917309
917313
917314
917315
917339
917350
917362
917363
917399
917412
917413
917414
917415
917430
917442
917443
917445
917448
917452
917468
917485
917490
917496
917499
917500
917504
917508
917511
917512
917528
917529
917532
917536
917543
917545
917546
917552
917558
917559
917563
917574
917577
917579
917588
917591
917592
917593
917594
917596
917598
917600
917605
917609
917617
917618
917619
917620
917622
917628
917630
917658
917663
917671
917672
917675
917688
917695
917696
917698
917699
917703
917708
917709
917710
917715
917716
917718
917719
917720
917721
917730
917731
917732
917741
917742
917743
917744
917746
917747
917749
917752
917758
917759
917760
917762
917763
917764
917765
917766
917767
917773
917774
917775
917776
917777
917779
917806
917816
917817
917818
917822
917823
917824
917825
917826
917831
917852
917857
917860
917862
917869
917870
917876
917884
917910
917913
917915
917917
917919
917933
917948
917968
917987
917990
918025
918026
918030
918033
918041
918045
918061
918067
918069
918093
918097
918186
918426
918429
918442
918445
918448
918457
918474
918495
918560
918584
918612
918628
918629
918631
918633
918637
918638
918639
918641
918642
918652
918653
918658
918660
918668
918670
918675
918681
918682
918683
918706
918749
918750
918753
918757
918758
918759
918760
918762
918767
918768
918770
918773
918786
918787
918788
918789
918794
918799
918800
918802
918805
918807
918821
918822
918823
918825
918826
918827
918856
918857
918879
918880
918919
918921
918959
918976
918985
919014
919018
919022
919024
919057
919061
919066
919068
919071
919072
919099
919102
919103
919106
919107
919141
919144
919145
919146
919147
919149
919153
919160
919161
919162
919166
919167
919191
919197
919198
919215
919274
919347
919412
919541
919551
919553
919558
919559
919562
919574
919581
919582
919584
919585
919699
919777
919786
919788
919789
919806
919809
919822
919831
919847
919855
919870
919877
919892
919902
919909
919910
919912
919913
919955
919962
919965
919966
919983
919984
919993
919999
920014
920022
920038
920040
920055
920073
920074
920075
920078
920120
920244
920267
920323
920324
920325
920328
920330
920588
920685
920728
920729
920754
920755
920764
920775
920776
920779
920788
920791
920792
920793
920795
920796
920797
920798
920799
920805
920806
920845
920918
920934
920950
920961
921007
921014
921017
921019
921022
921031
921046
921088
921096
921098
921100
921101
921102
921103
921111
921121
921123
921124
921126
921127
921135
921138
921185
921186
921195
921210
921213
921221
921223
921224
921225
921226
921228
921231
921232
921234
921347
921364
921424
921425
921427
921428
921429
921431
921476
921481
921515
921518
921538
921543
921544
921586
921621
921634
921665
921669
921673
921829
921905
921918
921924
923030
923386
923515
924545
924650
924651
925466
925827
925836
925885
925886
925892
926111
926255
926256
926257
926568
926607
926710
926712
927522
927683
927684
927685
927700
927879
927984
927985
928097
928166
928167
928168
928210
928213
928235
928298
928329
928335
928336
928383
928455
928457
928458
928470
928491
928511
928533
928645
928661
928749
928752
928840
928844
928855
928859
928910
928924
928949
928973
928975
928976
928977
928978
929050
929060
929070
929078
929082
929205
929210
929212
929349
929351
929519
929632
929634
930022
930024
930278
930348
930351
930572
930573
930688
930692
930698
930777
930792
930793
930811
930819
930820
930825
930828
930829
930840
930844
930850
930852
930855
931146
931271
931277
931283
931419
931426
931761
931784
931790
931807
931820
931833
931837
931996
932295
932309
932312
932324
932328
932331
932339
932355
932390
932394
932399
932409
932623
932624
932636
932637
932638
932639
932731
932785
932799
932802
932866
932879
932882
932892
932929
933173
933174
933341
933344
933410
933530
933535
933536
933545
933570
933870
933871
934103
934269
934402
934736
934739
934927
935094
935176
935177
935178
935181
935182
935183
935184
935185
935186
935200
935214
935229
935238
935240
935296
935299
935309
935310
935335
935362
935368
935373
935375
935376
935510
935514
935524
935526
935547
935657
935666
935680
935687
935749
935795
935824
935840
935890
935892
935893
935894
935895
935959
936018
936020
936023
936109
936110
936111
936120
936139
936140
936144
936161
936162
936165
936168
936170
936216
936217
936219
936232
936255
936256
936262
936263
936280
936341
936343
936344
936361
936365
936450
936462
936463
936497
936552
936579
936587
936596
936748
936749
936754
936755
936759
936760
936875
936876
936878
936885
937015
937045
937508
937515
937550
937600
937601
937603
937606
937616
937638
937639
937640
937643
937767
937779
937780
937852
937860
938129
938134
938167
938168
938169
938267
938713
938714
938752
938754
938863
938883
938889
938894
938963
938964
938989
938990
939060
939065
939068
939071
939215
939283
939285
939293
939459
939490
939493
939603
939605
939614
939656
939658
939669
939694
939696
939697
939751
939754
939755
939765
939766
939767
939768
939859
939930
939931
939932
939936
939945
939964
939967
939973
939980
940008
940059
940060
940064
940086
940093
940144
940148
940149
940152
940155
940156
940157
940158
940160
940161
940163
940211
940216
940222
940223
940226
940230
940231
940270
940322
940431
940437
940438
940439
940454
940467
940486
940487
940489
940539
940622
940626
940663
940674
940675
940676
940677
940678
940734
940763
940787
940791
940803
940804
940806
940810
940811
940813
940814
940860
940866
940869
940870
940872
940922
940924
940940
940942
940943
940944
940946
940948
940953
940955
940957
940959
940962
940970
940971
940972
940974
941002
941019
941023
941025
941131
941151
941155
941159
941161
941165
941226
941231
941233
941247
941253
941264
941290
941303
941308
941311
941314
941316
941332
941344
941356
941368
941373
941384
941391
941404
941429
941432
941442
941595
941603
941659
941752
941901
941907
941913
941981
941984
941994
942005
942009
942160
942216
942220
942225
942229
942234
942236
942279
942289
942290
942294
942301
942316
942375
942470
942474
942634
942660
942781
942783
942841
942995
942996
943007
943018
943076
943136
943145
943158
943163
943176
943224
943227
943233
943236
943238
943239
943246
943247
943248
943272
943273
943276
943277
943278
943284
943285
943287
943288
943289
943353
943444
943464
943506
943512
943515
943518
943526
943547
943548
943593
943601
943617
943630
943633
943653
943742
943775
943782
943802
943824
943826
943841
943842
943932
943935
943939
943945
944004
944005
944008
944011
944013
944031
944050
944051
944055
944392
944586
944588
944594
944595
944735
945002
945148
945149
945162
945163
945207
945228
945299
945301
945365
945411
945416
945521
945691
945781
945782
946182
946238
946239
946240
946303
946313
946326
946334
946400
946514
946579
946658
947015
947069
947237
947284
947518
947525
947553
947586
947608
947799
948065
948229
948257
948259
948333
948383
948385
948468
948473
948557
948568
948571
948585
948587
948600
948601
948648
948914
948931
949019
949036
949120
949190
949672
950414
950446
950810
950819
950820
950822
950823
951363
951430
951440
951443
951511
951519
952220
952307
952492
952888
953077
953243
953275
953305
953309
953318
953320
953322
953453
953459
953485
953509
953699
953821
953824
953911
953938
953950
954082
954093
954097
954381
955084
955361
955371
955372
955375
955591
955592
955661
955663
955709
955900
956062
956117
956118
956182
956183
956481
956484
956524
956626
956631
956755
956759
956763
956765
956954
956962
957068
957120
957123
957197
957226
957304
957315
957322
957324
957428
957432
957443
957447
957449
957454
957458
957658
957725
957845
957846
957849
957850
957851
957860
957991
957997
957999
958014
958023
958055
958094
958143
958152
958168
958171
958188
958204
958206
958310
958331
958384
958393
958415
958423
958443
958449
958515
958557
958594
958617
958630
958647
958650
958673
958683
958708
958718
958770
958773
958825
958839
958868
958880
958914
958944
958946
958948
959029
959039
959099
959102
959108
959127
959268
959282
959341
959353
959359
959360
959363
959372
959393
959398
959402
959404
959464
959532
959555
959653
959663
959713
959726
959772
959830
959843
959845
959847
959942
959945
959975
959989
959996
959997
960004
960018
960043
960046
960047
960079
960097
960102
960113
960162
960171
960176
960178
960181
960182
960238
960241
960272
960327
960382
960472
960475
960477
960479
960481
960587
960695
960721
960988
960998
960999
961470
961486
961512
961563
961577
961579
961717
961748
961784
961795
961796
961797
961800
961903
961957
961958
962113
962178
962222
962575
962603
962701
962744
962779
962913
962953
962955
962978
963025
963040
963069
963237
963265
963367
963425
963427
964803
964806
964807
964809
964810
964811
964812
964871
964915
965480
965757
965758
965779
965908
965909
965951
965952
965953
965954
966090
966091
966092
966093
966117
966118
966119
966135
966139
966141
966228
966288
966307
966308
966327
966378
966391
966395
966399
966408
966455
966456
966469
966481
966488
966492
966510
966515
966520
966535
966537
966538
966569
966608
966661
966690
966691
966718
966753
966762
966763
966766
966770
966771
966773
966818
966826
966831
966836
966845
966850
966870
966871
966880
966926
966934
966935
966948
966949
966953
966992
967008
967016
967079
967080
967081
967085
967093
967095
967100
967102
967237
967238
967240
967241
967243
967244
967245
967246
967247
967249
967250
967251
967252
967253
967260
967262
967263
967264
967265
967267
967269
967270
967271
967272
967273
967274
967409
967420
967426
967443
967444
967493
967512
967539
967550
967556
967557
967622
967656
967661
967663
967664
967665
967669
967676
967714
967729
967755
967756
967779
967780
967781
967782
967783
967790
967794
967813
967814
967815
967819
967850
967856
967866
967904
967907
967910
967917
967919
967920
967921
967923
967942
967943
967944
967945
967968
967969
967973
967974
967975
967980
967981
967982
968006
968008
968011
968018
968035
968107
968125
968128
968132
968138
968146
968214
968244
968249
968251
968259
968261
968263
968264
968265
968266
968267
968268
968271
968272
968303
968304
968326
968327
968328
968330
968344
968345
968438
968494
968497
968577
968592
968609
968612
968660
968662
968663
968664
968667
968669
968670
968672
968673
968674
968675
968720
968735
968758
968786
968823
968890
968909
968912
968929
968930
968936
968959
968962
968977
968988
968990
968993
968996
969010
969014
969037
969041
969057
969122
969125
969188
969196
969197
969229
969235
969284
969291
969368
969472
969533
969559
969569
969572
969607
969609
969615
969617
969696
969698
969699
969706
969708
969711
969717
969719
969721
969736
969738
969745
969759
969761
969763
969772
969775
969875
969879
969888
969890
969897
969906
969909
969926
969927
970013
970016
970035
970038
970049
970050
970062
970065
970073
970095
970103
970107
970113
970116
970159
970161
970290
970294
970295
970299
970304
970306
970308
970348
970349
970355
970356
970359
970361
970368
970369
970371
970439
970449
970455
970456
970460
970461
970463
970476
970479
970481
970489
970490
970493
970501
970502
970503
970504
970509
970510
970577
970593
970603
970609
970610
970819
970834
970863
970864
970903
970916
970922
970923
971026
971551
971599
971730
971939
971942
971943
972366
972521
972522
972525
972582
972810
972848
972856
972857
973555
973668
973889
974105
974107
974186
974229
974231
974232
974314
974315
974316
974337
974338
974465
974468
974470
974516
975151
975160
975173
975182
975206
975321
975446
975449
975813
976258
976291
976301
976302
976491
976643
976708
976709
976710
976711
976712
976803
976805
976827
977004
977168
977273
977321
977330
977334
977335
977626
977819
977820
977858
978212
978242
978749
978750
978988
979495
980993
980994
980995
980999
981002
981004
981262
981263
981494
981621
981622
981668
981670
981672
981677
981678
981926
981965
981998
981999
982117
982130
982131
982132
982133
982134
982135
982137
982227
982271
982344
982677
982680
982683
982684
982687
982688
982689
982690
982691
982692
982693
982696
983051
983053
983286
983471
983473
983504
983511
983514
983526
983683
983684
983685
983705
983706
983718
983732
983733
983736
983737
983782
983783
983851
983893
983896
983899
983900
983902
983903
983904
983907
983908
983909
983910
983911
983912
983913
984727
984793
984895
985877
986113
986548
986559
986627
986629
986631
986634
986772
987071
987089
987132
987153
987228
987238
987245
987281
987318
987398
987401
987403
987405
987406
987551
987607
987748
987779
987784
987785
987810
987817
987826
987828
987830
988080
988180
988183
988208
988389
988522
988540
988559
988564
988567
988568
988569
988570
988575
988585
988588
988592
988594
988601
988692
988741
988745
988790
988794
989213
989215
989263
989487
990071
990271
991325
991326
991327
991329
991330
991378
991381
991441
991810
991814
991821
992027
992132
992529
992566
992570
992620
993267
993964
993968
993991
994000
994012
994021
994027
994377
994526
994531
994534
994602
994607
994612
994935
994947
994956
994967
994972
994996
995016
995070
995076
995077
995090
995094
995097
995209
995210
995213
995225
995229
995233
995328
995386
995426
995532
995576
995579
995582
995625
995628
995651
995807
996498
996650
996685
996713
996717
996736
996806
996807
996821
996827
996831
996900
997250
997251
997259
997260
997262
997264
997265
997268
997286
997287
997321
997324
997325
997326
997328
997343
997345
997346
997348
997349
997351
997356
997357
997359
997360
998438
998669
998675
998683
998755
998806
998820
998849
998901
998945
998948
998954
999185
999201
999202
999246
999393
999481
999528
999550
999620
999629
999633
999639
999870
999959
1000103
1000112
1000141
1000288
1000897
1000917
1001027
1001030
1001043
1001044
1001045
1001072
1001089
1001090
1001109
1001156
1001199
1001243
1001246
1001249
1001283
1001477
1001798
1001800
1001801
1001803
1001859
1001984
1002043
1002280
1002282
1002287
1002325
1002351
1002375
1002684
1002687
1002790
1002999
1003096
1003192
1003377
1003382
1003440
1003441
1003516
1004131
1004186
1004230
1004233
1004235
1004244
1004260
1004303
1004385
1004408
1004411
1004631
1004636
1005309
1005755
1005757
1005825
1005833
1005864
1005956
1005992
1005995
1006011
1006061
1006169
1006170
1006265
1006279
1006280
1006366
1006371
1006531
1006532
1006533
1006535
1006539
1006563
1007357
1007519
1007635
1007636
1007639
1007648
1007698
1007879
1007959
1007960
1007974
1007975
1008274
1008379
1008620
1008729
1008935
1008989
1009054
1009196
1009215
1009225
1009230
1009242
1009249
1009265
1009274
1009275
1009284
1009299
1009303
1009319
1009327
1009342
1009343
1009357
1009371
1009374
1009375
1009388
1009389
1009435
1009447
1009453
1009498
1009504
1009515
1009519
1009522
1009527
1009529
1009530
1009585
1009646
1009649
1009650
1009651
1009768
1009770
1009800
1009809
1009810
1009827
1009837
1009838
1009847
1009879
1009895
1009989
1009996
1009997
1010238
1010245
1010246
1010248
1011536
1011543
1011544
1011568
1011569
1011576
1011579
1011580
1011581
1011582
1011583
1011584
1011585
1011710
1012198
1012199
1012200
1012201
1012566
1012843
1012967
1013007
1013041
1013435
1014219
1014485
1014655
1014659
1014663
1014691
1014696
1014730
1014734
1015452
1015462
1015464
1015467
1015856
1015884
1015885
1015887
1015891
1015899
1015905
1015923
1015926
1015941
1015945
1015958
1016007
1016029
1016035
1016043
1016101
1016232
1016234
1016235
1016236
1016302
1016320
1016332
1016394
1016400
1016485
1016488
1016490
1016491
1016493
1016494
1016535
1016542
1016615
1016619
1016681
1016683
1016694
1016711
1016722
1016730
1016741
1016746
1016757
1016766
1016767
1016778
1016779
1016791
1017258
1017259
1017260
1017261
1017263
1017300
1017308
1017309
1017312
1017314
1017316
1017343
1017360
1017363
1017364
1017365
1017366
1017367
1017370
1017384
1017385
1017386
1017387
1017394
1017400
1017401
1017426
1017433
1018156
1018712
1019388
1019389
1019604
1019685
1019858
1020167
1020173
1021197
1021218
1021246
1021641
1021710
1021711
1022046
1022500
1023493
1023494
1023495
1023497
1023498
1023499
1023500
1023504
1023517
1023524
1023544
1023547
1023548
1023552
1023657
1023665
1023667
1023696
1023765
1023804
1023826
1023857
1023916
1023934
1023936
1024070
1024080
1024092
1024097
1024127
1024130
1024140
1024185
1024378
1024391
1024394
1024403
1024413
1024416
1024455
1024456
1024458
1024460
1024461
1024463
1024493
1024516
1024634
1024639
1024665
1024675
1024678
1024695
1024718
1024725
1024731
1024732
1024772
1024799
1024891
1024892
1024898
1024900
1024901
1024908
1024920
1024922
1024923
1024932
1024936
1024938
1024944
1025016
1025022
1025025
1025026
1025050
1025108
1025134
1025149
1025195
1025198
1025205
1025217
1025223
1025237
1025239
1025295
1025296
1025303
1025339
1025341
1025351
1025412
1025422
1025493
1025509
1025534
1025535
1025547
1025584
1025593
1025772
1025797
1025819
1025872
1025887
1026006
1026007
1026008
1026009
1026019
1026053
1026063
1026079
1026080
1026132
1026136
1026169
1026178
1026199
1026217
1026234
1026248
1026272
1026278
1026302
1026372
1026373
1026374
1026375
1026376
1026402
1026404
1026436
1026723
1026738
1026740
1026769
1026773
1026783
1026795
1026928
1026948
1026958
1026961
1027012
1027026
1027031
1027115
1027211
1027214
1027351
1027360
1027365
1027371
1027486
1027550
1027585
1027745
1027774
1027787
1027789
1027820
1027825
1027826
1027828
1027831
1027842
1027843
1027845
1027864
1027900
1027931
1027933
1027934
1028048
1028052
1028122
1028123
1028133
1028140
1028145
1028152
1028173
1028186
1028219
1028230
1028248
1028250
1028277
1028322
1028349
1028351
1028429
1028672
1028682
1028683
1028685
1028686
1028689
1028690
1028748
1028766
1028799
1028803
1028862
1028863
1028878
1028879
1028880
1028881
1028888
1028903
1028905
1029049
1029050
1029106
1029112
1029116
1029120
1029125
1029185
1029250
1029255
1029256
1029258
1029259
1029278
1029284
1029295
1029318
1029320
1029339
1029340
1029465
1029468
1029472
1029495
1029540
1029542
1029543
1029546
1029619
1029628
1029629
1029663
1029667
1029668
1029713
1029923
1029930
1030089
1030115
1030116
1030132
1030143
1030144
1030152
1030153
1030162
1030186
1030187
1030192
1030196
1030199
1030200
1030220
1030221
1030252
1030254
1030292
1030295
1030296
1030334
1030341
1030344
1030461
1030474
1030502
1030505
1030530
1030531
1030532
1030535
1030537
1030538
1030542
1030543
1030659
1030778
1030787
1030858
1031006
1031007
1031028
1031030
1031031
1031034
1031036
1031037
1031089
1031101
1031108
1031178
1031198
1031201
1031204
1031208
1031218
1031221
1031243
1031754
1031799
1031804
1031805
1031809
1031928
1031968
1031977
1031978
1031982
1031983
1031986
1032053
1032060
1032061
1032064
1032066
1032067
1032071
1032313
1032331
1032414
1032469
1032570
1032592
1032601
1032742
1032802
1033005
1033280
1033816
1033900
1034127
1034225
1034324
1034325
1034565
1034567
1034568
1034569
1034598
1034770
1034773
1034805
1034808
1034809
1034842
1034866
1034871
1034872
1034930
1034937
1034939
1034944
1034948
1034949
1034985
1034997
1035102
1035115
1035126
1035127
1035133
1035138
1035142
1035144
1035145
1035149
1035153
1035154
1035155
1035159
1035166
1035194
1035206
1035228
1035234
1035237
1035344
1035346
1035468
1035529
1035612
1035646
1035652
1035730
1035750
1035768
1035780
1035782
1035790
1035846
1035871
1035872
1035892
1035904
1035957
1035972
1035975
1035976
1035977
1035978
1035986
1035987
1035990
1035991
1036011
1036081
1036084
1036092
1036095
1036096
1036143
1036164
1036197
1036199
1036200
1036201
1036202
1036223
1036228
1036297
1036307
1036308
1036309
1036313
1036330
1036368
1036373
1036388
1036395
1036396
1036399
1036411
1036412
1036417
1036710
1036734
1036735
1036756
1036897
1036966
1036968
1036987
1037039
1037140
1037148
1037149
1037154
1037166
1037169
1037175
1037176
1037182
1037191
1037257
1037300
1037369
1037416
1037438
1037446
1037447
1037463
1037468
1037922
1037968
1038031
1038074
1038109
1038110
1038111
1038210
1038227
1038233
1038308
1038348
1038397
1038398
1038402
1038408
1038443
1038623
1038817
1038829
1038916
1038917
1038950
1038960
1038983
1038984
1039062
1039187
1039218
1039280
1039282
1039283
1039347
1039353
1039354
1039369
1039413
1039437
1039444
1039487
1039640
1039659
1039661
1039663
1039666
1039674
1039679
1039683
1040281
1040350
1040367
1040878
1040941
1040982
1041539
1041572
1041575
1041580
1041581
1041584
1041719
1041758
1042001
1042012
1042107
1042108
1042137
1042155
1042182
1042281
1042292
1042311
1042904
1042910
1042967
1042968
1042996
1043000
1043009
1043016
1043062
1043068
1043078
1043087
1043732
1043762
1043765
1043767
1043772
1043797
1043817
1043818
1043852
1043871
1043874
1043879
1043884
1043885
1043886
1043888
1043932
1043935
1043939
1043944
1043945
1043946
1043951
1044022
1044024
1044048
1044051
1044057
1044058
1044059
1044063
1044087
1044819
1044830
1044833
1044835
1044837
1044843
1044844
1044845
1044850
1045294
1045329
1045860
1045869
1046065
1046631
1047307
1047858
1048163
1048164
1048531
1048715
1048867
1049006
1049009
1049094
1049272
1049421
1049426
1049452
1049454
1049466
1049471
1049487
1049488
1049515
1049531
1049569
1049570
1049576
1049577
1049671
1049676
1049681
1049762
1049764
1049768
1049770
1049787
1049792
1049794
1049855
1049856
1049860
1049865
1049866
1049868
1049869
1049870
1049871
1049873
1049940
1050088
1050313
1050467
1050495
1050601
1050680
1050774
1050802
1050831
1050862
1050867
1050872
1050873
1050874
1050876
1050877
1050878
1050879
1051111
1051122
1051124
1051147
1051154
1051222
1051223
1051346
1051491
1051509
1052337
1053807
1053821
1053827
1054087
1054104
1054107
1054141
1054162
1054266
1054297
1054300
1054313
1054332
1054337
1054367
1054370
1054394
1054442
1054445
1054446
1054447
1054549
1054606
1054944
1055171
1055184
1055186
1055234
1055293
1055298
1055376
1055382
1055390
1055391
1055404
1055683
1055764
1055784
1055847
1055937
1055964
1055978
1055982
1056005
1056012
1056236
1056374
1056387
1056389
1056494
1056498
1056601
1056605
1056876
1057713
1057867
1058093
1058098
1058099
1058105
1058108
1058114
1058120
1058873
1058906
1058935
1058937
1059300
1059303
1059304
1059378
1059404
1059422
1059535
1059605
1059615
1059771
1059950
1060270
1060271
1060272
1060452
1060953
1061465
1061496
1061497
1061528
1061780
1061899
1062031
1062199
1062890
1062995
1063120
1063121
1063125
1063126
1063133
1063138
1063182
1063187
1063275
1063479
1063644
1063646
1063671
1063679
1063695
1063698
1063879
1063912
1063913
1064143
1064469
1064485
1065637
1065758
1065782
1065840
1065860
1065911
1065984
1066025
1066053
1066057
1066059
1066060
1066061
1066066
1066069
1066070
1066095
1066111
1066126
1066200
1066221
1066291
1066293
1066362
1066730
1066738
1066744
1067111
1067116
1067117
1067130
1067197
1067267
1067318
1067319
1067320
1067336
1067375
1067428
1067442
1067443
1067455
1067459
1067522
1067523
1067524
1067525
1067526
1067529
1067557
1067558
1067634
1067713
1067714
1067743
1067756
1067759
1067777
1067833
1067843
1067866
1067868
1067869
1067872
1067923
1067931
1067934
1067940
1067943
1067944
1067986
1068245
1068666
1068667
1068693
1068765
1068779
1068799
1068817
1068820
1068823
1069056
1069066
1069069
1069088
1069101
1069104
1069129
1069154
1069157
1069195
1069216
1069223
1069247
1069260
1069264
1069299
1069304
1069307
1069310
1069314
1069316
1069319
1069329
1069351
1069371
1069372
1069387
1069408
1069426
1069430
1069431
1069438
1069443
1069593
1069597
1069611
1069613
1069631
1069656
1069660
1069664
1069666
1069702
1069703
1069705
1069706
1069707
1069709
1069758
1069759
1069760
1069761
1069771
1069852
1069862
1069863
1069910
1069920
1069922
1069925
1069931
1069933
1069955
1069956
1070201
1070203
1070210
1070212
1070275
1070276
1070386
1070391
1070396
1070397
1070400
1070401
1070402
1070747
1070884
1070893
1070904
1070913
1071027
1071028
1071052
1071104
1071457
1071671
1072714
1072723
1072726
1072743
1072749
1072963
1072968
1072971
1073047
1073048
1073095
1073096
1073103
1073134
1073135
1073436
1073455
1073480
1073726
1073727
1073728
1073730
1073732
1073734
1073735
1073736
1073769
1073886
1073968
1073970
1073972
1073974
1074188
1074192
1074198
1074248
1074255
1074331
1074337
1074358
1074364
1074368
1074388
1074500
1074516
1074522
1074846
1074853
1075019
1075022
1075211
1075212
1075216
1075220
1075221
1075258
1075341
1075345
1075396
1075431
1075432
1075455
1075456
1075461
1075489
1075493
1075494
1075903
1075943
1075944
1075945
1075946
1075948
1075950
1075974
1075979
1075980
1075981
1076002
1076006
1076058
1076065
1076066
1076072
1076073
1076339
1076514
1076708
1076765
1076770
1076814
1076867
1076869
1076870
1076871
1076872
1076901
1076917
1076937
1076986
1076987
1077049
1077155
1077166
1078628
1078629
1078630
1078631
1078632
1078633
1078634
1078635
1078636
1078637
1078668
1078670
1078676
1078688
1078695
1078696
1078727
1078730
1079254
1079272
1079295
1079617
1079758
1079844
1079845
1079854
1079858
1079860
1079861
1079864
1079866
1080332
1080334
1080337
1080340
1080349
1080350
1080460
1081193
1081195
1081232
1081233
1081236
1081563
1081795
1081796
1081797
1081798
1081799
1081800
1081801
1081838
1081892
1081986
1081988
1081992
1082002
1082012
1082025
1082027
1082036
1082050
1082060
1082082
1082099
1082159
1082161
1082169
1082257
1082314
1082315
1082317
1082322
1082330
1082524
1082538
1082539
1083435
1083630
1083631
1083723
1084146
1084564
1084577
1084591
1084596
1084784
1084829
1084836
1084846
1084873
1084876
1085050
1085068
1085070
1085130
1085367
1085394
1085407
1085425
1085473
1085500
1086035
1086234
1086246
1086254
1086255
1086315
1086387
1086418
1086480
1086490
1086504
1086647
1086816
1086818
1087020
1087033
1087120
1087138
1087148
1087152
1087164
1087165
1087174
1087176
1087183
1087184
1087186
1087219
1087227
1087351
1087419
1087449
1087462
1087472
1087524
1087526
1087547
1087661
1087662
1087663
1087664
1087668
1087710
1087711
1087712
1087713
1087715
1087767
1087806
1087808
1087810
1087816
1087831
1087837
1087850
1087895
1087900
1087907
1088063
1088069
1088091
1088097
1088206
1088356
1088484
1088672
1089473
1089524
1089534
1089539
1089549
1089633
1089638
1089808
1089962
1090357
1090365
1090416
1090482
1090483
1090593
1090595
1090610
1090617
1090623
1090629
1090633
1090709
1090716
1090720
1090727
1090729
1090732
1090743
1090744
1090745
1090746
1090747
1090748
1090749
1090753
1090754
1090755
1090757
1090812
1090815
1090935
1090937
1090947
1090974
1090992
1091155
1091156
1091160
1091161
1091170
1091171
1091175
1091176
1091411
1091437
1091453
1091817
1091845
1091854
1091855
1092046
1092163
1092449
1092458
1092472
1092520
1092774
1093125
1093157
1093248
1093360
1093732
1093973
1094081
1094131
1094144
1094161
1094552
1094577
1094578
1094594
1094595
1094596
1094597
1094615
1094617
1094620
1094621
1094636
1094645
1094671
1094672
1094674
1094682
1094686
1094693
1094748
1094751
1094754
1094776
1094778
1094779
1094781
1094783
1094784
1094786
1094789
1094819
1095111
1095486
1095495
1095497
1096899
1096901
1096962
1096967
1096975
1096976
1096977
1096994
1097101
1097170
1097283
1097339
1097341
1097436
1097478
1097633
1097691
1097739
1097869
1097916
1097917
1097921
1097923
1097924
1097926
1097928
1097929
1097930
1097950
1097951
1097953
1099693
1099756
1099759
1099762
1100035
1100050
1100102
1100131
1100219
1100240
1100243
1100253
1100261
1100264
1100275
1100287
1100397
1100400
1100407
1100420
1100421
1100430
1100435
1100531
1100606
1100628
1100751
1100753
1100822
1100913
1101753
1101821
1101837
1101838
1101839
1101886
1101910
1101928
1101951
1102049
1102255
1102256
1102257
1102265
1102296
1102451
1102453
1102698
1102699
1102727
1102857
1102909
1102912
1102922
1103159
1103160
1103162
1103180
1103644
1103852
1103853
1104717
1105013
1105191
1105273
1105417
1105448
1105985
1106002
1106097
1106167
1106211
1106219
1106565
1106570
1106654
1106792
1106797
1107019
1107107
1107454
1107455
1107522
1107613
1107614
1107626
1107631
1107633
1107645
1107661
1107666
1107674
1107707
1107745
1107862
1107936
1107964
1108198
1108281
1108287
1108291
1108292
1108599
1109142
1109197
1109297
1109424
1109606
1109631
1109955
1109967
1109979
1110419
1110420
1110566
1110568
1110664
1110805
1110903
1111006
1111007
1111047
1111050
1111062
1111070
1111078
1111079
1111084
1111154
1111155
1111157
1111160
1111163
1111308
1111329
1111333
1111334
1111335
1111337
1111341
1111342
1111348
1111349
1111350
1111351
1111352
1111603
1111708
1111773
1111872
1111957
1111959
1112145
1113463
1113472
1113473
1113474
1113475
1113512
1113525
1113526
1113745
1113746
1113802
1113803
1113804
1113825
1113870
1113871
1114059
1114175
1114180
1114190
1115014
1115015
1115023
1115024
1115036
1115046
1115075
1115095
1115096
1115106
1115107
1115135
1115149
1115151
1115164
1115165
1115166
1115172
1115184
1115198
1115217
1115276
1115287
1115289
1115290
1115316
1115323
1115437
1115440
1115442
1115445
1115460
1115463
1115468
1115474
1115490
1115518
1115528
1115530
1115538
1115547
1115554
1115613
1115615
1115631
1115632
1115638
1115647
1115649
1115650
1115659
1115674
1115679
1115683
1115686
1115726
1115727
1115728
1115733
1115739
1115741
1115742
1115753
1115754
1115759
1115766
1115768
1115769
1115775
1115776
1115780
1115782
1115965
1116018
1116021
1116022
1116024
1116035
1116039
1116043
1116045
1116680
1116688
1116690
1116708
1116712
1116717
1116718
1116724
1116727
1116730
1116751
1116768
1116776
1116785
1116788
1116794
1116795
1116799
1116801
1116805
1116806
1116807
1116808
1116809
1116824
1116826
1116827
1116852
1116867
1116868
1116869
1116870
1116872
1116873
1116874
1116880
1116883
1116884
1116906
1116916
1116919
1116921
1116924
1116929
1116930
1116933
1116934
1117038
1117525
1117536
1117546
1117554
1117561
1117563
1117580
1117627
1117648
1117662
1117686
1117725
1117751
1117765
1117805
1117893
1117914
1117938
1117963
1118018
1118085
1118108
1118125
1118140
1118150
1118177
1118178
1118191
1118202
1118203
1118213
1119291
1119351
1119353
1119378
1119413
1119415
1119445
1119475
1119478
1119499
1120074
1120089
1120320
1120321
1120445
1120499
1120513
1120524
1120540
1120550
1120551
1120579
1120674
1121205
1121234
1121600
1121614
1121652
1121653
1121775
1121938
1122320
1122339
1122641
1122730
1122794
1122812
1122905
1122906
1123077
1123079
1123080
1123083
1123518
1123519
1123565
1123567
1123714
1123747
1123748
1123761
1123803
1124130
1124133
1124186
1124187
1124188
1124260
1124696
1124814
1124934
1124935
1125025
1125064
1125131
1125169
1125246
1125500
1125503
1125505
1125506
1125571
1125611
1125620
1125646
1125738
1125798
1125893
1125900
1125904
1125934
1125979
1125980
1125981
1125991
1126077
1126090
1126091
1126103
1126121
1126122
1126157
1126169
1126187
1126221
1126265
1126266
1126268
1126276
1126278
1126280
1126334
1126335
1126340
1126375
1126386
1126387
1126419
1126528
1126602
1127176
1127177
1127182
1127582
1127583
1127584
1127654
1127656
1127661
1127678
1127680
1127684
1127703
1127705
1127709
1127743
1127759
1127766
1127823
1127826
1127847
1127875
1127885
1127895
1127896
1127897
1127899
1127902
1128107
1128197
1128200
1128211
1128267
1128271
1128406
1128407
1128489
1128544
1128552
1128639
1128643
1129038
1129091
1129108
1129113
1129119
1129125
1129216
1129433
1129457
1129464
1129476
1129493
1129544
1129560
1129604
1129887
1129900
1130017
1130136
1130143
1130149
1130152
1130153
1130166
1130182
1130466
1130655
1130658
1130900
1130903
1130934
1130936
1130997
1131001
1131005
1131006
1131007
1131057
1131058
1131059
1131060
1131062
1131064
1131065
1131075
1131076
1131079
1131088
1131269
1131426
1131428
1131429
1131430
1131431
1131499
1131514
1131704
1131705
1131708
1131709
1131711
1131767
1131775
1131941
1131942
1131943
1131944
1131945
1131948
1131949
1131991
1132032
1132034
1132037
1132038
1132039
1132040
1132041
1132079
1132086
1132096
1132110
1132389
1132391
1132392
1132393
1132394
1132395
1132707
1132709
1132712
1132714
1132717
1132718
1132719
1132734
1132736
1132775
1132789
1132796
1132797
1132798
1132799
1132800
1132801
1132806
1132807
1132808
1132810
1132812
1132831
1132835
1132840
1132842
1132843
1132846
1132847
1132848
1132849
1132850
1132851
1132951
1133010
1133230
1133245
1133416
1133418
1133419
1133420
1133421
1133439
1133440
1133442
1133453
1133560
1133564
1133566
1133570
1133587
1133588
1133590
1133591
1133592
1133607
1133647
1133703
1133705
1133709
1133715
1133722
1133725
1133816
1133878
1133887
1133892
1134201
1134207
1134310
1134481
1134482
1134501
1134534
1134561
1134622
1134624
1134640
1135174
1135793
1135796
1135804
1135805
1135806
1135834
1135953
1136044
1136135
1136448
1137316
1137321
1137323
1137326
1137328
1137329
1137330
1137375
1137395
1137473
1137493
1137531
1137535
1137571
1137575
1137577
1137622
1137718
1137740
1138641
1139595
1139619
1140068
1140343
1140375
1140719
1141347
1141351
1141373
1141756
1141758
1141780
1141786
1141788
1141789
1141790
1141791
1141792
1141794
1141797
1141798
1142315
1142320
1142323
1142332
1142337
1142368
1142369
1142381
1142398
1142435
1142837
1143133
1143143
1143323
1143352
1143462
1143629
1143630
1143904
1143992
1144192
1144200
1144228
1144237
1144248
1144251
1144727
1144746
1144775
1144779
1144780
1144783
1144784
1144785
1144786
1144787
1144789
1144790
1144793
1144794
1144795
1144796
1144804
1144805
1144806
1144807
1144808
1144809
1144855
1144856
1144858
1144859
1144860
1144861
1144864
1144865
1144891
1144901
1144907
1144908
1144917
1144918
1144921
1144968
1144976
1144997
1145000
1145002
1145004
1145005
1145007
1145008
1145010
1145013
1145104
1145149
1145247
1145254
1145275
1145358
1145372
1145755
1146021
1146157
1146158
1146159
1146161
1146162
1146269
1146398
1146411
1146412
1146449
1146469
1146477
1146479
1146499
1146504
1146508
1146679
1147516
1147750
1147870
1147954
1148455
1148930
1148951
1149053
1149055
1149405
1149408
1149412
1149413
1149414
1149562
1149599
1149616
1149632
1149679
1149694
1149707
1149721
1149739
1149755
1149794
1149909
1149912
1149919
1150141
1150205
1150400
1150430
1150431
1150432
1150433
1150655
1150742
1150768
1150857
1150904
1151041
1151089
1151132
1151531
1151554
1151660
1151666
1151668
1151669
1151670
1151671
1152154
1152160
1152690
1152691
1152868
1152900
1152910
1152911
1152912
1152953
1153097
1153473
1154282
1154285
1154290
1154304
1154308
1154310
1154538
1154615
1154617
1154618
1154619
1154620
1154621
1154622
1154623
1154624
1154625
1154626
1154627
1154628
1154634
1154635
1154728
1155204
1155219
1155474
1155597
1155810
1155862
1156173
1157155
1157231
1159452
1159879
1160336
1160366
1160555
1160558
1160564
1161032
1161033
1161035
1161036
1161038
1161039
1161040
1161074
1161075
1161197
1161220
1161260
1161261
1161427
1161530
1161531
1161561
1161562
1161563
1161564
1161565
1161579
1161667
1161674
1161675
1161681
1161683
1161687
1161693
1161694
1161696
1161700
1161702
1161703
1161708
1161712
1161714
1162146
1162767
1162804
1162833
1162847
1162859
1162875
1162876
1163261
1163307
1163688
1163883
1164000
1164002
1164066
1164090
1164157
1164158
1164159
1164162
1164164
1164165
1164166
1164167
1164172
1164173
1164174
1164185
1164259
1164292
1164375
1164377
1164381
1164401
1164487
1164488
1164490
1164491
1164492
1164493
1164494
1164496
1164497
1164499
1164500
1164501
1164505
1164506
1164508
1164529
1164556
1164636
1164646
1164677
1164842
1164926
1164937
1164940
1164955
1164957
1164960
1165234
1165261
1165411
1165415
1165471
1165472
1165481
1165482
1165484
1165489
1165541
1165543
1165681
1165748
1165764
1165774
1165776
1166247
1166249
1166250
1166252
1166253
1166254
1166255
1166256
1166257
1166258
1166261
1166262
1166263
1166264
1166265
1166266
1166317
1166320
1166321
1166325
1166326
1166331
1166339
1166366
1166368
1166371
1166372
1166375
1166377
1166379
1166383
1166384
1166385
1166387
1166524
1166574
1166575
1166576
1166578
1166583
1166586
1166599
1166638
1166639
1166644
1166671
1166679
1166683
1166687
1166688
1166700
1166703
1166705
1166708
1166709
1166754
1166755
1166758
1166761
1166764
1166767
1166771
1166776
1166779
1166786
1166787
1166815
1166995
1166999
1167001
1167031
1167032
1167033
1167039
1167042
1167056
1167061
1167064
1167068
1167072
1167073
1167115
1167148
1167151
1167202
1167203
1167210
1167214
1167216
1167221
1167222
1167225
1167226
1167227
1167240
1167244
1167245
1167249
1167250
1167251
1167252
1167255
1167257
1167357
1167373
1167432
1167620
1167626
1167701
1167755
1167802
1167867
1167886
1167965
1168012
1168016
1168018
1168019
1168021
1168025
1168026
1168027
1168094
1168099
1168111
1168112
1168160
1168180
1168374
1168377
1168623
1168636
1168732
1168779
1168780
1168808
1168828
1168833
1168835
1168843
1168863
1168868
1168872
1168873
1168874
1168875
1168879
1168893
1168908
1168909
1168925
1168928
1168932
1168933
1168934
1168939
1168983
1169007
1169029
1169035
1169036
1169037
1169054
1169057
1169061
1169062
1169075
1169078
1169079
1169081
1169082
1169084
1169086
1169087
1169088
1169091
1169095
1169096
1169099
1169190
1169208
1169221
1169263
1169278
1169280
1169306
1169313
1169330
1169335
1169347
1169363
1169364
1169377
1169397
1169398
1169424
1169442
1169502
1169507
1169514
1169515
1169516
1169517
1169521
1169532
1169534
1169535
1169536
1169539
1169540
1169541
1169548
1169556
1169557
1169558
1169580
1169590
1169592
1169593
1169596
1169600
1169604
1169605
1169606
1169607
1169871
1170229
1170256
1170279
1170280
1170293
1170301
1170314
1170392
1170411
1170435
1170438
1170558
1170560
1170580
1170648
1170668
1170774
1170778
1170795
1171113
1171198
1171230
1171258
1171658
1171665
1171670
1171672
1171679
1171768
1172007
1172010
1172011
1172036
1172106
1172258
1172262
1172475
1172499
1172503
1172504
1172577
1172712
1172795
1172798
1172799
1172800
1172801
1172802
1172803
1172807
1172808
1172809
1172811
1172815
1172830
1172881
1173005
1173294
1173339
1173370
1173380
1173487
1173488
1173549
1173587
1173762
1173765
1173771
1173772
1173773
1173806
1173838
1174325
1174327
1174329
1174330
1174334
1174336
1174385
1174421
1174439
1174440
1174491
1174622
1174647
1175078
1175081
1175197
1175198
1175215
1175328
1175330
1175331
1175339
1175362
1175396
1175400
1175416
1175423
1175432
1175878
1175914
1175925
1175935
1175949
1175954
1175973
1175979
1175983
1175985
1176046
1176065
1176066
1176068
1176071
1176072
1176111
1176124
1176139
1176144
1176331
1176333
1176334
1176335
1176338
1176344
1176428
1176438
1176469
1176471
1176523
1176594
1176612
1176640
1176668
1176678
1176680
1176691
1176770
1176784
1176923
1177004
1177011
1177122
1177369
1177403
1177699
1177711
1177712
1177714
1177715
1177718
1177719
1177720
1177724
1177726
1177732
1177736
1177738
1177747
1177749
1177756
1177757
1177759
1177762
1177769
1177793
1177795
1177804
1177814
1177815
1177827
1177828
1177833
1177839
1177841
1177842
1177844
1177846
1177849
1177851
1177861
1177862
1177863
1177864
1177866
1177873
1177891
1177895
1177897
1177901
1177904
1177913
1177916
1177921
1177923
1177926
1177932
1177933
1177937
1177941
1177942
1177943
1177946
1177948
1177953
1177954
1177955
1177958
1177959
1177960
1177964
1177975
1177976
1177983
1178023
1178038
1178063
1178068
1178073
1178086
1178087
1178088
1178091
1178144
1178149
1178154
1178213
1178217
1178218
1178231
1178264
1178267
1178268
1178309
1178311
1178321
1178356
1178357
1178360
1178362
1178375
1178385
1178420
1178431
1178474
1178486
1178531
1178537
1178540
1178548
1178730
1178749
1178880
1178902
1178904
1179170
1179372
1179423
1179628
1179708
1180235
1180410
1180517
1180548
1180556
1181033
1181510
1181513
1183547
1183554
1183555
1184160
1184428
1184491
1184682
1184722
1184725
1184726
1185375
1185376
1185438
1185439
1185443
1185445
1185446
1185447
1185449
1185450
1185458
1185459
1185460
1185461
1185462
1185551
1185585
1185591
1185594
1185595
1185642
1185648
1185678
1185779
1185957
1185980
1186139
1186293
1186329
1186428
1186504
1186531
1186625
1186653
1186840
1186842
1186843
1186844
1186845
1186846
1186847
1186851
1186852
1186853
1186854
1186855
1186856
1186906
1186930
1186932
1186935
1186938
1186939
1186946
1186947
1186949
1186950
1187640
1188125
1188129
1188295
1188299
1188313
1188331
1188371
1188397
1188485
1188712
1188836
1188998
1189098
1189187
1189191
1189194
1189273
1189274
1189276
1189277
1189280
1189339
1189342
1189348
1189560
1189666
1190309
1190559
1190601
1191495
1191515
1191533
1191618
1191693
1191858
1192208
1192211
1192212
1192213
1192214
1192215
1192216
1192219
1192225
1192277
1192351
1192355
1192390
1192415
1192440
1192444
1192464
1192468
1192475
1192495
1192501
1192502
1192504
1192505
1192506
1192507
1192535
1192549
1192554
1192561
1192570
1192721
1192735
1192768
1192845
1192849
1192853
1192858
1193037
1193258
1193260
1193371
1193372
1193441
1193450
1193457
1193461
1193503
1193555
1193734
1193801
1194133
1194134
1194228
1194270
1194756
1194765
1194871
1195116
1195266
1195551
1195581
1195659
1195664
1195979
1195994
1196109
1196131
1196182
1196295
1196368
1196876
1196877
1196951
1197257
1197460
1198200
1198201
1198203
1198204
1198205
1198207
1198208
1198217
1198232
1198254
1198262
1198263
1198268
1198272
1198273
1198303
1198304
1199072
1199398
1199748
1199806
1199835
1199854
1199855
1200036
1200254
1200385
1200437
1200663
1200664
1200666
1201054
1201055
1201058
1201059
1201308
1201337
1201339
1201346
1201408
1201459
1201470
1201477
1201478
1201510
1201518
1201521
1201549
1201554
1201555
1201707
1201715
1201718
1201721
1201728
1201730
1201738
1201742
1201746
1201752
1201753
1201787
1201795
1201798
1202031
1202268
1202276
1202279
1202306
1202425
1202427
1202433
1202435
1202444
1202513
1202515
1203022
1203085
1203327
1203376
1203450
1203525
1203528
1203549
1203567
1203573
1203575
1203576
1203581
1203585
1203591
1203596
1203599
1203627
1203638
1203639
1203641
1203643
1203675
1203692
1203721
1203728
1203736
1203737
1203740
1203741
1203744
1203747
1203749
1203751
1203752
1203755
1203757
1203758
1203759
1203818
1203837
1203861
1203954
1203959
1203980
1203982
1203984
1204027
1204031
1204047
1204050
1204081
1204082
1204101
1204159
1204162
1204183
1204186
1204190
1204379
1204382
1204385
1204387
1204388
1204516
1204542
1204555
1204556
1204625
1204626
1204629
1204630
1204631
1204634
1204760
1204786
1204813
1204981
1205064
1205206
1205274
1205298
1205366
1205517
1205553
1205565
1205855
1205967
1206047
1206074
1206169
1206334
1206375
1206382
1206535
1206543
1206545
1206558
1206839
1206844
1206851
1206852
1206859
1206860
1206862
1206865
1206867
1207293
1207785
1209012
1209022
1209055
1209155
1209159
1209163
1210000
1210002
1210021
1210059
1210106
1210139
1210192
1210413
1210480
1210482
1210490
1210498
1210522
1210547
1210558
1210559
1210653
1210660
1210684
1210693
1210754
1210861
1211000
1211007
1211048
1211170
1211355
1211396
1211398
1211560
1211588
1211656
1211679
1211696
1211853
1211855
1211861
1211862
1211983
1211984
1212040
1212049
1212063
1212064
1212078
1212084
1212113
1212119
1212123
1212238
1212245
1212246
1212386
1212392
1212411
1212417
1212428
1212431
1212451
1212496
1212499
1212824
1212831
1212833
1212834
1212999
1213018
1213069
1213083
1213159
1213204
1213278
1213280
1213471
1213483
1213494
1213506
1213571
1213597
1213618
1213696
1213700
1213702
1213703
1213712
1213714
1213766
1213893
1213987
1214050
1214051
1214066
1214257
1214259
1214265
1214381
1214383
1214397
1215033
1215040
1215045
1215069
1215081
1215084
1215085
1215086
1215087
1215089
1215102
1215576
1215586
1215590
1215595
1215616
1215640
1215641
1215652
1215653
1215713
1215725
1215730
1215734
1215742
1215745
1215746
1215775
1215776
1215783
1215804
1215805
1215838
1215839
1215841
1215847
1215848
1215867
1215947
1215956
1215963
1215964
1216112
1216113
1216115
1216120
1216181
1216211
1216224
1216225
1216382
1216412
1216414
1216431
1216475
1216489
1216511
1216554
1216637
1216638
1216639
1216685
1216690
1216692
1216702
1216707
1216721
1216725
1216766
1216774
1216820
1216880
1216904
1216905
1216925
1217117
1217120
1217219
1217364
1217504
1217523
1217635
1217639
1217641
1217642
1217643
1217644
1217646
1217647
1217650
1217654
1217657
1217659
1217702
1217921
1217976
1218027
1218096
1218109
1218110
1218113
1218116
1218123
1218155
1218162
1218170
1218173
1218181
1218183
1218184
1218185
1218188
1218203
1218470
1218724
1218911
1218912
1218917
1219436
1219447
1219537
1219540
1219694
1220073
1220076
1220141
1220144
1220146
1220156
1220157
1220160
1220173
1220331
1220388
1220392
1220552
1220626
1220640
1220644
1220647
1220902
1220903
1220904
1220966
1220980
1220982
1220990
1220991
1221036
1221051
1221052
1221053
1221055
1221111
1221128
1221130
1221152
1221161
1221162
1221242
1221265
1221325
1221326
1221457
1221458
1221577
1221605
1221607
1221643
1221760
1221787
1221795
1221820
1221857
1222026
1222058
1222078
1222267
1222506
1222507
1222510
1222513
1222516
1222520
1222521
1222522
1222523
1222673
1222675
1222706
1222784
1223087
1223155
1223295
1223304
1223400
1223405
1223408
1223409
1223412
1223421
1223431
1223546
1223552
1223734
1223878
1223890
1223898
1223912
1224361
1224367
1224378
1224381
1224382
1224425
1224477
1224481
1224482
1224506
1224512
1224520
1224522
1224525
1225245
1225252
1225465
1225879
1226543
1226545
1226553
1226631
1226632
1226848
1226849
1226871
1226877
1226880
1226882
1226883
1226980
1226981
1226982
1227059
1227172
1227174
1227175
1227504
1227506
1227688
1227690
1227832
1227918
1227940
1227953
1228019
1228092
1228093
1228125
1228519
1228523
1228550
1228671
1228681
1228708
1228801
1228802
1228848
1228874
1228876
1228877
1228902
1228904
1228905
1228932
1228934
1228962
1229049
1229374
1229972
1230065
1230215
1230391
1230418
1230420
1230466
1230470
1230507
1230511
1230512
1230557
1230563
1230564
1230613
1230614
1230635
1230636
1230649
1230654
1230656
1230667
1230674
1230677
1230700
1230702
1230712
1230713
1230715
1230716
1230721
1230722
1230723
1230729
1230735
1230736
1230740
1230745
1230754
1230755
1230756
1230757
1230758
1230759
1231038
1231302
1231326
1231361
1231364
1231366
1231370
1231384
1231389
1231400
1231513
1231516
1231519
1231522
1231528
1231569
1231574
1231593
1231608
1231609
1231610
1231614
1231615
1231626
1231628
1231634
1231646
1231654
1231657
1231660
1231727
1231749
1231750
1231812
1231913
1231920
1231925
1232065
1232075
1232080
1232694
1232699
1232700
1232704
1232705
1232706
1233042
1233146
1233151
1233153
1233169
1233507
1233517
1233823
1233872
1233877
1233879
1233907
1234051
1234121
1234142
1234191
1234308
1234309
1234350
1234678
1235157
1235159
1235176
1235195
1235197
1235200
1235206
1235218
1235219
1235251
1235253
1235255
1235261
1235275
1235283
1235325
1235328
1235353
1235492
1235532
1235535
1235579
1235620
1235668
1235671
1235699
1235702
1235704
1235705
1235706
1235713
1235716
1235719
1235720
1235731
1235736
1235738
1235739
1235795
1235798
1235799
1235811
1235814
1235815
1235821
1235823
1235826
1235829
1235830
1236001
1236268
1236308
1236335
1236338
1236359
1236361
1236514
1236516
1236517
1236854
1236980
1237009
1237010
1237011
1237339
1237460
1237465
1237473
1237474
1237475
1237521
1237636
1237640
1237649
1237650
1237844
1237913
1237963
1238022
1238543
1238562
1238568
1238577
1238687
1238698
1238727
1238730
1238737
1238738
1238743
1238744
1238746
1238751
1238774
1238784
1238787
1238795
1238802
1238804
1238817
1238821
1238823
1238844
1238845
1238915
1238916
1238925
1238927
1238930
1238936
1238937
1238939
1238941
1238965
1239004
1239086
1239130
1239140
1239156
1239168
1239189
1239207
1239212
1239214
1239216
1239217
1239218
1239239
1239254
1239263
1239272
1239279
1239391
1239612
1239787
1239853
1240018
1240051
1240271
1240747
1240748
1241046
1241050
1241138
1241216
1241517
1241518
1241567
1241578
1241614
1241667
1241668
1241747
1241990
1242579
1242730
1242788
1243065
1243124
1243184
1243191
1243198
1243509
1243510
1243512
1243517
1243519
1243527
1243529
1243535
1243549
1243568
1243572
1243586
1243589
1243592
1243605
1243659
1243660
1243670
1243685
1243813
1244285
1244287
1244328
1244362
1244366
1244374
1244378
1244506
1244925
1244976
1245040
1245052
1245084
1245117
1245154
1245155
1245187
1245188
1245215
1245221
1245222
1245223
1245245
1245259
1245262
1245263
1245264
1245265
1245266
1245270
1245272
1245273
1245279
1245368
1245881
1246192
1246226
1246283
1246858
1246951
1247005
1247006
1247182
1247453
1247684
1247766
1247979
1248065
1248223
1248234
1248250
1248253
1248261
1248279
1248344
1248348
1248349
1248463
1248495
1248505
1248525
1248533
1248536
1248599
1248601
1248865
1248913
1248999
1249000
1249001
1249004
1249012
1249022
1249023
1249024
1249028
1249046
1249055
1249056
1249067
1249214
1249229
1249230
1249265
1249266
1249267
1249303
1249304
1249311
1249312
1249313
1249314
1249315
1249316
1249496
1249595
1249596
1249647
1249648
1249740
1249759
1249765
1249766
1249778
1249911
1249912
1250157
1250158
1250159
1250160
1250161
1250219
1250220
1250222
1250223
1250228
1250229
1250230
1250231
1250232
1250235
1250794
1251136
1251193
1251256
1251299
1251306
1251325
1251414
1251416
1251550
1251560
1251561
1251569
1251576
1251580
1251646
1251700
1251702
1251704
1251705
1252002
1252159
1252164
1252167
1252175
1252196
1252197
1252216
1252223
1252777
1252855
1252970
1252993
1253051
1253055
1253058
1253059
1253196
1253197
1253211
1253215
1253216
1253222
1253223
1253230
1253232
1253233
1253236
1253237
1253245
1253246
1253253
1253256
1253274
1253285
1253293
1253295
1253299
1253305
1253307
1253322
1253323
1253328
1253329
1253330
1253347
1253624
1253651
1253678
1253751
1253752
1253802
1253847
1254626
1254887
1254891
1254934
1254935
1254970
1255040
1255049
1255067
1255072
1255073
1255082
1255083
1255160
1255183
1255186
1255188
1255189
1255233
1255302
1255327
1255328
1255340
1255341
1255347
1255349
1255532
1255850
1255852
1255867
1255870
1255872
1255875
1255885
1255886
1255888
1255935
1255938
1255941
1255943
1255948
1256038
1256039
1256068
1256070
1256163
1256169
1256171
1256172
1256183
1256235
1256236
1256247
1256250
1256252
1256271
1256278
1256292
1256293
1256307
1256369
1256416
1256439
1256502
1256503
1256513
1256544
1256546
1256555
1256557
1256565
1256571
1256574
1256650
1256651
1256658
1256660
1256661
1256662
1256663
1256667
1256676
1256677
1256678
1256852
1256912
1256913
1256931
1256932
1256950
1256973
1256974
1256997
1257054
1257055
1257145
1257151
1257152
1257158
1257163
1257269
1257270
1257285
1257309
1257327
1257368
1257585
1257588
1257794
1257797
1257805
1257809
1257815
1257837
1257840
1257845
1257989
1258064
1258087
1258162
1258303
1258310
1258312
1258317
1258319
1258323
1258356
1258358
1258378
1258393
1258394
1258399
1258400
1258422
1258425
1258429
1258430
1258437
1258438
1258441
1258442
1258447
1258544
1258548
1258549
1258564
1258567
1258599
1258603
1258617
1258618
1258624
1258632
1258639
1258640
1258646
1258649
1258650
1258651
1258784
1258785
1258786
1258788
1258789
1258793
1258795
1258797
1258801
1258803
1258804
1258808
1258819
1258821
1258823
1258825
1258831
1258834
1258848
1258851
1258853
1258856
1258857
1258862
1258863
1258866
1258929
1258932
1258938
1258939
1258943
1258949
1258988
1258989
1258993
1258995
1258997
1259001
1259008
1259115
1259163
1259164
1259165
1259166
1259198
1259232
1259233
1259234
1259245
1259246
1259247
1259248
1259273
1259279
1259286
1259289
1259428
1259432
1259443
1259446
1259480
1259533
1259537
1259538
1259539
1259540
1259541
1259554
1259556
1259557
1259575
1259594
1259639
1259672
1259684
1259780
1259834
1259889
1259891
1259894
1259895
1259932
1259940
1259944
1259945
1259961
1259998
1259999
1260008
1260012
1260030
1260033
1260063
1260092
1260098
1260099
1260105
1260170
1260173
1260326
1260351
1260414
1260541
1260589
1260734
1260749
1260761
1260767
1260774
1260775
1261080
1261082
1261129
1261182
1261215
1261253
1261258
1261378
1261386
1261428
1261453
1261458
1261470
1261561
1261588
1261753
1261783
1261879
1261903
1261912
1261916
1261977
1261980
1261983
1261984
1262010
1262011
1262069
1262189
1262192
1262203
1262208
1262210
1262211
1262213
1262215
1262226
1262227
1262235
1262479
1262481
1262488
1262489
1262490
1262491
1262499
1262502
1262516
1262525
1262538
1262543
1262560
1262568
1262576
1262577
1262584
1262591
1262600
1262619
1262638
1262670
1262674
1262693
1262836
1262873
1262920
1262965
1263082
1263096
1263220
1263274
1263383
1264015
1264114
1264128
1264147
1264305
1264350
1264356
1264360
1264362
1264364
1264365
1264366
1264371
1264374
1264376
1264378
1264379
1264381
1264382
1264387
1264391
1264398
1264399
1264400
1264405
1264408
1264410
1264414
1264418
1264419
1264420
1264427
1264431
1264433
1264435
1264447
1264448
1264449
1264450
1264451
1264535
1264552
1264553
1264563
1264585
1264586
1264588
1264599
1264600
1264601
1264603
1264604
1264676
1264678
1264694
1264697
1264698
1264750
1264751
1264752
1264754
1264805
1264806
1264818
1264823
1264824
1264839
1264845
1264847
1264852
1264899
1264903
1264905
1264906
1264923
1264925
1264926
1264934
1264940
1264941
1264944
1264946
1264952
1264953
1264954
1264955
1264960
1265004
1265030
1265039
1265040
1265043
1265045
1265061
1265064
1265075
1265117
1265121
1265127
1265128
1265129
1265134
1265136
1265137
1265147
1265148
1265156
1265157
1265167
1265168
1265204
1265205
1265206
1265208
1265225
1265236
1265256
1265258
1265371
1265373
1265415
1265422
1265448
1265482
1265496
1265504
1265511
1265594
1265596
1265829
1265848
1265850
1265857
1265860
1265935
1265954
1266077
1266081
1266083
1266095
1266360
1266378
1266379
1266381
1266382
1266385
1266386
1266391
1266416
1266432
1266515
1266539
1266540
1266603
1266640
1266787
1266814
1266828
1266845
1266876
1266898
1266899
1266985
1266986
1266987
1266990
1266996
1267005
1267245
1267264
1267268
1267282
1267461
1267484
1267488
1267494
1267497
1267498
1267675
1267742
1267744
1267745
1267748
1267749
1267754
1267812
1267834
1267835
1267920
1267921
1267924
1267925
1267939
1267941
1267947
1267948
1267949
1267976
1267977
1268048
1268090
1268094
1268240
1268381
1268382
1268385
1268397
1268431
1268435
1268629
1268703
1268731
1268845
1268846
1268918
1268963
1268965
1268966
1268970
1268972
1268973
1268994
1269056
1269097
1269134
1269135
1269137
1269138
1269148
1269149
1269152
1269153
1269154
1269159
1269160
1269162
1269163
1269164
1269167
1269169
1269170
1269219
1269229
1269230
1269308
1269309
1269326
1269338
1269377
1269396
1269399
1269405
1269406
1269412
1269419
1269425
1269426
1269427
1269429
1269430
1269431
1269437
1269441
1269443
1269451
1269457
1269458
1269463
1269464
1269465
1269468
1269475
1269488
1269490
1269509
1269515
1269518
1269520
1269527
1269532
1269539
1269560
1269562
1269574
1269575
1269755
1269763
1269776
1269782
1269796
1269798
1269800
1269801
1269803
1269804
1269808
1269810
1269812
1269813
1269815
1269855
1269869
1269871
1269909
1269930
1269977
1269993
1270021
1270022
1270024
1270050
1270055
1270058
1270059
1270077
1270078
1270105
1270106
1270107
1270108
1270122
1270124
1270127
1270154
1270155
1270167
1270170
1270181
1270185
1270186
1270227
1270232
1270234
1270242
1270243
1270245
1270248
1270249
1270272
1270273
1270287
1270300
1270312
1270320
1270321
1270324
1270327
1270328
1270329
1270330
1270331
1270332
1270337
1270366
1270373
1270406
1270407
1270410
1270417
1270423
1270424
1270585
1270804
1270806
1270807
1270894
1270896
1271129
1271130
1271138
1271215
1271238
1271246
1271255
1271256
1271306
1271335
1271350
1271353
1271366
1271378
1271483
1271485
1271486
1271487
1271488
1271513
1271514
1271518
1271519
1271546
1271547
1271634
1271638
1271640
1271641
1271776
1271779
1271839
1271845
1271846
1271848
1271883
1271884
1271885
1271886
1271890
1271891
1271895
1271898
1271899
1271900
1271901
1271902
1271976
1271977
1271991
1271999
1272000
1272016
1272017
1272024
1272025
1272029
1272031
1272054
1272055
1272056
1272057
1272066
1272076
1272079
1272110
1272111
1272155
1272210
1272211
1272216
1272217
1272218
1272236
1272244
1272334
1272339
1272373
1272386
1272388
1272420
1272429
1272434
1272452
1272458
1272461
1272463
1272471
1272519
1272520
1272546
1272547
1272560
1272562
1272569
1272572
1272573
1272576
1272582
1272583
1272589
1272591
1272593
1272617
1272623
1272639
1272643
1272646
1272647
1272649
1272651
1272674
1272681
1272683
1272684
1272685
1272690
1272691
1272693
1272773
1272784
1272791
1272794
1272797
1273103
1273123
1273223
1273450
1273455
1273459
1273651
1273652
1273653
1273654
1273655
1273662
1273696
1273893
1273899
1273902
1273962
1273964
1273968
1273977
1274142
1274147
1274190
1274267
1274279
1274296
1274332
1274337
1274339
1274340
1274560
1274571
1274654
1274657
1274660
1274663
1274664
1274706
1274708
1274714
1274716
1274723
1274724
1274725
1274852
1274934
1274948
1274954
1274969
1274972
1274974
1274975
1274996
1275013
1275018
1275040
1275043
1275044
1275047
1275048
1275098
1275116
1275118
1275121
1275133
1275175
1275205
1275262
1275282
1275283
1275287
1275394
1275427
1275430
1275463
1275464
1275465
1275482
1275490
1275499
1275549
1275615
1275622
1275628
1275635
1275680
1275688
1275816
1275818
1275830
1275904
1275943
1275956
1275961
1275962
1275986
1276002
1276024
1276027
1276035
1276036
1276057
1276108
1276117
1276118
1276121
1276124
1276137
1276138
1276140
1276141
1276142
1276143
1276148
1276149
1276150
1276153
1276177
1276178
1276179
1276180
1276181
1276184
1276185
1276188
1276203
1276204
1276257
1276263
1276349
1276370
1276374
1276379
1276383
1276384
1276392
1276394
1276503
1276505
1276510
1276511
1276512
1276514
1276515
1276528
1276624
1276625
1276635
1276636
1276695
1276708
1276714
1276728
1276734
1276735
1276771
1276774
1276777
1276781
1276782
1276784
1276786
1276788
1276790
1276793
1276795
1276796
1276799
1276818
1276823
1276824
1276826
1276827
1276833
1276834
1276858
1276859
1276869
1276884
1276886
1276899
1276900
1276901
1276936
1276937
1276943
1276945
1276947
1276948
1276949
1276953
1276958
1276959
1276970
1276974
1276976
1276977
1276978
1276979
1276985
1276990
1276993
1277018
1277037
1277038
1277039
1277041
1277044
1277047
1277053
1277058
1277060
1277062
1277083
1277091
1277095
1277096
1277097
1277099
1277108
1277112
1277113
1277122
1277127
1277129
1277130
1277131
1277137
1277143
1277146
1277147
1277148
1277177
1277188
1277271
1277282
1277285
1277286
1277288
1277293
1277298
1277299
1277333
1277336
1277381
1277385
1277386
1277388
1277392
1277397
1277398
1277400
1277401
1277406
1277410
1277415
1277416
1277421
1277422
1277428
1277429
1277433
1277437
1277479
1277487
1277488
1277497
1277501
1277509
1277510
1277529
1277539
1277549
1277552
1277557
1277563
1277577
1277578
1277591
1277592
1277612
1277613
1277653
1277660
1277661
1277668
1277695
1277696
1277709
1277710
1277715
1277726
1277727
1277735
1277737
1277741
1277742
1277743
1277746
1277801
1277807
1277808
1277817
1277821
1277832
1277833
1277872
1277887
1277949
1277954
1277957
1278021
1278060
1278061
1278202
1278283
1278469
1278471
1278474
1278477
1278479
1278483
1278488
1278514
1278519
1278521
1278708
1278709
1278712
1278713
1278714
1278716
1278728
1278839
1278842
1278887
1278894
1278895
1278900
1278906
1278907
1278936
1278957
1278965
1278966
1278969
1278972
1278994
1278995
1279006
1279077
1279121
1279126
1279128
1279145
1279147
1279149
1279150
1279155
1279161
1279164
1279196
1279197
1279208
1279209
1279216
1279220
1279233
1279235
1279240
1279241
1279344
1279425
1279428
1279429
1279432
1279440
1279448
1279455
1279465
1279471
1279472
1279484
1279485
1279496
1279506
1279530
1279532
1279539
1279540
1279543
1279545
1279563
1279660
1279662
1279664
1279671
1279675
1279678
1279679
1279780
1279789
1279804
1279817
1279902
1279903
1279933
1279944
1280084
1280085
1280089
1280107
1280183
1280187
1280191
1280234
1280237
1280243
1280248
1280249
1280250
1280264
1280271
1280287
1280289
1280290
1280291
1280292
1280295
1280299
1280301
1280643
1280665
1280866
1281566
1281771
1282089
1282143
1282445
1282995
1282998
1283017
1283018
1283019
1283022
1283024
1283038
1283049
1283050
1283051
1283077
1284108
1284115
1284126
1284130
1284131
1284456
1284481
1284482
1284597
1284612
1284613
1284614
1284619
1284632
1285335
1285546
1286115
1286653
1286690
1286808
1287546
1287548
1287555
1287961
1288042
1288070
1288107
1288130
1289418
1289440
1289444
1289486
1289487
1289553
1289555
1289577
1289578
1289602
1289604
1289787
1289793
1289853
1289859
1290402
1290404
1290412
1290413
1290426
1290490
1290631
1290671
1291309
1291618
1292075
1292112
1292140
1292654
1292656
1292658
1292665
1292673
1292716
1293302
1293329
1293337
1293702
1293855
1293856
1293857
1293858
1293934
1294046
1294050
1294145
1294154
1294156
1294169
1294181
1294184
1294201
1294256
1294262
1294264
1294265
1294286
1294295
1294298
1294300
1294324
1294329
1294459
1294460
1294471
1294569
1294609
1294618
1294619
1294738
1294742
1294743
1294744
1294959
1294960
1294966
1295001
1295032
1295090
1295321
1295398
1295404
1295417
1295418
1295429
1295536
1295610
1295611
1295703
1295737
1295742
1295806
1295843
1295856
1296212
1296288
1296444
1296445
1296447
1296448
1296449
1296450
1296811
1296812
1296924
1296974
1296983
1297426
1297427
1297432
1297434
1297435
1297436
1297437
1297516
1297900
1297905
1297912
1297926
1297933
1297935
1297941
1298317
1298322
1298323
1298324
1298325
1298326
1298327
1298328
1298329
1298330
1298331
1298332
1298333
1298334
1298436
1298439
1298441
1298442
1298444
1298445
1298446
1298448
1298450
1298452
1298456
1298457
1298461
1298483
1298484
1298545
1298575
1298592
1298650
1298651
1298718
1298720
1298732
1298733
1298744
1298799
1298808
1298822
1298824
1298988
1299158
1299159
1299160
1299161
1299167
1299168
1299223
1299334
1299376
1299405
1299592
1299647
1300154
1300155
1300156
1300157
1300158
1300159
1300204
1300214
1300215
1300219
1300221
1300235
1300359
1300361
1300362
1300366
1300368
1300370
1300371
1300376
1300377
1300378
1300380
1300546
1300548
1300556
1300557
1300686
1300714
1300719
1300728
1300788
1300789
1300790
1300798
1300800
1300811
1300815
1300840
1300841
1300854
1300954
1300967
1301152
1301153
1301154
1301204
1301227
1301228
1301239
1301268
1301299
1301317
1301321
1301325
1301330
1301409
1301420
1301426
1301499
1301535
1301538
1301601
1301602
1301648
1301752
1301754
1301762
1301763
1301792
1301796
1302099
1302100
1302135
1302148
1302162
1302163
1302182
1302288
1302304
1302316
1302319
1302320
1302323
1302331
1302332
1302372
1302470
1302498
1302633
1302669
1302713
1302782
1302783
1302791
1302801
1302817
1302818
1302819
1302820
1302822
1302823
1302877
1302879
1302880
1302920
1302926
1302935
1302939
1302947
1302951
1302952
1302957
1302958
1302961
1302962
1302966
1302969
1302970
1302971
1302972
1303047
1303049
1303054
1303055
1303057
1303071
1303072
1303073
1303076
1303097
1303098
1303101
1303102
1303114
1303117
1303118
1303152
1303154
1303158
1303160
1304006
1304015
1304027
1304391
1304405
1304408
1304410
1304593
1304998
1305005
1305013
1305021
1305024
1305025
1305071
1305074
1305076
1305078
1305079
1305080
1305081
1305085
1305086
1305087
1305088
1305203
1305209
1305243
1305248
1305262
1305264
1305267
1305273
1305281
1305288
1305293
1305300
1305303
1305305
1305321
1305322
1305324
1305326
1305327
1305332
1305338
1305372
1305373
1305374
1305376
1305385
1305428
1305440
1305441
1305455
1305476
1305482
1305535
1305536
1305542
1305547
1305688
1306290
1306343
1306585
1306611
1306621
1307133
1307437
1307516
1307781
1308420
1308518
1308543
1308767
1308779
1308800
1308803
1308805
1308811
1308830
1308837
1308865
1308872
1308874
1308944
1308946
1308949
1308950
1308951
1308978
1309010
1309017
1309019
1309021
1309031
1309038
1309039
1309042
1309045
1309051
1309174
1309177
1309281
1309286
1309287
1309288
1309289
1309294
1309301
1309309
1309310
1309416
1309770
1309801
1309803
1309805
1309807
1309810
1309811
1309823
1309841
1309955
1309980
1310046
1310052
1310054
1310071
1310074
1310175
1310224
1310241
1310242
1310243
1310254
1310277
1310308
1310382
1310383
1310561
1310563
1310564
1310567
1310568
1310829
1310889
1311018
1311333
1311702
1311707
1311708
1311709
1311712
1311713
1311714
1311716
1311744
1311763
1311765
1311766
1311768
1311801
1311817
1311823
1311827
1311828
1311829
1311830
1311833
1311835
1311836
1311837
1311838
1311839
1311840
1311841
1311843
1311845
1311846
1311848
1311849
1311850
1311851
1311852
1311853
1311854
1311861
1311901
1311902
1311906
1311907
1311925
1311934
1311935
1311944
1311951
1311952
1311955
1311956
1311982
1312064
1312078
1312167
1312222
1312226
1312232
1312233
1312236
1312237
1312238
1312239
1312240
1312265
1312284
1312399
1312400
1312401
1312402
1312403
1312404
1312408
1312412
1312415
1312419
1312421
1312422
1312423
1312424
1312426
1312427
1312428
1312429
1312443
1312453
1312454
1312460
1312465
1312471
1312473
1312485
1312493
1312501
1312502
1312507
1312509
1312510
1312512
1312515
1312517
1312518
1312520
1312526
1312530
1312682
1312691
1312710
1312805
1312806
1312808
1312954
1312957
1312961
1312963
1312965
1312967
1313573
1314062
1314067
1314353
1314389
1314402
1314448
1314457
1314511
1314577
1314586
1314596
1314598
1314599
1314635
1314651
1314653
1314654
1314673
1314674
1314679
1314685
1315269
1315270
1315271
1315272
1315273
1315277
1315342
1315343
1315347
1315348
1315352
1315353
1315356
1315387
1315396
1315401
1315406
1315407
1315413
1315414
1315415
1315420
1315421
1315428
1315429
1315439
1315447
1315457
1315460
1315462
1315463
1315495
1315498
1315500
1315501
1315502
1315503
1315505
1315506
1315507
1315508
1315509
1316401
1316630
1316634
1316636
1316692
1316696
1316697
1316804
1316806
1316807
1316809
1316836
1316859
1316862
1316868
1316871
1316947
1316955
1316993
1317021
1317022
1317090
1317091
1317262
1317263
1317392
1317394
1317401
1317407
1317447
1317501
1317503
1317504
1317539
1317542
1317543
1317544
1317546
1317548
1317549
1317550
1317933
1318779
1318901
1318995
1319052
1319283
1319289
1319424
1319674
1319929
1320371
1320389
1320510
1320518
1320561
1320562
1320569
1320571
1320572
1320573
1320574
1320576
1320579
1320581
1321389
1321907
1321941
1322343
1323250
1323252
1323323
1323337
1323472
1323474
1323503
1323604
1323642
1323643
1323657
1323660
1323682
1323686
1323698
1323725
1324208
1324327
1324330
1324336
1324347
1324351
1324357
1324362
1324364
1324366
1324411
1324413
1324415
1324417
1324423
1324427
1324430
1324458
1324502
1324503
1324504
1324506
1324524
1324532
1324533
1324552
1324558
1324562
1324571
1324575
1324576
1324580
1324582
1324585
1324597
1324599
1324600
1324601
1324688
1324695
1324705
1324714
1324718
1324719
1324763
1324855
1324868
1324870
1324871
1324877
1324899
1324902
1324903
1324971
1324972
1325658
1325659
1325666
1325726
1325749
1325780
1325812
1325841
1325848
1326046
1326103
1326128
1326142
1326143
1326168
1326169
1326174
1326175
1326183
1326184
1326221
1326224
1326226
1326227
1326228
1326239
1326267
1326401
1326405
1326438
1326442
1326445
1326447
1326458
1326459
1326464
1326476
1326483
1326489
1326495
1326534
1326540
1326541
1326542
1326675
1326728
1326747
1327078
1328812
1328822
1329254
1329255
1329285
1329635
1329701
1329844
1330088
1330845
1330890
1330892
1330893
1330894
1330895
1330912
1330936
1330937
1331053
1331068
1331070
1331205
1331216
1331217
1331220
1331239
1331241
1331248
1331251
1331325
1331338
1331343
1331344
1331389
1331392
1331393
1331394
1331399
1331402
1331403
1331404
1331405
1331410
1331411
1331500
1331502
1331532
1331541
1331546
1331549
1331561
1331562
1331563
1331597
1331598
1331599
1331626
1331690
1331703
1331732
1331736
1331750
1331754
1331759
1331762
1331842
1331846
1331867
1331872
1331874
1331876
1331891
1331892
1331893
1331897
1331902
1331903
1331905
1331908
1331909
1331915
1331919
1331924
1331926
1331927
1331929
1331932
1331943
1331945
1331957
1331961
1332341
1332474
1332475
1332595
1332598
1332602
1332618
1332959
1332986
1333136
1333447
1333463
1333744
1333865
1334150
1334541
1334553
1334599
1334812
1334813
1334815
1335076
1335091
1335100
1335202
1335220
1335221
1335228
1335241
1335273
1335283
1335300
1335317
1335614
1335691
1335762
1335848
1335871
1335897
1335942
1335986
1336060
1336415
1336416
1336504
1336543
1336596
1336623
1336630
1336642
1336643
1336647
1336648
1336660
1336668
1336730
1336738
1336740
1336742
1336749
1336751
1336789
1336791
1336811
1336821
1336827
1336833
1336835
1336836
1336839
1336840
1336857
1336932
1336933
1336934
1337335
1337767
1337925
1338088
1338233
1338288
1338294
1338295
1338302
1338527
1338573
1338596
1338614
1338646
1338725
1338727
1338732
1338733
1338933
1338983
1338992
1339002
1339033
1339044
1339510
1339511
1339606
1339719
1339750
1339752
1339756
1339757
1339758
1339761
1339765
1339766
1339769
1339770
1339771
1339772
1339899
1339904
1339925
1339926
1339928
1339929
1339931
1339942
1339943
1339946
1340220
1340236
1340357
1340645
1340910
1340925
1340926
1341006
1341201
1341230
1341231
1341245
1341246
1341261
1341270
1341273
1341274
1341276
1341284
1341460
1341528
1341529
1341563
1341578
1341579
1341581
1341582
1341615
1341627
1341638
1341639
1341655
1341664
1341729
1341737
1341740
1341749
1341863
1341908
1342025
1342199
1342268
1342269
1342302
1342397
1342494
1342495
1342498
1342499
1342501
1342504
1342506
1342507
1342509
1342511
1342512
1342629
1342632
1342718
1342720
1342724
1342725
1342726
1342728
1342729
1342730
1342732
1342733
1342734
1342737
1342738
1342837
1342862
1342922
1342923
1343000
1343048
1343056
1343099
1343104
1343105
1343108
1343110
1343112
1343113
1343114
1343116
1343117
1343119
1343232
1343377
1343461
1343596
1343601
1343606
1343714
1343746
1343747
1343762
1343763
1343818
1343829
1343852
1343857
1343859
1343862
1343959
1343985
1343987
1344084
1344104
1344107
1344112
1344113
1344127
1344129
1344135
1344136
1344142
1344153
1344156
1344159
1344162
1344163
1344168
1344177
1344189
1344194
1344208
1344215
1344217
1344219
1344224
1344227
1344228
1344234
1344273
1344955
1345343
1345352
1345353
1345591
1345605
1345617
1345689
1345815
1345949
1345950
1346046
1346286
1346438
1346661
1346665
1346668
1346669
1346670
1346671
1346691
1346698
1346699
1346703
1346734
1346744
1346824
1346825
1346859
1346861
1346864
1346875
1346876
1346879
1346903
1346916
1346933
1346943
1346955
1346967
1346982
1346992
1346993
1346999
1347024
1347025
1347085
1347133
1347140
1347184
1347215
1347389
1347402
1347403
1347407
1347411
1347422
1347430
1347455
1347464
1347496
1347539
1347545
1347550
1347551
1347556
1347561
1347576
1347577
1347584
1347585
1347587
1347588
1347590
1347614
1347615
1347626
1347637
1347653
1347655
1347661
1347662
1347666
1347667
1347672
1347678
1347691
1347693
1347697
1347706
1347713
1347716
1347723
1347724
1347726
1347727
1347733
1347741
1347752
1347753
1347754
1347762
1347770
1347791
1347792
1347807
1347829
1347834
1347844
1347846
1347847
1347849
1347853
1347856
1347858
1347863
1347866
1347868
1347869
1347872
1347891
1347897
1347899
1347902
1347903
1347936
1347937
1347940
1347942
1347944
1347946
1347962
1347966
1347975
1347980
1347990
1347995
1348009
1348013
1348016
1348018
1348019
1348022
1348025
1348026
1348030
1348031
1348034
1348037
1348040
1348041
1348048
1348057
1348089
1348090
1348094
1348096
1348101
1348104
1348105
1348107
1348108
1348111
1348120
1348126
1348149
1348202
1348237
1348257
1348327
1348403
1348522
1348524
1348536
1348539
1348541
1348589
1348750
1348787
1348814
1348822
1348853
1348854
1348855
1348864
1348871
1348902
1348937
1348939
1348996
1349039
1349044
1349074
1349167
1349168
1349170
1349183
1349184
1349274
1349276
1349288
1349291
1349297
1349357
1349358
1349369
1349374
1349429
1349438
1349460
1349492
1349509
1349705
1349707
1349857
1350002
1350036
1350081
1350082
1350162
1350263
1350586
1350587
1350588
1350589
1350591
1350592
1350593
1350745
1350771
1350796
1350819
1350838
1350857
1350881
1351007
1351206
1351237
1351269
1351324
1352221
1352228
1352229
1352333
1352998
1353019
1353044
1353048
1353065
1353078
1353094
1353219
1353226
1353231
1353232
1353234
1353293
1353298
1353600
1353768
1353771
1353944
1353951
1353952
1353960
1353968
1353971
1353974
1353993
1353999
1354022
1354058
1354068
1354072
1354075
1354079
1354086
1354087
1354091
1354093
1354097
1354102
1354123
1354131
1354134
1354140
1354165
1354166
1354170
1354173
1354181
1354182
1354188
1354192
1354196
1354201
1354205
1354214
1354217
1354224
1354240
1354247
1354251
1354252
1354254
1354259
1354261
1354262
1354265
1354266
1354269
1354271
1354291
1354302
1354307
1354308
1354329
1354337
1354338
1354376
1354397
1354497
1354498
1354500
1354612
1354621
1354646
1354734
1354736
1354740
1354752
1354753
1354881
1354888
1355138
1355218
1355226
1355229
1355233
1355276
1355285
1355594
1355608
1355609
1355611
1355615
1355634
1355636
1356267
1356269
1356270
1356289
1356292
1356299
1356301
1356324
1356428
1356429
1356436
1356439
1356606
1356613
1357075
1357121
1357160
1357170
1357255
1357258
1357260
1357261
1357263
1357264
1357265
1357298
1357309
1357348
1357349
1357360
1357384
1357391
1357394
1357406
1357410
1357411
1357419
1357420
1357528
1357618
1357638
1357640
1357641
1357644
1357646
1357709
1357736
1357745
1357774
1357789
1357794
1357800
1357802
1357808
1357840
1357866
1357880
1357895
1357910
1357919
1357923
1357932
1357933
1357936
1357939
1358315
1358352
1358360
1358419
1358429
1358489
1358668
1358680
1358785
1358786
1358989
1359018
1359056
1359064
1359113
1359114
1359122
1359126
1359127
1359134
1359135
1359136
1359141
1359150
1359152
1359156
1359179
1359180
1359181
1359185
1359187
1359191
1359193
1359196
1359238
1359239
1359245
1359247
1359248
1359249
1359255
1359262
1359266
1359267
1359272
1359275
1359277
1359298
1359299
1359302
1359303
1359309
1359311
1359312
1359313
1359315
1359321
1359324
1359326
1359327
1359329
1359344
1359356
1359359
1359362
1359363
1359364
1359370
1359377
1359454
1359456
1359457
1359466
1359471
1359473
1359535
1359549
1359551
1359555
1359562
1359571
1359573
1359574
1359577
1359578
1359579
1359580
1359582
1359583
1359584
1359588
1359590
1359594
1359608
1359615
1359621
1359622
1359626
1359802
1359804
1359878
1359897
1359923
1359924
1360039
1360048
1360116
1360142
1360143
1360144
1360145
1360183
1360184
1360226
1360263
1360322
1360327
1360351
1360361
1360585
1360588
1360597
1360940
1360941
1360942
1361334
1361405
1361406
1361407
1361409
1361416
1361419
1361421
1361424
1361652
1361703
1361762
1362064
1362068
1362418
1362431
1362443
1362619
1362625
1362626
1362697
1362835
1362863
1362864
1362866
1362867
1362869
1362925
1362927
1362933
1362934
1362939
1362941
1362946
1362950
1362951
1362952
1363246
1363264
1363353
1363367
1363370
1363410
1363427
1363429
1363446
1363524
1363533
1363587
1363601
1363603
1363607
1363654
1363658
1363805
1363810
1363849
1363878
1363887
1363908
1364054
1364055
1364080
1364376
1364378
1364382
1364430
1364456
1364457
1364474
1364476
1364493
1364494
1364499
1364501
1364507
1364508
1364513
1364529
1364539
1364544
1364557
1364563
1364565
1364567
1364621
1364623
1364637
1364640
1364642
1364644
1364658
1364719
1364742
1364743
1364751
1364758
1364768
1364846
1364898
1364954
1364989
1365066
1365279
1365291
1365299
1365302
1365304
1365305
1365425
1365444
1365457
1365460
1365570
1365592
1365601
1365625
1365631
1365660
1365901
1365908
1365909
1365910
1366041
1366067
1366218
1366228
1366273
1366294
1366373
1366375
1366394
1366399
1366406
1366411
1366422
1366443
1366856
1366860
1366861
1366881
1366944
1366988
1367084
1367203
1367225
1367234
1367255
1367275
1367282
1367320
1367350
1367358
1367374
1367389
1367393
1367690
1368321
1368322
1368398
1369184
1369215
1369216
1369217
1369218
1369219
1369393
1369544
1369560
1369624
1369625
1369626
1369627
1369629
1369635
1369683
1369735
1369740
1369744
1369746
1369918
1369926
1369935
1369958
1369981
1370074
1370077
1370227
1370247
1370284
1370535
1370539
1370541
1370933
1371082
1371092
1371095
1371123
1371124
1371126
1371137
1371139
1371143
1371144
1371157
1371166
1371167
1371169
1371171
1371173
1371175
1371176
1371182
1371195
1371198
1371200
1371201
1371241
1371293
1371295
1371303
1371304
1371459
1371488
1371807
1371965
1372180
1372781
1373434
1373458
1373543
1373585
1373605
1373960
1374250
1374440
1374472
1374487
1374489
1374508
1374526
1374543
1374561
1374593
1374645
1374653
1374657
1374867
1375043
1375153
1375279
1375287
1375292
1375295
1375325
1375327
1375661
1376080
1376081
1376082
1376083
1376085
1376086
1376094
1376122
1376125
1376127
1376129
1376132
1376148
1376150
1376156
1376157
1376158
1376159
1376160
1376198
1376200
1376206
1376207
1376208
1376210
1376211
1376212
1376213
1376217
1376225
1376226
1376227
1376229
1376230
1376232
1376236
1376237
1376238
1376244
1376248
1376250
1376253
1376256
1376257
1376258
1376259
1376262
1376263
1376264
1376265
1376266
1376274
1376277
1376280
1376281
1376283
1376286
1376287
1376323
1376324
1376327
1376445
1378084
1378203
1378281
1378305
1378328
1378331
1378357
1378481
1378499
1378515
1378526
1378539
1378542
1378543
1378555
1378572
1378573
1378581
1378589
1378597
1378603
1378606
1378608
1378609
1378617
1378638
1378639
1378698
1378700
1378702
1378703
1378704
1378706
1378711
1378712
1378713
1378714
1378735
1378758
1378812
1378822
1378823
1378849
1378872
1378995
1379011
1379322
1379461
1379497
1379642
1379732
1380037
1380483
1380484
1381820
1382057
1382061
1382062
1382082
1382437
1382457
1382483
1382484
1382590
1383142
1383152
1383153
1383154
1383156
1383157
1384624
1384649
1384808
1385002
1385194
1385747
1385844
1385850
1385853
1385854
1385857
1386650
1386660
1386661
1386662
1386676
1386695
1386704
1386707
1386708
1386709
1386710
1386711
1386713
1386715
1386725
1386726
1386730
1386739
1387022
1387027
1387033
1387036
1387151
1387153
1387181
1387293
1387384
1387445
1387446
1387458
1387459
1387462
1387464
1387470
1387473
1387480
1387481
1387546
1387572
1387623
1387630
1387641
1388003
1388128
1388177
1388189
1388234
1388269
1388451
1388452
1388677
1388707
1388732
1388793
1388796
1388846
1388968
1389084
1389270
1389516
1389523
1389722
1389890
1389915
1390055
1390060
1390087
1390089
1390091
1390106
1390109
1390187
1390336
1390347
1390349
1390350
1390351
1390778
1392045
1392046
1392053
1392054
1392088
1392090
1392718
1392985
1392988
1392997
1392999
1393019
1393033
1393035
1393301
1393424
1393435
1393436
1393447
1393860
1394005
1394128
1394131
1394132
1394133
1394136
1394141
1394150
1394176
1394180
1394189
1394190
1394418
1394450
1394583
1394584
1394595
1394797
1395069
1395567
1395636
1395641
1395700
1395724
1395727
1395806
1395822
1395838
1395848
1395876
1395884
1395893
1395904
1396157
1396169
1396175
1396248
1396249
1396252
1396260
1396264
1396283
1396288
1396293
1396297
1396303
1396307
1396314
1396316
1396359
1396626
1396631
1396647
1396662
1396664
1396665
1396668
1396672
1396673
1396681
1396685
1396693
1396696
1396697
1396698
1396699
1396700
1396709
1396710
1396712
1396790
1396830
1397236
1397239
1397789
1397846
1397950
1397964
1397965
1398306
1398318
1398323
1398358
1398393
1398396
1398698
1398800
1399079
1399263
1399266
1399367
1399661
1399665
1399684
1399695
1399788
1399806
1399814
1399831
1399996
1400000
1400005
1400008
1400369
1400370
1400376
1400381
1400418
1400426
1400429
1400430
1400431
1400476
1400559
1400560
1400610
1400694
1400742
1400751
1400761
1401135
1401140
1401172
1401175
1401179
1401193
1401202
1401216
1401438
1401532
1401963
1402538
1402627
1404792
1404900
1405105
1405110
1405578
1406012
1406471
1406884
1407232
1407423
1407669
1407692
1407703
1407718
1407733
1407739
1407836
1408132
1408136
1408138
1408264
1408332
1408343
1408411
1408414
1408516
1408535
1408558
1408575
1408823
1408843
1408846
1408874
1408882
1408922
1408928
1408929
1409004
1409115
1409132
1409140
1409256
1409527
1409530
1409623
1409741
1409764
1409769
1409770
1409771
1409774
1409776
1409777
1409779
1410082
1410163
1410177
1410270
1410307
1410393
1410417
1410440
1410444
1410566
1410572
1410603
1410605
1410608
1410700
1410913
1410914
1410995
1411006
1411271
1412006
1412520
1412606
1412953
1412957
1412960
1413159
1413175
1413179
1413191
1413223
1413264
1413404
1413420
1413437
1413458
1413471
1413577
1413582
1413585
1413586
1413587
1413588
1413651
1413667
1413671
1413680
1413685
1413715
1413722
1413729
1413736
1413740
1413765
1413766
1413767
1413768
1413769
1413770
1413774
1413775
1413776
1413822
1413831
1413942
1413944
1413948
1413954
1413957
1413958
1413959
1413962
1414033
1414036
1414050
1414069
1414117
1414140
1414151
1414241
1414243
1414248
1415391
1415554
1415564
1415572
1415573
1415628
1416236
1416239
1416264
1416272
1416278
1416282
1416546
1416552
1416584
1418462
1418619
1419238
1419447
1419458
1419639
1419932
1420874
1420939
1420950
1420999
1421591
1422144
1422151
1422157
1422172
1422188
1422208
1422222
1422236
1422238
1422259
1422261
1422274
1422284
1422289
1422299
1422300
1422301
1422303
1422305
1422306
1422307
1422308
1422321
1422326
1422327
1422337
1422338
1422340
1422341
1422345
1422349
1422395
1422424
1422429
1422437
1422464
1422465
1422469
1422471
1422523
1422646
1422679
1422805
1422956
1423032
1423072
1423073
1423089
1423099
1423160
1423184
1423277
1423283
1423310
1423331
1423393
1423394
1423398
1423402
1423403
1423411
1423454
1423500
1423606
1423607
1423619
1423669
1423680
1423681
1423750
1423752
1423763
1423788
1423859
1423980
1424040
1424051
1424068
1424079
1424132
1424141
1424149
1424152
1424154
1424156
1424173
1424247
1424248
1424272
1424275
1424277
1424278
1424279
1424281
1424286
1424287
1424288
1424289
1424641
1424650
1424652
1424653
1424654
1424655
1424842
1424843
1424845
1424846
1424848
1424853
1424855
1424865
1424866
1425189
1425259
1425895
1425896
1426032
1426101
1426200
1426201
1426202
1426205
1426206
1426207
1426208
1426333
1426334
1426360
1426418
1426421
1426424
1426432
1426444
1426450
1426458
1426461
1426462
1426463
1426465
1426466
1426467
1426470
1426472
1426473
1426475
1426476
1426477
1426478
1426481
1426483
1426486
1426489
1426491
1426494
1426495
1426498
1426500
1426505
1426506
1426508
1426509
1426510
1426513
1426516
1426524
1426528
1426529
1426535
1426536
1426538
1426539
1426543
1426547
1426578
1426588
1426627
1426628
1426630
1426631
1426991
1427056
1427069
1427078
1427122
1427129
1427130
1427184
1427208
1427221
1427420
1427422
1427423
1427465
1427511
1427778
1427786
1427931
1427960
1428023
1428133
1428134
1428142
1428168
1428183
1428184
1428185
1428192
1428194
1428353
1428394
1428791
1428954
1428994
1429271
1429360
1429510
1429739
1429765
1429770
1429944
1430040
1431273
1431274
1431278
1431279
1431280
1431281
1431282
1431291
1431292
1431293
1431750
1432734
1433150
1433155
1433221
1433272
1433281
1433322
1433344
1433387
1433398
1433424
1433425
1433438
1433454
1433459
1433461
1433483
1433502
1433504
1433505
1433510
1433511
1433514
1433515
1433521
1433541
1433542
1433544
1433546
1433547
1433548
1433550
1433551
1433553
1433554
1433559
1433561
1433564
1433566
1433569
1433572
1433573
1433589
1433694
1433964
1434007
1434193
1434194
1434195
1434196
1434200
1434208
1434211
1434216
1434240
1434243
1434246
1434251
1434252
1434253
1434260
1434265
1434273
1434278
1434281
1434283
1434284
1434285
1434286
1434287
1434319
1434708
1434719
1434830
1434905
1434912
1434925
1435019
1435053
1435264
1435265
1435268
1435269
1435272
1435273
1435297
1435320
1435410
1435451
1435456
1435531
1435534
1435619
1435630
1435676
1435677
1435679
1435680
1435682
1435684
1435690
1435775
1435776
1435844
1435855
1435857
1435859
1435860
1435879
1435886
1435887
1435889
1435891
1435897
1435898
1435901
1435953
1435995
1436026
1436040
1436041
1436083
1436086
1436127
1436134
1436135
1436140
1436150
1436151
1436156
1436159
1436186
1436192
1436194
1436195
1436201
1436202
1436203
1436206
1436222
1436224
1436231
1436233
1436239
1436241
1436242
1436243
1436244
1436248
1436249
1436250
1436252
1436253
1436255
1436256
1436258
1436278
1436282
1436289
1436307
1436309
1436310
1436313
1436315
1436400
1436408
1436409
1436410
1436411
1436414
1436419
1436478
1436483
1436486
1436488
1436491
1436494
1436549
1436554
1436557
1436564
1436570
1436573
1436575
1436583
1436584
1436587
1436651
1436671
1436679
1436684
1436685
1436686
1436688
1436689
1436690
1436697
1436699
1436706
1436707
1436708
1436710
1436773
1436775
1436776
1436782
1436800
1436801
1436802
1436844
1436848
1436856
1436860
1436861
1436864
1436866
1436871
1436873
1436874
1436913
1436927
1436958
1436963
1436973
1436990
1436993
1437005
1437009
1437010
1437011
1437014
1437018
1437024
1437028
1437039
1437048
1437049
1437052
1437054
1437055
1437056
1437057
1437182
1437184
1437189
1437206
1437208
1437212
1437227
1437238
1437241
1437245
1437257
1437263
1437280
1437314
1437323
1437403
1437404
1437405
1437407
1437412
1437435
1437450
1437498
1437510
1437512
1437525
1437563
1437666
1437687
1437688
1437691
1437703
1437722
1437730
1437733
1437736
1437737
1437741
1437742
1437743
1437755
1437756
1437757
1437758
1437759
1437760
1437761
1438010
1438216
1438335
1438346
1438349
1438350
1438353
1438354
1438359
1438538
1438543
1438555
1438559
1438560
1438561
1438566
1438569
1438571
1438574
1438727
1438751
1438821
1438875
1438897
1439176
1439213
1439344
1439981
1440055
1440114
1440115
1440141
1440142
1440145
1440146
1440147
1440184
1440218
1440289
1440315
1440317
1440318
1440321
1440383
1440391
1440447
1440462
1440464
1440465
1440494
1440496
1440659
1440760
1440761
1440792
1440855
1440889
1440890
1440942
1441059
1441124
1441192
1441233
1441239
1441251
1441256
1441260
1441318
1441323
1441324
1441337
1441407
1441408
1441419
1441481
1441490
1441491
1441543
1441550
1441551
1441552
1441634
1441635
1441646
1441715
1441716
1441718
1441758
1441821
1441832
1441833
1441834
1441835
1441836
1441919
1441923
1441931
1441932
1441999
1442098
1442173
1442208
1442246
1442285
1442288
1442289
1442290
1442328
1442330
1442337
1442338
1442343
1442361
1442383
1442393
1442397
1442400
1442441
1442474
1442488
1442503
1442514
1442546
1442548
1442557
1442559
1442574
1442594
1442609
1442610
1442655
1442656
1442658
1442659
1442662
1442665
1442670
1442672
1442673
1442683
1442685
1442687
1442688
1442692
1442751
1442752
1443340
1443490
1443668
1443670
1443672
1443673
1443696
1444412
1444643
1444646
1445156
1445157
1445229
1445597
1445598
1445601
1445602
1445603
1445778
1445801
1445805
1445806
1445807
1445808
1445837
1445840
1445842
1445849
1445850
1445873
1445935
1445938
1445955
1445959
1445994
1446024
1446036
1446091
1446106
1446109
1446111
1446135
1446138
1446142
1446149
1446151
1446271
1446375
1446376
1446408
1446427
1446496
1446760
1446779
1446782
1446785
1447029
1447675
1447907
1447939
1447946
1447966
1447990
1447992
1448011
1448014
1448016
1448018
1448045
1448051
1448052
1448053
1448057
1448059
1450262
1450368
1450369
1450370
1450371
1450372
1450561
1450648
1450661
1450671
1450691
1450693
1450696
1450715
1450717
1450722
1450725
1450738
1450739
1450740
1450853
1450861
1450869
1450883
1450884
1450885
1450892
1450911
1450912
1450943
1450945
1450947
1450951
1450969
1450978
1450982
1451087
1451091
1451092
1451093
1451212
1451658
1451858
1451908
1452027
1452220
1452222
1452231
1452244
1452246
1452453
1452497
1452733
1452752
1452756
1452981
1453019
1453200
1453242
1453259
1453277
1453314
1453426
1453430
1453470
1453477
1453494
1453545
1453553
1453577
1453584
1453589
1453593
1453595
1453599
1453612
1453616
1453623
1453630
1453640
1453646
1453653
1453655
1453657
1453666
1453671
1453672
1453678
1453687
1453694
1453699
1453704
1453710
1453715
1453718
1453720
1453721
1453751
1453768
1453793
1453794
1453799
1453828
1453835
1453836
1453875
1453876
1453878
1453882
1453883
1453884
1453887
1453889
1453890
1453902
1453906
1453908
1453919
1453920
1453924
1453927
1453929
1453932
1453969
1453975
1453976
1453979
1453980
1453983
1453985
1453991
1453994
1453997
1454000
1454003
1454005
1454006
1454011
1454019
1454024
1454025
1454027
1454032
1454036
1454046
1454049
1454061
1454063
1454065
1454069
1454071
1454073
1454077
1454079
1454112
1454115
1454119
1454120
1454125
1454128
1454130
1454134
1454135
1454136
1454138
1454143
1454146
1454147
1454148
1454150
1454151
1454152
1454156
1454157
1454159
1454163
1454166
1454169
1454175
1454188
1454189
1454193
1454203
1454204
1454216
1454217
1454222
1454224
1454225
1454302
1454303
1454304
1454313
1454315
1454319
1454333
1454336
1454338
1454339
1454340
1454341
1454342
1454345
1454365
1454366
1454368
1454374
1454380
1454383
1454384
1454386
1454387
1454390
1454392
1454393
1454395
1454396
1454400
1454428
1454532
1454569
1454571
1454638
1454802
1454846
1454936
1455038
1455053
1455153
1455197
1455205
1455208
1455209
1455210
1455216
1455221
1455496
1455539
1455563
1455572
1455573
1455574
1455577
1455578
1455579
1455580
1455587
1455589
1455592
1455777
1455965
1457243
1457531
1457532
1458249
1458405
1458428
1458936
1459007
1459105
1459110
1459133
1459139
1459166
1459174
1459194
1459298
1459380
1459384
1460846
1460847
1460849
1460850
1460851
1460865
1460873
1460875
1460878
1460880
1460898
1460903
1460908
1460910
1460911
1460914
1460920
1460928
1460939
1460942
1460943
1460949
1460958
1460962
1460967
1460969
1460971
1461644
1461668
1461678
1461865
1462106
1462108
1462111
1462115
1462116
1462117
1462119
1462122
1462123
1462124
1462125
1462126
1462129
1462284
1462286
1462309
1462409
1462410
1462424
1463423
1463674
1463679
1463709
1463794
1463811
1463840
1464000
1464027
1464028
1464095
1464096
1464106
1464149
1464236
1464470
1464547
1464563
1464564
1464575
1464688
1464712
1464804
1464806
1464808
1464935
1465130
1465382
1465548
1465624
1465656
1465668
1465752
1465753
1465756
1465757
1465762
1465763
1465764
1465765
1465766
1465783
1465785
1465791
1465795
1465796
1466003
1466007
1466033
1466148
1466151
1466154
1466193
1466214
1466215
1466216
1466219
1466229
1466241
1466243
1466257
1466268
1466303
1466306
1466320
1466321
1466323
1466327
1466328
1466329
1466345
1466347
1466350
1466351
1466833
1466844
1466845
1466927
1467024
1467137
1467213
1467241
1467291
1467292
1467304
1467306
1467357
1467370
1467379
1467433
1467451
1467454
1467461
1467481
1467489
1467500
1467511
1467523
1467525
1467527
1467538
1467539
1467554
1467555
1467578
1467611
1467632
1467633
1467634
1467636
1467637
1467639
1467654
1467662
1467667
1467671
1467677
1467699
1467704
1467713
1467718
1467723
1467732
1467739
1467740
1467741
1467745
1467746
1467754
1467755
1467756
1467757
1467759
1467761
1467765
1467767
1467770
1467798
1467799
1467802
1467803
1467807
1467808
1467809
1467810
1467818
1467819
1467823
1467885
1467961
1467970
1467979
1467980
1467982
1467983
1468014
1468026
1468042
1468144
1468147
1468148
1468149
1468152
1468163
1468191
1468194
1468197
1468199
1468202
1468203
1468204
1468209
1468210
1468211
1468215
1468219
1468225
1468234
1468235
1468243
1468268
1468347
1468359
1468365
1468366
1468367
1468375
1468376
1468383
1468384
1468385
1468386
1468404
1468408
1468429
1468466
1468490
1468606
1468610
1468614
1468641
1468649
1468703
1468704
1468827
1468839
1468844
1469647
1469648
1469661
1469670
1469671
1469695
1469703
1469815
1469927
1469929
1469957
1470012
1470014
1470015
1470016
1470017
1470018
1470020
1470023
1470024
1470025
1470026
1470027
1470028
1470029
1470030
1470031
1470032
1470034
1470035
1470216
1470495
1470595
1470601
1470725
1470728
1470732
1470733
1470735
1470774
1470800
1470802
1471583
1471754
1471858
1471862
1471887
1471890
1471891
1471892
1471896
1471897
1471898
1471899
1471900
1471901
1471902
1471904
1471905
1471912
1471953
1471956
1472016
1472021
1472216
1472229
1472230
1472444
1472467
1472519
1472712
1472722
1472724
1472727
1472732
1472733
1472734
1472735
1472737
1472739
1472744
1473281
1473302
1473304
1473308
1473309
1473359
1473360
1473366
1473368
1473369
1473370
1473466
1473542
1473836
1473884
1474575
1474576
1474579
1474581
1474582
1474585
1474588
1474686
1474689
1474779
1474782
1474794
1474795
1474886
1474892
1474906
1475029
1475075
1475077
1475081
1475082
1475086
1475093
1475309
1476108
1476160
1476253
1476353
1476378
1476386
1476400
1476422
1476445
1476454
1476554
1476558
1476560
1476561
1476856
1476907
1476912
1476913
1476940
1476962
1477025
1477277
1477423
1477431
1477529
1477553
1477699
1477703
1477726
1477741
1478078
1478080
1478124
1478156
1478157
1478578
1478676
1478751
1478754
1478778
1478780
1478802
1478806
1478808
1478840
1478855
1478872
1478893
1478923
1479012
1479032
1479467
1479470
1479471
1479477
1479479
1479482
1479483
1479877
1480067
1480075
1480076
1480080
1480081
1480082
1480103
1480148
1480355
1480725
1480747
1480816
1480821
1480840
1480843
1480852
1480921
1480925
1480946
1480982
1480995
1481037
1481039
1481051
1481083
1481117
1481119
1481135
1481141
1481144
1481242
1481244
1481322
1481324
1481330
1481331
1481333
1481338
1481401
1481409
1481954
1481967
1482109
1482132
1482165
1482174
1482288
1482600
1482603
1482604
1482605
1482606
1482702
1482754
1483112
1483334
1483391
1483506
1484011
1484114
1484118
1484128
1484438
1484629
1484630
1484781
1484961
1485067
1485546
1485631
1485648
1485650
1485706
1485747
1486689
1486698
1486702
1486752
1486770
1486887
1486935
1487060
1487061
1487896
1488547
1488566
1488658
1488671
1488725
1488726
1488830
1488901
1488907
1488910
1489056
1489232
1489240
1489302
1489398
1489405
1489407
1489408
1489424
1489728
1489761
1489773
1489777
1489794
1489798
1489821
1489825
1489829
1489830
1489835
1489836
1489837
1489842
1489877
1489913
1489921
1489943
1489978
1489979
1490022
1490172
1490203
1490320
1490352
1490359
1490364
1490381
1490385
1490395
1490483
1490486
1490531
1490772
1490801
1490817
1490818
1490819
1490820
1490824
1491038
1491948
1491991
1491992
1492128
1492131
1492165
1492307
1492350
1492475
1492513
1492765
1492836
1492849
1492859
1492870
1492915
1492925
1492934
1492935
1492944
1492946
1492955
1493047
1493079
1493088
1493093
1493736
1494144
1494198
1495055
1495314
1495774
1496028
1496029
1496814
1496815
1497554
1497555
1497769
1498839
1498866
1499910
1500344
1500763
1500764
1500980
1502409
1502448
1502469
1502490
1502494
1502501
1502502
1502518
1502521
1502536
1502539
1502603
1502636
1502678
1503653
1503668
1503831
1503833
1503834
1503855
1503856
1503860
1503865
1504209
1504273
1504291
1504298
1504320
1504321
1504394
1504453
1504454
1504496
1504497
1504499
1504507
1504510
1504523
1504534
1504605
1504609
1504611
1504612
1504617
1504628
1504989
1505130
1505272
1505575
1505600
1505984
1505985
1505986
1505997
1506159
1506171
1506194
1506204
1506211
1506381
1506459
1506730
1506751
1506969
1506970
1506980
1507025
1507031
1507066
1507072
1507080
1507083
1507109
1507110
1507114
1507117
1507118
1507119
1507121
1507242
1507243
1507246
1507247
1507249
1507250
1507251
1507252
1507254
1507255
1507307
1507308
1507399
1507450
1507458
1507528
1507539
1507765
1507795
1507800
1507869
1507889
1507913
1507916
1507919
1507989
1507994
1508008
1508009
1508014
1508093
1508099
1508113
1508119
1508132
1508136
1508142
1508152
1508158
1508204
1508271
1508272
1508275
1508278
1508279
1508934
1508953
1508954
1508955
1508956
1508980
1509054
1509152
1509153
1509537
1509538
1509636
1509637
1509668
1509732
1509822
1510725
1510762
1511042
1511044
1511045
1511078
1511363
1511364
1511367
1511531
1511553
1511554
1511555
1511557
1511558
1511560
1511561
1511605
1511625
1511630
1511631
1511632
1511633
1511667
1511671
1511672
1511675
1511676
1511677
1511678
1511679
1511681
1511682
1511683
1511684
1511685
1511757
1511915
1512000
1512152
1512156
1512225
1512226
1512227
1512229
1512230
1512231
1512235
1512236
1512237
1512238
1512239
1512241
1512242
1512243
1512244
1512245
1512246
1512545
1512674
1512989
1513006
1513009
1513033
1513037
1513102
1513104
1514375
1514533
1514937
1514939
1515092
1515155
1515192
1515250
1515379
1515380
1515381
1515386
1515435
1515447
1515457
1515458
1515578
1515604
1515874
1515877
1515878
1516089
1517544
1517549
1517550
1517803
1517804
1517831
1518010
1518012
1518636
1518685
1518795
1518796
1518960
1519070
1519141
1519204
1519524
1519536
1519537
1519538
1519544
1519545
1519547
1519560
1519596
1519597
1519602
1519639
1519649
1519650
1519662
1519727
1519729
1519821
1519825
1519830
1519832
1519833
1519836
1519839
1519978
1519979
1519980
1519982
1519983
1520012
1520020
1520021
1520022
1520024
1520025
1520028
1520029
1520030
1520105
1520128
1520171
1520210
1520211
1520216
1520218
1520219
1520220
1520627
1520629
1520630
1520666
1520694
1520897
1520914
1520916
1521010
1521055
1521056
1521090
1521284
1521285
1521567
1521793
1521894
1521921
1521964
1522143
1522232
1522285
1522356
1522436
1522440
1522469
1522470
1522474
1523039
1523593
1523658
1524231
1524337
1524400
1524622
1524742
1524864
1524881
1524947
1525067
1525068
1525069
1525070
1525072
1525209
1525262
1525395
1525426
1525474
1525483
1525498
1525504
1525525
1525529
1525536
1525538
1525539
1525978
1526300
1527665
1528446
1528447
1528450
1528453
1528454
1528456
1528458
1528460
1528461
1528462
1528464
1528470
1528478
1528483
1528485
1528503
1528505
1528509
1528510
1528512
1528513
1528516
1528528
1528541
1528544
1528547
1528548
1528556
1528557
1528558
1528562
1528563
1528567
1528573
1528576
1528581
1528587
1528590
1528591
1528620
1528621
1528624
1528625
1528696
1528700
1528702
1528703
1528706
1528708
1528715
1528801
1528802
1528803
1528804
1528806
1528807
1528818
1528835
1528836
1528986
1528987
1528989
1528998
1529044
1529048
1529771
1529987
1529991
1530011
1530154
1530248
1530267
1530273
1530293
1530331
1530354
1530447
1530451
1530499
1530504
1530506
1530515
1530526
1530530
1530815
1530870
1531003
1531007
1531016
1531025
1531034
1531295
1531365
1531369
1531372
1531374
1531386
1531438
1531830
1531980
1532023
1532029
1532030
1532032
1532033
1532036
1532045
1532046
1532047
1532050
1532194
1532202
1532217
1532227
1532230
1532248
1532419
1532535
1532630
1532724
1532738
1533322
1533489
1533499
1533500
1533502
1533733
1533771
1533800
1533958
1533985
1534081
1534200
1534213
1534220
1534289
1534339
1534349
1534350
1534533
1534544
1534549
1534760
1534764
1534796
1534915
1534916
1534937
1534939
1534950
1534975
1534983
1534992
1535042
1535043
1535045
1535048
1535050
1535061
1535062
1535065
1535069
1535072
1535095
1535106
1535111
1535116
1535137
1535172
1535175
1535176
1535177
1535180
1535181
1535182
1535183
1535184
1535269
1535294
1535297
1535301
1535303
1535309
1535312
1535313
1535314
1535337
1535341
1535347
1535348
1535349
1535373
1535383
1535387
1535390
1535394
1535396
1535398
1535402
1535405
1535407
1535409
1535410
1535411
1535454
1535458
1535520
1535549
1535590
1535640
1535643
1535654
1535678
1535681
1535682
1535687
1535692
1535723
1535725
1535766
1535778
1535786
1535803
1535822
1535841
1536046
1536347
1536687
1536999
1537095
1537096
1537111
1537113
1537114
1537115
1537493
1537494
1537572
1537607
1537669
1537716
1537804
1537806
1537818
1537821
1537869
1537886
1537887
1537890
1537891
1537953
1537956
1537972
1537976
1537989
1538032
1538050
1538386
1538411
1538418
1538487
1538489
1538493
1538507
1538543
1538555
1538573
1538587
1538735
1538743
1538770
1538773
1539960
1540031
1540033
1540051
1540060
1540063
1540065
1540092
1540104
1540107
1540109
1540116
1540121
1540158
1540164
1540165
1540167
1540215
1540220
1540224
1540289
1540292
1540393
1540396
1540399
1540400
1540402
1540405
1540723
1540741
1541730
1541762
1541763
1541849
1541854
1541856
1541858
1541866
1542096
1542098
1542099
1542107
1542108
1542109
1542111
1542112
1542113
1542114
1542318
1542513
1542514
1542543
1542544
1542545
1542554
1542563
1542569
1542570
1542576
1542579
1542580
1542581
1542582
1542626
1542634
1542635
1542636
1542683
1542695
1542730
1542900
1542908
1542912
1542937
1542991
1543125
1543131
1543153
1543161
1543162
1543169
1543188
1543189
1543218
1543228
1543232
1543234
1543236
1543238
1543239
1543242
1543289
1543306
1543307
1543433
1543495
1543501
1543502
1543626
1543628
1543633
1543702
1543703
1543706
1543707
1543713
1543716
1543737
1543768
1543851
1543854
1544003
1544035
1544040
1544042
1544043
1544044
1544045
1544048
1544049
1544058
1544079
1544080
1544081
1544097
1544103
1544112
1544116
1544122
1544131
1544136
1544139
1544194
1544196
1544198
1544199
1544200
1544201
1544334
1544335
1544338
1544340
1544361
1544377
1544385
1544409
1544465
1544472
1544477
1544505
1544508
1544559
1544565
1544578
1544581
1544586
1544587
1544609
1544635
1544774
1544792
1544808
1544814
1544823
1544835
1544842
1544846
1545019
1545039
1545066
1545069
1545072
1545077
1545081
1545083
1545085
1545129
1545159
1545162
1545164
1545165
1545166
1545169
1545172
1545173
1545185
1545617
1545913
1545973
1546041
1546226
1546283
1546292
1546303
1546341
1546387
1546388
1546390
1546391
1546394
1546397
1546398
1546399
1546400
1546401
1546403
1546404
1546409
1546411
1546412
1546413
1546416
1546419
1546426
1546427
1546438
1546445
1546447
1546448
1546449
1546454
1546455
1546456
1546457
1546460
1546465
1546469
1546470
1546471
1546474
1546477
1546478
1546480
1546481
1546482
1546773
1546930
1546955
1546970
1546975
1546976
1546978
1546980
1546982
1546983
1546984
1546985
1546986
1546987
1546988
1546989
1546991
1547472
1547482
1547490
1547494
1547496
1547555
1547558
1547590
1547592
1547690
1547750
1547883
1547900
1547901
1547922
1547956
1548000
1549016
1549090
1549095
1549103
1549223
1549233
1549320
1549321
1549323
1549324
1549325
1549326
1549329
1549330
1549331
1549332
1549333
1549334
1549374
1549415
1549418
1549454
1549455
1549479
1549652
1549658
1549660
1549665
1549708
1549815
1549877
1550435
1550599
1550969
1551046
1551344
1551516
1551517
1551525
1551533
1551534
1551536
1551537
1551538
1551539
1551541
1551545
1551575
1551577
1551580
1551585
1551586
1551588
1551589
1551598
1551599
1551608
1551614
1551620
1551627
1551631
1551632
1551633
1551637
1551639
1551641
1551647
1551651
1551652
1551656
1551657
1551661
1551673
1551685
1551690
1551691
1551692
1551693
1551698
1551699
1551700
1551726
1551732
1551739
1551740
1551741
1551744
1551745
1551752
1551756
1551757
1551762
1551770
1551774
1551775
1551778
1551779
1551780
1551781
1551782
1551786
1551787
1551788
1551789
1551790
1551794
1551797
1551804
1551812
1551813
1551814
1551821
1551825
1551830
1551838
1551884
1551887
1551890
1551891
1551893
1551896
1551897
1551899
1552109
1552295
1552400
1552407
1552408
1552751
1552943
1552986
1553009
1553065
1553194
1553337
1553438
1553783
1554091
1554165
1554756
1554799
1554848
1555231
1555232
1555233
1555234
1555235
1555236
1555237
1555238
1555244
1555246
1555247
1555260
1555263
1555294
1555300
1555305
1555306
1555308
1555322
1555323
1555327
1555329
1555332
1555333
1555334
1555335
1555338
1555341
1555345
1555347
1555348
1555351
1555355
1555359
1555360
1555361
1555363
1555364
1555404
1555416
1555424
1555481
1555484
1555502
1555505
1555518
1555540
1555541
1555542
1555544
1555545
1555548
1555561
1555592
1555593
1555667
1556133
1556144
1556149
1556150
1556151
1556152
1556153
1556156
1556250
1556266
1556267
1556734
1556940
1556970
1556973
1556987
1556992
1556999
1557009
1557020
1557027
1557035
1557046
1557047
1557075
1557077
1557078
1557266
1557268
1557272
1557273
1557463
1557520
1557521
1557536
1557559
1557560
1557561
1557562
1557671
1557687
1557688
1557741
1557782
1557784
1557807
1557815
1557816
1557847
1557856
1557861
1558038
1558039
1558047
1558086
1558092
1558096
1558106
1558109
1558148
1558169
1558190
1558197
1558198
1558202
1558288
1558312
1558322
1558405
1558406
1558407
1558408
1558434
1558435
1558436
1558441
1558459
1558460
1558461
1558462
1558463
1558479
1558481
1558482
1558501
1558503
1558547
1558550
1558572
1558577
1558586
1558753
1558754
1558771
1559001
1559013
1559293
1559393
1559397
1559406
1559410
1559412
1559433
1559439
1559444
1559469
1559476
1559479
1559492
1559495
1559498
1559502
1559555
1559557
1559564
1559567
1559568
1559594
1559596
1559597
1559606
1559607
1559609
1559612
1559677
1559678
1559681
1559682
1559782
1560579
1560580
1561069
1561359
1561425
1561429
1561630
1561780
1561781
1561782
1562089
1562091
1562256
1562257
1562314
1562400
1562459
1562460
1562474
1562475
1562477
1562482
1562486
1562509
1562519
1562530
1562533
1562536
1562549
1562554
1562558
1562573
1562576
1562580
1562585
1562590
1562591
1562594
1562597
1562600
1562602
1562605
1562606
1562609
1562613
1562614
1563750
1563752
1563809
1563939
1563969
1563981
1564011
1564135
1564155
1564218
1564354
1564426
1564528
1564534
1564625
1564632
1564633
1564636
1564637
1564648
1564707
1564741
1564800
1564936
1564937
1564938
1564939
1564941
1564942
1564943
1564946
1564954
1564959
1564960
1564961
1564965
1564968
1564970
1564978
1564983
1564986
1564987
1564988
1564993
1565030
1565032
1565033
1565036
1565038
1565039
1565043
1565045
1565137
1565141
1565142
1565143
1565145
1565146
1565148
1565149
1565201
1565280
1565308
1565342
1565356
1565366
1565367
1565390
1565426
1565427
1565430
1565438
1565439
1565440
1565447
1565452
1565454
1565457
1565458
1565460
1565461
1565462
1565471
1565474
1565476
1565481
1565482
1565565
1565576
1565577
1565579
1565584
1565585
1565586
1565587
1565588
1565589
1565597
1565604
1565608
1565609
1565610
1565613
1565614
1565615
1565617
1565618
1566148
1566524
1566547
1566555
1566556
1566568
1566570
1566578
1566580
1566588
1566589
1566590
1567782
1567794
1567802
1567820
1567842
1567855
1567863
1567973
1567979
1567987
1567991
1567993
1568002
1568003
1568004
1568144
1568179
1568199
1568215
1568220
1568229
1568263
1568330
1568332
1568358
1568375
1568376
1568393
1568398
1568402
1568406
1568408
1568415
1568418
1568428
1568431
1568476
1568481
1568499
1568503
1568510
1568511
1568514
1568518
1568521
1568522
1568523
1568524
1568541
1568558
1568559
1568560
1568575
1568587
1568594
1568595
1568596
1568606
1568608
1568609
1568610
1568611
1568616
1568620
1568621
1568957
1569065
1569084
1569093
1569094
1569218
1569219
1569220
1569221
1569411
1569427
1569668
1569696
1569697
1569705
1569943
1569944
1569946
1569979
1569982
1569983
1570024
1570036
1570052
1570083
1570126
1570127
1570141
1570151
1570152
1570153
1570154
1570158
1570171
1570231
1570453
1570460
1570559
1570604
1570606
1570608
1570612
1570613
1570628
1570630
1570632
1570635
1570787
1570796
1570797
1570839
1570954
1570987
1571308
1571465
1571468
1571494
1571497
1571509
1571578
1571583
1571584
1571610
1571615
1571620
1571652
1571666
1571669
1571682
1571688
1571703
1571726
1571738
1571779
1571872
1571880
1571893
1571894
1571916
1571917
1571918
1571924
1571937
1571939
1571972
1571973
1571987
1572001
1572002
1572007
1572013
1572024
1572051
1572065
1572091
1572094
1572095
1572096
1572103
1572133
1572134
1572173
1572236
1572320
1572328
1572405
1573214
1573386
1573404
1573405
1573426
1573427
1573465
1573466
1573811
1573842
1574097
1574466
1574467
1574469
1574472
1574490
1574533
1574534
1574540
1574541
1574542
1574544
1574545
1574558
1574559
1574560
1574563
1574665
1574683
1574704
1574708
1574712
1574715
1574720
1574734
1574742
1574790
1574875
1574921
1574926
1574942
1574971
1574973
1574979
1574990
1574991
1575278
1575282
1575364
1575377
1575450
1575504
1575505
1575509
1575540
1575729
1575808
1575812
1575820
1575890
1575898
1575921
1575951
1576029
1576030
1576037
1576040
1576041
1576049
1576147
1576339
1576361
1576432
1576554
1576702
1576717
1576776
1576827
1577147
1577166
1577271
1577278
1577302
1577314
1577332
1577342
1577353
1577372
1577425
1577468
1577749
1578611
1578650
1578851
1578885
1578939
1578941
1578949
1579194
1579390
1579548
1579556
1579606
1579613
1579629
1579638
1579723
1579724
1579791
1579794
1579815
1579838
1579850
1579852
1579854
1579857
1579858
1579861
1579862
1579866
1579867
1579868
1579869
1579885
1580106
1580269
1580295
1580379
1580385
1580390
1580530
1580626
1580628
1580770
1580889
1580895
1580899
1580946
1580952
1581017
1581101
1581183
1581222
1581244
1581483
1581546
1581697
1581725
1581787
1581791
1581809
1581812
1581972
1582039
1582075
1582120
1582126
1582206
1582213
1582215
1582219
1582220
1582221
1582222
1582223
1582350
1582373
1582397
1582423
1582465
1582520
1582538
1582563
1582599
1582612
1582632
1582642
1582651
1582687
1582701
1582724
1582727
1582826
1582844
1582939
1583026
1583042
1583063
1583111
1583132
1583151
1583265
1583271
1583673
1584589
1584601
1584882
1585031
1585208
1585561
1585730
1585734
1585814
1585825
1585836
1585849
1585861
1586363
1586364
1586872
1586873
1586874
1586885
1586887
1586933
1586936
1586956
1586963
1586968
1586974
1586979
1586980
1586981
1586982
1586984
1587013
1587484
1587547
1587555
1587557
1587680
1587681
1587695
1587766
1587814
1587849
1587855
1587857
1587860
1587861
1587864
1588030
1588031
1588034
1588238
1588300
1588308
1588311
1588427
1588471
1588632
1588779
1588781
1588782
1588783
1588787
1589004
1589076
1589214
1589226
1589686
1589909
1589910
1590523
1590559
1590745
1590747
1590751
1590775
1590780
1590791
1590801
1590833
1590834
1590860
1590862
1590863
1590874
1590875
1590879
1590880
1590975
1590976
1590977
1590978
1591073
1591132
1591146
1591148
1591151
1591157
1591158
1591165
1591170
1591178
1591180
1591186
1591187
1591191
1591202
1591203
1591306
1591308
1591311
1591381
1591383
1591385
1591768
1592038
1592410
1592428
1592452
1592453
1592462
1592463
1592502
1592522
1592542
1592557
1592589
1592590
1592764
1592889
1592936
1592940
1592945
1592946
1592996
1592999
1593010
1593014
1593020
1593039
1593050
1593072
1593080
1593114
1593130
1593137
1593151
1593152
1593222
1593225
1593230
1593240
1593241
1593243
1593245
1593247
1593248
1593253
1593254
1593255
1593259
1593260
1593261
1593336
1593353
1593408
1593423
1593427
1593428
1593436
1593437
1593439
1593476
1594061
1594182
1594328
1594336
1594337
1594341
1594342
1594521
1594522
1594778
1594924
1594930
1594931
1595004
1595005
1595033
1595045
1595046
1595047
1595056
1595063
1595064
1595096
1595128
1595136
1595139
1595140
1595141
1595163
1595177
1595223
1595235
1595272
1595282
1595306
1595315
1595321
1595400
1595402
1595406
1595491
1595496
1595645
1595688
1595702
1595710
1595788
1595862
1595935
1596015
1596020
1596033
1596047
1596051
1596059
1596084
1596255
1596312
1596313
1596314
1596315
1596316
1596317
1596338
1596372
1596377
1596379
1596380
1596386
1596387
1596467
1596477
1596528
1596563
1596567
1596592
1596616
1596617
1596618
1596619
1596643
1596654
1596662
1596664
1596666
1596677
1596686
1596691
1596692
1596693
1596696
1596712
1596728
1596735
1596736
1596737
1596839
1596848
1596851
1596868
1596869
1596952
1596958
1596961
1596966
1596969
1596975
1596981
1596987
1596990
1597016
1597022
1597050
1597066
1597069
1597072
1597073
1597081
1597088
1597090
1597102
1597152
1597156
1597163
1597174
1597176
1597177
1597178
1597179
1597191
1597212
1597215
1597243
1597270
1597272
1597283
1597300
1597373
1597422
1597426
1597493
1597573
1597575
1597632
1597643
1597680
1597681
1597682
1597691
1597694
1597695
1597696
1597699
1597702
1597706
1597707
1597708
1597710
1597712
1597713
1597781
1597783
1597787
1598127
1598372
1598436
1598648
1598759
1598817
1599118
1599714
1599716
1599719
1599720
1599721
1599722
1599726
1599727
1599728
1599732
1599733
1599886
1599921
1599949
1600064
1600771
1600776
1600848
1600889
1600960
1601172
1601183
1601266
1601484
1601734
1601738
1601740
1601747
1601748
1602091
1602143
1602160
1602167
1602221
1602236
1602258
1602259
1602269
1602272
1602290
1602298
1602382
1602384
1602388
1602485
1602504
1602513
1602520
1602530
1602544
1602557
1602573
1602586
1602637
1602655
1602661
1602670
1602698
1602700
1602701
1602721
1602727
1602989
1602991
1602993
1602994
1602995
1602996
1602997
1602998
1602999
1603006
1603007
1603059
1603068
1603090
1603097
1603099
1603107
1603221
1603610
1603787
1603894
1603900
1604475
1604476
1604481
1604561
1604640
1605062
1605200
1605203
1605204
1605205
1605206
1605207
1605210
1605320
1605350
1605381
1605399
1605412
1605418
1605419
1605510
1605516
1605519
1605527
1605534
1605537
1605539
1605565
1605698
1605705
1605707
1605708
1605709
1605711
1605713
1605714
1605716
1605717
1605739
1605740
1605741
1605742
1605743
1605751
1605760
1605761
1605766
1605768
1605769
1605772
1605773
1605774
1605776
1605778
1605781
1605794
1605797
1605800
1605803
1605805
1605814
1605815
1605817
1605818
1605820
1605842
1605847
1605918
1605924
1605929
1605930
1605931
1605933
1605935
1605936
1605937
1605938
1606321
1606351
1606383
1606424
1606425
1606432
1606504
1606508
1606588
1606602
1607041
1607042
1607043
1607044
1607069
1607078
1607079
1607080
1607081
1607131
1607136
1607137
1607139
1607140
1607141
1607142
1607143
1607144
1607145
1607146
1607147
1607148
1607208
1607209
1607217
1607229
1607235
1607241
1607245
1607246
1607252
1607253
1607254
1607256
1607257
1607258
1607348
1607364
1607402
1607416
1607436
1607557
1607558
1607559
1607572
1607573
1607586
1607587
1607592
1607593
1607594
1607595
1607596
1607620
1607621
1607638
1607639
1607644
1607677
1607718
1607719
1607723
1607725
1607726
1607729
1607738
1607746
1607772
1607776
1607807
1607812
1607829
1607846
1607847
1607862
1607863
1607866
1607868
1607870
1607872
1607877
1607883
1607907
1607908
1607912
1607913
1607945
1607947
1607981
1607990
1607991
1607996
1607999
1608012
1608015
1608016
1608079
1608081
1608099
1608100
1608101
1608104
1608140
1608145
1608153
1608156
1608199
1608214
1608293
1608348
1608356
1608357
1608369
1608371
1608386
1608389
1608394
1608395
1608547
1608548
1608549
1608552
1608556
1608560
1608577
1608586
1608587
1608588
1608595
1609149
1609244
1609256
1609311
1609312
1609313
1609322
1609323
1609326
1609327
1609328
1609335
1609336
1609337
1609352
1609359
1609361
1609364
1609365
1609372
1609374
1609375
1609400
1609407
1609429
1609431
1609440
1609453
1609470
1609526
1609531
1609535
1609537
1609538
1609556
1609557
1609565
1609568
1609574
1609576
1609577
1609578
1609579
1609580
1609581
1609583
1609757
1609760
1609983
1609984
1609986
1609987
1609988
1609989
1609993
1610002
1610003
1610005
1610008
1610009
1610016
1610018
1610019
1610020
1610022
1610033
1610035
1610037
1610038
1610041
1610042
1610043
1610060
1610066
1610089
1610103
1610105
1610109
1610111
1610151
1610155
1610159
1610160
1610170
1610187
1610192
1610199
1610200
1610261
1610276
1610281
1610286
1610290
1610293
1610294
1610296
1610298
1610301
1610311
1610329
1610333
1610334
1610336
1610337
1610341
1610342
1610347
1610377
1610429
1610434
1610440
1610510
1610515
1610520
1610572
1610618
1610624
1610626
1610629
1610631
1610658
1610677
1610678
1610688
1610717
1610812
1610881
1610883
1610885
1610886
1610887
1611043
1611044
1611045
1611052
1611055
1611061
1611063
1611080
1611094
1611096
1611111
1611114
1611120
1611121
1611131
1611179
1611203
1611306
1611383
1611389
1611391
1611410
1611411
1611482
1611483
1611484
1611550
1611551
1611554
1611557
1611558
1611559
1611560
1611561
1611562
1611564
1611567
1611620
1611626
1611627
1611629
1611630
1611633
1611634
1611635
1611637
1611638
1611639
1611641
1611689
1611690
1611691
1611692
1611694
1611695
1611696
1611697
1611698
1611699
1611700
1611701
1611702
1611714
1611835
1611836
1611853
1611905
1611908
1611910
1611912
1611965
1612055
1612064
1612078
1612080
1612085
1612213
1612259
1612277
1612329
1612357
1612366
1612375
1612388
1612399
1612403
1612434
1612547
1612556
1612557
1612560
1612563
1612564
1612565
1612567
1612568
1612570
1612708
1612723
1612725
1612735
1612815
1612816
1612817
1612818
1612819
1612820
1612821
1612822
1612875
1612882
1612886
1612887
1612889
1612890
1612892
1612896
1612977
1613000
1613006
1613072
1613079
1613080
1613081
1613090
1613096
1613097
1613105
1613106
1613111
1613118
1613181
1613188
1613248
1613257
1613265
1613279
1613466
1613549
1613567
1613742
1613743
1613753
1613756
1613784
1613796
1613797
1613798
1613799
1613802
1613832
1613882
1613902
1613921
1613962
1613963
1613965
1613971
1613972
1613989
1614006
1614007
1614094
1614095
1614218
1614333
1614540
1614589
1614594
1614596
1614597
1614606
1614640
1614644
1614648
1614649
1614738
1614744
1614810
1614812
1614813
1614909
1614912
1614979
1615017
1615024
1615030
1615033
1615693
1615816
1615826
1615837
1615838
1615840
1615841
1615849
1615851
1615852
1615854
1615857
1615859
1615866
1615867
1615870
1615871
1615874
1615882
1615916
1615921
1615925
1615930
1615932
1615933
1615966
1615974
1615976
1615979
1615983
1615985
1615987
1615989
1615990
1616002
1616004
1616006
1616008
1616010
1616011
1616013
1616014
1616015
1616016
1616019
1616026
1616027
1616028
1616029
1616030
1616043
1616044
1616049
1616051
1616053
1616055
1616058
1616059
1616065
1616078
1616082
1616094
1616097
1616105
1616108
1616110
1616111
1616113
1616114
1616115
1616116
1616118
1616119
1616120
1616121
1616139
1616155
1616157
1616158
1616162
1616166
1616200
1616230
1616231
1616238
1616239
1616240
1616241
1616299
1616307
1616308
1616366
1616393
1616397
1616405
1616412
1616417
1616431
1616439
1616455
1616460
1616465
1616485
1616489
1616498
1616508
1616529
1616543
1616559
1616578
1616625
1616647
1616658
1616669
1616672
1616700
1616701
1616703
1616720
1616725
1616727
1616730
1616731
1616737
1616807
1616808
1616814
1616845
1617046
1617146
1617155
1617226
1617227
1617231
1617268
1617269
1617445
1617488
1617559
1617575
1617936
1617945
1618429
1618430
1618431
1618432
1618437
1618438
1618439
1618440
1618441
1618442
1618443
1618444
1618445
1618446
1618447
1618448
1618450
1618455
1618553
1618748
1618772
1618824
1618826
1619012
1619017
1619018
1619019
1619020
1619021
1619022
1619023
1619024
1619025
1619026
1619027
1619029
1619065
1619067
1619068
1619069
1619089
1619091
1619093
1619153
1619162
1619232
1619239
1619379
1619384
1619387
1619444
1619495
1619496
1619497
1619533
1619534
1619535
1619586
1619592
1619727
1619830
1619843
1619844
1619890
1619902
1619910
1619912
1619917
1619918
1619919
1619989
1620166
1620168
1620294
1620296
1620392
1620705
1620715
1620732
1620775
1620779
1620789
1620792
1620796
1621081
1621084
1621085
1621087
1621088
1621089
1621090
1621091
1621092
1621094
1621095
1621096
1621097
1621098
1621099
1621249
1621250
1621293
1621330
1621340
1621415
1621424
1621464
1621473
1621478
1621479
1621481
1621482
1621488
1621492
1621493
1621569
1621573
1621574
1621575
1621577
1621599
1621653
1621681
1621685
1622254
1622345
1622445
1622563
1622582
1623774
1623778
1623798
1623799
1623832
1623972
1624012
1624024
1624185
1624189
1624222
1624234
1624389
1624397
1624408
1624718
1624837
1624838
1624843
1624850
1624852
1624853
1624859
1624860
1624861
1624862
1624863
1624864
1624866
1624870
1624871
1624876
1624878
1624879
1624880
1624883
1624884
1624889
1624890
1624891
1624892
1624893
1624896
1624898
1624899
1624903
1624914
1624915
1624917
1624924
1624928
1624929
1624936
1624941
1624942
1624943
1624944
1624945
1624953
1624958
1624962
1624963
1624964
1624965
1624988
1624990
1624995
1624999
1625003
1625006
1625017
1625022
1625026
1625027
1625028
1625029
1625030
1625031
1625033
1625036
1625040
1625041
1625042
1625045
1625048
1625049
1625054
1625055
1625057
1625060
1625063
1625065
1625067
1625068
1625069
1625071
1625073
1625077
1625079
1625084
1625085
1625087
1625091
1625094
1625097
1625111
1625113
1625117
1625144
1625153
1625159
1625164
1625172
1625180
1625430
1627779
1627969
1627974
1627979
1627999
1628000
1628019
1628020
1628022
1628032
1628044
1628045
1628081
1628316
1628317
1628319
1628324
1628353
1628356
1628357
1628367
1628368
1628370
1628371
1628372
1628377
1628378
1628379
1628467
1628505
1628558
1628634
1628635
1628639
1628641
1628642
1628647
1628649
1628736
1628808
1628863
1628923
1628925
1628955
1628970
1628987
1629127
1629227
1629241
1629336
1629337
1629338
1629339
1629340
1629343
1629351
1629354
1629356
1629358
1629359
1629362
1629363
1629364
1629365
1629367
1629372
1629373
1629375
1629376
1629380
1629385
1629386
1629388
1629389
1629391
1629392
1629393
1629399
1629400
1629401
1629402
1629480
1629515
1629531
1629600
1629612
1629618
1629621
1629622
1629623
1629624
1629629
1629633
1629671
1629683
1629686
1629690
1629696
1629704
1629713
1629717
1629728
1629729
1629782
1629881
1630184
1630188
1630193
1630196
1630197
1630198
1630199
1630200
1630201
1630202
1630203
1630204
1630205
1630211
1630213
1630214
1630215
1630218
1630232
1630242
1630243
1630264
1630271
1630279
1630280
1630282
1630284
1630288
1630291
1630295
1630305
1630306
1630310
1630365
1630372
1630381
1630385
1630391
1630392
1630396
1630397
1630404
1630409
1630411
1630414
1630417
1630455
1630471
1630486
1630488
1630793
1630877
1631576
1631606
1631608
1631617
1631666
1631704
1631724
1631826
1631827
1631844
1631846
1631852
1631859
1631893
1631923
1631929
1631953
1631988
1631989
1631990
1631997
1631999
1632000
1632002
1632005
1632006
1632009
1632010
1632011
1632016
1632019
1632031
1632033
1632042
1632045
1632056
1632076
1632079
1632084
1632090
1632109
1632128
1632151
1632176
1632179
1632198
1632214
1632216
1632219
1632220
1632226
1632227
1632242
1632250
1632311
1632316
1632320
1632322
1632327
1632336
1632337
1632345
1632371
1632373
1632383
1632442
1632455
1632456
1632474
1632545
1632549
1632557
1632739
1632743
1632748
1632902
1632914
1632918
1632919
1632922
1632923
1632926
1632934
1632938
1632950
1632973
1633016
1633120
1633138
1633205
1633260
1633281
1633495
1633510
1633518
1633541
1633622
1633629
1633630
1633631
1633633
1633669
1633672
1633677
1633681
1633685
1633686
1633687
1633693
1633695
1633696
1633727
1633729
1633732
1633737
1633738
1633742
1633743
1633747
1633756
1633759
1633761
1633762
1633764
1633770
1633772
1633773
1633928
1633967
1633984
1633992
1633993
1634089
1634318
1634345
1634364
1634369
1634373
1634382
1634392
1634454
1634457
1634631
1634879
1634889
1634891
1634893
1634899
1634905
1634908
1634914
1634915
1634917
1634920
1634922
1634925
1634936
1634938
1634944
1634977
1634978
1634979
1634980
1634983
1634984
1634992
1634993
1634994
1635000
1635002
1635003
1635005
1635970
1636663
1636665
1636666
1636667
1636669
1636676
1636689
1636728
1636734
1636736
1636853
1636860
1636905
1636964
1636965
1636967
1636968
1636976
1636980
1637019
1637023
1637024
1637027
1637032
1637046
1637054
1637065
1637074
1637077
1637103
1637125
1637126
1637129
1637150
1637188
1637195
1637208
1637220
1637231
1637240
1637241
1637266
1637323
1637333
1637341
1637362
1637369
1637604
1637705
1637714
1637775
1637779
1637780
1637988
1638019
1638020
1638082
1638092
1638126
1638128
1638193
1638196
1638278
1638310
1638526
1638530
1638541
1638542
1638546
1638592
1638798
1638838
1638848
1638979
1639091
1639184
1639367
1639369
1639509
1639577
1639711
1639803
1640024
1640026
1640028
1640035
1640036
1640123
1640142
1640323
1640340
1640356
1640514
1640838
1641387
1641391
1641393
1641394
1641395
1641396
1641397
1641399
1641401
1641435
1641436
1641438
1641440
1641442
1641443
1641444
1641445
1641446
1641448
1641450
1641457
1641458
1641459
1641460
1641466
1641478
1641479
1641491
1641492
1641499
1641500
1641501
1641502
1641503
1641505
1641507
1641509
1641510
1641513
1641517
1641518
1641523
1641525
1641528
1641529
1641534
1641535
1641536
1641537
1641540
1641542
1641543
1641549
1641554
1641557
1641560
1641565
1641566
1641567
1641569
1641571
1641572
1641575
1641581
1641584
1641590
1641599
1641604
1641610
1641611
1642793
1642794
1642796
1642798
1642806
1642809
1642812
1642820
1642821
1642822
1642823
1642825
1642826
1642827
1642832
1642834
1643386
1643392
1643393
1643406
1643418
1643676
1643705
1644036
1644048
1644077
1644250
1644331
1645007
1645050
1645080
1645089
1645090
1645111
1645113
1645188
1645201
1645206
1645211
1645215
1645217
1645302
1645787
1645788
1645797
1645919
1645925
1645956
1646031
1646114
1646116
1646118
1646357
1646370
1646374
1646506
1646512
1646514
1646517
1646522
1646523
1646525
1646526
1646527
1646529
1646537
1646540
1646541
1647016
1647196
1647201
1647207
1647208
1647209
1647211
1647212
1647258
1647265
1647271
1647308
1647315
1647320
1647336
1647349
1647350
1647377
1647441
1647445
1647546
1647737
1647746
1647748
1647756
1647758
1647768
1647800
1647801
1647921
1647927
1647928
1647929
1647930
1647931
1647932
1647933
1647934
1647937
1647938
1647939
1647977
1648015
1648041
1648043
1648048
1648063
1648097
1648098
1648099
1648100
1648102
1648127
1648139
1648357
1648358
1648525
1648531
1648532
1648533
1648534
1648535
1648536
1648537
1648540
1648541
1648542
1648676
1648751
1648889
1649073
1649165
1649166
1649315
1649374
1649375
1649440
1649444
1649445
1649507
1649523
1649532
1649592
1649625
1649636
1649638
1649643
1649654
1649757
1649910
1649963
1650133
1650241
1650243
1650244
1650246
1650687
1650688
1650709
1650717
1650805
1650821
1650823
1650824
1650834
1650835
1650850
1650854
1650855
1650870
1650871
1650872
1650891
1650892
1650908
1650910
1650911
1650912
1650913
1650914
1650915
1650917
1650919
1650931
1650941
1650942
1650943
1650945
1650950
1650954
1650955
1650960
1650968
1650977
1650978
1650979
1650983
1650989
1650997
1651002
1651004
1651005
1651006
1651009
1651018
1651026
1651027
1651028
1651029
1651030
1651034
1651042
1651046
1651047
1651051
1651052
1651053
1651054
1651059
1651066
1651067
1651068
1651072
1651073
1651075
1651078
1651079
1651083
1651084
1651085
1651086
1651088
1651089
1651092
1651097
1651098
1651099
1651100
1651101
1651103
1651104
1651121
1651125
1651140
1651158
1651264
1651265
1651267
1651270
1651272
1651273
1651274
1651277
1651280
1651283
1651284
1651285
1651287
1651292
1651316
1651362
1651440
1651482
1651511
1651513
1651569
1651596
1651622
1651729
1651737
1651740
1651753
1651757
1651760
1651763
1651825
1651826
1651831
1651832
1651834
1651835
1651836
1651837
1651838
1651839
1651840
1651849
1651855
1651863
1651899
1651902
1651928
1651935
1651938
1651941
1651947
1651961
1651965
1651967
1652011
1652013
1652014
1652020
1652023
1652025
1652026
1652032
1652034
1652073
1652107
1652110
1652193
1652203
1652227
1652320
1652323
1652330
1652550
1652653
1652673
1652677
1652701
1652756
1652894
1652903
1652926
1652928
1652932
1652933
1652943
1652944
1652986
1653141
1653305
1653317
1653567
1653568
1653813
1654247
1654262
1654344
1654355
1654357
1654359
1654366
1654373
1654374
1654380
1654381
1654384
1654386
1654387
1654388
1654389
1654392
1654395
1654462
1654468
1654486
1654487
1654518
1654548
1654549
1654563
1654569
1654575
1654582
1654585
1654589
1654593
1654607
1654619
1654643
1654645
1654664
1654665
1654666
1654759
1654762
1654790
1654792
1654797
1654798
1654833
1654852
1654971
1654985
1654986
1654987
1654989
1654996
1655085
1655096
1655112
1655170
1655176
1655280
1655336
1655429
1655530
1655536
1655538
1655545
1655546
1655548
1655549
1655560
1655563
1655567
1655568
1655569
1655570
1655571
1655572
1655575
1655576
1655618
1655624
1655625
1655627
1655652
1655654
1655656
1655662
1655663
1655664
1655666
1655667
1655669
1655672
1655673
1655677
1655679
1655683
1655685
1655689
1655691
1655694
1655695
1655699
1655701
1655703
1655704
1655712
1655719
1655724
1655749
1655751
1655757
1655780
1655783
1655800
1655845
1655899
1655903
1656001
1656033
1656045
1656087
1656116
1656119
1656127
1656144
1656149
1656158
1656192
1656310
1656319
1656358
1656534
1656539
1656540
1656550
1656551
1656554
1656559
1656560
1656567
1656572
1656578
1656579
1656587
1656588
1656597
1656598
1656612
1656613
1656617
1656646
1656727
1656839
1656930
1656936
1656940
1657077
1657080
1657088
1657089
1657092
1657094
1657097
1657101
1657144
1657149
1657181
1657218
1657269
1657274
1657280
1657288
1657296
1657486
1657587
1657726
1657727
1657729
1657754
1657853
1657858
1657913
1657921
1657922
1657923
1657924
1657925
1657927
1657928
1657930
1657934
1657948
1657965
1657970
1657973
1657976
1657977
1657980
1657982
1658029
1658034
1658035
1658038
1658039
1658046
1658051
1658055
1658056
1658058
1658059
1658060
1658151
1658213
1658216
1658218
1658229
1658296
1658301
1658302
1658327
1658333
1658352
1658358
1658361
1658405
1658408
1658410
1658411
1658427
1658431
1658462
1658472
1658473
1658475
1658482
1658588
1658598
1658599
1658619
1658620
1658625
1658627
1658631
1658634
1658636
1658641
1658642
1658645
1658691
1658694
1658695
1658696
1658697
1658705
1658708
1658711
1658714
1658715
1658719
1658740
1658743
1658764
1658776
1658779
1658800
1658819
1658826
1658828
1658838
1658851
1658858
1658861
1658862
1658863
1658865
1658866
1658893
1658953
1658954
1658955
1659010
1659014
1659017
1659075
1659082
1659087
1659098
1659103
1659107
1659118
1659122
1659143
1659204
1659206
1659207
1659208
1659209
1659210
1659218
1659224
1659229
1659238
1659239
1659240
1659243
1659246
1659282
1659287
1659289
1659293
1659339
1659348
1659350
1659351
1659352
1659393
1659417
1659431
1659434
1659443
1659446
1659493
1659506
1659511
1659525
1659566
1659568
1659569
1659570
1659571
1659592
1659604
1659609
1659638
1659640
1659641
1659642
1659644
1659645
1659646
1659647
1659648
1659653
1659659
1659661
1659662
1659663
1659668
1659669
1659676
1659680
1659682
1659683
1659687
1659688
1659689
1659702
1659707
1659710
1659711
1660269
1660273
1660315
1660390
1660392
1660394
1660399
1660401
1660402
1660460
1660469
1660478
1660485
1660486
1660495
1660499
1660501
1660506
1660615
1660629
1660706
1660721
1660730
1660744
1660755
1660765
1660769
1660780
1660789
1660790
1660816
1660843
1660845
1660852
1660853
1660854
1660860
1660864
1660868
1660872
1660873
1660874
1660876
1660877
1660934
1660936
1660943
1660947
1660953
1660964
1661021
1661082
1661084
1661089
1661090
1661156
1661271
1661284
1661298
1661302
1661414
1661423
1661428
1661430
1661437
1661442
1661444
1661450
1661455
1661503
1661506
1661518
1661519
1661521
1661529
1661530
1661541
1661547
1661603
1661604
1661607
1661608
1661617
1661619
1661620
1661623
1661624
1661629
1661632
1661635
1661658
1661659
1661744
1661748
1661756
1661768
1661770
1661779
1661780
1661785
1661790
1661791
1661795
1661804
1661808
1661809
1661812
1661816
1661819
1661820
1661821
1661833
1661838
1661842
1661844
1661852
1661858
1661861
1661862
1661863
1661872
1661881
1661882
1661883
1661887
1661890
1661891
1661902
1661903
1661904
1661905
1661906
1661910
1661911
1661915
1661916
1661925
1661954
1661980
1661982
1661986
1662007
1662011
1662013
1662019
1662026
1662037
1662082
1662083
1662084
1662091
1662117
1662119
1662120
1662124
1662125
1662128
1662129
1662133
1662135
1662229
1662236
1662237
1662274
1662366
1662469
1662488
1662509
1662529
1662601
1662602
1662636
1662639
1662658
1662689
1662691
1662694
1662708
1662752
1662753
1662754
1662756
1662757
1662759
1662760
1662762
1662763
1662764
1662768
1662788
1662789
1662796
1662798
1662802
1662803
1662804
1662807
1662830
1662834
1662838
1662842
1662843
1662859
1662861
1662864
1662868
1662869
1662898
1662901
1662902
1662910
1662911
1662926
1662933
1662939
1662941
1662946
1662949
1662953
1662956
1662959
1662964
1662969
1662973
1662974
1662976
1662980
1662985
1662986
1662987
1662992
1662993
1662994
1662998
1663001
1663010
1663016
1663017
1663019
1663020
1663021
1663053
1663059
1663060
1663071
1663072
1663076
1663146
1663164
1663219
1663221
1663233
1663236
1663241
1663262
1663295
1663301
1663309
1663313
1663341
1663350
1663384
1663388
1663390
1663392
1663394
1663523
1663528
1663541
1663543
1663550
1663554
1663568
1663571
1663578
1663585
1663597
1663599
1663676
1663792
1663794
1663801
1663802
1663803
1663804
1663806
1663811
1664099
1664103
1664105
1664106
1664107
1664108
1664109
1664111
1664112
1664113
1664114
1664139
1664169
1664172
1664178
1664179
1664197
1664208
1664211
1664407
1664410
1664412
1664414
1664415
1664426
1664432
1664433
1664472
1664474
1664475
1664476
1664477
1664479
1664480
1664481
1664482
1664486
1664488
1664494
1664501
1664502
1664505
1664507
1664531
1664542
1664566
1664571
1664609
1664647
1664648
1664655
1664658
1664661
1664662
1664669
1664670
1664673
1664682
1664683
1664692
1664693
1664694
1664695
1664696
1664699
1664704
1664706
1664707
1664708
1664709
1664711
1664712
1664713
1664717
1664736
1664745
1664748
1664753
1664770
1664771
1664773
1664774
1664777
1664778
1664779
1664780
1664781
1664782
1664783
1664794
1664795
1664798
1664804
1664805
1664806
1664809
1664831
1664834
1664838
1664839
1664840
1664841
1664843
1664844
1664857
1664864
1664865
1664867
1664868
1664871
1664876
1664877
1664880
1664887
1664889
1664890
1664891
1664893
1664895
1664897
1664898
1664902
1664903
1664904
1664905
1664907
1664912
1664913
1664914
1664915
1664917
1664919
1664920
1664921
1664924
1664929
1664930
1664931
1664953
1664957
1664958
1664960
1664963
1664966
1664969
1664971
1664975
1664976
1664978
1664979
1664981
1664982
1664984
1664987
1664989
1664995
1665002
1665004
1665006
1665007
1665010
1665012
1665013
1665014
1665048
1665051
1665064
1665069
1665076
1665079
1665081
1665082
1665124
1665137
1665141
1665144
1665146
1665149
1665151
1665152
1665154
1665155
1665159
1665260
1665261
1665301
1665302
1665308
1665309
1665310
1665311
1665312
1665313
1665314
1665315
1665535
1666393
1666394
1666410
1666412
1666498
1666503
1666623
1666625
1666631
1666667
1666834
1666920
1667137
1667183
1667392
1667393
1667430
1667433
1667448
1667559
1667569
1667603
1667736
1667765
1667958
1668038
1668039
1668040
1668041
1668076
1668084
1668085
1668086
1668093
1668094
1668133
1668134
1668143
1668163
1668165
1668173
1668174
1668191
1668192
1668194
1668202
1668218
1668250
1668251
1668268
1668269
1668271
1668272
1668279
1668614
1668714
1668715
1668765
1668766
1668767
1668770
1668774
1668785
1668804
1669118
1669610
1669623
1669628
1669629
1669630
1669633
1669643
1669676
1669680
1669768
1669798
1669860
1669879
1669892
1669927
1669960
1670051
1670175
1670185
1670195
1670252
1670271
1670272
1670428
1670443
1670444
1670497
1670516
1670518
1670523
1670524
1671225
1671239
1671240
1671241
1671245
1671515
1671517
1671521
1671588
1671591
1671673
1671674
1671679
1671683
1671697
1671710
1672454
1672464
1672490
1672542
1672634
1672637
1672641
1672786
1672820
1672895
1672936
1672939
1672942
1672943
1672944
1672946
1672947
1673061
1673067
1673349
1673353
1673370
1673374
1673375
1673388
1673389
1673391
1673392
1673399
1673400
1673401
1673406
1673410
1673411
1673412
1673943
1673944
1674015
1674027
1674029
1674032
1674038
1674044
1674047
1674050
1674053
1674110
1674116
1674118
1674148
1674154
1674171
1674185
1674187
1674189
1674191
1674353
1674453
1674496
1674515
1674527
1674529
1674627
1674634
1674635
1674640
1674647
1674676
1674705
1674707
1674717
1674721
1674756
1674758
1674769
1674788
1674803
1674806
1674826
1674827
1674837
1674856
1674868
1674890
1674896
1674914
1674934
1674940
1674941
1674944
1674945
1674946
1674984
1675225
1675235
1675622
1675642
1675647
1675671
1677400
1677403
1677921
1678050
1678065
1678099
1678146
1678181
1678185
1678225
1678332
1678333
1678335
1678336
1678337
1678338
1678412
1678414
1678428
1678441
1678450
1678469
1678471
1678480
1678511
1678515
1678529
1678536
1678539
1678540
1678541
1678543
1678546
1678705
1679782
1680300
1680792
1680810
1680811
1681025
1681038
1681041
1681044
1681048
1681051
1681169
1681177
1681182
1681184
1681193
1681201
1681215
1681222
1681225
1681226
1681240
1681241
1681242
1681247
1681249
1681327
1681378
1681674
1682271
1682281
1682282
1682285
1682917
1683951
1684398
1684417
1684456
1684458
1684554
1684566
1684569
1684607
1684608
1684624
1684634
1684638
1684686
1684695
1684708
1684756
1684856
1684880
1685015
1685222
1685238
1685247
1685422
1686500
1686755
1686795
1686917
1686923
1687086
1687277
1687502
1687503
1687677
1687716
1687746
1687882
1687885
1687890
1688227
1688321
1688400
1688401
1688403
1688412
1688436
1688503
1688505
1688524
1688528
1688567
1688568
1688865
1688893
1689124
1689211
1689214
1689218
1689261
1689336
1689447
1689448
1689542
1691046
1691058
1691077
1691571
1691698
1691701
1691711
1691739
1691740
1691749
1691788
1691802
1691805
1691883
1691884
1691943
1691987
1692003
1692004
1692054
1692150
1692324
1692373
1692416
1692422
1692474
1692480
1692483
1692489
1692490
1692525
1692526
1692530
1692531
1692536
1692537
1692545
1692546
1692622
1692626
1692706
1692712
1692742
1692762
1692790
1692829
1692862
1692882
1693130
1693205
1693242
1693245
1693250
1693258
1693268
1693279
1693287
1693291
1693293
1693294
1693314
1693337
1693367
1693373
1693380
1693403
1693407
1693425
1693427
1693451
1693470
1693481
1693499
1693510
1693602
1693604
1693830
1693832
1693834
1693835
1693955
1694194
1694284
1694320
1694332
1694483
1694490
1694491
1694538
1694542
1694544
1694548
1694641
1694651
1694812
1694849
1694850
1694944
1694949
1694950
1694959
1694960
1694961
1694962
1694965
1694967
1695173
1695181
1695184
1695185
1695192
1695193
1695196
1695224
1695230
1695240
1695247
1695249
1695260
1695265
1695302
1695307
1695310
1695311
1695313
1695317
1695348
1695350
1695352
1695357
1695359
1695361
1695394
1695397
1695412
1695499
1695501
1695502
1695504
1695505
1695507
1695510
1695511
1695512
1695513
1695515
1695516
1695518
1695523
1695527
1695533
1695534
1695537
1695541
1695542
1695545
1695546
1695551
1695552
1695555
1695557
1695558
1695561
1695563
1695564
1695566
1695568
1695569
1695571
1695574
1695575
1695576
1695577
1695578
1695579
1695582
1695583
1695584
1695585
1695593
1695594
1695596
1695604
1695610
1695616
1695617
1695619
1695620
1695621
1695622
1695623
1695624
1695632
1695634
1695636
1695639
1695640
1695642
1695644
1695651
1695652
1695654
1695655
1695656
1695657
1695658
1695662
1695663
1695665
1695671
1695672
1695680
1695681
1695686
1695694
1695695
1695697
1695698
1695701
1695704
1695705
1695706
1695709
1695710
1695711
1695722
1695724
1695762
1695763
1695765
1695769
1695773
1695774
1695776
1695777
1695782
1695784
1695809
1695810
1695811
1695825
1695831
1695833
1695836
1695837
1695842
1695844
1695845
1695849
1695850
1695851
1695854
1695856
1695862
1695864
1695878
1695893
1695894
1695941
1695972
1695977
1695984
1695986
1695987
1695988
1696074
1696084
1696091
1696096
1696099
1696104
1696106
1696107
1696109
1696110
1696112
1696115
1696120
1696122
1696129
1696155
1696156
1696625
1696873
1697039
1697264
1697374
1697775
1697779
1697781
1697785
1697786
1697787
1697822
1697823
1697830
1697855
1697885
1697919
1698034
1698087
1698284
1698362
1698367
1698369
1698371
1698372
1698505
1698558
1698750
1698818
1698820
1698826
1698831
1698832
1698833
1698835
1698874
1698956
1698978
1698979
1699135
1699147
1699148
1699151
1699210
1699213
1699221
1699223
1699236
1699242
1699245
1699281
1699288
1699312
1699313
1699340
1699371
1699372
1699395
1699453
1699464
1699474
1699534
1699535
1699762
1699871
1699873
1699875
1699891
1699915
1700562
1701792
1701794
1701854
1701856
1701863
1701875
1701938
1701946
1701955
1701958
1701964
1701974
1701975
1701977
1701989
1702049
1702053
1702054
1702121
1702142
1702166
1702203
1702205
1702207
1702318
1702320
1702384
1702391
1702408
1702411
1702415
1702429
1702439
1702611
1702628
1702629
1702634
1702719
1702781
1702784
1702808
1702809
1703738
1703822
1703826
1703827
1703832
1703834
1703931
1703934
1703935
1703951
1703952
1703960
1703963
1704004
1704009
1704033
1704039
1704043
1704045
1704054
1704063
1704099
1704102
1704139
1704146
1704152
1704160
1704178
1704222
1704223
1704225
1704249
1704286
1704318
1704322
1704336
1704343
1704592
1704697
1704699
1704720
1704822
1704826
1704842
1704846
1704858
1704894
1704943
1704955
1705009
1705010
1705139
1705143
1705148
1705172
1705173
1705184
1705195
1705212
1705216
1705287
1705291
1705292
1705326
1705340
1705370
1705373
1705535
1705538
1705539
1705543
1705546
1705576
1705589
1705593
1705595
1705688
1705693
1705694
1705695
1706084
1706121
1706134
1706136
1706537
1706546
1706772
1706774
1706778
1706779
1706780
1706782
1706791
1706792
1706800
1706802
1706803
1706805
1706808
1706820
1706822
1706829
1706840
1706841
1706851
1706854
1706857
1706858
1706861
1706865
1706868
1706874
1706875
1706876
1706879
1706888
1706894
1706896
1706900
1706901
1706908
1706909
1706910
1706911
1706926
1706936
1706947
1706950
1706952
1706959
1706967
1706968
1706985
1706988
1706991
1706999
1707001
1707005
1707009
1707010
1707012
1707013
1707014
1707015
1707022
1707029
1707041
1707043
1707112
1707115
1707121
1707122
1707132
1707134
1707137
1707138
1707141
1707142
1707145
1707147
1707148
1707161
1707189
1707254
1707255
1707302
1707306
1707307
1707321
1707322
1707326
1707329
1707332
1707333
1707355
1707357
1707441
1707442
1707447
1707450
1707511
1707531
1707557
1707748
1707789
1707806
1707807
1707809
1707815
1707817
1707827
1707830
1707845
1707897
1707898
1707901
1707905
1707970
1707975
1708049
1708061
1708066
1708071
1708236
1708239
1708258
1708262
1708470
1708474
1708484
1708485
1708507
1708656
1708685
1708722
1708724
1708744
1708745
1708779
1708804
1708805
1708817
1708819
1708865
1708867
1708877
1708881
1708884
1708885
1708888
1708892
1708902
1709722
1709733
1710100
1710132
1710235
1710324
1710365
1710402
1710451
1710956
1710959
1711114
1711136
1711137
1711138
1711464
1711522
1711540
1711575
1711589
1711591
1711596
1711633
1711648
1711727
1711753
1711852
1711854
1711863
1711864
1711887
1711889
1711894
1711909
1711912
1711971
1712069
1712070
1712148
1712154
1712305
1712567
1712584
1712634
1712769
1712770
1712772
1712773
1712775
1712967
1713391
1713392
1713398
1713409
1713424
1713443
1713712
1714487
1714898
1715203
1715208
1715209
1715217
1715222
1715330
1715342
1716235
1716280
1716287
1716331
1716435
1716482
1716532
1716534
1716536
1716637
1716691
1716728
1716755
1716816
1716823
1716824
1716827
1716831
1716836
1716857
1716987
1717021
1717108
1717120
1717130
1717137
1717494
1717591
1718166
1718180
1718183
1718243
1719357
1719587
1719589
1719777
1720153
1721001
1721010
1721021
1721033
1721036
1721044
1721045
1721104
1721111
1721157
1721199
1721346
1721373
1721374
1721550
1721566
1721960
1722593
1722594
1722709
1722711
1722714
1722725
1722775
1722778
1722812
1722833
1723010
1723103
1723105
1723108
1723158
1723159
1723164
1723181
1723266
1723268
1723269
1723335
1723349
1723351
1723355
1723398
1723400
1723411
1723414
1723415
1723650
1723868
1723870
1724127
1724420
1724436
1724438
1724587
1724591
1724603
1724604
1724657
1724661
1724676
1724677
1724679
1724717
1724783
1724784
1724900
1724901
1724912
1724926
1724927
1724930
1724945
1724958
1724959
1724966
1724989
1724991
1725005
1725011
1725024
1725027
1725033
1725104
1725106
1725259
1725294
1725296
1725313
1725329
1725368
1725372
1725379
1725380
1725393
1725404
1725494
1725809
1725821
1725873
1725878
1725927
1726045
1726241
1726275
1726295
1726388
1726396
1726397
1726400
1726444
1726446
1726451
1726452
1726453
1726529
1726743
1726746
1726777
1726780
1726898
1727316
1727321
1727465
1727919
1727925
1727967
1727972
1727979
1728014
1728052
1728059
1728067
1728077
1728117
1728274
1728390
1728491
1728613
1728618
1728622
1728644
1728704
1728762
1728777
1728831
1728971
1728982
1728984
1728986
1729424
1729464
1729502
1729533
1730356
1730387
1730393
1730409
1730436
1730535
1730537
1730540
1730541
1730592
1730629
1730781
1730783
1730790
1730807
1730826
1730840
1730843
1730852
1730867
1730881
1730882
1730900
1730901
1731082
1731135
1731148
1731165
1731237
1731242
1731250
1731278
1731279
1731281
1731282
1731286
1731293
1731296
1731297
1731307
1731309
1731461
1731476
1731477
1731491
1731493
1731498
1731506
1731508
1731509
1732177
1732220
1732225
1732230
1732233
1732234
1732235
1732240
1732241
1732242
1732285
1732290
1732323
1732326
1732330
1732331
1732338
1732343
1732371
1732374
1732378
1732379
1732382
1732385
1732387
1732390
1732413
1732418
1732464
1732596
1732601
1732718
1732739
1732772
1732801
1732914
1732916
1732953
1732956
1732975
1733022
1733034
1733036
1733118
1733147
1733503
1733508
1733512
1733513
1733517
1733559
1733560
1733561
1733574
1733575
1733601
1733602
1733603
1733626
1733627
1733628
1733663
1733672
1733674
1733679
1733725
1733726
1733862
1733864
1733867
1733868
1734119
1734132
1734141
1734243
1734248
1734255
1734257
1734261
1734262
1734268
1734269
1734426
1734475
1734478
1734489
1734492
1734717
1734810
1735071
1735594
1735601
1735608
1735672
1735695
1735702
1735705
1735721
1735722
1735730
1735731
1735732
1736351
1736354
1736383
1736386
1736621
1736668
1736677
1736691
1736772
1736886
1737277
1737382
1737709
1737711
1738018
1738138
1738140
1738141
1738163
1738165
1738169
1738275
1738282
1738292
1738302
1738303
1738434
1738438
1738508
1738734
1738877
1738943
1739113
1739199
1739201
1739203
1739213
1739220
1739232
1739235
1739236
1739238
1739240
1739241
1739242
1739243
1739343
1739885
1739916
1739930
1739932
1740932
1742348
1742349
1742351
1742443
1742447
1742464
1743664
1743954
1744294
1744295
1744299
1744300
1744301
1744302
1744303
1744305
1744306
1744311
1744312
1744314
1744315
1744321
1744322
1744323
1744324
1744325
1744326
1744328
1744332
1744584
1744585
1744590
1745042
1745346
1745366
1745375
1746721
1746797
1746995
1747027
1747148
1747205
1747277
1747341
1747345
1747881
1748728
1748738
1748894
1748915
1748921
1748993
1749016
1749034
1749041
1749042
1749082
1749100
1749136
1749150
1749248
1749249
1749252
1749253
1749254
1749255
1749259
1749355
1749385
1749395
1749398
1749404
1749474
1749476
1749477
1749483
1749484
1749486
1749487
1749489
1749491
1749493
1749499
1749500
1749501
1749504
1749804
1750317
1750455
1751379
1751431
1751495
1751618
1751635
1751645
1751647
1751649
1751673
1751684
1751686
1751811
1751814
1751820
1751824
1751829
1751830
1751831
1752839
1753437
1754321
1755720
1755724
1756384
1756983
1757004
1757021
1757024
1757033
1757066
1757068
1757071
1757075
1757112
1757119
1757126
1757129
1757133
1757135
1757138
1757144
1757169
1757181
1757188
1757189
1757196
1757198
1757201
1757207
1757208
1757216
1757218
1757222
1757225
1757227
1757233
1757240
1757252
1757254
1757256
1757262
1757263
1757269
1757301
1757318
1757320
1757332
1757393
1757396
1757405
1757408
1757409
1757468
1757470
1757529
1757538
1757550
1757552
1757553
1757554
1757559
1757560
1757565
1757570
1757575
1757593
1757620
1757622
1757627
1757628
1757634
1757642
1757645
1757647
1757652
1757653
1757666
1757705
1757706
1757722
1757725
1757730
1757731
1757735
1757740
1757793
1757802
1757819
1757824
1757837
1757928
1757938
1757958
1757959
1757963
1758031
1758060
1758061
1758063
1758065
1758071
1758075
1758083
1758090
1758093
1758095
1758109
1758110
1758111
1758112
1758117
1758120
1758130
1758132
1758138
1758144
1758147
1758148
1758150
1758188
1758191
1758193
1758196
1758197
1758198
1758206
1758209
1758212
1758214
1758215
1758237
1758239
1758240
1758243
1758244
1758246
1758248
1758249
1758281
1758284
1758290
1758300
1758307
1758330
1758396
1758455
1758545
1758567
1758571
1758575
1758580
1758581
1758582
1758601
1758603
1758607
1758656
1758660
1758678
1758680
1758689
1758754
1758799
1758951
1758967
1758969
1759029
1759031
1759064
1759065
1759110
1759118
1759139
1759147
1759148
1759149
1759152
1759164
1759239
1759251
1759256
1759261
1759273
1759427
1759428
1759430
1759434
1759436
1759437
1759449
1759455
1759485
1759515
1759527
1759561
1759590
1759597
1759670
1759673
1759675
1759682
1759689
1759703
1759709
1759721
1759727
1759729
1759736
1759752
1759774
1759868
1759875
1760011
1760012
1760015
1760016
1760029
1760030
1760047
1760092
1760101
1760103
1760326
1760328
1760358
1760379
1760381
1760387
1760420
1760430
1760431
1760432
1760454
1760462
1760463
1760464
1760467
1760522
1760541
1760555
1760564
1760567
1760572
1760575
1760580
1760585
1760588
1760658
1760669
1760674
1760679
1760680
1760685
1760704
1760711
1760737
1760739
1760742
1760796
1760799
1760801
1760803
1760812
1760813
1760815
1760817
1760818
1760819
1760832
1760834
1760835
1760836
1760890
1760964
1761013
1761024
1761047
1761304
1761348
1761375
1761551
1761558
1761559
1761560
1761562
1761633
1761639
1761648
1761679
1761792
1761926
1761966
1761969
1761972
1761974
1761976
1761983
1761985
1761986
1761988
1761990
1761991
1762001
1762002
1762003
1762004
1762005
1762010
1762011
1762012
1762013
1762014
1762263
1762274
1762277
1762280
1762543
1762545
1762554
1762556
1762557
1762558
1762559
1762619
1762624
1762631
1762633
1762634
1762635
1762636
1762638
1762642
1762969
1762970
1762992
1763085
1763232
1763233
1763234
1763235
1763236
1763238
1763319
1763320
1763321
1763324
1763325
1763326
1763327
1763375
1763413
1763415
1763430
1763439
1763449
1763904
1763909
1763915
1763926
1763932
1763935
1763936
1763978
1763982
1763984
1763988
1763990
1763991
1763996
1763998
1763999
1764001
1764002
1764040
1764048
1764049
1764054
1764060
1764062
1764066
1764067
1764068
1764069
1764080
1764084
1764087
1764088
1764103
1764112
1764114
1764115
1764116
1764122
1764124
1764125
1764129
1764130
1764145
1764164
1764180
1764182
1764184
1764189
1764204
1764210
1764211
1764225
1764229
1764230
1764249
1764255
1764257
1764271
1764277
1764290
1764292
1764294
1764320
1764325
1764340
1764343
1764345
1764347
1764351
1764352
1764357
1764358
1764359
1764363
1764364
1765017
1765048
1765343
1765454
1765792
1765794
1765809
1765810
1765829
1765845
1765867
1765868
1765869
1765927
1766302
1766835
1766945
1766958
1767009
1768227
1768725
1768727
1768731
1768760
1768793
1768795
1768915
1768932
1768942
1769112
1769113
1769126
1769231
1769233
1769251
1769254
1769264
1769267
1769273
1769284
1769295
1769318
1769324
1769342
1769384
1769409
1769411
1769413
1769415
1769422
1769511
1769534
1769535
1769539
1769541
1769543
1769544
1769546
1769565
1769569
1769575
1769733
1769768
1769846
1770061
1770066
1770092
1770095
1770100
1770103
1770126
1770130
1770199
1770264
1770265
1770269
1770287
1770288
1770290
1770294
1770295
1770296
1770297
1770298
1770299
1770331
1770332
1770334
1770336
1770344
1770532
1770583
1770609
1770824
1770826
1770863
1770955
1771133
1771142
1771150
1771152
1771153
1771154
1771181
1771473
1771494
1771609
1771610
1771650
1771696
1771960
1772086
1772160
1772161
1772206
1772214
1772311
1772317
1772322
1772539
1772576
1772578
1772607
1772609
1772615
1772757
1772758
1772769
1772800
1772817
1772872
1772989
1773024
1773416
1773589
1773590
1773593
1773594
1773595
1773596
1773597
1773598
1773599
1773600
1773601
1773602
1773603
1773604
1773607
1773610
1773614
1773617
1773626
1773627
1773628
1773630
1773634
1773635
1773636
1773637
1773641
1773644
1773645
1773651
1773662
1773667
1773668
1773671
1773675
1773677
1773684
1773689
1773692
1773704
1773711
1773715
1773716
1773718
1773720
1773724
1773725
1773730
1773751
1773752
1773753
1773754
1773756
1773757
1773758
1773759
1773760
1773761
1773774
1773775
1773778
1773780
1773781
1773782
1773783
1773784
1773788
1773790
1773837
1773839
1773841
1773842
1773847
1773850
1773863
1773865
1773868
1773870
1773871
1773876
1773877
1773878
1773879
1773883
1773884
1773888
1773889
1773891
1773892
1773894
1773895
1773896
1773898
1773901
1773902
1773903
1773906
1773935
1773938
1773939
1773943
1773951
1773953
1774007
1774014
1774045
1774046
1774093
1774115
1774149
1774150
1774158
1774190
1774237
1774311
1774340
1774341
1774502
1774556
1774558
1774559
1774561
1774562
1774563
1774569
1774684
1774687
1774725
1774731
1774744
1774756
1774897
1775152
1775242
1775283
1775322
1775364
1775368
1775428
1775476
1775636
1775645
1775647
1775648
1775668
1775736
1775739
1775740
1775741
1775745
1775754
1775755
1775772
1775773
1775780
1775847
1775926
1775960
1775994
1776009
1776020
1776036
1776077
1776081
1776110
1776111
1776112
1776115
1776223
1776226
1776228
1776234
1776239
1776264
1776352
1776396
1776430
1776431
1776439
1776440
1776461
1776470
1776500
1776503
1776515
1776528
1776541
1776545
1776552
1776576
1776619
1776642
1776844
1776848
1776849
1776850
1776851
1776852
1776853
1776854
1776857
1776867
1776868
1776869
1776870
1776871
1776872
1776876
1776885
1776933
1776934
1776957
1776975
1776977
1776987
1776992
1777009
1777017
1777019
1777021
1777027
1777032
1777033
1777034
1777035
1777036
1777056
1777067
1777068
1777094
1777097
1777215
1777218
1777308
1777311
1777320
1777323
1777434
1777459
1777469
1777472
1777487
1777494
1777532
1777576
1777625
1777632
1777639
1777640
1777642
1777645
1778129
1778130
1778131
1778282
1778283
1778485
1778541
1778748
1778750
1778751
1778756
1779558
1779870
1780206
1780247
1780265
1780272
1780287
1780288
1780386
1780476
1780478
1780481
1780483
1780484
1780505
1780561
1780650
1780663
1780768
1780785
1780796
1780938
1780945
1781052
1781056
1781060
1781071
1781163
1781190
1781193
1781245
1781265
1781556
1781558
1781583
1781586
1781591
1782077
1782147
1782155
1782301
1782311
1782354
1782486
1782659
1782778
1782804
1782817
1782890
1782954
1783110
1783125
1783160
1783313
1784375
1785088
1785121
1785123
1785161
1785199
1785365
1786271
1786591
1786610
1786618
1786632
1786633
1786650
1786651
1786684
1786709
1786714
1786721
1786723
1786730
1786743
1786745
1786752
1786999
1787003
1787007
1787008
1787217
1787295
1787420
1787468
1787518
1787626
1787634
1787766
1788257
1788452
1788579
1788580
1788582
1788593
1788667
1788806
1788810
1788868
1788997
1789004
1789005
1789136
1789140
1789141
1789232
1789262
1789264
1789478
1789490
1789500
1790235
1790239
1790248
1790261
1790266
1790268
1790269
1790294
1790302
1790316
1790326
1790330
1790331
1790332
1790387
1790406
1790408
1790505
1790593
1791250
1791251
1791593
1791746
1791818
1791909
1791916
1791928
1791931
1791932
1792022
1792042
1792052
1792056
1792057
1792100
1792113
1792115
1792142
1792144
1792457
1792478
1792611
1792614
1792616
1792619
1792623
1792633
1792634
1792635
1792668
1792669
1792763
1792797
1792853
1792916
1792917
1793353
1793358
1793368
1793373
1793375
1793509
1793511
1793734
1793760
1793824
1793854
1793864
1793867
1793879
1793885
1793886
1793895
1793930
1794786
1794852
1794870
1794875
1794881
1795008
1795010
1795326
1795376
1795378
1795736
1795757
1795762
1795779
1796517
1796618
1796619
1796620
1796621
1796622
1796623
1796625
1796626
1796627
1796628
1796629
1796631
1796632
1796635
1796637
1796703
1796709
1796716
1796717
1796721
1796724
1796725
1796727
1796731
1796734
1796735
1796741
1796742
1796743
1796744
1796745
1796805
1796824
1796828
1796831
1796832
1796834
1796839
1796845
1796876
1796880
1796882
1796883
1796885
1796892
1796899
1796903
1796904
1796907
1796912
1796914
1797096
1797524
1798511
1798646
1798913
1799112
1799279
1799282
1799346
1799461
1799539
1799540
1799634
1799666
1799806
1799828
1799830
1799883
1799988
1799991
1800024
1800041
1800042
1800043
1800045
1800866
1800867
1800872
1800882
1800883
1800884
1800887
1800889
1800894
1803050
1803053
1803054
1803078
1803080
1803081
1803091
1803133
1803329
1803360
1803419
1803423
1803633
1803634
1803638
1803740
1803767
1803815
1803859
1803899
1803900
1803918
1804378
1804456
1804457
1804458
1804460
1804498
1804512
1804513
1804567
1804902
1804903
1804984
1804986
1805108
1805131
1805153
1805249
1805375
1805503
1805505
1805506
1805528
1805609
1805625
1805649
1805669
1805671
1805695
1805836
1805844
1805845
1805847
1805848
1805850
1805883
1805884
1805885
1805903
1805959
1805965
1806288
1806293
1806390
1806395
1806417
1806419
1806420
1806424
1806436
1806441
1806496
1806501
1806517
1806529
1806536
1806538
1806539
1806541
1806542
1806543
1806546
1806547
1806548
1806550
1806551
1806552
1806554
1806555
1806557
1806562
1806564
1806579
1806585
1806894
1806899
1806901
1806903
1806906
1806994
1806998
1807842
1807901
1807911
1807919
1808038
1808058
1808113
1808150
1808152
1808178
1808181
1808341
1808344
1808349
1808355
1808366
1808367
1808405
1808427
1808534
1808650
1808671
1808674
1808688
1808839
1808844
1808845
1808852
1808875
1809103
1809192
1809259
1809270
1809271
1809272
1809275
1809287
1809301
1809302
1809303
1809304
1809306
1809314
1809316
1809338
1809344
1809346
1809347
1809349
1809354
1809378
1809379
1809381
1809382
1809395
1809402
1809405
1809413
1809431
1809436
1809441
1809630
1810032
1810052
1810163
1810186
1810221
1810228
1810260
1810373
1810573
1810574
1810813
1810815
1810816
1810823
1810824
1810826
1810827
1810831
1810838
1810839
1810844
1810845
1810847
1810861
1810862
1810864
1810869
1810873
1810875
1810902
1810905
1810907
1810908
1810909
1810910
1810913
1810914
1810915
1810921
1810931
1810933
1810938
1810939
1810941
1811028
1811032
1811042
1811053
1811086
1811106
1811108
1811109
1811156
1811157
1811158
1811159
1811230
1811251
1811253
1811269
1811281
1811330
1811331
1811340
1811393
1811399
1811448
1811450
1811451
1811461
1811465
1811855
1811856
1811915
1811932
1811943
1811995
1812084
1812095
1812097
1812100
1812103
1812631
1812691
1812865
1813193
1813198
1813200
1813224
1813228
1813277
1813390
1813398
1813409
1813414
1813419
1813427
1813460
1813463
1813464
1813545
1813546
1813610
1813677
1813781
1813791
1813899
1813936
1813943
1813944
1813988
1814113
1814148
1814162
1814200
1814229
1814239
1814242
1814258
1814262
1814424
1814462
1814465
1814468
1814470
1814472
1814493
1814523
1814553
1814558
1814560
1814561
1814563
1814569
1814571
1814577
1814578
1814579
1814580
1814581
1814583
1814590
1814600
1814612
1814625
1814648
1815269
1816054
1816110
1816137
1816179
1816221
1816245
1816261
1816268
1816270
1816272
1816275
1816277
1816433
1816449
1816465
1816468
1816476
1816483
1816488
1816508
1816554
1816565
1816606
1816611
1816613
1816617
1816637
1816640
1816644
1816736
1817352
1817368
1817573
1817574
1817575
1817705
1817878
1818694
1819093
1819132
1819317
1819478
1819481
1819976
1820185
1820210
1820230
1820232
1820250
1820257
1820300
1820305
1820308
1820314
1820445
1820470
1820504
1820516
1820521
1820546
1820555
1820556
1820606
1820660
1820840
1820864
1820935
1820971
1820974
1820987
1820992
1821003
1821026
1821029
1821030
1821035
1821037
1821041
1821044
1821076
1821106
1821154
1821159
1821163
1821176
1822865
1822867
1822884
1823052
1823059
1823065
1823193
1823614
1823648
1823677
1823678
1823679
1823717
1823722
1824118
1824868
1824997
1825020
1825026
1825045
1825100
1825138
1825168
1825184
1825197
1825258
1825268
1825286
1825289
1825294
1825306
1825318
1825384
1825386
1825387
1825394
1825399
1825412
1825415
1825592
1825595
1825598
1825603
1825612
1825638
1825641
1825650
1825677
1825691
1825726
1825766
1825778
1825795
1825797
1825798
1825810
1825840
1825980
1826430
1826443
1826700
1826932
1826941
1827034
1827389
1827390
1827485
1827725
1827759
1827896
1828112
1828113
1828309
1828312
1828313
1828459
1828460
1828461
1828473
1828520
1828529
1828534
1828731
1828794
1828807
1828814
1828819
1828821
1828822
1829064
1829277
1829353
1829392
1829401
1829402
1829408
1829409
1829410
1829504
1829508
1829509
1829510
1829612
1829621
1830206
1830212
1830222
1830223
1830571
1830745
1830887
1830899
1831015
1831299
1832468
1832471
1832747
1832756
1832761
1833357
1833377
1833428
1833430
1833446
1833456
1833458
1833498
1833530
1833543
1833561
1833634
1833637
1833645
1833667
1833684
1833709
1833713
1833728
1833785
1833786
1833787
1833790
1833792
1833793
1833805
1833806
1833817
1833830
1833843
1833845
1833893
1833904
1833924
1833928
1833940
1833957
1833959
1834060
1834063
1834094
1834096
1834141
1834173
1834180
1834192
1834521
1834540
1834553
1834555
1834823
1834836
1834838
1834843
1834844
1835021
1835023
1835025
1835028
1835029
1835031
1835058
1835302
1835678
1835763
1835770
1835778
1835779
1836795
1836989
1837011
1837051
1837096
1837112
1837162
1837220
1837306
1837321
1837344
1837345
1837348
1837352
1837455
1837672
1837673
1837931
1837932
1837968
1838172
1838194
1838205
1838253
1838260
1838261
1838278
1838285
1838444
1838457
1838906
1839137
1839138
1839150
1839250
1839463
1839643
1839654
1839655
1839657
1839659
1839661
1839671
1839681
1839684
1839692
1839693
1839698
1839700
1839713
1839716
1840310
1840984
1840999
1841001
1841088
1841518
1841524
1841528
1841561
1841577
1841578
1841581
1841584
1841588
1841589
1841592
1841597
1841603
1841609
1841613
1841641
1841664
1841665
1841690
1841716
1841719
1841720
1841730
1841746
1841750
1841752
1841757
1841761
1841773
1841774
1841775
1841782
1841911
1841937
1841941
1841947
1842465
1842474
1842693
1842891
1842940
1842941
1843091
1843099
1843102
1843127
1843258
1843573
1843589
1843593
1843717
1843769
1843804
1843807
1843812
1843822
1843974
1844075
1844076
1844122
1844125
1844128
1844131
1844134
1844138
1844139
1844140
1844143
1844146
1844147
1844152
1844154
1844200
1844254
1844255
1844263
1844274
1844276
1844277
1844284
1844325
1844350
1844362
1844365
1844599
1844736
1844778
1844784
1844789
1845111
1845112
1845114
1845115
1845117
1845118
1845119
1845120
1845203
1845205
1845331
1845390
1845797
1845828
1845834
1845835
1845838
1845841
1845862
1845876
1845923
1845957
1845978
1845980
1845983
1846100
1846172
1846179
1846181
1846182
1846867
1847334
1847354
1847559
1847590
1847605
1847848
1848183
1848241
1848299
1848336
1848361
1848490
1848491
1848492
1848495
1848496
1848515
1848516
1848536
1848537
1848540
1848541
1848626
1848824
1848837
1848958
1848999
1849140
1849327
1849341
1849347
1849561
1849576
1849749
1849774
1849896
1849902
1850448
1850449
1850467
1851238
1851337
1851342
1851346
1851348
1851371
1851376
1851377
1851378
1851379
1851437
1851438
1851441
1851464
1851467
1851640
1851644
1851666
1851689
1851725
1851829
1851855
1851909
1851925
1851962
1852037
1852040
1852049
1852751
1852752
1852770
1852771
1852791
1852793
1852808
1852810
1852826
1852828
1852843
1852846
1852858
1852881
1852883
1853937
1853940
1853997
1854008
1854019
1854073
1854085
1854124
1854189
1854197
1854297
1854432
1854433
1854439
1854440
1854476
1854491
1854492
1854510
1854550
1854552
1854561
1854564
1854565
1854566
1854573
1854580
1854582
1854646
1854647
1854742
1854769
1854792
1854822
1854841
1854866
1854899
1854917
1854922
1855015
1855019
1855026
1855027
1855028
1855029
1855030
1855032
1855033
1855036
1855038
1855077
1855114
1855127
1855140
1855146
1855156
1855157
1855161
1855166
1855371
1855378
1855394
1855411
1855415
1855429
1855432
1855741
1855742
1855743
1855753
1855760
1855853
1855861
1855863
1855962
1855994
1856009
1856011
1856017
1856026
1856036
1856361
1856362
1856367
1856676
1856856
1857041
1857291
1857307
1857553
1857559
1857561
1857598
1857622
1857743
1857753
1857755
1857801
1857809
1857810
1857837
1857848
1857851
1857854
1857859
1857873
1858727
1858732
1858735
1858853
1858885
1858940
1859078
1859412
1859422
1859423
1859424
1859426
1859433
1859443
1859444
1859445
1859446
1859449
1859516
1859518
1859528
1859534
1859563
1859570
1859574
1859575
1859577
1859587
1859590
1859597
1859645
1859666
1859667
1859668
1859677
1859681
1859684
1859685
1859688
1859692
1859697
1859698
1859700
1859706
1859708
1859709
1859713
1859727
1859771
1859775
1859776
1859787
1859792
1859801
1859813
1859815
1859824
1859825
1859826
1859827
1859828
1859829
1859831
1859832
1859838
1859849
1859853
1859864
1859893
1859992
1860046
1860057
1860146
1860172
1860177
1860197
1860270
1860300
1860305
1860314
1860318
1860319
1860369
1860388
1860418
1860450
1860483
1860491
1860492
1860493
1860514
1860542
1860576
1860579
1860583
1860601
1860647
1860648
1860658
1860659
1860660
1860667
1860670
1860671
1860675
1860678
1860800
1860818
1861344
1861662
1861945
1861947
1862927
1862935
1862937
1862939
1862941
1862964
1862965
1862981
1863032
1863212
1863238
1863239
1863247
1863248
1863252
1863308
1863356
1863358
1863730
1863731
1863732
1863742
1863743
1863747
1863758
1863759
1863761
1864086
1864104
1864105
1864110
1864112
1864520
1865053
1865057
1865139
1865150
1865160
1865499
1865501
1865507
1866061
1866066
1866069
1866161
1866234
1866368
1866375
1866390
1866442
1866514
1866517
1866560
1866563
1866569
1866570
1866572
1866776
1867147
1867159
1867160
1867161
1867422
1867880
1867893
1868061
1868062
1868063
1868064
1868081
1868116
1868393
1868399
1868406
1868423
1868425
1868436
1868442
1868448
1868449
1868450
1868462
1868465
1868470
1868471
1868472
1868473
1868518
1868521
1868523
1868525
1868528
1868531
1868671
1868684
1868961
1868966
1868967
1868968
1869006
1869012
1869044
1869367
1869623
1869744
1869745
1870091
1870176
1870207
1870212
1870213
1870220
1870236
1870238
1870445
1870472
1870473
1870474
1870485
1870503
1870512
1870640
1870645
1870708
1870709
1870710
1870714
1870781
1870796
1870803
1870835
1870973
1871103
1871104
1871105
1871106
1871107
1871111
1871113
1871117
1871196
1871207
1871208
1871212
1871213
1871214
1871217
1871224
1871509
1871700
1871898
1871928
1871929
1871939
1872138
1872156
1872254
1872272
1872338
1872371
1872669
1872680
1872809
1873066
1873229
1873691
1873952
1874043
1874185
1874193
1874250
1874359
1874371
1874373
1874374
1874512
1874519
1874523
1874529
1874647
1874649
1874650
1874659
1874687
1874880
1874966
1874972
1875009
1875012
1875033
1875125
1875129
1875161
1875168
1875170
1875171
1875176
1875178
1875209
1875244
1875252
1875253
1875274
1875290
1875295
1875297
1875315
1875318
1875347
1875359
1875362
1875366
1875390
1875407
1875415
1875541
1875613
1875658
1876240
1876241
1876244
1876245
1876246
1876247
1876573
1876623
1876638
1876652
1876739
1876743
1876795
1876799
1876801
1876824
1876825
1876858
1876879
1877036
1877229
1877718
1877871
1877872
1877873
1878059
1878146
1878149
1878281
1878307
1879126
1879351
1879463
1879478
1879555
1879569
1879666
1879677
1879678
1879679
1879681
1879698
1879782
1879784
1880624
1880638
1880640
1880836
1881229
1881472
1881512
1881765
1881808
1881815
1881821
1881825
1881831
1881832
1881836
1881839
1881900
1881953
1881958
1881969
1881970
1881988
1881992
1881994
1881995
1882015
1882022
1882023
1882024
1882027
1882042
1882043
1882044
1882072
1882077
1882078
1882081
1882086
1882087
1882090
1882316
1882324
1882325
1883127
1883191
1883365
1883417
1883438
1883439
1883607
1884104
1884584
1884589
1884591
1884594
1884595
1884603
1884606
1884612
1884619
1884620
1884623
1884628
1884799
1884804
1884812
1884915
1884925
1885683
1885712
1885757
1885968
1886042
1886045
1886109
1886266
1886273
1886274
1886351
1886353
1886357
1886369
1886434
1886462
1886509
1886557
1886572
1886575
1886580
1886660
1886701
1886702
1886703
1886706
1886707
1886710
1886711
1886712
1887629
1887630
1888365
1888366
1888367
1888368
1888378
1888388
1888390
1888391
1888392
1888394
1888397
1888398
1888399
1888400
1888401
1888403
1888404
1888406
1888409
1888410
1888412
1888413
1888414
1888415
1888416
1888419
1888421
1888423
1888426
1888429
1888433
1888437
1888439
1888443
1888444
1888447
1888450
1888453
1888454
1888456
1888457
1888460
1888462
1888479
1888480
1888481
1888482
1888486
1888488
1888489
1888490
1888491
1888494
1888498
1888499
1888501
1888507
1888508
1888509
1888510
1888514
1888515
1888516
1888517
1888518
1888519
1888520
1888521
1888541
1888543
1888545
1888546
1888547
1888548
1888549
1888553
1888554
1888558
1888559
1888560
1888566
1888567
1888569
1888571
1888572
1888573
1888574
1888576
1888577
1888578
1888579
1888580
1888581
1888582
1888583
1888584
1888586
1888589
1888590
1888591
1888593
1888594
1888595
1888596
1888599
1888600
1888601
1888602
1888607
1888608
1888610
1888611
1888613
1888634
1888635
1888638
1888640
1888642
1888645
1888646
1888649
1888652
1888656
1888658
1888659
1888661
1888664
1888666
1888668
1888711
1888712
1888713
1888716
1888720
1888725
1888726
1888727
1888731
1888733
1888734
1888736
1888741
1888742
1888743
1888744
1888746
1888747
1888753
1888754
1888755
1888757
1888765
1888767
1888770
1888772
1888778
1888779
1888780
1888781
1888782
1888783
1888784
1888785
1888786
1888787
1888788
1888794
1888798
1888803
1888807
1888809
1888810
1888812
1888814
1888815
1888817
1888819
1888820
1888822
1888824
1888825
1888827
1888828
1888829
1888830
1888831
1888858
1888873
1888880
1888890
1888891
1888893
1888894
1888899
1888901
1888905
1888907
1888909
1888914
1888915
1888919
1888923
1888924
1888928
1888929
1888932
1888934
1888936
1888938
1888939
1888941
1888943
1888945
1888949
1888951
1888952
1888955
1888956
1888962
1888964
1888969
1888972
1888977
1888979
1888985
1888989
1888992
1888993
1888995
1888996
1888998
1889000
1889009
1889011
1889015
1889018
1889020
1889028
1889034
1889037
1889038
1889042
1889044
1889046
1889047
1889052
1889053
1889054
1889058
1889060
1889062
1889063
1889064
1889066
1889067
1889068
1889069
1889143
1889144
1889160
1889163
1889164
1889167
1889171
1889174
1889176
1889177
1889180
1889181
1889204
1889209
1889217
1889218
1889221
1889234
1889242
1889243
1889244
1889245
1889246
1889247
1889252
1889256
1889257
1889258
1889260
1889262
1889263
1889264
1889287
1889290
1889291
1889292
1889293
1889296
1889300
1889301
1889302
1889309
1889312
1889316
1889319
1889320
1889321
1889322
1889323
1889328
1889330
1889333
1889334
1889336
1889340
1889342
1889345
1889346
1889351
1889353
1889354
1889355
1889361
1889364
1889366
1889367
1889372
1889375
1889376
1889387
1889468
1889469
1889470
1889474
1889476
1889479
1889483
1889484
1889490
1889492
1889493
1889500
1889509
1889511
1889513
1889552
1889554
1889561
1889562
1889674
1889682
1889986
1889995
1889997
1889999
1890004
1890006
1890010
1890017
1890018
1890020
1890021
1890022
1890024
1890025
1890027
1890032
1890035
1890036
1890038
1890039
1890041
1890046
1890047
1890053
1890054
1890056
1890059
1890062
1890064
1890066
1890076
1890078
1890079
1890080
1890081
1890082
1890087
1890088
1890089
1890090
1890091
1890092
1890188
1890267
1890269
1890278
1890337
1890352
1890353
1890549
1891075
1891562
1891685
1891689
1891699
1891700
1891707
1891709
1892223
1892228
1892238
1892239
1892240
1892244
1892245
1892246
1892346
1892399
1892426
1892903
1892910
1893581
1893582
1893583
1893637
1893638
1893639
1893642
1893643
1893651
1893656
1893779
1893805
1893909
1893912
1893945
1894171
1894208
1894233
1894250
1894355
1894424
1894493
1894515
1894668
1894760
1894986
1895005
1895329
1895330
1895334
1895336
1895463
1895465
1895466
1895467
1895481
1895482
1895496
1895497
1895499
1895503
1895504
1895510
1895519
1895542
1895543
1895544
1895545
1895546
1895553
1895585
1895586
1895587
1895595
1895596
1895599
1895600
1895602
1895629
1895631
1895635
1895810
1895813
1895830
1895831
1895836
1895842
1895843
1895963
1895983
1895987
1895989
1895991
1895998
1896000
1896003
1896004
1896005
1896024
1896044
1896060
1896121
1896128
1896134
1896165
1896206
1896626
1896631
1896638
1896705
1896714
1896716
1896722
1896723
1896724
1896725
1897385
1897430
1897476
1897527
1897633
1897660
1897675
1897686
1897690
1897692
1897693
1897700
1897720
1897721
1897722
1897785
1897919
1897985
1898057
1898065
1898111
1898141
1898142
1898148
1898154
1898160
1898167
1898178
1898326
1898333
1898340
1898353
1898371
1898372
1898376
1898427
1898447
1898448
1898538
1898727
1898728
1898734
1898738
1898742
1898743
1898752
1898759
1898766
1898778
1898841
1898842
1898846
1898856
1898857
1898861
1898869
1898879
1898880
1898907
1898916
1898921
1898931
1898932
1898944
1898958
1898962
1898988
1898995
1899096
1899111
1899124
1899127
1899128
1899129
1899139
1899173
1899174
1899175
1899176
1899179
1899180
1899268
1899371
1899379
1899409
1899414
1899417
1899431
1899442
1899453
1899462
1899466
1899467
1899482
1899488
1899490
1899493
1899505
1899516
1899525
1899592
1899600
1899867
1899908
1900033
1900149
1900151
1900172
1900187
1900257
1900304
1900350
1900361
1900362
1900363
1900364
1900365
1900422
1900423
1900434
1900435
1900466
1900469
1900472
1900527
1900528
1900536
1900537
1900539
1900540
1900542
1900544
1900547
1900558
1900613
1900803
1900855
1900863
1900865
1900985
1901089
1901100
1901231
1901232
1901234
1901271
1901272
1901288
1901297
1901301
1901329
1901346
1901390
1901397
1901403
1901404
1901405
1901407
1901424
1901425
1901426
1901429
1901430
1901431
1901432
1901691
1901692
1901693
1901795
1901799
1901831
1901875
1901899
1901903
1901907
1901927
1902033
1902094
1902131
1902189
1902837
1902874
1902884
1902888
1902889
1902892
1902928
1902931
1902932
1903003
1903013
1903014
1903015
1903040
1903052
1903053
1903054
1903056
1903058
1903063
1903065
1903117
1903131
1903132
1903238
1903279
1903319
1903530
1903547
1903549
1903561
1903575
1903576
1903577
1903581
1903593
1903594
1903767
1903931
1904059
1904083
1904097
1904100
1904142
1904157
1904160
1904219
1904344
1904346
1904347
1904349
1904350
1904352
1904354
1904359
1904365
1904373
1904378
1904380
1904383
1904385
1904388
1904400
1904405
1904406
1904455
1904469
1904479
1904489
1904567
1904828
1904837
1904838
1904839
1904846
1904850
1904851
1904853
1905307
1905563
1905568
1905570
1906041
1906043
1906047
1906048
1906063
1906064
1906066
1906067
1906224
1906313
1906314
1906316
1906317
1906318
1906319
1906320
1906322
1906328
1906329
1906330
1906332
1906582
1906973
1906975
1906980
1906981
1906986
1906999
1907000
1907010
1907019
1907054
1907076
1907088
1907103
1907107
1907136
1907166
1907167
1907170
1907171
1907184
1907189
1907191
1907207
1907211
1907214
1907216
1907229
1907261
1907334
1908009
1908038
1908085
1908105
1908136
1908236
1908237
1908242
1908284
1908285
1908286
1908302
1908305
1908310
1908311
1908794
1908795
1908814
1908828
1908834
1908845
1908856
1908860
1908865
1908880
1908900
1908919
1908923
1908926
1908932
1908944
1908946
1909115
1909448
1909455
1909457
1909458
1909465
1909466
1909670
1910067
1910112
1910144
1910159
1910160
1910161
1910308
1910349
1910370
1910429
1910581
1910607
1910610
1910611
1910647
1910653
1910662
1910784
1910790
1910806
1910807
1910823
1910852
1910872
1911028
1911062
1911171
1911419
1911528
1911605
1911614
1911619
1911711
1912012
1912052
1913028
1913037
1913044
1913665
1913692
1913704
1913716
1913754
1913814
1913947
1913974
1913979
1914080
1914087
1914092
1914128
1914132
1914141
1914158
1914168
1914173
1914253
1914285
1914390
1914397
1914399
1914406
1914450
1914476
1914489
1914509
1914522
1914863
1914880
1914908
1914932
1914937
1914949
1914959
1914970
1915352
1915379
1916965
1916968
1916971
1916973
1916977
1917035
1917036
1918429
1918522
1918525
1918569
1918578
1918580
1918581
1918582
1918681
1918688
1918695
1918704
1918713
1918783
1918870
1918871
1918876
1918889
1918892
1918936
1918937
1918943
1918955
1919086
1919087
1919107
1919109
1919115
1919130
1919139
1919145
1919148
1919155
1919157
1919386
1919442
1919443
1919444
1919513
1919517
1919520
1919529
1919565
1919566
1919588
1919895
1919898
1919901
1919906
1919907
1919909
1920010
1920016
1920019
1920127
1920138
1920140
1920141
1920148
1920215
1920220
1920279
1920671
1920731
1921014
1921026
1921028
1921053
1921062
1921065
1921128
1921164
1921224
1921229
1921230
1921271
1921272
1921438
1921445
1921447
1921454
1921457
1921467
1921469
1921470
1921471
1921472
1921473
1921505
1921510
1921511
1921512
1921514
1921526
1921527
1921567
1921573
1921710
1921711
1921715
1921719
1921720
1921805
1921806
1921808
1921812
1921864
1921871
1922030
1922092
1922099
1922109
1922139
1922146
1922256
1922301
1922304
1922338
1922348
1922363
1922370
1922374
1922377
1922389
1922394
1922397
1922400
1922401
1922404
1922413
1922418
1922423
1922424
1922426
1922428
1922432
1922443
1922449
1922452
1922527
1922595
1922602
1922610
1922611
1922617
1922627
1922649
1922653
1922661
1922666
1922667
1922698
1922700
1922706
1922715
1922718
1922724
1922733
1922734
1922754
1922756
1922776
1922793
1922795
1922797
1922835
1922850
1922871
1922875
1922896
1922904
1922936
1922946
1922954
1922972
1922975
1922982
1922988
1923034
1923058
1923081
1923096
1923233
1923239
1923254
1923255
1923261
1923266
1923288
1923290
1923296
1923300
1923356
1923369
1923404
1923405
1923406
1923416
1923442
1923446
1923469
1923508
1923534
1923536
1923639
1923699
1923719
1923725
1923728
1923745
1923753
1923804
1923817
1923875
1923876
1923880
1923909
1923919
1923928
1923942
1923946
1923955
1923957
1923969
1923973
1923980
1923998
1924019
1924022
1924031
1924040
1924050
1924051
1924054
1924060
1924345
1924383
1924390
1924399
1924401
1924403
1924404
1924407
1924408
1924409
1924413
1924414
1924449
1924451
1924454
1924455
1924456
1924459
1924460
1924461
1924479
1924568
1924575
1924594
1924600
1924611
1924661
1924662
1924671
1924693
1924694
1924696
1924697
1924703
1924704
1924949
1925342
1925498
1925503
1925910
1925916
1925920
1925921
1925923
1925924
1925927
1925933
1925936
1925937
1925942
1925944
1925963
1925966
1925973
1925976
1925979
1925981
1925983
1925992
1925995
1925998
1926005
1926013
1926014
1926015
1926016
1926017
1926018
1926022
1926023
1926024
1926025
1926026
1926027
1926028
1926029
1926056
1926067
1926070
1926129
1926137
1926139
1926141
1926143
1926152
1926203
1926226
1926232
1926243
1926272
1926288
1926290
1926300
1926336
1926371
1926379
1926382
1926385
1926394
1926411
1926493
1926502
1926506
1926516
1926568
1926572
1926574
1926646
1926647
1926649
1926661
1926672
1926694
1926703
1927028
1927043
1927044
1927066
1927067
1927068
1927074
1927080
1927087
1927116
1927133
1927195
1927200
1927204
1927209
1927211
1927215
1927228
1927232
1927233
1927246
1927267
1927391
1927440
1927444
1927445
1927451
1927453
1927454
1927455
1927456
1927458
1927640
1927696
1927763
1927778
1927838
1927840
1927843
1927845
1927846
1927849
1927900
1927901
1927904
1927905
1927906
1927907
1927909
1927942
1927947
1927948
1927956
1927961
1927967
1927973
1928000
1928016
1928017
1928024
1928030
1928031
1928032
1928046
1928052
1928053
1928088
1928100
1928122
1928137
1928144
1928145
1928157
1928167
1928172
1928173
1928181
1928183
1928190
1928194
1928195
1928199
1928201
1928204
1928206
1928209
1928210
1928222
1928226
1928234
1928241
1928242
1928257
1928262
1928263
1928285
1928344
1928423
1928424
1928429
1928430
1928431
1928432
1928433
1928434
1928439
1928440
1928441
1928442
1928445
1928446
1928454
1928455
1928456
1928457
1928463
1928464
1928466
1928471
1928472
1928476
1928479
1928480
1928486
1928487
1928520
1928523
1928524
1928527
1928528
1928531
1928532
1928533
1928534
1928552
1928564
1928943
1929087
1929090
1929094
1929100
1929101
1929114
1929125
1929126
1929127
1929128
1929131
1929132
1929136
1929138
1929139
1929140
1929375
1929384
1929410
1929421
1929425
1929426
1929427
1929429
1929431
1929444
1929452
1929455
1929456
1929463
1929467
1929470
1929473
1929479
1929482
1929488
1929493
1929504
1929544
1929545
1929547
1929549
1929550
1929551
1929556
1929568
1929569
1929576
1929577
1929613
1929627
1929720
1929722
1929728
1929770
1929787
1929790
1929836
1929842
1929845
1929849
1929850
1929851
1929857
1929860
1929861
1929865
1929870
1929871
1929872
1929873
1929874
1929876
1929879
1929880
1929881
1929882
1929883
1929888
1929890
1929902
1929907
1929908
1929909
1929911
1929923
1929937
1929940
1929941
1929942
1929945
1929946
1929947
1929948
1929949
1929950
1929951
1929983
1929986
1929987
1929991
1929993
1929997
1929998
1930539
1930541
1930542
1930547
1930548
1930549
1930574
1930576
1930582
1930584
1930585
1930591
1930592
1930595
1930596
1930603
1930605
1930606
1930607
1930610
1930619
1930620
1930621
1930623
1930625
1930640
1930645
1930648
1930649
1930652
1930654
1930655
1930675
1930677
1930680
1930681
1930689
1930693
1930694
1930695
1930697
1930699
1930700
1930750
1930755
1930767
1930780
1930793
1930795
1930808
1930825
1930827
1930829
1930860
1930880
1930883
1930922
1930932
1930934
1930939
1930964
1930968
1930974
1930977
1930979
1930986
1930991
1930993
1930994
1930998
1931001
1931007
1931009
1931011
1931015
1931018
1931029
1931036
1931051
1931064
1931066
1931116
1931186
1931187
1931195
1931200
1931202
1931208
1931214
1931216
1931221
1931230
1931232
1931238
1931239
1931240
1931247
1931250
1931255
1931256
1931260
1931261
1931262
1931266
1931269
1931275
1931286
1931302
1931305
1931310
1931312
1931314
1931319
1931321
1931406
1931474
1931476
1931478
1931483
1931485
1931486
1931572
1931575
1931581
1931582
1931585
1931587
1931591
1931592
1931596
1931598
1931599
1931613
1931645
1931654
1931659
1931665
1931674
1931679
1931702
1931743
1931749
1931767
1931782
1931833
1931835
1931843
1931853
1931864
1931865
1931894
1931903
1931910
1931911
1931916
1931923
1931926
1931938
1931948
1931952
1931959
1931962
1931966
1931969
1932033
1932035
1932037
1932038
1932039
1932045
1932195
1932200
1932201
1932205
1932213
1932264
1932279
1932285
1932291
1932973
1933270
1933779
1933792
1934566
1934587
1934588
1934589
1934590
1934635
1934636
1934637
1934639
1934641
1934642
1934643
1934648
1934653
1934654
1934659
1934661
1934663
1934671
1934672
1934674
1934676
1934678
1934679
1934681
1934686
1934690
1934692
1934693
1934695
1934699
1934700
1934701
1934705
1934706
1934734
1934736
1934738
1934742
1934753
1934754
1934755
1934756
1934766
1934768
1934773
1934781
1934785
1934786
1934787
1934815
1934818
1934821
1934822
1934823
1934825
1934852
1934856
1934858
1934859
1934861
1934862
1934863
1934866
1934871
1934874
1934876
1934879
1934880
1934883
1934886
1934889
1934898
1934899
1934904
1934908
1934909
1934912
1934913
1934914
1934916
1934926
1934928
1934933
1934934
1934936
1934938
1934940
1934945
1934961
1934962
1934963
1934964
1934966
1934967
1934970
1934985
1934988
1934989
1934991
1934992
1934996
1934997
1935008
1935010
1935015
1935016
1935017
1935020
1935022
1935023
1935030
1935034
1935035
1935036
1935037
1935038
1935062
1935063
1935064
1935089
1935090
1935091
1935092
1935106
1935111
1935115
1935117
1935119
1935121
1935129
1935130
1935131
1935132
1935136
1935139
1935140
1935141
1935145
1935146
1935149
1935153
1935155
1935168
1935172
1935178
1935192
1935193
1935194
1935195
1935197
1935202
1935204
1935207
1935208
1935237
1935238
1935243
1935244
1935248
1935253
1935257
1935259
1935260
1935261
1935264
1935269
1935272
1935273
1935277
1935278
1935279
1935280
1935283
1935284
1935288
1935289
1935290
1935291
1935293
1935295
1935296
1935299
1935300
1935302
1935303
1935304
1935305
1935306
1935307
1935310
1935312
1935313
1935317
1935318
1935320
1935321
1935322
1935323
1935339
1935341
1935351
1935616
1935617
1935624
1935625
1935735
1937733
1937734
1937736
1937741
1937750
1937752
1937753
1937761
1937788
1937790
1937791
1937792
1937793
1937794
1937887
1937889
1938285
1938377
1938396
1938400
1938402
1938403
1938404
1938405
1938413
1938417
1938428
1938429
1938495
1938664
1938671
1938680
1938681
1938700
1938719
1938741
1938750
1938776
1938785
1938829
1938834
1938836
1938838
1938839
1938840
1938841
1938842
1938843
1938844
1938846
1938848
1938849
1938851
1938852
1938853
1939094
1939147
1939151
1939153
1939156
1939488
1939755
1939807
1939808
1939893
1939956
1939995
1940015
1940263
1940299
1940308
1940453
1940459
1940475
1941023
1941041
1941046
1941089
1941119
1941125
1941157
1941164
1941167
1941303
1941336
1941391
1941395
1941507
1941557
1941603
1941643
1941646
1941694
1941814
1941815
1941887
1941903
1941906
1941925
1941926
1941954
1941969
1941972
1941985
1941986
1942004
1942012
1942017
1942018
1942076
1942101
1942178
1942179
1942180
1942181
1942312
1943276
1943540
1943611
1943661
1943666
1943671
1943692
1943705
1943748
1943819
1943855
1943875
1943902
1943904
1943911
1943929
1943930
1943958
1943975
1944002
1944015
1944023
1944079
1944091
1944108
1944110
1944241
1944350
1944376
1944913
1945285
1945291
1945314
1945451
1945453
1945458
1945994
1946127
1946140
1946148
1946153
1946196
1946221
1946223
1946242
1946247
1946250
1946253
1946256
1946268
1946269
1946386
1946401
1946464
1946487
1946488
1946492
1946493
1946503
1946600
1946655
1946854
1947397
1947459
1947471
1947481
1947483
1947495
1947506
1947507
1947533
1947568
1947757
1947888
1947959
1948289
1948352
1948353
1948485
1948498
1948507
1948515
1948836
1948844
1948890
1948930
1948946
1949053
1949222
1949223
1949235
1949261
1949264
1949267
1949274
1949320
1949331
1949363
1949365
1949714
1949824
1949828
1949830
1949843
1949847
1949851
1949854
1949865
1949869
1949892
1949901
1949911
1949915
1949916
1949945
1949959
1949968
1950002
1950006
1950066
1950121
1950122
1950125
1950127
1950128
1950129
1950132
1950193
1950198
1950200
1950202
1950288
1950315
1950318
1950320
1950321
1950326
1950331
1950384
1950388
1950390
1950391
1950392
1950403
1950846
1950907
1950915
1950990
1950999
1951078
1951089
1951101
1951102
1951206
1951231
1951244
1951258
1951474
1951475
1951484
1951485
1951489
1951490
1951493
1951496
1951497
1951500
1951515
1951519
1951530
1951535
1951537
1951544
1951549
1951555
1951558
1952032
1952283
1952345
1952500
1953740
1953754
1953902
1953917
1953918
1953923
1953926
1953927
1954009
1954017
1954042
1954076
1954085
1954095
1954117
1954129
1954130
1954184
1954186
1954219
1954225
1954231
1954256
1954273
1954275
1954282
1954285
1954291
1954313
1954347
1954380
1954382
1954386
1954413
1954433
1954438
1954441
1954442
1954443
1954472
1954501
1954503
1954505
1954507
1954508
1954509
1954514
1954561
1954565
1954568
1954591
1954598
1954602
1954603
1954870
1954882
1954887
1955227
1955327
1955330
1955360
1955434
1955529
1955639
1955640
1955646
1955657
1955658
1955666
1955667
1955668
1955669
1955670
1955671
1955672
1955677
1955935
1955939
1955953
1955955
1956085
1956104
1956105
1956124
1956239
1956255
1956347
1956429
1956850
1956855
1956874
1956883
1956886
1956888
1956986
1957058
1957084
1957086
1957088
1958195
1958272
1958416
1958479
1958544
1958557
1958561
1958572
1958574
1958605
1958794
1958811
1958812
1958816
1958865
1958906
1958907
1958972
1958983
1958984
1958985
1958986
1958991
1958995
1959028
1959198
1959270
1959340
1959341
1959670
1959756
1959757
1959778
1959779
1959818
1959819
1959824
1959825
1960078
1960080
1960083
1960085
1960086
1960121
1960157
1960217
1960219
1960224
1960274
1960275
1960298
1960314
1960370
1960373
1960374
1960380
1960418
1961468
1961558
1962481
1962483
1962827
1962912
1963787
1963863
1963930
1963949
1963956
1963961
1963962
1965068
1965112
1965115
1965221
1965223
1965227
1965521
1965740
1966806
1967009
1967198
1967216
1967221
1967368
1967397
1967522
1967529
1967653
1967769
1968047
1968049
1968053
1968076
1968077
1968081
1968580
1969781
1970106
1970317
1970431
1970489
1970507
1971057
1971227
1971228
1971817
1971818
1971824
1972079
1972080
1972273
1972415
1972890
1972964
1973468
1974466
1974619
1974647
1974656
1974693
1974717
1975554
1975716
1975719
1975731
1975733
1975734
1975735
1975739
1975740
1975850
1976609
1976952
1977085
1977086
1977089
1977712
1977850
1978173
1978206
1978953
1979119
1979735
1979736
1980142
1980169
1980321
1980335
1980438
1981049
1981217
1981237
1981238
1981244
1981261
1981277
1981291
1982056
1982058
1982061
1982064
1982069
1982071
1982073
1982074
1982080
1982185
1982261
1982262
1982265
1982270
1982305
1982733
1982817
1982857
1982867
1982868
1982869
1982871
1982876
1982878
1982881
1982935
1982949
1982954
1982955
1982957
1982967
1982969
1982971
1983015
1983020
1983029
1983048
1983057
1983068
1983098
1983099
1983109
1983143
1983144
1983145
1983150
1983156
1983163
1983169
1983175
1984075
1984306
1984404
1984436
1984441
1984449
1984450
1984667
1985971
1985972
1986466
1986479
1986949
1987028
1987029
1987040
1987045
1987046
1987068
1987148
1987232
1987237
1987300
1987304
1987311
1987317
1987319
1987354
1987361
1987363
1987364
1987384
1987946
1987953
1988075
1988096
1988133
1988173
1988178
1988205
1988245
1988249
1988265
1988344
1988346
1988349
1988352
1988353
1988365
1988366
1988367
1988437
1988441
1988495
1988497
1988498
1988503
1988508
1988510
1988519
1988521
1988522
1988586
1988589
1988595
1988598
1988603
1988719
1988724
1988741
1988817
1988933
1988935
1988963
1988964
1988966
1988988
1988996
1988997
1989000
1989001
1989004
1989006
1989007
1989008
1989014
1989015
1989017
1989052
1989062
1989145
1989147
1989164
1989167
1989291
1989316
1989318
1989551
1989553
1989557
1989587
1989588
1989589
1989590
1989593
1989596
1989621
1989644
1989680
1989687
1989689
1989690
1989696
1989697
1989698
1991413
1991419
1991986
1993090
1993212
1993653
1993857
1993860
1993877
1993878
1993879
1993898
1996028
1996032
1996036
1996037
1996038
1996040
1996688
1997039
1997388
1997508
1997587
1997620
1997658
1997673
1997679
1997680
1997685
1997687
1997690
1997696
1997702
1997709
1998115
1998116
1998144
1998162
1998174
1998175
1998269
1998315
1998318
1998319
1998323
1998324
1998325
1998327
1998339
1998349
1998350
1998351
1998353
1998355
1998356
1998359
1998370
1998384
1998404
1998407
1998412
1998416
1998457
1998798
1998802
1998808
1998810
1998811
1998814
1998817
1998819
1998821
1998823
1998928
1999228
1999229
1999328
1999339
1999340
1999355
1999370
1999424
1999441
1999573
1999576
1999582
1999602
1999845
2000249
2000254
2000256
2000264
2000265
2000314
2001021
2001041
2001635
2001655
2001658
2001661
2001751
2001755
2001758
2002067
2002103
2002108
2002113
2002115
2002155
2002181
2002186
2002187
2002188
2002302
2002306
2002308
2002355
2002417
2002422
2002426
2002437
2002441
2002953
2003521
2003543
2003595
2003626
2004228
2004300
2004415
2004479
2004624
2004904
2004991
2005992
2005996
2006239
2006245
2006416
2006905
2006916
2007022
2007032
2007141
2007159
2007160
2007217
2007231
2007232
2007315
2007333
2007357
2007359
2007446
2007567
2007580
2007588
2007882
2007893
2007899
2008423
2008503
2008508
2008585
2008610
2008614
2008630
2008969
2009068
2009078
2009102
2009165
2009195
2009334
2010343
2010460
2010508
2010522
2010543
2010548
2011019
2011073
2011122
2011278
2011288
2011425
2011563
2011764
2011784
2011839
2011952
2011964
2012262
2012273
2012364
2012366
2012370
2012399
2012415
2012435
2012446
2012565
2012631
2012659
2012903
2012953
2013077
2013085
2013141
2013157
2013197
2013296
2013385
2013428
2013467
2013481
2013514
2013532
2013539
2014252
2014280
2014324
2014430
2014434
2014436
2014438
2014440
2014442
2014443
2014448
2014449
2014504
2014505
2014512
2014513
2014514
2014515
2014516
2014517
2014519
2014520
2014541
2014546
2014547
2014564
2014565
2014673
2014885
2015131
2015239
2015634
2015684
2015972
2016304
2016347
2016419
2016552
2016604
2016605
2016628
2016841
2016857
2016873
2017035
2017052
2017063
2017064
2017079
2017092
2017108
2017176
2017179
2017182
2017187
2017211
2017215
2017222
2017295
2017297
2017305
2017315
2017346
2017347
2017359
2017377
2017379
2017406
2017408
2017411
2017423
2017425
2017428
2017429
2017443
2017448
2017462
2017489
2017491
2017500
2017504
2017505
2017521
2017526
2017602
2017609
2017612
2017621
2017655
2017663
2017664
2017668
2017675
2017680
2017798
2017801
2017805
2017811
2017813
2017816
2017817
2018134
2018254
2018322
2018323
2018324
2018325
2018329
2018335
2018420
2018443
2018448
2018537
2018591
2018637
2018648
2018662
2018672
2018859
2018866
2018868
2019446
2019453
2019454
2019524
2019529
2019530
2019531
2019534
2019536
2019541
2019542
2019543
2019751
2019856
2020473
2020820
2020821
2020822
2021232
2021233
2021610
2021652
2021653
2021810
2021825
2021826
2021839
2021879
2021936
2022136
2022141
2022144
2022145
2022146
2022147
2022149
2022150
2022151
2022152
2022153
2022155
2022552
2022556
2022580
2022725
2022727
2022728
2022733
2022736
2022805
2022862
2022863
2023098
2023230
2023231
2023244
2023544
2023545
2023546
2023547
2023610
2023732
2023738
2024148
2024149
2024152
2024156
2024157
2024161
2024163
2024169
2024174
2024302
2024913
2025175
2025178
2025179
2025182
2025192
2025193
2025194
2025195
2025203
2025243
2025328
2025442
2025491
2025523
2025589
2025601
2025616
2025650
2026631
2026632
2026633
2026654
2026672
2026710
2026854
2026855
2026856
2026908
2026909
2027128
2027152
2027183
2027369
2027386
2027433
2027467
2027469
2027470
2027479
2027481
2027488
2027914
2028010
2028209
2028766
2028941
2029824
2029901
2029932
2030102
2030123
2030165
2030180
2030196
2030254
2030258
2030308
2030310
2030333
2030518
2030876
2030893
2030897
2030900
2030902
2030940
2030947
2031236
2031243
2031245
2031516
2031564
2031605
2031612
2031614
2031617
2031625
2031644
2031645
2031653
2031655
2031661
2031749
2031760
2031778
2031794
2031797
2032002
2032003
2032009
2032010
2032013
2032014
2032023
2032029
2032037
2032038
2032042
2032043
2032048
2032049
2032050
2032060
2032069
2032072
2032073
2032093
2032098
2032108
2032111
2032115
2032116
2032126
2032132
2032133
2032134
2032188
2032193
2032197
2032198
2032200
2032202
2032244
2032245
2032250
2032252
2032253
2032254
2032257
2032927
2033279
2033606
2033620
2033669
2033673
2033902
2034031
2034146
2034147
2034247
2034249
2034266
2034348
2034405
2034620
2035040
2035154
2035158
2035257
2035259
2035344
2035552
2035557
2035558
2035562
2035630
2035632
2035634
2035637
2035639
2035640
2035642
2035647
2035651
2035658
2035799
2035812
2036017
2036126
2036139
2036257
2036301
2036331
2036352
2036455
2036456
2036510
2036548
2036549
2036558
2036565
2036718
2036898
2036901
2036909
2036954
2036955
2037031
2037099
2037314
2037320
2037324
2037326
2037332
2037401
2037487
2037490
2037495
2037496
2037497
2037507
2037518
2037522
2037535
2037576
2037590
2037613
2037616
2037617
2037622
2037623
2037624
2037626
2037639
2037644
2037653
2037704
2037711
2037726
2037744
2037747
2037817
2037836
2037858
2037861
2037890
2037892
2037903
2037918
2037928
2037962
2037978
2038018
2038044
2038049
2038053
2038054
2038057
2038065
2038167
2038168
2038174
2038175
2038178
2038186
2038234
2038241
2038288
2038295
2038300
2038309
2038321
2038322
2038328
2038334
2038373
2038378
2038383
2038512
2038544
2038546
2038552
2038572
2038576
2038586
2038632
2038660
2038716
2038729
2038734
2038737
2038745
2038746
2038750
2038759
2038763
2038767
2038770
2038826
2038834
2038835
2038838
2038841
2038843
2038884
2038955
2038956
2038959
2038960
2038961
2039006
2039011
2039012
2039038
2039080
2039126
2039173
2039215
2039219
2039480
2039598
2039605
2039606
2039642
2039650
2039653
2039654
2039656
2039715
2039791
2039811
2039813
2039815
2039816
2039833
2040181
2040210
2040293
2040301
2040307
2040310
2040323
2040325
2040328
2040331
2040340
2040343
2040344
2040345
2040347
2040348
2040349
2040350
2040359
2040361
2040362
2040363
2040368
2040370
2040917
2040924
2040931
2040933
2040940
2041482
2041495
2041689
2041695
2041824
2041830
2041837
2041839
2041840
2041875
2041879
2041887
2041921
2041927
2041976
2041978
2042000
2042077
2042103
2042108
2042199
2042290
2042440
2042495
2042522
2042523
2042564
2042565
2042571
2042576
2042577
2042578
2042579
2042583
2042606
2042607
2042611
2042612
2042620
2042636
2042637
2042642
2042646
2042647
2042650
2042805
2043054
2043063
2043068
2043102
2043106
2043153
2043154
2043163
2043164
2043174
2043176
2043180
2043194
2043453
2043823
2043830
2044240
2044255
2044289
2044432
2044584
2044592
2044593
2044594
2044598
2044617
2044699
2045469
2045483
2045492
2045493
2045941
2046104
2046402
2046605
2046782
2046801
2047101
2047163
2047791
2047899
2047900
2047901
2047907
2048119
2048130
2048136
2048236
2048257
2048921
2048962
2048986
2049006
2049061
2049171
2049327
2049918
2049960
2050081
2050089
2050098
2050149
2050152
2050155
2050156
2050168
2050172
2050176
2050422
2050423
2050426
2050436
2050489
2050494
2050495
2050907
2050908
2050919
2050920
2051301
2051691
2051793
2051870
2051876
2051911
2051938
2051953
2051973
2051978
2051999
2052006
2052028
2052033
2052069
2052121
2052153
2052163
2052165
2052552
2052683
2052747
2052754
2052769
2052771
2052782
2052791
2052825
2052836
2052845
2052846
2052854
2052855
2052856
2052857
2052861
2052862
2053503
2053555
2053631
2054131
2054207
2054215
2054242
2054287
2054288
2054325
2054337
2054427
2054500
2054504
2054554
2054592
2054602
2054698
2054728
2054737
2054771
2054823
2054888
2054892
2054933
2054936
2054996
2055048
2055050
2055277
2055308
2055319
2056464
2056556
2056779
2057253
2057284
2057374
2057386
2057395
2057502
2057532
2057543
2058287
2058403
2059370
2059589
2059664
2059705
2059890
2060276
2060282
2060473
2061001
2061026
2061321
2061333
2062165
2062342
2062348
2062506
2062514
2062528
2062530
2063451
2063456
2063473
2063476
2063478
2063487
2063553
2063630
2063637
2063982
2064132
2064140
2064155
2064284
2064328
2064335
2064336
2064349
2064361
2064363
2064364
2064366
2064372
2064373
2064374
2064386
2064389
2064390
2064392
2064399
2064400
2064401
2064419
2066620
2068219
2068688
2069064
2069448
2069515
2069595
2069618
2069624
2069640
2069665
2069750
2069904
2069928
2069931
2069977
2069981
2069983
2069984
2070520
2070647
2071577
2071984
2072213
2072225
2072234
2072251
2072256
2072265
2072278
2072308
2072321
2072324
2072407
2072410
2072411
2072413
2072416
2072418
2072438
2072446
2072452
2072476
2072581
2072619
2072633
2072636
2072659
2072662
2072668
2072670
2072711
2072733
2072791
2072800
2072802
2072803
2072804
2072805
2072929
2072971
2072975
2072999
2073101
2073173
2073255
2073314
2073324
2073349
2073357
2073407
2073468
2073473
2073509
2073511
2073539
2073541
2073965
2074001
2074007
2074052
2074094
2074101
2074107
2074168
2074173
2074223
2074230
2074241
2074250
2074278
2074282
2074286
2074288
2074290
2074293
2074300
2074302
2074308
2074309
2074314
2074315
2074317
2074394
2074408
2074436
2074437
2074463
2074473
2074528
2074536
2074557
2074586
2074627
2074661
2074675
2074704
2074793
2074858
2074859
2074861
2074863
2074866
2074867
2074875
2074877
2074880
2074881
2074882
2074885
2074887
2074888
2074892
2074904
2075452
2075465
2075468
2075469
2075470
2075476
2075477
2075493
2075494
2075503
2075524
2075531
2075553
2075573
2075606
2075713
2075740
2075769
2075778
2075787
2075803
2075842
2075846
2075870
2075872
2075901
2075920
2075943
2076814
2077140
2077145
2077167
2077184
2077205
2077215
2077256
2077266
2077284
2077288
2077301
2077311
2077315
2077319
2077320
2077399
2077439
2077630
2077637
2077653
2077807
2077810
2077824
2077901
2077904
2077979
2077983
2078000
2078025
2078047
2078069
2078071
2078209
2078313
2078317
2078335
2078339
2078368
2078861
2079077
2079098
2079134
2079615
2080506
2080515
2080521
2080523
2081344
2081353
2081354
2081356
2081357
2081602
2081666
2081694
2081737
2081753
2082117
2082391
2082464
2082581
2082600
2083269
2083294
2083308
2083318
2083319
2083321
2084014
2084034
2084057
2084067
2084092
2084146
2084181
2084194
2084212
2084282
2084292
2084296
2084398
2084433
2084442
2084447
2084458
2084485
2084487
2084489
2084492
2084506
2084507
2084568
2085554
2085562
2085591
2085598
2085626
2085774
2085877
2086038
2086314
2086413
2086545
2086662
2086663
2086693
2086840
2086969
2087510
2087593
2087878
2087985
2088279
2088298
2088534
2088684
2088728
2088743
2088744
2088955
2089049
2089057
2089325
2089686
2089697
2090013
2090039
2090154
2090315
2090403
2090406
2090453
2090640
2090684
2090687
2090805
2090901
2091553
2091554
2091582
2091951
2092604
2092628
2093048
2093130
2093132
2093133
2093153
2093287
2093496
2093609
2093634
2093670
2094326
2094339
2094394
2094398
2094399
2094400
2094403
2094410
2094425
2094432
2094435
2094436
2094451
2094455
2094459
2094469
2094471
2094473
2094474
2094477
2094490
2094499
2094518
2094519
2094526
2094528
2094537
2094556
2094563
2094955
2095019
2095073
2095159
2095310
2095311
2095315
2095334
2095681
2095705
2095707
2095714
2095720
2095729
2095816
2095817
2095818
2095824
2095846
2096084
2096100
2096103
2096110
2096111
2096114
2096118
2096124
2096126
2096137
2096141
2096153
2096154
2096155
2096173
2096177
2096187
2096197
2096198
2096200
2096221
2096226
2096268
2096308
2096319
2096338
2096352
2096355
2096359
2096360
2096365
2096367
2096368
2096371
2096372
2096374
2096375
2096376
2096377
2096386
2096390
2096391
2096397
2096399
2096401
2096403
2096404
2096405
2096470
2096475
2096534
2096546
2096547
2096560
2096566
2096576
2096577
2096578
2096579
2096596
2096598
2096600
2096603
2096604
2096605
2096606
2096607
2096608
2096617
2096619
2096621
2096624
2096625
2096626
2096627
2096628
2096629
2096641
2096650
2096654
2096666
2096673
2096674
2096691
2096705
2096706
2096707
2096709
2096710
2096733
2096740
2096755
2096790
2096843
2096848
2096849
2096850
2096852
2096867
2096870
2096871
2096878
2096894
2096895
2096984
2097009
2097011
2097012
2097013
2097014
2097235
2097255
2097265
2097273
2097618
2098304
2098358
2098875
2099122
2099236
2099500
2099509
2099514
2099789
2100054
2100061
2100065
2100066
2100469
2101794
2101883
2102795
2102843
2103003
2103122
2103388
2103479
2103685
2104389
2104432
2104648
2104696
2104709
2104850
2104987
2105002
2105092
2105144
2105231
2105562
2105575
2105577
2105880
2105950
2105976
2106054
2106151
2106155
2106305
2106459
2106584
2106609
2106637
2106648
2106657
2107404
2107825
2107887
2107982
2108011
2108794
2108829
2108954
2108987
2108994
2109023
2109053
2109057
2109064
2109077
2109085
2109090
2109118
2109159
2109207
2109360
2109370
2109566
2109571
2109732
2110168
2110192
2110193
2110205
2110242
2110245
2110250
2110254
2110256
2110261
2110263
2111060
2111064
2111230
2111302
2111312
2111313
2111314
2111321
2111324
2111336
2111579
2111587
2111596
2111743
2112211
2112220
2113082
2113170
2113270
2113473
2113508
2113514
2113528
2113715
2113774
2113779
2114035
2114220
2114358
2114615
2114650
2115457
2115458
2115484
2115492
2115972
2116209
2116210
2116220
2116776
2116815
2116937
2118217
2118316
2118334
2118358
2118594
2118861
2119054
2119344
2119481
2119868
2119913
2119916
2119922
2119929
2119946
2119947
2119954
2119958
2119975
2120000
2120016
2120057
2120197
2120199
2120206
2120210
2120224
2120253
2120516
2120525
2120554
2120557
2120565
2120567
2120568
2120588
2120595
2120600
2120603
2120605
2120771
2120777
2120778
2120787
2120788
2120792
2120795
2120796
2120797
2120798
2120811
2120813
2120823
2120828
2120830
2120831
2120832
2120833
2121041
2121106
2121108
2121317
2121361
2121440
2121537
2121560
2121562
2121667
2121672
2121673
2121675
2121677
2121680
2121705
2121774
2121811
2121849
2121850
2121866
2121867
2122005
2122028
2122657
2122660
2122716
2122764
2122777
2122778
2122864
2122881
2122889
2122891
2123249
2123289
2123383
2123480
2123494
2123684
2123872
2123922
2123932
2123933
2124013
2124015
2124093
2124113
2124326
2124484
2124500
2124508
2124601
2124632
2124654
2124707
2124711
2124720
2124723
2124740
2124753
2124792
2124798
2124808
2124810
2124844
2124871
2124897
2124910
2124951
2124975
2124985
2124987
2124992
2124993
2125111
2125112
2125122
2125124
2125137
2125153
2125183
2125184
2125193
2125200
2125330
2125346
2125352
2125371
2125423
2125448
2125458
2125471
2125483
2125489
2125497
2125504
2125509
2125537
2125538
2125545
2125546
2125548
2125590
2125594
2125608
2125866
2125867
2125944
2126067
2126078
2126344
2126679
2126681
2126696
2126786
2126789
2126830
2126845
2126855
2126897
2126916
2126946
2126952
2126990
2126991
2127004
2127179
2127183
2127191
2127192
2127194
2127196
2127199
2127202
2127217
2127220
2127225
2127226
2127227
2127228
2127230
2127233
2127242
2127244
2127247
2127251
2127252
2127255
2127256
2127257
2127258
2127260
2127261
2127262
2127264
2127427
2127522
2127525
2127534
2127538
2127539
2127540
2127542
2127546
2127547
2127549
2127574
2127599
2127657
2127754
2127779
2127907
2127960
2127989
2127992
2128021
2128026
2128037
2128111
2128112
2128118
2128119
2128120
2128165
2128170
2128182
2128240
2128254
2128257
2128262
2128264
2128265
2128270
2128271
2128274
2128275
2128280
2128336
2128337
2128339
2128354
2128355
2128360
2128460
2128461
2128475
2128477
2128480
2128482
2128492
2128595
2128625
2128626
2128653
2128656
2128657
2128719
2128737
2128802
2129067
2129068
2129181
2129190
2129191
2129401
2129641
2129646
2129693
2129696
2129734
2129812
2129940
2129944
2133468
2133503
2133542
2133621
2133625
2134100
2134120
2134314
2134328
2134329
2134330
2134331
2134334
2134348
2135049
2135054
2135465
2135577
2135581
2135596
2135612
2135621
2135622
2135680
2135682
2135733
2135750
2135751
2135765
2135767
2135774
2135830
2135832
2135904
2135914
2135915
2135917
2135918
2135919
2135923
2135931
2135932
2135934
2135935
2135937
2135939
2135940
2135942
2135947
2135948
2135949
2135959
2135965
2136002
2136017
2136020
2136024
2136026
2136027
2136028
2136030
2136034
2136048
2136053
2136136
2136144
2136159
2136161
2136233
2136519
2136593
2138032
2138033
2138035
2138037
2138041
2138045
2138049
2138050
2138051
2138052
2138219
2138577
2139065
2139066
2139067
2139069
2139074
2139078
2139079
2139082
2139083
2139494
2139669
2139756
2139869
2140984
2140986
2140987
2140989
2140990
2140991
2140995
2140996
2141003
2141006
2141007
2141008
2141009
2141013
2141015
2141016
2141017
2141018
2141020
2141021
2141025
2143577
2143789
2143855
2143950
2144157
2144208
2144210
2144212
2144215
2144217
2144222
2144343
2144345
2144347
2144350
2144356
2144360
2144362
2144363
2144364
2144367
2144368
2144369
2144370
2144372
2144381
2144383
2144384
2144385
2144387
2144431
2144458
2144459
2144471
2144574
2144582
2144587
2144597
2144626
2144690
2144722
2144737
2144738
2144747
2144756
2144765
2144780
2145672
2145699
2145710
2145888
2145895
2146291
2146310
2146700
2147580
2147588
2147597
2147598
2148140
2148158
2148432
2148636
2148786
2149040
2149180
2149183
2149185
2149211
2149223
2149247
2149270
2149330
2149344
2149361
2149393
2149510
2149513
2149522
2149527
2149566
2149572
2149629
2149630
2149635
2149655
2149730
2149971
2150199
2150327
2150366
2150477
2150483
2150559
2150563
2150603
2150629
2150685
2150936
2151073
2151099
2151511
2151513
2151521
2151621
2151633
2151702
2151708
2151858
2152076
2152114
2152226
2152254
2152255
2152294
2152408
2152424
2152511
2152523
2152528
2152584
2152616
2152702
2152703
2152715
2152722
2152723
2152724
2152725
2152728
2152729
2152731
2152732
2152753
2152779
2152783
2152878
2152885
2152909
2152930
2153010
2153036
2153057
2153058
2153064
2153097
2153152
2153171
2153304
2153306
2153347
2153350
2153365
2153371
2153457
2153468
2153471
2153473
2153483
2153502
2153508
2153598
2153599
2153603
2153611
2153758
2153841
2153844
2153889
2153893
2153924
2153957
2153970
2153990
2154296
2154496
2154607
2154646
2154678
2154783
2154962
2155185
2155331
2155339
2155341
2155342
2155343
2155345
2155350
2155352
2155354
2155358
2155385
2155505
2155531
2155807
2155882
2155992
2156021
2156048
2156258
2156388
2156429
2157282
2157309
2158820
2158822
2159104
2159109
2159123
2159137
2163646
2164542
2164564
2164565
2165679
2165685
2165690
2165694
2165955
2165958
2166102
2166104
2166105
2166108
2166111
2166117
2166121
2166124
2166128
2166133
2166138
2166140
2166143
2166144
2166145
2166146
2166147
2166150
2166156
2166162
2166170
2166175
2166177
2166181
2166193
2166197
2166201
2166205
2166206
2166215
2166222
2166227
2166229
2166243
2166255
2166270
2166271
2166282
2166294
2166295
2166311
2166318
2166321
2166342
2166343
2166344
2166349
2166362
2166367
2166368
2166373
2166377
2166381
2166391
2166393
2166395
2166397
2166401
2166406
2166411
2166415
2166421
2166435
2166439
2166445
2166454
2166458
2166468
2166471
2166479
2166487
2166490
2166508
2166523
2166528
2166535
2166543
2166550
2166556
2166560
2166575
2166576
2166584
2166586
2166596
2166597
2166600
2166603
2166605
2166609
2166614
2166620
2166626
2166638
2166648
2166657
2166684
2166689
2166693
2166725
2166727
2166728
2166729
2166730
2166751
2166752
2166753
2166754
2166757
2166760
2166761
2166781
2166783
2166791
2166848
2166849
2166853
2166856
2166859
2166861
2166864
2166867
2166869
2166871
2166872
2166874
2166893
2166894
2166950
2167078
2167115
2167141
2167188
2167495
2167500
2167501
2167502
2167526
2167532
2167534
2167755
2167759
2167760
2167776
2167791
2167817
2167868
2168003
2168004
2168008
2168011
2168012
2168013
2168014
2168015
2168018
2168114
2168120
2168135
2168138
2168144
2168145
2168148
2168153
2168158
2168162
2168163
2168164
2168165
2168166
2168168
2168171
2168173
2168181
2168214
2168244
2168251
2168259
2168263
2168264
2168274
2168276
2168509
2168513
2168522
2168530
2168532
2168540
2168552
2168554
2168560
2168564
2168610
2168622
2168624
2168627
2168630
2168714
2168717
2168720
2168722
2168732
2168741
2168744
2168746
2168748
2168753
2168754
2168758
2168762
2168765
2168771
2168775
2168791
2169339
2169347
2170420
2170423
2170436
2170449
2170450
2170566
2170573
2170602
2170603
2170624
2170675
2170678
2170688
2170692
2170695
2170731
2170736
2170800
2170803
2170805
2170854
2170859
2170862
2170863
2170864
2170869
2170873
2171051
2171052
2171054
2171055
2171056
2171058
2171061
2171129
2171729
2171730
2171733
2171734
2171735
2171736
2171738
2171746
2171749
2171892
2172123
2172124
2172951
2173378
2173468
2173930
2173932
2173933
2173934
2173935
2173993
2173995
2173996
2174015
2174037
2174047
2174058
2174065
2174087
2174091
2174096
2174104
2174105
2174115
2174122
2174126
2174140
2174142
2174152
2174169
2174174
2174177
2174212
2174221
2174238
2174247
2174269
2174275
2174276
2174277
2174278
2174286
2174996
2175001
2175002
2175003
2175100
2175302
2175604
2175775
2175780
2175835
2175888
2176168
2176213
2176294
2176309
2176315
2176384
2176389
2176390
2176391
2176409
2176414
2176428
2176433
2176439
2176440
2176640
2176641
2176650
2176656
2176657
2177823
2177825
2177829
2177830
2177841
2178691
2178693
2178725
2178730
2178830
2178833
2178837
2178844
2178848
2178849
2178850
2178852
2178855
2178858
2178903
2178919
2178929
2178930
2178942
2178952
2178958
2178968
2178969
2178978
2178994
2179002
2179026
2179031
2179043
2179046
2179054
2179056
2179090
2179107
2179109
2179116
2179128
2179172
2179193
2179205
2179224
2179226
2179227
2179229
2179234
2179252
2179434
2179568
2179642
2179665
2179667
2179730
2179731
2179746
2179781
2179783
2179798
2179802
2179808
2179842
2179870
2179882
2179890
2179897
2179941
2179968
2179973
2179976
2179978
2179979
2179980
2180019
2180080
2180086
2180089
2180108
2180302
2180309
2180382
2180422
2180474
2180484
2180514
2180548
2180558
2180701
2180766
2180989
2181011
2181012
2181049
2181051
2181166
2181167
2181181
2181330
2181331
2181334
2181347
2181401
2181419
2181428
2181462
2181465
2181488
2181491
2181515
2181519
2181521
2181597
2181604
2181605
2181609
2181611
2181633
2181635
2181641
2181654
2181682
2181687
2181688
2181700
2181729
2181730
2181736
2181740
2181744
2181791
2181803
2181828
2181829
2181836
2181837
2181919
2181921
2181961
2181966
2181973
2181977
2182172
2182218
2182241
2182256
2182262
2182281
2182293
2182296
2182298
2182301
2182303
2182304
2182311
2182318
2182322
2182329
2182331
2182345
2182348
2182350
2182365
2182374
2182380
2182453
2182454
2182459
2182489
2182493
2182495
2182496
2182541
2182624
2182641
2182697
2182698
2182846
2182849
2182858
2182863
2182864
2182953
2183000
2183075
2183082
2183083
2183084
2183240
2183241
2183268
2183309
2183326
2183334
2183341
2183342
2183346
2183364
2183365
2183366
2183371
2183387
2183409
2183419
2183424
2183440
2183445
2183534
2183538
2183539
2183540
2183541
2183633
2183645
2183656
2183700
2183768
2183785
2183786
2183787
2183788
2183797
2183804
2183805
2183806
2183820
2183827
2183841
2183843
2183848
2183851
2183872
2183884
2183895
2183903
2183917
2183920
2183927
2183950
2183967
2183976
2183977
2183985
2183988
2183995
2183997
2184018
2184019
2184022
2184023
2184025
2184159
2184298
2184303
2184310
2184313
2184611
2184657
2184684
2184719
2184754
2184756
2184776
2184799
2184804
2184838
2184857
2184858
2185078
2185094
2185098
2185101
2185102
2185128
2185170
2185194
2185197
2185209
2185217
2185261
2185589
2185593
2185599
2185603
2185605
2185606
2185616
2185617
2185991
2186043
2186048
2186111
2186126
2186141
2186142
2186145
2186149
2186154
2186155
2186158
2186237
2186239
2186240
2186242
2186246
2186419
2186423
2186685
2186694
2186695
2186697
2186710
2186775
2186776
2186798
2186800
2186804
2186810
2186811
2187084
2187106
2187109
2187423
2187861
2187871
2187873
2187877
2187881
2187884
2187886
2187893
2187899
2187906
2187907
2187921
2188009
2188010
2188014
2188020
2188021
2188025
2188027
2188028
2188056
2188103
2188105
2188107
2188130
2188133
2188146
2188164
2188166
2188168
2188177
2188191
2188212
2188214
2188216
2188217
2188230
2188241
2188253
2188259
2188269
2188276
2188284
2188285
2188334
2188367
2188380
2188381
2188383
2188409
2188424
2188427
2188431
2188442
2188447
2188448
2188449
2188498
2188501
2188504
2188519
2188522
2188526
2188527
2188531
2188532
2188535
2188561
2188562
2188565
2188566
2188583
2188590
2188597
2188598
2188599
2188603
2188608
2188616
2188617
2188621
2188625
2188626
2188644
2188646
2188647
2188648
2188651
2188654
2188655
2188656
2188657
2188664
2188677
2188678
2188679
2188681
2188689
2188693
2188694
2188695
2188703
2188717
2188719
2188721
2188735
2188738
2188739
2188745
2188755
2188756
2188759
2188762
2188786
2188787
2188790
2188797
2188798
2188800
2188804
2188830
2188831
2188835
2188867
2188872
2188875
2188889
2188895
2188925
2188981
2188988
2189013
2189016
2189017
2189018
2189038
2189065
2189067
2189071
2189134
2189136
2189150
2189152
2189163
2189165
2189173
2189178
2189201
2189202
2189248
2189461
2189481
2189611
2189859
2190029
2190072
2190074
2190083
2190090
2190095
2190096
2190097
2190098
2190103
2190104
2190105
2190123
2190127
2190129
2190145
2190146
2190163
2190165
2190200
2190227
2190235
2190238
2190245
2190252
2190253
2190255
2190263
2190266
2190276
2190301
2190310
2190324
2190346
2190349
2190355
2190361
2190362
2190364
2190369
2190371
2190388
2190393
2190397
2190402
2190586
2190587
2190596
2190616
2190621
2190698
2190773
2190814
2190816
2190983
2190987
2191117
2191121
2191137
2191142
2191170
2191190
2191192
2191196
2191200
2191203
2191254
2191257
2191418
2191430
2191460
2191462
2191466
2191467
2191515
2191540
2191589
2191594
2191595
2191596
2191597
2191598
2191599
2191600
2191601
2191602
2191688
2191690
2191696
2191698
2191699
2191700
2191702
2191705
2191706
2191758
2191772
2191786
2191801
2191810
2191811
2191818
2191823
2191827
2191828
2191835
2191836
2191838
2191839
2192101
2192108
2192145
2192223
2192492
2192493
2192649
2192693
2192719
2192740
2192744
2192747
2192749
2192756
2192758
2192830
2192832
2192833
2192836
2192979
2192986
2193026
2193167
2193361
2193365
2193366
2193370
2193373
2193375
2193768
2193771
2193773
2193775
2193776
2193777
2193778
2193779
2193780
2193784
2193786
2193790
2193791
2193792
2193793
2193794
2193795
2193797
2193801
2193802
2193803
2193806
2193809
2193810
2193811
2193812
2193815
2193816
2193818
2193819
2193820
2194057
2194125
2194173
2194339
2194341
2194346
2194347
2194348
2194352
2194353
2194361
2194362
2194367
2194368
2194369
2194370
2194374
2194375
2194376
2194509
2194510
2194511
2194513
2194518
2194522
2194603
2194769
2194923
2194937
2194992
2195018
2195745
2195936
2195937
2195957
2195958
2196124
2196146
2196168
2196178
2196187
2196189
2196207
2196212
2196278
2196282
2196317
2196340
2196413
2196415
2196418
2196422
2196429
2196441
2196444
2196454
2196470
2196471
2196496
2196639
2196644
2196656
2196657
2196658
2196663
2196667
2196678
2196706
2196709
2196729
2196758
2196759
2196792
2196999
2197191
2197199
2197200
2197205
2197207
2197209
2197447
2197551
2197758
2197896
2197918
2197928
2197929
2198245
2198700
2198810
2198869
2198884
2198937
2198940
2198948
2198953
2198956
2198962
2198965
2198970
2199000
2199006
2199007
2199010
2199018
2199019
2199057
2199058
2199064
2199189
2199194
2199198
2199200
2199388
2199394
2199398
2199402
2199403
2199404
2199405
2199406
2199534
2199538
2199554
2199558
2199585
2199586
2199695
2199746
2199750
2199810
2199811
2199823
2199824
2199826
2199832
2199877
2199924
2199925
2199934
2199935
2199936
2199940
2199949
2200056
2200057
2200093
2200094
2200197
2200201
2200204
2200672
2200673
2200676
2200685
2200689
2200705
2200712
2200713
2200719
2200720
2200721
2200737
2200739
2200746
2200747
2200748
2200840
2200856
2200907
2200917
2200940
2200955
2200967
2200968
2200970
2200972
2200976
2200981
2200986
2200993
2200999
2201003
2201005
2201024
2201029
2201031
2201072
2201074
2201214
2201331
2201335
2201341
2201345
2201352
2201364
2201392
2201393
2201399
2201450
2201464
2201482
2201506
2201518
2201519
2201532
2201538
2201543
2201548
2201549
2201551
2201553
2201566
2201572
2201573
2201595
2201606
2201607
2201608
2201609
2201652
2201669
2201693
2201775
2201783
2201785
2201866
2201874
2201882
2201895
2201897
2201900
2201905
2201907
2201909
2201910
2201911
2201917
2201920
2201921
2201922
2201923
2201954
2201956
2201960
2201962
2201963
2202119
2202153
2202215
2202417
2202419
2202683
2202701
2202756
2202759
2202858
2203466
2203479
2203481
2203482
2203488
2203537
2203540
2203541
2203542
2203543
2203547
2203713
2203781
2203782
2203812
2203969
2204086
2204087
2204089
2204131
2205169
2205442
2205594
2205738
2206079
2206136
2206142
2206160
2206191
2206338
2206342
2206350
2206409
2206417
2206516
2206517
2206531
2206606
2206611
2206615
2206619
2206620
2206627
2206628
2206632
2206654
2206747
2206921
2207692
2207866
2207870
2207871
2208135
2208304
2208333
2208337
2208344
2208615
2208629
2208954
2209011
2209489
2209577
2209581
2209917
2210203
2210210
2210273
2210392
2210393
2210394
2210402
2210410
2210415
2210424
2210425
2210432
2210433
2210440
2210619
2210840
2210845
2210848
2210900
2210918
2210952
2210958
2210960
2210961
2210990
2210995
2210997
2210998
2210999
2211021
2211024
2211030
2211032
2211033
2211034
2211036
2211043
2211068
2211074
2211109
2211110
2211112
2211122
2211123
2211126
2211130
2211131
2211132
2211134
2211135
2211137
2211149
2211150
2211151
2211157
2211164
2211167
2211170
2211179
2211180
2211433
2211470
2211811
2212432
2212531
2212541
2212550
2212745
2213222
2213233
2213234
2213979
2214070
2214077
2214339
2214341
2214758
2214761
2214782
2214783
2214785
2214805
2214808
2214809
2214810
2214817
2214819
2214820
2214823
2214855
2214856
2214858
2214859
2214860
2214861
2214862
2214865
2214866
2214868
2214870
2214878
2214888
2214910
2214913
2214915
2214916
2214917
2214918
2214990
2214995
2215019
2215022
2215067
2215069
2215073
2215152
2215159
2215162
2215164
2215166
2215176
2215178
2215262
2215265
2215266
2215272
2215275
2215277
2215278
2215292
2215304
2215312
2215313
2215314
2215318
2215321
2215322
2215323
2215328
2215329
2215335
2215344
2215375
2215377
2215386
2215387
2215388
2215401
2215426
2215427
2215455
2215486
2215500
2215501
2215502
2215512
2215514
2215516
2215517
2215524
2215555
2215558
2215603
2215609
2215612
2215615
2215617
2215618
2215633
2215646
2215652
2215656
2215665
2215667
2215669
2215671
2215672
2215674
2215675
2215684
2215689
2215690
2215716
2215805
2215849
2215850
2215877
2215937
2215941
2215972
2215976
2216023
2216043
2216061
2216068
2216069
2216128
2216130
2216132
2216135
2216141
2216160
2216179
2216183
2216236
2216313
2216316
2216385
2216386
2216426
2216480
2216481
2216490
2216497
2216503
2216528
2216628
2216652
2216739
2216779
2216785
2216804
2216809
2216815
2216820
2216833
2216840
2216852
2216881
2216914
2216938
2216945
2216965
2216975
2217019
2217025
2217028
2217041
2217055
2217112
2217127
2217131
2217184
2217192
2217193
2217194
2217215
2217221
2217246
2217251
2217252
2217254
2217258
2217263
2217268
2217274
2217281
2217283
2217291
2217312
2217326
2217329
2217333
2217334
2217335
2217367
2217374
2217420
2217424
2217441
2217445
2217450
2217492
2217537
2217544
2217545
2217571
2217577
2217598
2217599
2217601
2217604
2217605
2217609
2217611
2217612
2217623
2217694
2217716
2217722
2217724
2217727
2217730
2217746
2217756
2217757
2217763
2217765
2217767
2217768
2217786
2217787
2217788
2217789
2217805
2217806
2217807
2217808
2217817
2217821
2217823
2217842
2217843
2217865
2217881
2217887
2217900
2217907
2217908
2217912
2217934
2217940
2217946
2217948
2217949
2217950
2218008
2218009
2218015
2218017
2218019
2218034
2218036
2218038
2218039
2218047
2218100
2218104
2218107
2218109
2218146
2218153
2218155
2218170
2218171
2218176
2218184
2218185
2218191
2218193
2218194
2218206
2218207
2218209
2218216
2218220
2218221
2218222
2218226
2218229
2218235
2218236
2218237
2218262
2218263
2218268
2218272
2218273
2218275
2218276
2218277
2218281
2218288
2218314
2218315
2218321
2218359
2218416
2218446
2218449
2218450
2218458
2218461
2218486
2218490
2218494
2218496
2218497
2218506
2218509
2218514
2218515
2218516
2218517
2218519
2218520
2218521
2218522
2218524
2218528
2218538
2218542
2218543
2218544
2218547
2218560
2218564
2218565
2218567
2218570
2218572
2218573
2218574
2218576
2218579
2218580
2218581
2218583
2218584
2218585
2218586
2218594
2218595
2218600
2218601
2218608
2218613
2218681
2218687
2218711
2218717
2218735
2218784
2218785
2218786
2218787
2218788
2218792
2218795
2218804
2218854
2218856
2218857
2218873
2218876
2218884
2218887
2218904
2218921
2218937
2218939
2218949
2218951
2218960
2218961
2218962
2218963
2218964
2218972
2218990
2218991
2219185
2219371
2219400
2219401
2219405
2219406
2219407
2219409
2219410
2219413
2219414
2219415
2219416
2219417
2219494
2219498
2219655
2219670
2219807
2219823
2219888
2219976
2219980
2219991
2220003
2220011
2220012
2220138
2220218
2220290
2220297
2220298
2220300
2220301
2220302
2220319
2220330
2220333
2220412
2220423
2220863
2220864
2220873
2220997
2221133
2221152
2221285
2221324
2221325
2221331
2221337
2221339
2221342
2221610
2221681
2221686
2221922
2221930
2222065
2222069
2222080
2222082
2222084
2222086
2222087
2222089
2222180
2222188
2222218
2222259
2222277
2222279
2222365
2222407
2222410
2222418
2222423
2222457
2222460
2222542
2222648
2222671
2222673
2222683
2222687
2222696
2222697
2222716
2222718
2222719
2222728
2222732
2222741
2222742
2222764
2222772
2222825
2222835
2222859
2222932
2223445
2223559
2223560
2223572
2223583
2223584
2223585
2223719
2223720
2223767
2223795
2223886
2223887
2223888
2223889
2223890
2223894
2224001
2224003
2224009
2224047
2224048
2224053
2224054
2224056
2224066
2224095
2224096
2224101
2224128
2224129
2224132
2224134
2224138
2224139
2224140
2224141
2224154
2224157
2224162
2224166
2224170
2224171
2224172
2224177
2224180
2224184
2224185
2224186
2224193
2224194
2224196
2224212
2224220
2224224
2224226
2224228
2224230
2224265
2224266
2224275
2224323
2224329
2224332
2224333
2224335
2224339
2224344
2224359
2224362
2224363
2224509
2224534
2224604
2224614
2224615
2224617
2224737
2224739
2224744
2224745
2224747
2224771
2224829
2224848
2224924
2224925
2224931
2224936
2224937
2224945
2224951
2224965
2224976
2224980
2224996
2224997
2225004
2225047
2225061
2225069
2225076
2225087
2225100
2225208
2225210
2225255
2225272
2225340
2225417
2225443
2225500
2225502
2225512
2225516
2225522
2225532
2225548
2225550
2225562
2225578
2225579
2225580
2225612
2225648
2225684
2225688
2225805
2225810
2225926
2225928
2225967
2225969
2225972
2225983
2225987
2225992
2226003
2226014
2226021
2226027
2226038
2226048
2226113
2226120
2226122
2226222
2226240
2226241
2226421
2226423
2226424
2226425
2226427
2226482
2226493
2226496
2226508
2226599
2226601
2226602
2226603
2226663
2226731
2226763
2226764
2226770
2226774
2226775
2226845
2226851
2226853
2226860
2227283
2227514
2227641
2227713
2228318
2228324
2228346
2228401
2228419
2228522
2228524
2228539
2228608
2228662
2228679
2228680
2228691
2228810
2228952
2228953
2228955
2228983
2229034
2229038
2229059
2229205
2229211
2229212
2229219
2229226
2229229
2229231
2229234
2229287
2229302
2229316
2229318
2229325
2229327
2229328
2229332
2229333
2229340
2229434
2229437
2229447
2229453
2229455
2229457
2229469
2229471
2229473
2229625
2229628
2229669
2229684
2229916
2229927
2229946
2230197
2230244
2230391
2230646
2230813
2230815
2230823
2230829
2231651
2231652
2231886
2232168
2232191
2232258
2232259
2232260
2232262
2232265
2232266
2232269
2232270
2232518
2232748
2232749
2232754
2232757
2232758
2232759
2232761
2232762
2232763
2232990
2232991
2233123
2233129
2233163
2233166
2233167
2233221
2233252
2233257
2233264
2233273
2233277
2233281
2233285
2233299
2233302
2233420
2233424
2233436
2234010
2234322
2234327
2234338
2234357
2234358
2234359
2234360
2234384
2234434
2234445
2234446
2234448
2234647
2234974
2235087
2235093
2235143
2235146
2235148
2235225
2235230
2235235
2235257
2235265
2235266
2235269
2235270
2235271
2235274
2235281
2235285
2235287
2235295
2235296
2235298
2235300
2235303
2235304
2235306
2235318
2235319
2235327
2235331
2235345
2235348
2235367
2235368
2235372
2235374
2235376
2235380
2235381
2235382
2235385
2235386
2235387
2235393
2235394
2235396
2235398
2235399
2235404
2235407
2235408
2235411
2235412
2235414
2235415
2235416
2235418
2235419
2235424
2235425
2235427
2235474
2235486
2235531
2235532
2235534
2235537
2235539
2235540
2235541
2235542
2235544
2235545
2235546
2235668
2235681
2235776
2235778
2235787
2235881
2236081
2236478
2236562
2236587
2236590
2236593
2236602
2236604
2236611
2236628
2236630
2236631
2236642
2236645
2236656
2236658
2236664
2236670
2236688
2236691
2236717
2236730
2236743
2236749
2236754
2236758
2236759
2236760
2236761
2236762
2236767
2236769
2236770
2236774
2236776
2236805
2236806
2236814
2236816
2236834
2236974
2236977
2237005
2237163
2237167
2237351
2237357
2237358
2237360
2237361
2237475
2237476
2237479
2237480
2237481
2237483
2237485
2237487
2237489
2237556
2237807
2237942
2237945
2237949
2237950
2237954
2237956
2237957
2237958
2237959
2237960
2237970
2237986
2237991
2237992
2237993
2238005
2238076
2238078
2238079
2238080
2238084
2238085
2238121
2238135
2238142
2238146
2238149
2238150
2238152
2238153
2238167
2238168
2238169
2238170
2238171
2238179
2238180
2238181
2238182
2238183
2238184
2238191
2238198
2238202
2238203
2238224
2238225
2238226
2238230
2238236
2238237
2238238
2238239
2238240
2238241
2238287
2238288
2238303
2238307
2238311
2238313
2238314
2238341
2238351
2238352
2238354
2238365
2238372
2238399
2238525
2239042
2239044
2239201
2239211
2239239
2239620
2239633
2239646
2239660
2239661
2239662
2239684
2239700
2239888
2239893
2239894
2239896
2239897
2239967
2240303
2240483
2240570
2240572
2240575
2240677
2240687
2240756
2240844
2240851
2240852
2241019
2241021
2241138
2241262
2241450
2241458
2241465
2241493
2241494
2241495
2241496
2241498
2241499
2241504
2241594
2241664
2241730
2241927
2242193
2242317
2242319
2242320
2242366
2242385
2242512
2242514
2242564
2242571
2242574
2242581
2242593
2242613
2242633
2242636
2242643
2242682
2242695
2242704
2242706
2242711
2242755
2242759
2242769
2242783
2242791
2242812
2242815
2242829
2242850
2242852
2242913
2242930
2242934
2243140
2243143
2243180
2243238
2243405
2243413
2243414
2243419
2243426
2243432
2243433
2243434
2243435
2243436
2243437
2243440
2243448
2243470
2243472
2243475
2243476
2243477
2243479
2243484
2243493
2243497
2243498
2243499
2243500
2243501
2243502
2243503
2243504
2243543
2243544
2243548
2243549
2243563
2243580
2243581
2243589
2243600
2243604
2243606
2243613
2243624
2243628
2243655
2243656
2243658
2243665
2243666
2243667
2243669
2243670
2243671
2243673
2243675
2243676
2243677
2243678
2243730
2243748
2243750
2243752
2243753
2243758
2243835
2243868
2243900
2244180
2244181
2244182
2244183
2244184
2244340
2244354
2244552
2244554
2244555
2244556
2244633
2244634
2244663
2244664
2244665
2244672
2244927
2244928
2244930
2244934
2244948
2245018
2245041
2245070
2245079
2245083
2245124
2245126
2245128
2245184
2245189
2245208
2245210
2245272
2245288
2245532
2245533
2245534
2245535
2245536
2245554
2245555
2245556
2245557
2245558
2245572
2245642
2245647
2245650
2245651
2245652
2245653
2245659
2245682
2245697
2245751
2245752
2245753
2245754
2245889
2245890
2245891
2245894
2245895
2245914
2245986
2246012
2246013
2246045
2246059
2246081
2246083
2246084
2246088
2246089
2246090
2246428
2246433
2246617
2246650
2247517
2247708
2247928
2248229
2248250
2248253
2248257
2248259
2248260
2248261
2248262
2248264
2248265
2248266
2248267
2248269
2248270
2248271
2248420
2248450
2248737
2248869
2249779
2249794
2249795
2250755
2250761
2250769
2251037
2251117
2251303
2251651
2251652
2251653
2251654
2251655
2251656
2251660
2251664
2251768
2251814
2251861
2251874
2251875
2251876
2251879
2251977
2252031
2252335
2252477
2252556
2252667
2252672
2252691
2252699
2252740
2252746
2252748
2252754
2252755
2252756
2252873
2252952
2253055
2253056
2253079
2253080
2253174
2253263
2253264
2253457
2253475
2253519
2253521
2253523
2253528
2253551
2253559
2253686
2253687
2253689
2253693
2253696
2253698
2253699
2253704
2253710
2253727
2253728
2253731
2253736
2253737
2253738
2253739
2253742
2253744
2253752
2253753
2253756
2253760
2253762
2253825
2253830
2253834
2253843
2253844
2253845
2253853
2253859
2253868
2253888
2253903
2253904
2253923
2253924
2253936
2253945
2253950
2253960
2253962
2253963
2253964
2253965
2253975
2253978
2253981
2253988
2253994
2254045
2254086
2254111
2254118
2254126
2254127
2254131
2254141
2254142
2254143
2254149
2254150
2254154
2254387
2254388
2254389
2254390
2254391
2254396
2254397
2254398
2254399
2254401
2254414
2254437
2254550
2254614
2254653
2254654
2254655
2254657
2254658
2254730
2254844
2254871
2254964
2254977
2255027
2255028
2255033
2255034
2255035
2255070
2255071
2255115
2255123
2255147
2255174
2255185
2255191
2255196
2255207
2255213
2255214
2255215
2255216
2255218
2255219
2255250
2255267
2255290
2255300
2255310
2255312
2255316
2255323
2255349
2255350
2255352
2255358
2255360
2255362
2255363
2255364
2255365
2255368
2255369
2255370
2255371
2255374
2255378
2255390
2255391
2255396
2255402
2255410
2255411
2255414
2255415
2255454
2255456
2255457
2255461
2255462
2255464
2255465
2255581
2255587
2255594
2255609
2255610
2255611
2255613
2255647
2255652
2255739
2255747
2255750
2255751
2255773
2255774
2255775
2255776
2255781
2255782
2255783
2255784
2255785
2255788
2255791
2255794
2255795
2255796
2255797
2255798
2255799
2255803
2255804
2255805
2255818
2255819
2255825
2255858
2255859
2255865
2255867
2255885
2256078
2256086
2256087
2256090
2256326
2256329
2256331
2256332
2256333
2256341
2256342
2256343
2256454
2256488
2256490
2256491
2256492
2256529
2256560
2256561
2256566
2256567
2256568
2256569
2256572
2256573
2256574
2256575
2256615
2256619
2256624
2256625
2256626
2256627
2256628
2256629
2256630
2256631
2256632
2256633
2256634
2256635
2256640
2256641
2256642
2256644
2256645
2256646
2256647
2256652
2256656
2256693
2256713
2256715
2256720
2256728
2256729
2256731
2256734
2256738
2256741
2256742
2256745
2256757
2256763
2256813
2256819
2256822
2256914
2256917
2256918
2257019
2257028
2257036
2257057
2257067
2257076
2257316
2257318
2257328
2257336
2257348
2257376
2257386
2257389
2257395
2257398
2257401
2257402
2257404
2257405
2257406
2257409
2257412
2257413
2257422
2257423
2257451
2257454
2257465
2257472
2257474
2257476
2257480
2257498
2257499
2257500
2257502
2257503
2257504
2257505
2257512
2257513
2257515
2257518
2257519
2257520
2257526
2257530
2257531
2257532
2257603
2257608
2257609
2257623
2257624
2257630
2257639
2257644
2257656
2257657
2257658
2257680
2257681
2257683
2257684
2257694
2257696
2257698
2257701
2257702
2257703
2257704
2257708
2257720
2257721
2257725
2257727
2257742
2257755
2257766
2257771
2257797
2257804
2257808
2257834
2257839
2257842
2257843
2257851
2257857
2257862
2257944
2257949
2257960
2257974
2257978
2257992
2257996
2258091
2258107
2258155
2258201
2258214
2258315
2258494
2258557
2258561
2258563
2258565
2258566
2258567
2258568
2258722
2258835
2259093
2259400
2259419
2259484
2259488
2259541
2259544
2259698
2260282
2260453
2260604
2260606
2260614
2260645
2260646
2260650
2260674
2260675
2260676
2260677
2260692
2260699
2260719
2260723
2260725
2260726
2260733
2260768
2260807
2260894
2260941
2260949
2260977
2261261
2261262
2261653
2261660
2261689
2261931
2261974
2261989
2261996
2261999
2262032
2262068
2262097
2262215
2262229
2262235
2262249
2262276
2262512
2262618
2262677
2262709
2262793
2263012
2263017
2263018
2263033
2263034
2263035
2263036
2263046
2263347
2263354
2263362
2263365
2263373
2263388
2263414
2263417
2263426
2263429
2263442
2263445
2263461
2263463
2263464
2263466
2263468
2263566
2263568
2263609
2263614
2263628
2263640
2263644
2263691
2263697
2263701
2263702
2263704
2263756
2263797
2263809
2263834
2263835
2263838
2263993
2264058
2264194
2264273
2264274
2264366
2264370
2264372
2264373
2264380
2264495
2264574
2264628
2264629
2264722
2264963
2264970
2264980
2265060
2265064
2265083
2265089
2265104
2265142
2265144
2265146
2265149
2265150
2265271
2265277
2265285
2265291
2265303
2265320
2265336
2265352
2265355
2265390
2265393
2265395
2265401
2265522
2265528
2265558
2265559
2265613
2265618
2265648
2265654
2265674
2265684
2265750
2265757
2265796
2265805
2265806
2266099
2266720
2266722
2266723
2266724
2266758
2266761
2266762
2266763
2266764
2266766
2266768
2266770
2266780
2266789
2266791
2266792
2266794
2266795
2266801
2266827
2267408
2267410
2267412
2267557
2267558
2267560
2267597
2267892
2267922
2267925
2267972
2268006
2268053
2268124
2268125
2268132
2268133
2268192
2268209
2268214
2268319
2268415
2268421
2268544
2268589
2268592
2268594
2268596
2268652
2268657
2268658
2268687
2268715
2269406
2269636
2269665
2269677
2269700
2269701
2270453
2270478
2270486
2270541
2270614
2270618
2270810
2270847
2270896
2270927
2271487
2271554
2271641
2271910
2272081
2272092
2272246
2272278
2272397
2272689
2272690
2272784
2272785
2272787
2273130
2273135
2273167
2273171
2273253
2273283
2273286
2273287
2273288
2273290
2273293
2273298
2273374
2273455
2273461
2273534
2273672
2273683
2273687
2273691
2273719
2273721
2273722
2273733
2273739
2273740
2273741
2273769
2273770
2273771
2273812
2273846
2273847
2273851
2273863
2273867
2273869
2273904
2273908
2273914
2273915
2273919
2273920
2273923
2273927
2273933
2273937
2273946
2274009
2274258
2274478
2275008
2275035
2275039
2275050
2275063
2275083
2275112
2275143
2275145
2275148
2275149
2275150
2275153
2275155
2275156
2275157
2275167
2275205
2275225
2275253
2275260
2275273
2275361
2275375
2275431
2275433
2275467
2275520
2275533
2275538
2275540
2275541
2275542
2275544
2275547
2275550
2275619
2275625
2275628
2275665
2275672
2275676
2275731
2275734
2275758
2275766
2275784
2275788
2275799
2275817
2275823
2275824
2275825
2275923
2275924
2275925
2275928
2275945
2275949
2275951
2275952
2275953
2275955
2275962
2275965
2275966
2275968
2275969
2275972
2275977
2275979
2275980
2275983
2275992
2276099
2276100
2276120
2276127
2276136
2276470
2276496
2276498
2276499
2276501
2276522
2276547
2276950
2276952
2276958
2276960
2277235
2277242
2277243
2277303
2277402
2277634
2277666
2277866
2277893
2277900
2277911
2277914
2277963
2277978
2278077
2278079
2278096
2278098
2278112
2278151
2278309
2278317
2278348
2278382
2278383
2278385
2278402
2278411
2278415
2278421
2278430
2278437
2278439
2278441
2278444
2278447
2278451
2278454
2278455
2278457
2278459
2278501
2278502
2278503
2278504
2278510
2278512
2278514
2278516
2278517
2278518
2278521
2278559
2278564
2278566
2278569
2278574
2278585
2278595
2278604
2278630
2278632
2278634
2278635
2278636
2278639
2278674
2278675
2278685
2278701
2278703
2278704
2278706
2278707
2278712
2278713
2278739
2278744
2278759
2278762
2278774
2278783
2278784
2278804
2278813
2278816
2278824
2278825
2278827
2278841
2278843
2278847
2278851
2278852
2278858
2278953
2278955
2278957
2278958
2278961
2278968
2278973
2278974
2278976
2278977
2278978
2278980
2278986
2278995
2279005
2279006
2279007
2279013
2279018
2279027
2279033
2279036
2279037
2279038
2279040
2279044
2279056
2279057
2279061
2279063
2279225
2279231
2279233
2279238
2279240
2279241
2279242
2279244
2279257
2279310
2279343
2279348
2279349
2279354
2279366
2279370
2279415
2279419
2279425
2279438
2279448
2279452
2279453
2279464
2279465
2279469
2279471
2279478
2279481
2279519
2279523
2279524
2279531
2279540
2279579
2279586
2279588
2279590
2279592
2279607
2279612
2279634
2279639
2279658
2279659
2279686
2279907
2279908
2279909
2279914
2279920
2279921
2279923
2279924
2279925
2279926
2279929
2279930
2279931
2279933
2279936
2279937
2279942
2279953
2279954
2279955
2279956
2279957
2279959
2279961
2279963
2279965
2279966
2279967
2279968
2279972
2279974
2279976
2279978
2279980
2279983
2279984
2280000
2280002
2280004
2280010
2280011
2280020
2280021
2280023
2280025
2280032
2280033
2280038
2280040
2280049
2280051
2280059
2280060
2280063
2280066
2280074
2280085
2280105
2280116
2280117
2280118
2280125
2280127
2280132
2280133
2280134
2280136
2280137
2280141
2280152
2280153
2280155
2280157
2280158
2280159
2280160
2280163
2280168
2280173
2280174
2280176
2280182
2280188
2280189
2280193
2280200
2280202
2280204
2280208
2280218
2280219
2280220
2280221
2280223
2280224
2280225
2280227
2280236
2280237
2280249
2280253
2280256
2280257
2280264
2280265
2280268
2280272
2280273
2280276
2280277
2280285
2280286
2280290
2280291
2280294
2280296
2280302
2280305
2280312
2280377
2280378
2280382
2280383
2280384
2280386
2280387
2280389
2280392
2280395
2280396
2280397
2280398
2280435
2280436
2280438
2280441
2280447
2280448
2280449
2280451
2280452
2280455
2280456
2280459
2280461
2280462
2280464
2280465
2280466
2280580
2280581
2280585
2280586
2280587
2280588
2280590
2280591
2280592
2280593
2280599
2280603
2280605
2280608
2280612
2280614
2280615
2280617
2280618
2280619
2280620
2280621
2280626
2280627
2280628
2280632
2280649
2280661
2280668
2280670
2280671
2280698
2280704
2280705
2280708
2280878
2280974
2280975
2280976
2280977
2280978
2280979
2280980
2280981
2280982
2280993
2281004
2281005
2281006
2281007
2281008
2281009
2281011
2281012
2281014
2281015
2281020
2281023
2281026
2281029
2281030
2281031
2281036
2281037
2281038
2281039
2281070
2281071
2281075
2281076
2281077
2281078
2281079
2281081
2281087
2281090
2281095
2281097
2281098
2281099
2281106
2281107
2281112
2281116
2281117
2281125
2281126
2281127
2281129
2281130
2281131
2281137
2281138
2281139
2281141
2281142
2281143
2281144
2281147
2281153
2281154
2281161
2281167
2281169
2281172
2281178
2281179
2281181
2281185
2281189
2281195
2281196
2281198
2281199
2281200
2281250
2281261
2281262
2281287
2281302
2281364
2281367
2281370
2281371
2281393
2281400
2281401
2281406
2281457
2281471
2281496
2281533
2281548
2281556
2281562
2281569
2281581
2281583
2281584
2281595
2281603
2281619
2281622
2281623
2281632
2281635
2281639
2281648
2281651
2281660
2281663
2281664
2281676
2281683
2281695
2281697
2281699
2281712
2281715
2281722
2281725
2281726
2281738
2281752
2281765
2281767
2281776
2281779
2281785
2281788
2281796
2281797
2281935
2281941
2281942
2281952
2281953
2281954
2281956
2281957
2281958
2281959
2281960
2281961
2281962
2281967
2281975
2281978
2281982
2281983
2281985
2281993
2281994
2281997
2282003
2282007
2282008
2282009
2282010
2282011
2282012
2282013
2282014
2282015
2282016
2282018
2282025
2282031
2282038
2282041
2282042
2282043
2282045
2282047
2282048
2282049
2282050
2282052
2282181
2282184
2282187
2282201
2282215
2282225
2282227
2282228
2282372
2282382
2282388
2282399
2282414
2282670
2282677
2282686
2282774
2282840
2282844
2282845
2282846
2282905
2282920
2282931
2282945
2282946
2282955
2282973
2282976
2282986
2282987
2282990
2283003
2283005
2283025
2283043
2283052
2283055
2283064
2283090
2283091
2283098
2283101
2283105
2283107
2283108
2283135
2283142
2283143
2283144
2283252
2283253
2283262
2283263
2283265
2283266
2283267
2283268
2283269
2283274
2283286
2283295
2283297
2283298
2283303
2283312
2283321
2283322
2283327
2283328
2283329
2283331
2283430
2283432
2283444
2283446
2283456
2283457
2283470
2283474
2283482
2283483
2283485
2283486
2283487
2283489
2283490
2283493
2283496
2283604
2283605
2283606
2283614
2283618
2283634
2283639
2283641
2283645
2283653
2283654
2283655
2283658
2283659
2283668
2283711
2283713
2283716
2283717
2283725
2283727
2283732
2283739
2283740
2283763
2283765
2283771
2283773
2283776
2283777
2283778
2283782
2283784
2283785
2283786
2283787
2283791
2283794
2283796
2283800
2283802
2283803
2283815
2283818
2283829
2283830
2283836
2283839
2283840
2283849
2283851
2283860
2283864
2283869
2283872
2283879
2283885
2283889
2283891
2283892
2283895
2283896
2283901
2283902
2283906
2283907
2283909
2283911
2283916
2283918
2283919
2283921
2283965
2283973
2283974
2283975
2283986
2283999
2284001
2284003
2284007
2284009
2284012
2284014
2284028
2284030
2284052
2284056
2284070
2284071
2284078
2284080
2284089
2284090
2284103
2284111
2284113
2284115
2284116
2284118
2284126
2284129
2284133
2284139
2284195
2284199
2284200
2284205
2284210
2284229
2284235
2284355
2284358
2284393
2284404
2284405
2284411
2284412
2284414
2284415
2284417
2284419
2284421
2284423
2284425
2284427
2284432
2284569
2284684
2284829
2284851
2284890
2284898
2284899
2284900
2284906
2284912
2284985
2285165
2285169
2285684
2285761
2285839
2286455
2286526
2286527
2286528
2286534
2286660
2286904
2286906
2286907
2286914
2286916
2287051
2287127
2287135
2287367
2287400
2288091
2288092
2288098
2288099
2288100
2288107
2288633
2288838
2288860
2288915
2288927
2288928
2288966
2288978
2288979
2289007
2289180
2289191
2289197
2289367
2289379
2289380
2289579
2289580
2289587
2289640
2289659
2289689
2289853
2289928
2290474
2290500
2290560
2290573
2290601
2290608
2290724
2290790
2290927
2291203
2291211
2291288
2291295
2291413
2291427
2291428
2291429
2291562
2291696
2291700
2291701
2291702
2291942
2291944
2291945
2291950
2291951
2291952
2291953
2291954
2291955
2291956
2291957
2291960
2291961
2291962
2292139
2292297
2292399
2292544
2292549
2292630
2292636
2292727
2292732
2292733
2292737
2292775
2292779
2292780
2292928
2292940
2293005
2293011
2293013
2293033
2293042
2293175
2293176
2293217
2293231
2293243
2293249
2293250
2293252
2293253
2293254
2293255
2293256
2293257
2293258
2293259
2293260
2293261
2293277
2293278
2293477
2294161
2294283
2294451
2294587
2294683
2294690
2294698
2294699
2294700
2294715
2294841
2294865
2294870
2294950
2294953
2295024
2295029
2295034
2295035
2295132
2295285
2295351
2295375
2296155
2296156
2296191
2296205
2296208
2296325
2296340
2296343
2296540
2296575
2296623
2296637
2297052
2297054
2297608
2297966
2297969
2298583
2298592
2298594
2298603
2298607
2298665
2298680
2298686
2298696
2298776
2298789
2298794
2298800
2298803
2298809
2298826
2298853
2298856
2298861
2298900
2298927
2298929
2298931
2298933
2298935
2298936
2299003
2299004
2299060
2299080
2299102
2299105
2299107
2299119
2299129
2299130
2299141
2299146
2299152
2299158
2299174
2299604
2300861
2301136
2301163
2301223
2301548
2302106
2302223
2302385
2302392
2302457
2302590
2302607
2302622
2302632
2302700
2302714
2302947
2302988
2303516
2303529
2303578
2303591
2303592
2303594
2303672
2303674
2304417
2304431
2304434
2304439
2305124
2305269
2305484
2305487
2305499
2305522
2305525
2305531
2305532
2305533
2305572
2305585
2305587
2305597
2305744
2305762
2305767
2305801
2305803
2305805
2305824
2305828
2305830
2305908
2305909
2305911
2305913
2305919
2306045
2306065
2306070
2306079
2306149
2306154
2306156
2306158
2306191
2306211
2306328
2306335
2306390
2306675
2306838
2306839
2306843
2306845
2306849
2306853
2306854
2307187
2307188
2307409
2307604
2307607
2307626
2307627
2307653
2307654
2307674
2307677
2307929
2308039
2308046
2308136
2308137
2308262
2308306
2308340
2308357
2308814
2308851
2309224
2309227
2309241
2310448
2310457
2310570
2310571
2310597
2310603
2310614
2310632
2310671
2310737
2310739
2310749
2310750
2310751
2310757
2310761
2310763
2310769
2310775
2310776
2310782
2310811
2310843
2310852
2310872
2310913
2310916
2310924
2310959
2310968
2311066
2311067
2311068
2311072
2311073
2311074
2311085
2311089
2311091
2311097
2311146
2311148
2311164
2311263
2311265
2311271
2311272
2311338
2311348
2311386
2311408
2311420
2311429
2311537
2311538
2311629
2311630
2311637
2311849
2311854
2311869
2311927
2311979
2311991
2311992
2312083
2312198
2312262
2312298
2312329
2312331
2312338
2312339
2312340
2312344
2312345
2312346
2312348
2312349
2312354
2312355
2312356
2312361
2312364
2312365
2312368
2312369
2312370
2312372
2312391
2312394
2312395
2312397
2312416
2312417
2312418
2312419
2312421
2312425
2312428
2312429
2312430
2312438
2312446
2312448
2312452
2312455
2312471
2312472
2312486
2312487
2312488
2312529
2312530
2312532
2312542
2312550
2312555
2312557
2312560
2312599
2312637
2312640
2312642
2312653
2312655
2312659
2312660
2312663
2312667
2312674
2312685
2313005
2313043
2313045
2313052
2313061
2313062
2313387
2313573
2313593
2313808
2313845
2313846
2313849
2313858
2313859
2313863
2313869
2313870
2313874
2313910
2313928
2314423
2314594
2314634
2314701
2314712
2314725
2314727
2314728
2314729
2314732
2314737
2314755
2314758
2314762
2314768
2314770
2314772
2314775
2314818
2314840
2314853
2314862
2314865
2314894
2314896
2314901
2314904
2314912
2314974
2314992
2315063
2315132
2315243
2315285
2315388
2315518
2315576
2315577
2315578
2315683
2315756
2315857
2315865
2316024
2316040
2316108
2316117
2316326
2316379
2316383
2316430
2316432
2316808
2317129
2317134
2317136
2317138
2317139
2317169
2317197
2317241
2317371
2317378
2317382
2317383
2317384
2317392
2317393
2317394
2317735
2317853
2318030
2318040
2318067
2318073
2318078
2318079
2318132
2318216
2318243
2318244
2318279
2318280
2318286
2318291
2318294
2318296
2318299
2318300
2318301
2318302
2318916
2319188
2319213
2319262
2319325
2319377
2319392
2319400
2319404
2319449
2319489
2319495
2319505
2319736
2319786
2319913
2319958
2319959
2319964
2319995
2320039
2320300
2320301
2320302
2320412
2320485
2320506
2320556
2320591
2320685
2320687
2320690
2320765
2320824
2320846
2320847
2320902
2320903
2320912
2320995
2321312
2321360
2321433
2321457
2321508
2321517
2321640
2321643
2321665
2321789
2321791
2321792
2321813
2321815
2321933
2321943
2321944
2322025
2322060
2322317
2322325
2322727
2322728
2322733
2322817
2322885
2322886
2323005
2323129
2323139
2323146
2323150
2323154
2323203
2323248
2323285
2323471
2323655
2323925
2323931
2323998
2324084
2324220
2324222
2324357
2324360
2324381
2324385
2324478
2324489
2324490
2324491
2324492
2324510
2324623
2324634
2324636
2324637
2324641
2324659
2324722
2325279
2325470
2325708
2325722
2326219
2326254
2326372
2326760
2326821
2326898
2326907
2326911
2327021
2327288
2327393
2327427
2327433
2327697
2328098
2328099
2328100
2328102
2328111
2328122
2328133
2328137
2328152
2328154
2328159
2328160
2328164
2328174
2328181
2328182
2328183
2328186
2328188
2328190
2328195
2328199
2328203
2328204
2328208
2328214
2328215
2328216
2328218
2328219
2328220
2328225
2328229
2328232
2328233
2328234
2328235
2328236
2328237
2328238
2328243
2328244
2328248
2328249
2328250
2328254
2328264
2328268
2328303
2328306
2328307
2328352
2328354
2328395
2328409
2328410
2328411
2328412
2328413
2328466
2328467
2328482
2328488
2328592
2328593
2328594
2328597
2328598
2328599
2328609
2328610
2328612
2328615
2328652
2328680
2328715
2328716
2328752
2328782
2328795
2328798
2328828
2328830
2328834
2328842
2328844
2329506
2329577
2329765
2329776
2329781
2329794
2329798
2329809
2329819
2329823
2329829
2329859
2329873
2329879
2329886
2329889
2329954
2329955
2329956
2329959
2329969
2329970
2329972
2329976
2329982
2329996
2330039
2330042
2330141
2330169
2330203
2330207
2330212
2330216
2330218
2330219
2330227
2330232
2330237
2330244
2330246
2330247
2330254
2330263
2330264
2330269
2330271
2330279
2330283
2330284
2330285
2330290
2330292
2330293
2330312
2330331
2330348
2330359
2330361
2330402
2330426
2330431
2330443
2330446
2330470
2330488
2330506
2330511
2330512
2330515
2330617
2330618
2330623
2330625
2330628
2330634
2330652
2330657
2330874
2330905
2330906
2330908
2330910
2330912
2330933
2330995
2331023
2331024
2331062
2331097
2331098
2331120
2331165
2331193
2331210
2331227
2331246
2331248
2331264
2331281
2331283
2331293
2331309
2331311
2331320
2331463
2331479
2331631
2331885
2332246
2332329
2332370
2332390
2332493
2332547
2332548
2332552
2332553
2332566
2332568
2332570
2332571
2332576
2332584
2332588
2332589
2332590
2332602
2332603
2332604
2332606
2332607
2332608
2332609
2332610
2332613
2332614
2332616
2332676
2332682
2332684
2332695
2332711
2332717
2332719
2332720
2332727
2332728
2332735
2332778
2332781
2332785
2332787
2332793
2332796
2332797
2332798
2332799
2332801
2332804
2332809
2332810
2332811
2332813
2332818
2332836
2332837
2332849
2332863
2332890
2332895
2332897
2332923
2332931
2332972
2332973
2332974
2332976
2332977
2332981
2332982
2333032
2333062
2333094
2333102
2333127
2333130
2333138
2333151
2333152
2333172
2333174
2333180
2333186
2333187
2333188
2333264
2333273
2333283
2333289
2333295
2333305
2333307
2333320
2333343
2333352
2333360
2333367
2333375
2333387
2333398
2333432
2333445
2333456
2333459
2333466
2333913
2333914
2334621
2334760
2335061
2335115
2335692
2335715
2336184
2336671
2336679
2336683
2336684
2336724
2337737
2338349
2338352
2338353
2338354
2338356
2338362
2338363
2338364
2339032
2339035
2339383
2339391
2339392
2339393
2339683
2340727
2340809
2340939
2342084
2342358
2342359
2343018
2343223
2343342
2343525
2343721
2343722
2343913
2344069
2345379
2345380
2345451
2345571
2345769
2345931
2345962
2345963
2345967
2346088
2346094
2346137
2346138
2346140
2346141
2346142
2346180
2346181
2346182
2346183
2346184
2346185
2346383
2346512
2346513
2346632
2346649
2346651
2346655
2346833
2346841
2346845
2346868
2346877
2346889
2346938
2346965
2346972
2346974
2347019
2347125
2347511
2347911
2347923
2347931
2348095
2348104
2348156
2348176
2348187
2348208
2348210
2348223
2348225
2348251
2348266
2348292
2348299
2348301
2348318
2348327
2348338
2348341
2348405
2348605
2349095
2349099
2349305
2349307
2349308
2349309
2349446
2349460
2349471
2349552
2349559
2349631
2349658
2349663
2349667
2349681
2349685
2349688
2349693
2349695
2349702
2349706
2349709
2349750
2349765
2349770
2349780
2349799
2349803
2349852
2349945
2349955
2349958
2349980
2349983
2349988
2350023
2350034
2350036
2350037
2350039
2350040
2350041
2350042
2350048
2350049
2350050
2350051
2350052
2350079
2350105
2350166
2350170
2350172
2350173
2350177
2350178
2350209
2350212
2350323
2350328
2350331
2350332
2350363
2350374
2350439
2350458
2350459
2350466
2350522
2350529
2350535
2350553
2350559
2350565
2350568
2350572
2350638
2350711
2350714
2350731
2350734
2350738
2350740
2350741
2350747
2350756
2350776
2350794
2350801
2350862
2350885
2350890
2350895
2350899
2350900
2350902
2350905
2351540
2351552
2351555
2351567
2351584
2351688
2351690
2351697
2351763
2351772
2351816
2351966
2351974
2351989
2351993
2351995
2351999
2352004
2352022
2352054
2352108
2352164
2352166
2352231
2352251
2352281
2352283
2352389
2352572
2352672
2352750
2352756
2352940
2352973
2352982
2353029
2353418
2354009
2354016
2354185
2355469
2355688
2355825
2356024
2356034
2356299
2356342
2356955
2356973
2356974
2357581
2357935
2358307
2358444
2358464
2358467
2358628
2358679
2358721
2358740
2358741
2358742
2358743
2358904
2358918
2358983
2359006
2359009
2359079
2359195
2359350
2359353
2359518
2359557
2359578
2359938
2360044
2360050
2360256
2360433
2360460
2360461
2360498
2360581
2360638
2360825
2360833
2360895
2360896
2360928
2360929
2360931
2360939
2361063
2361076
2361089
2361090
2361145
2361213
2361216
2361734
2361740
2361766
2361847
2362098
2362404
2362472
2362480
2362517
2362535
2362536
2362538
2362631
2362673
2362674
2362708
2362726
2363108
2363127
2363173
2363174
2363193
2363278
2363282
2363325
2363329
2363331
2363354
2363564
2363732
2363803
2363805
2364015
2364019
2364099
2364111
2364246
2364255
2364267
2364333
2364335
2364351
2364352
2364356
2364358
2364362
2364370
2364386
2364449
2364474
2364592
2364673
2364809
2364840
2364893
2364914
2364920
2365169
2366214
2366339
2366351
2366394
2366508
2366513
2366544
2366556
2366558
2366560
2366566
2366572
2366573
2366575
2366585
2366678
2366708
2366709
2366807
2366837
2366891
2366902
2366915
2367706
2367782
2367804
2367831
2367974
2368111
2368173
2368567
2368571
2368612
2368805
2368899
2369880
2369923
2370240
2370267
2370280
2370282
2370334
2370480
2370690
2371136
2371168
2371824
2372035
2372220
2372238
2372314
2372326
2372337
2372405
2372604
2372838
2373320
2373460
2373464
2373478
2373482
2373484
2373485
2373486
2373487
2373488
2373489
2373490
2373491
2373495
2373496
2373497
2373498
2373512
2373518
2373519
2373520
2373549
2373552
2373553
2373554
2373555
2373557
2373558
2373559
2373560
2373561
2373562
2373563
2373564
2373566
2373567
2373582
2373588
2373602
2373613
2373664
2373675
2373677
2373756
2373851
2373861
2373871
2373890
2373957
2374012
2374021
2374105
2374128
2374134
2374148
2374150
2374199
2374202
2374203
2374223
2374229
2374234
2374274
2374276
2374329
2374332
2374386
2374443
2374472
2374488
2374498
2374505
2374510
2374552
2374569
2374600
2374606
2374625
2374639
2374689
2374758
2374765
2374777
2374778
2374782
2374803
2374807
2374809
2374810
2374815
2374816
2374817
2374818
2374819
2374825
2374852
2374859
2374869
2374903
2374932
2374961
2374972
2374980
2374982
2374983
2374989
2374990
2374995
2374996
2374997
2375021
2375022
2375129
2375130
2375137
2375139
2375146
2375147
2375148
2375173
2375195
2375217
2375330
2375337
2375341
2375354
2375355
2375364
2375366
2375379
2375398
2375402
2375406
2375436
2375453
2375456
2375459
2375479
2375502
2375507
2375508
2375520
2375529
2375533
2375534
2375553
2375571
2375621
2375789
2375896
2375910
2376003
2376075
2376125
2376228
2376230
2376336
2376337
2376372
2376373
2376412
2376444
2376476
2376503
2376521
2376524
2376808
2377109
2377112
2377113
2377134
2377136
2377276
2377514
2377568
2377596
2377604
2377608
2377613
2377616
2377617
2377619
2377620
2377628
2377632
2377679
2377680
2377747
2377750
2377755
2377773
2377807
2377837
2377842
2377853
2377862
2377876
2377879
2377917
2377919
2377920
2377921
2377982
2377991
2378114
2378279
2378281
2378292
2378293
2378298
2378304
2378311
2378312
2378314
2378329
2378330
2378368
2378372
2378373
2378374
2378379
2378382
2378390
2378394
2378400
2378422
2378428
2378434
2378450
2378452
2378474
2378477
2378478
2378482
2378483
2378487
2378488
2378489
2378493
2378494
2378496
2378510
2378511
2378512
2378516
2378517
2378518
2378539
2378546
2378549
2378553
2378561
2378563
2378565
2378598
2378616
2378618
2378627
2378628
2378638
2378639
2378640
2378641
2378642
2378648
2378654
2378660
2378662
2378669
2378677
2378687
2378706
2378713
2378716
2378725
2378726
2378741
2378746
2378763
2378765
2378833
2378836
2378847
2378849
2378854
2378876
2378885
2378970
2379086
2379102
2379106
2379153
2379171
2379177
2379191
2379196
2379200
2379201
2379202
2379208
2379211
2379220
2379233
2379234
2379239
2379265
2379266
2379270
2379271
2379286
2379363
2379365
2379366
2379371
2379373
2379395
2379398
2379404
2379406
2379407
2379420
2379433
2379434
2379436
2379451
2379463
2379467
2379484
2379585
2379597
2379600
2379601
2379602
2379635
2379653
2379667
2379689
2379707
2379728
2379946
2379966
2379977
2379983
2379990
2379991
2379993
2379994
2379995
2380001
2380011
2380017
2380019
2380020
2380034
2380037
2380052
2380137
2380151
2380195
2380319
2380322
2380331
2380332
2380336
2380340
2380341
2380342
2380344
2380361
2380367
2380369
2380373
2380374
2380375
2380409
2380410
2380426
2380429
2380431
2380432
2380435
2380436
2380444
2380445
2380446
2380449
2380468
2380469
2380486
2380498
2380543
2380544
2380616
2380619
2380621
2380624
2380625
2380626
2380627
2380629
2380632
2380633
2380672
2380673
2380674
2380682
2380694
2380707
2380708
2380714
2380716
2380719
2380720
2380730
2380738
2380740
2380742
2380748
2380838
2380856
2380857
2380859
2380877
2380899
2380900
2380901
2380903
2380905
2380953
2381000
2381019
2381171
2381211
2381212
2381215
2381344
2381395
2381396
2381398
2381427
2381428
2381431
2381432
2381436
2381462
2381463
2381465
2381500
2381553
2381590
2381632
2381647
2381657
2381662
2381760
2381807
2381810
2381852
2381865
2381869
2381875
2381876
2381881
2381882
2381890
2381894
2381898
2381913
2381920
2381927
2381928
2381929
2381931
2381932
2381937
2381938
2381939
2381940
2381986
2381987
2381988
2381989
2381990
2381992
2381996
2381997
2381999
2382001
2382002
2382003
2382005
2382007
2382008
2382034
2382035
2382036
2382037
2382038
2382039
2382040
2382041
2382072
2382246
2382377
2382387
2382413
2382427
2382436
2382438
2382458
2382460
2382475
2382478
2382502
2382507
2382512
2382514
2382518
2382519
2382523
2382531
2382536
2382538
2382547
2382553
2382556
2382558
2382560
2382562
2382569
2382584
2382592
2382726
2382729
2382767
2382978
2382979
2382987
2382999
2383017
2383025
2383031
2383036
2383038
2383184
2383187
2383189
2383191
2383212
2383219
2383227
2383231
2383232
2383265
2383267
2383284
2383294
2383299
2383302
2383314
2383316
2383317
2383319
2383320
2383321
2383546
2383666
2383667
2383998
2383999
2384097
2384099
2384115
2384130
2384185
2384225
2384447
2384485
2384554
2384801
2384822
2384823
2384847
2384908
2384949
2384951
2385030
2385058
2385063
2385102
2385209
2385231
2385232
2385270
2385272
2385316
2385353
2385354
2385362
2385367
2385369
2385385
2385386
2385395
2385401
2385402
2385405
2385419
2385436
2385437
2385438
2385475
2385610
2385718
2385834
2385842
2385843
2385889
2385902
2385903
2385955
2386038
2386052
2386071
2386075
2386126
2386131
2386281
2386294
2386315
2386352
2386360
2386369
2386410
2386424
2386450
2386499
2386508
2386520
2386531
2386568
2386820
2386822
2386823
2386840
2386843
2386867
2386869
2386884
2386890
2386957
2386958
2387112
2387118
2387122
2387123
2387167
2387254
2387364
2387375
2387418
2387419
2387443
2387450
2387500
2387501
2387502
2387503
2387540
2387550
2387608
2387652
2387794
2387910
2388238
2388239
2388385
2388401
2388402
2388429
2388448
2388449
2388464
2388490
2388551
2388556
2388563
2388841
2388858
2388962
2388982
2388989
2389080
2389081
2389083
2389166
2389188
2389199
2389223
2389234
2389237
2389248
2389254
2389256
2389259
2389260
2389319
2389385
2389467
2389468
2389587
2389608
2389628
2389714
2389740
2389744
2389776
2389848
2389870
2389927
2390034
2390145
2390149
2390159
2390164
2390174
2390183
2390195
2390203
2390207
2390212
2390241
2390319
2390320
2390321
2390322
2390324
2390341
2390343
2390345
2390366
2390393
2390495
2390499
2390501
2390512
2390520
2390523
2390524
2390532
2390536
2390537
2390540
2390541
2390633
2390748
2390757
2390759
2390770
2390772
2390780
2390818
2390820
2390821
2390822
2390823
2390824
2390825
2390826
2390827
2390828
2390829
2390832
2390835
2390837
2390838
2390840
2390865
2390889
2390900
2390905
2390906
2390926
2390928
2390930
2390931
2390939
2390940
2390941
2390945
2390946
2390951
2390952
2390953
2390956
2390959
2390962
2390965
2390968
2390970
2390972
2391000
2391006
2391011
2391012
2391017
2391068
2391069
2391071
2391073
2391074
2391078
2391081
2391082
2391084
2391085
2391086
2391091
2391111
2391113
2391135
2391136
2391159
2391166
2391168
2391184
2391188
2391191
2391192
2391193
2391202
2391245
2391246
2391247
2391256
2391283
2391286
2391294
2391295
2391296
2391297
2391300
2391301
2391302
2391351
2391385
2391396
2391442
2391492
2391495
2391498
2391513
2391531
2391544
2391571
2391641
2391644
2391653
2391654
2391655
2391664
2391665
2391666
2391668
2391672
2391673
2391683
2391685
2391703
2391711
2391718
2391724
2391728
2391733
2391747
2391750
2391751
2391753
2391761
2391771
2391777
2391782
2391784
2391785
2391788
2391798
2391801
2391802
2391823
2391824
2391825
2391826
2391827
2391942
2391946
2391948
2391949
2391950
2391951
2391952
2391953
2391954
2391955
2391961
2391971
2391981
2391993
2391995
2391997
2392026
2392060
2392061
2392092
2392213
2392225
2392226
2392259
2392327
2392347
2392403
2392405
2392437
2392582
2392599
2392606
2392629
2392631
2392665
2392668
2392692
2392711
2392758
2392805
2392809
2392816
2392818
2392819
2392821
2392822
2392823
2392826
2392830
2392831
2392832
2392833
2392836
2392837
2392842
2392843
2392845
2392847
2392851
2392856
2392861
2392862
2392864
2392866
2392871
2392877
2392879
2392881
2392883
2392887
2392894
2392896
2392898
2392899
2392900
2392903
2392904
2392908
2392910
2392911
2392912
2392913
2392914
2392916
2392920
2392922
2392924
2392927
2392928
2392929
2392938
2392945
2392946
2392950
2392953
2392955
2392957
2392961
2392965
2392966
2392967
2392969
2392971
2392973
2392978
2392986
2392993
2393005
2393007
2393025
2393026
2393027
2393028
2393029
2393033
2393047
2393048
2393053
2393055
2393058
2393065
2393066
2393069
2393070
2393071
2393073
2393075
2393076
2393088
2393089
2393092
2393094
2393096
2393100
2393101
2393103
2393104
2393110
2393112
2393114
2393116
2393117
2393120
2393122
2393123
2393132
2393133
2393134
2393142
2393295
2393305
2393310
2393312
2393314
2393316
2393325
2393326
2393376
2393378
2393382
2393384
2393389
2393390
2393391
2393404
2393422
2393436
2393437
2393441
2393443
2393452
2393456
2393468
2393469
2393476
2393479
2393498
2393530
2393538
2393541
2393542
2393543
2393545
2393547
2393548
2393549
2393551
2393553
2393554
2393557
2393559
2393569
2393590
2393593
2393596
2393600
2393601
2393604
2393605
2393610
2393613
2393617
2393618
2393623
2393626
2393630
2393631
2393636
2393637
2393641
2393642
2393643
2393644
2393646
2393647
2393649
2393656
2393657
2393658
2393661
2393662
2393666
2393721
2393759
2393765
2393769
2393771
2393774
2393779
2393784
2393786
2393790
2393807
2393816
2393817
2393896
2393900
2393903
2393904
2393905
2393911
2393915
2393918
2393920
2393921
2393922
2393931
2393936
2393939
2393940
2393944
2393947
2393968
2394000
2394008
2394010
2394236
2394240
2394242
2394371
2394375
2394485
2394489
2394521
2394535
2394538
2394540
2394541
2394555
2394616
2394618
2394620
2394621
2394623
2394633
2394854
2394894
2394950
2394966
2395056
2395059
2395111
2395116
2395271
2395283
2395305
2395329
2395384
2395458
2395460
2395483
2395490
2395499
2395504
2395507
2395544
2395553
2395564
2395566
2395580
2395583
2395598
2395615
2395629
2395671
2395673
2395675
2395727
2395819
2395843
2395851
2395891
2395895
2395896
2395897
2395899
2395936
2395947
2396000
2396003
2396004
2396021
2396036
2396037
2396040
2396041
2396055
2396095
2396113
2396297
2396364
2396365
2396369
2396462
2396491
2396505
2396545
2396730
2396735
2396736
2396803
2397030
2397037
2397047
2397053
2397148
2397160
2397168
2397169
2397179
2397180
2397181
2397324
2397463
2397469
2397486
2397542
2397545
2397586
2397587
2397588
2397627
2397637
2397702
2397720
2397738
2397757
2397765
2397784
2397787
2397788
2397789
2397790
2397813
2397832
2397864
2397865
2397876
2397877
2397879
2397880
2397881
2397882
2397895
2397911
2397914
2397922
2397940
2397941
2397942
2397943
2397945
2397946
2397947
2397948
2397957
2397965
2397972
2398017
2398043
2398045
2398046
2398082
2398087
2398095
2398099
2398102
2398103
2398107
2398129
2398131
2398132
2398137
2398140
2398143
2398147
2398174
2398229
2398245
2398248
2398266
2398270
2398271
2398275
2398360
2398466
2398490
2398507
2398508
2398514
2398541
2398547
2398574
2398579
2398589
2398596
2398598
2398643
2398653
2398696
2398700
2398709
2398712
2398869
2398878
2398893
2398898
2398979
2398982
2399039
2399040
2399041
2399072
2399077
2399078
2399079
2399158
2399177
2399182
2399184
2399194
2399207
2399211
2399218
2399232
2399235
2399300
2399321
2399381
2399388
2399401
2399406
2399422
2399456
2399522
2399527
2399528
2399591
2399602
2399618
2399676
2399689
2399810
2399939
2399949
2399959
2400293
2400301
2400303
2400307
2400312
2400313
2400314
2400315
2400316
2400318
2400320
2400327
2400329
2400333
2400384
2400607
2400619
2400628
2400634
2400640
2400650
2400651
2400655
2400656
2400657
2400659
2400660
2400661
2400664
2400666
2400676
2400679
2400686
2400710
2400715
2400718
2400723
2400733
2400797
2400801
2400803
2400821
2400823
2400824
2400826
2400851
2400855
2400880
2400883
2400884
2400915
2400957
2400960
2400961
2400964
2400965
2400966
2401005
2401026
2401046
2401072
2401079
2401091
2401122
2401127
2401164
2401180
2401220
2401273
2401282
2401311
2401360
2401454
2401470
2401472
2401487
2401516
2401526
2401556
2401568
2401570
2401579
2401580
2401581
2401599
2401605
2401611
2401619
2401625
2401629
2401637
2401639
2401640
2401643
2401644
2401647
2401653
2401707
2401743
2401745
2401746
2401750
2401752
2401757
2401844
2401845
2401969
2401970
2402152
2402200
2402229
2402232
2402234
2402235
2402236
2402237
2402259
2402273
2402291
2402292
2402398
2402406
2402412
2402453
2402456
2402458
2402459
2402505
2402509
2402510
2402512
2402513
2402514
2402529
2402537
2402540
2402541
2402542
2402543
2402544
2402567
2402570
2402591
2402592
2402593
2402594
2402605
2402607
2402608
2402610
2402612
2402614
2402627
2402628
2402629
2402630
2402631
2402632
2402648
2402660
2402687
2402718
2402722
2402723
2402724
2402749
2402752
2402754
2402797
2402802
2402803
2402806
2402807
2402823
2402930
2402969
2403004
2403042
2403087
2403093
2403094
2403095
2403096
2403097
2403098
2403099
2403105
2403107
2403117
2403118
2403119
2403121
2403125
2403158
2403159
2403164
2403188
2403190
2403191
2403193
2403194
2403195
2403196
2403197
2403329
2403338
2403339
2403340
2403346
2403350
2403481
2403491
2403492
2403494
2403496
2403622
2403662
2403699
2403703
2403704
2403705
2403750
2403758
2403760
2403773
2403774
2403780
2403797
2403798
2403807
2403814
2403825
2403828
2403829
2403830
2403834
2403835
2403855
2403872
2403873
2403897
2403898
2403909
2403931
2403932
2403934
2403937
2403980
2404016
2404018
2404094
2404095
2404126
2404174
2404176
2404179
2404180
2404181
2404182
2404183
2404186
2404213
2404215
2404217
2404244
2404391
2404399
2404425
2404452
2404454
2404481
2404541
2404551
2404556
2404682
2404766
2404785
2404799
2404801
2404803
2404814
2404817
2404818
2404943
2405106
2405107
2405121
2405122
2405154
2405155
2405159
2405161
2405163
2405187
2405199
2405200
2405207
2405209
2405224
2405225
2405226
2405298
2405323
2405327
2405343
2405346
2405348
2405390
2405451
2405461
2405469
2405471
2405472
2405473
2405487
2405519
2405520
2405616
2405649
2405842
2405890
2405916
2405922
2405923
2405990
2406018
2406123
2406147
2406157
2406163
2406189
2406190
2406223
2406425
2406450
2406521
2406524
2406611
2406612
2406613
2406762
2406811
2406814
2406816
2406817
2406821
2406823
2406826
2406872
2406892
2406947
2406948
2406996
2406997
2407100
2407103
2407115
2407116
2407117
2407119
2407121
2407207
2407210
2407283
2407288
2407296
2407358
2407376
2407400
2407402
2407403
2407404
2407409
2407410
2407411
2407412
2407413
2407420
2407448
2407451
2407452
2407453
2407454
2407479
2407480
2407486
2407506
2407510
2407519
2408175
2408223
2408370
2408372
2408558
2408583
2408584
2408605
2408632
2408687
2408720
2408734
2408739
2408863
2408901
2409026
2409083
2409088
2409093
2409094
2409096
2409099
2409100
2409101
2409103
2409114
2409121
2409128
2409131
2409133
2409144
2409145
2409150
2409300
2410028
2410161
2410174
2410208
2410212
2410259
2410271
2410313
2410318
2410320
2410321
2410355
2410364
2410375
2410376
2410388
2410448
2410453
2410454
2410462
2410466
2410470
2410471
2410482
2410483
2410505
2410522
2410541
2410547
2410557
2410568
2410583
2410588
2410610
2410706
2410773
2410778
2410779
2410783
2410841
2410843
2410870
2410881
2410905
2410922
2410950
2410963
2410982
2411023
2411066
2411109
2411130
2411224
2411228
2411234
2411347
2411379
2411389
2411409
2411483
2411545
2411589
2411591
2411599
2411750
2411757
2411758
2411759
2411762
2411763
2411805
2411812
2411819
2411824
2411960
2411961
2411971
2411972
2411974
2411994
2412039
2412053
2412117
2412141
2412151
2412152
2412227
2412231
2412233
2412245
2412336
2412339
2412341
2412349
2412350
2412361
2412363
2412364
2412373
2412384
2412385
2412449
2412450
2412453
2412563
2412565
2412676
2412685
2412729
2412972
2412998
2413042
2413058
2413274
2413283
2413285
2413297
2413308
2413311
2413312
2413324
2413325
2413557
2413589
2413708
2413911
2413914
2413915
2414115
2414957
2415180
2418413
2418429
2418769
2419835
2419966
2420036
2420046
2420054
2420069
2420388
2420396
2420399
2420401
2420408
2420410
2420432
2420445
2421135
2421162
2421341
2421391
2421510
2421665
2421675
2421686
2421689
2421726
2421831
2421838
2421984
2421987
2421988
2421993
2421994
2421995
2421996
2422016
2422022
2422033
2422044
2422055
2422060
2422149
2422164
2422166
2422218
2422235
2422237
2422244
2422259
2422260
2422267
2422278
2422280
2422323
2422501
2422503
2422504
2422508
2422511
2422512
2422513
2422515
2422615
2422631
2422636
2422659
2422670
2422671
2422672
2422675
2422679
2422680
2422681
2422682
2422685
2422686
2422688
2422690
2422694
2422871
2423097
2423101
2423105
2423107
2423109
2423224
2423275
2423361
2423370
2423371
2423517
2423588
2424089
2424123
2424137
2424155
2424280
2424283
2424288
2424432
2424598
2424604
2424626
2424628
2424635
2424641
2424643
2424748
2424793
2424798
2424799
2424800
2424802
2424803
2424806
2424808
2424809
2424829
2424841
2424875
2424876
2424881
2424884
2424885
2424964
2425039
2425041
2425059
2425076
2425077
2425080
2425081
2425247
2425248
2425533
2425542
2425543
2425548
2425555
2425559
2425577
2425578
2425679
2425699
2425877
2425957
2426053
2426055
2426082
2426103
2426163
2426333
2426534
2426655
2426656
2426745
2426827
2426831
2426952
2426965
2426978
2427134
2427139
2427149
2427200
2427201
2427205
2427472
2428203
2428206
2428218
2428219
2428222
2428227
2428741
2428832
2428856
2428934
2428985
2429103
2429110
2429111
2429428
2429561
2429789
2429791
2429793
2429799
2429895
2429923
2429925
2429939
2429941
2429944
2430118
2430128
2430133
2430147
2430159
2430163
2430336
2430366
2430368
2430374
2430375
2430377
2430378
2430475
2430523
2430524
2430543
2430549
2430563
2430565
2430574
2430605
2430634
2430635
2430636
2430801
2430809
2430826
2430834
2430856
2430863
2430889
2430908
2430912
2430921
2430940
2430952
2430966
2430970
2430976
2430977
2431021
2431032
2431135
2431142
2431164
2431200
2431305
2431375
2431376
2431378
2431384
2431388
2431395
2431440
2431442
2431446
2431449
2431450
2431484
2431799
2431807
2431855
2431918
2431924
2431938
2431948
2431965
2431974
2431977
2431978
2431985
2431994
2432040
2432078
2432092
2432102
2432105
2432108
2432142
2432155
2432161
2432165
2432168
2432183
2432205
2432257
2432262
2432267
2432268
2432303
2432307
2432310
2432403
2432405
2432412
2432438
2432440
2432449
2432453
2432472
2432475
2432477
2432583
2432584
2432868
2432880
2432901
2433105
2433156
2433268
2433277
2433278
2433281
2433283
2433307
2433845
2434552
2435095
2435190
2436020
2436052
2436290
2436935
2437213
2437633
2437692
2437714
2437736
2437737
2437739
2437747
2437748
2437763
2437767
2437777
2437790
2437793
2437796
2437799
2437881
2437926
2438052
2438161
2438172
2438178
2438186
2438266
2438270
2438350
2438357
2438424
2438485
2438490
2438551
2438555
2438671
2438739
2438758
2438764
2438767
2438817
2438823
2438837
2438847
2438849
2438954
2438974
2439042
2439105
2439137
2439144
2439441
2439962
2440518
2440562
2440582
2440601
2440603
2440623
2441241
2441295
2442104
2442444
2442862
2442908
2442931
2442932
2442934
2443580
2443599
2443665
2443954
2443961
2444086
2444244
2444447
2444789
2444792
2444859
2444888
2444917
2444994
2444997
2445009
2445019
2445023
2445026
2445188
2445285
2445378
2445616
2446085
2446089
2446090
2446099
2446100
2446114
2446116
2446137
2446224
2446360
2446376
2446464
2446516
2446681
2447051
2447096
2447236
2447369
2447621
2447648
2447717
2447774
2447816
2447848
2447855
2447913
2447931
2447953
2448004
2448028
2448029
2448030
2448051
2448124
2448125
2448197
2448308
2448312
2448333
2448334
2448336
2448401
2448411
2448446
2448459
2448461
2448548
2448564
2448585
2448641
2448650
2448721
2448722
2448724
2448779
2448823
2448826
2448829
2449227
2449499
2449765
2449766
2449767
2449776
2449926
2449943
2449948
2450024
2450056
2450064
2450068
2450087
2450094
2450311
2450547
2451030
2451199
2451207
2451208
2451278
2451460
2451494
2451495
2451500
2451503
2451518
2452507
2452543
2452977
2452980
2453500
2453660
2453661
2453663
2453664
2453665
2453666
2453799
2453980
2453994
2453999
2454000
2454103
2454138
2454808
2454824
2454955
2455781
2456069
2456142
2456149
2456446
2456470
2456574
2456576
2456604
2456653
2456657
2456666
2456667
2456670
2456754
2456756
2456890
2456891
2456893
2457572
2458247
2458273
2458804
2458805
2459146
2459147
2459152
2459158
2459241
2459268
2459281
2459536
2459544
2459614
2459615
2459635
2459670
2459674
2459679
2459680
2459698
2459703
2459708
2459710
2459711
2459881
2460079
2460097
2460114
2460119
2460191
2460200
2460218
2460221
2460227
2460229
2460292
2460330
2460516
2460525
2460752
2460753
2460777
2460782
2460867
2461018
2461019
2461148
2461159
2461223
2461224
2461242
2461245
2461253
2461297
2462384
2462446
2462470
2462478
2462591
2462742
2462759
2462767
2463008
2463097
2463115
2463152
2463164
2463168
2463173
2463178
2463185
2463268
2463414
2463464
2463503
2463504
2463512
2463517
2463524
2463529
2463530
2463531
2463536
2463546
2463553
2463651
2463814
2463815
2463896
2463897
2463899
2463917
2463948
2464271
2464285
2464288
2464292
2464406
2464417
2464419
2464438
2464507
2464701
2464705
2464706
2464720
2464722
2464725
2464847
2464910
2464919
2464920
2464933
2464981
2464990
2465006
2465009
2465024
2465025
2465059
2465062
2465068
2465070
2465072
2465073
2465074
2465135
2465136
2465147
2465162
2465164
2465270
2465320
2465323
2465335
2465472
2465646
2465658
2465758
2465787
2465794
2465835
2466086
2466111
2466122
2466126
2466142
2466493
2467042
2467054
2467263
2467283
2467329
2467536
2467546
2467565
2467626
2468083
2468262
2468677
2468678
2468690
2468971
2470041
2470136
2470314
2470376
2470382
2470383
2470389
2470406
2470414
2470416
2470417
2470658
2470690
2470738
2470818
2470826
2471062
2471098
2471355
2471541
2471545
2471569
2471630
2471648
2471649
2472180
2472503
2472745
2473002
2473390
2473437
2473525
2473535
2473541
2473542
2473544
2473596
2473610
2473866
2473952
2474057
2474064
2474076
2474078
2474089
2474108
2474127
2474198
2474234
2474389
2474450
2474507
2474564
2474566
2474584
2474585
2474596
2474605
2474633
2474648
2474651
2474725
2474777
2475114
2475117
2475514
2475523
2475524
2475559
2475568
2475591
2475601
2475604
2475718
2475728
2475747
2475748
2475755
2475764
2475804
2475810
2475823
2476290
2476299
2477214
2477219
2477220
2477318
2478854
2478871
2479096
2479099
2479109
2479110
2479742
2479767
2479813
2479865
2479878
2479902
2479960
2480021
2480040
2480146
2480186
2480197
2480228
2480230
2480232
2480362
2480370
2480463
2480857
2480861
2480928
2480950
2481128
2481416
2481494
2481671
2481682
2481687
2481706
2481707
2481708
2481709
2481904
2482088
2482312
2482316
2482317
2482318
2482679
2482683
2483031
2483115
2483134
2483139
2483279
2483563
2483687
2483725
2483853
2484138
2484209
2485174
2485310
2485366
2485374
2485375
2485376
2485379
2485381
2485382
2485383
2485384
2485385
2485386
2485387
2485388
2485389
2485684
2485698
2485709
2485748
2485821
2485822
2485823
2485824
2485825
2485826
2485827
2485828
2485830
2485831
2485832
2485833
2485834
2485853
2486234
2486237
2486243
2486244
2486245
2486246
2486263
2486346
2486370
2486557
2486572
2486647
2486784
2486787
2486788
2486789
2486808
2486824
2486871
2486885
2487061
2487062
2487067
2487108
2487141
2487174
2487186
2487266
2487313
2487321
2487322
2487324
2487326
2487328
2487367
2487428
2487483
2487486
2487490
2487491
2487598
2487599
2487601
2487605
2487606
2487745
2487748
2487749
2487750
2487766
2487771
2487818
2488116
2488120
2488124
2488127
2488129
2488130
2488133
2488134
2488250
2488347
2488459
2488466
2488467
2488468
2488469
2488476
2488507
2488513
2488516
2488518
2488522
2488525
2488526
2488533
2488535
2488536
2488538
2488541
2488542
2488543
2488544
2488546
2488547
2488548
2488567
2488570
2488571
2488572
2488573
2488574
2488577
2488578
2488579
2488589
2488597
2488598
2488599
2488600
2488603
2488604
2488605
2488611
2489017
2489251
2489319
2489323
2489378
2489486
2489504
2489515
2489549
2489558
2489563
2489633
2489643
2489653
2489673
2489687
2489809
2489815
2489844
2489864
2489897
2489899
2489927
2490006
2490008
2490009
2490012
2490137
2490262
2490263
2490413
2490414
2490415
2490416
2490417
2490418
2490419
2490420
2490421
2490422
2490424
2490425
2490501
2490578
2490580
2490583
2490585
2490613
2490620
2490657
2490678
2490679
2490725
2490726
2490785
2490796
2491025
2491026
2491027
2491033
2491072
2491074
2491131
2491316
2491317
2491336
2491337
2491338
2491339
2491340
2491341
2491342
2491343
2491344
2491345
2491357
2491364
2491370
2491371
2491380
2491382
2491385
2491389
2491394
2491395
2491397
2491399
2491401
2491402
2491403
2491406
2491423
2491424
2491427
2491435
2491437
2491441
2491442
2491497
2491513
2491650
2491690
2491693
2491694
2491695
2491696
2491697
2491699
2491700
2491701
2491702
2491705
2491721
2491722
2491741
2491770
2491781
2491910
2491937
2492190
2492295
2492299
2492311
2492386
2492388
2492391
2492402
2492403
2492404
2492406
2492407
2492445
2492450
2492452
2492628
2492629
2493006
2493802
2494153
2494393
2494405
2494406
2494410
2494419
2494421
2494422
2495312
2495314
2495324
2495331
2495336
2495350
2495351
2495353
2495354
2495361
2495373
2495374
2495376
2495377
2495538
2495540
2495544
2495556
2495557
2495558
2495561
2495564
2495568
2495944
2495958
2495982
2495983
2495984
2495990
2495991
2496008
2496016
2496019
2496095
2496097
2496098
2496108
2496115
2496243
2496496
2496500
2496505
2496516
2496517
2496520
2496521
2496522
2496783
2496828
2496829
2496830
2496832
2496834
2496835
2496836
2497306
2497461
2497489
2497491
2497494
2497498
2497503
2497509
2497510
2497512
2497515
2497547
2497579
2497598
2497599
2497605
2497669
2497732
2497785
2497795
2497818
2497935
2497940
2497965
2498584
2498590
2498628
2498636
2498679
2498691
2498813
2498910
2498928
2498936
2498948
2499020
2499021
2499029
2499030
2499035
2499043
2499044
2499045
2499046
2499049
2499051
2499052
2499056
2499059
2499060
2499067
2499072
2499073
2499117
2499118
2499123
2499235
2499243
2499349
2499605
2499618
2500188
2500210
2500467
2500749
2500878
2500895
2501249
2501268
2501270
2501283
2501598
2501601
2501644
2502297
2502789
2502893
2502907
2502908
2502918
2502983
2503173
2503191
2503195
2503397
2503902
2504064
2504355
2504356
2504398
2504401
2504426
2504429
2504440
2504452
2504456
2504469
2504481
2504483
2504490
2504520
2504522
2504533
2504555
2504614
2504635
2504654
2504655
2504658
2504661
2504733
2504734
2504738
2504741
2504743
2504747
2504760
2504762
2504770
2504771
2504804
2504841
2504888
2504897
2504908
2504909
2504915
2504980
2504985
2505082
2505091
2505105
2505106
2505107
2505140
2505148
2505150
2505154
2505157
2505161
2505164
2505210
2505289
2505294
2505297
2505301
2505302
2505303
2505304
2505332
2505348
2505349
2505380
2505385
2505390
2505408
2505412
2505415
2505430
2505456
2505461
2505463
2505545
2505553
2505748
2506006
2506136
2506569
2506653
2506654
2506698
2506699
2506730
2506734
2506735
2506762
2506770
2506918
2506925
2506928
2506976
2507003
2507015
2507019
2507038
2507047
2507117
2507124
2507257
2507293
2507330
2507333
2507342
2507345
2507590
2507647
2507650
2507657
2507658
2507660
2507679
2507680
2507696
2507739
2507771
2507781
2507795
2507832
2507843
2507854
2507919
2507921
2507927
2507975
2507993
2508009
2508023
2508036
2508056
2508057
2508058
2508138
2508154
2508354
2508377
2508382
2508394
2508417
2508436
2508444
2508452
2508932
2509195
2509199
2509245
2509470
2510234
2510257
2510292
2510312
2510313
2510317
2510320
2510327
2510331
2510337
2510340
2510341
2510344
2510355
2510954
2511222
2511268
2511551
2511584
2511593
2511594
2511748
2511796
2511836
2511865
2511867
2511875
2511877
2511881
2511898
2511904
2511905
2511985
2512227
2512301
2512316
2512479
2512681
2512682
2512683
2512697
2512699
2512701
2512767
2512775
2512777
2512778
2512779
2512829
2512850
2512851
2512908
2512919
2513077
2513094
2513396
2513510
2513541
2513544
2513639
2513654
2513805
2513955
2513962
2513967
2513968
2513973
2513974
2513976
2513977
2513982
2513983
2514004
2514122
2514140
2514147
2514153
2514154
2514156
2514395
2514846
2515252
2515254
2515307
2515443
2515694
2515699
2515776
2515780
2515818
2515853
2516027
2516028
2516129
2516137
2516303
2516304
2516349
2516516
2516546
2516761
2516820
2516825
2516909
2516910
2516916
2516981
2516982
2516986
2516987
2517005
2517034
2517055
2517064
2517072
2517073
2517074
2517075
2517080
2517082
2517096
2517097
2517098
2517367
2517447
2517448
2517564
2517608
2517622
2517761
2517762
2517861
2517862
2517965
2517974
2518004
2518014
2518028
2518037
2518149
2518315
2518620
2518647
2519040
2519305
2519330
2519334
2520230
2520231
2520232
2520233
2520235
2520236
2520237
2520407
2520408
2520409
2520413
2520418
2520453
2520500
2520501
2520504
2520527
2520535
2520547
2520553
2520566
2520727
2520730
2520742
2520743
2520758
2520761
2520770
2520783
2520785
2520796
2520938
2520941
2520948
2520955
2520963
2521272
2521273
2521279
2521307
2521315
2521316
2521321
2521323
2521364
2521412
2521416
2521438
2521511
2521622
2521630
2521638
2521649
2521670
2521768
2521782
2521783
2521787
2521788
2521794
2521973
2521996
2522000
2522004
2522008
2522012
2522023
2522209
2522406
2522666
2522679
2522750
2522907
2522909
2522912
2522917
2523098
2523110
2523111
2523120
2523121
2523143
2523145
2523152
2523174
2523177
2523178
2523183
2523189
2523192
2523194
2523201
2523205
2523228
2523251
2523281
2523282
2523294
2523299
2523308
2523310
2523317
2523400
2523401
2523403
2523471
2523520
2523528
2523529
2523576
2523592
2523597
2523599
2523609
2523629
2523631
2523635
2523644
2523646
2523659
2523661
2523664
2523786
2523982
2523984
2523997
2524001
2524010
2524012
2524104
2524123
2524125
2524130
2524135
2524186
2524192
2524267
2524368
2524369
2524375
2524486
2524490
2524492
2524499
2524532
2524542
2524543
2524657
2524704
2524705
2524798
2524817
2524837
2524852
2524916
2524917
2525097
2525186
2525188
2525189
2525195
2525208
2525219
2525310
2525476
2525477
2525481
2525483
2527571
2527581
2527701
2527707
2527712
2527734
2527743
2527748
2527758
2527762
2527777
2527916
2527917
2527919
2527933
2527947
2527948
2527949
2527974
2528008
2528017
2528019
2528020
2528023
2528041
2528046
2528218
2528242
2528252
2528255
2528260
2528276
2528279
2528305
2528313
2528319
2528389
2528392
2528393
2528396
2528397
2528471
2528476
2528542
2528553
2528569
2528571
2528573
2528577
2528590
2528599
2528601
2528603
2528607
2528629
2528635
2528940
2529062
2529124
2529131
2529136
2529146
2529150
2529297
2529311
2529358
2529502
2529606
2529691
2529692
2529693
2529696
2529697
2529706
2529707
2529714
2529719
2529834
2529850
2529921
2529998
2530004
2530011
2530040
2530218
2530761
2530762
2530962
2530965
2530966
2530977
2531008
2531032
2531035
2531044
2531053
2531064
2531077
2531082
2531172
2531176
2531178
2531185
2531212
2531230
2531231
2531235
2531236
2531237
2531240
2531301
2531327
2531351
2531362
2531439
2531443
2531444
2531596
2531623
2531665
2531671
2531672
2531720
2531769
2531857
2531862
2531887
2531976
2532009
2532039
2532052
2532085
2532086
2532090
2532091
2532141
2532145
2532149
2532150
2532152
2532205
2532218
2532223
2532243
2532245
2532253
2532323
2532421
2532422
2532426
2532427
2532481
2532561
2532564
2532567
2532571
2532576
2532642
2532648
2532651
2532656
2532660
2532756
2532767
2532770
2532774
2532781
2532798
2533034
2533162
2533164
2533166
2533170
2533180
2533183
2533184
2533190
2533193
2533312
2533367
2533389
2533658
2533666
2533671
2533673
2533691
2533741
2533798
2533906
2533910
2533921
2533928
2533929
2533933
2533936
2533945
2533969
2534014
2534025
2534034
2534042
2534050
2534094
2534102
2534192
2534242
2534344
2534345
2534357
2534451
2534538
2534565
2534567
2534730
2534859
2534964
2535868
2535890
2535892
2535895
2535896
2535897
2535898
2535902
2535903
2535977
2536192
2536206
2536207
2536208
2536209
2536235
2536263
2536265
2536267
2536269
2536270
2536274
2536363
2536365
2536367
2536374
2536377
2536411
2536440
2536484
2536485
2536527
2536551
2536555
2536556
2536650
2536651
2536655
2536731
2536819
2536820
2536825
2536839
2536874
2536875
2536877
2537023
2537024
2537098
2537107
2537125
2537129
2537141
2537150
2537151
2537152
2537155
2537162
2537165
2537185
2537190
2537258
2537259
2537260
2537319
2537321
2537325
2537585
2537592
2537595
2537621
2537626
2537627
2537640
2537643
2537644
2537645
2537646
2537650
2537657
2537659
2537660
2537661
2537665
2537687
2537689
2537702
2537711
2537720
2537725
2537735
2537944
2537945
2537968
2537996
2537999
2538030
2538031
2538034
2538155
2538184
2538198
2538212
2538277
2538733
2538734
2538736
2538738
2538861
2538872
2538880
2538895
2538896
2538990
2538991
2539077
2539078
2539080
2539084
2539085
2539090
2539096
2539283
2539285
2539302
2539315
2539325
2539331
2539335
2539341
2539342
2539389
2539391
2539392
2539393
2539431
2539457
2540060
2540102
2540205
2540224
2540250
2540252
2540303
2540341
2540360
2540382
2540383
2540639
2540649
2540654
2540655
2540663
2540664
2540673
2540674
2540682
2540685
2540686
2540688
2540689
2540690
2540692
2540695
2540704
2540708
2540715
2540879
2540881
2540882
2540883
2541173
2541232
2541258
2541260
2541261
2541268
2541273
2541334
2541357
2541441
2541444
2541447
2541448
2541449
2541450
2541452
2541453
2541455
2541456
2541458
2541459
2541501
2541642
2541643
2541715
2541749
2541751
2541802
2541805
2541807
2541997
2542239
2542250
2542251
2542252
2542380
2542381
2542403
2542404
2542408
2542422
2542428
2542439
2542445
2542671
2542769
2542824
2542969
2542974
2543029
2543036
2543097
2543175
2543382
2543393
2543394
2543436
2543608
2543644
2543729
2543730
2543820
2543835
2543858
2543871
2543873
2543901
2544025
2544045
2544138
2544235
2544290
2544446
2544451
2544456
2544523
2544631
2544693
2544780
2544851
2545009
2545168
2545200
2545288
2545306
2545314
2545315
2545316
2545317
2545332
2545347
2545351
2545352
2545355
2545375
2545379
2545380
2545384
2545389
2545391
2545392
2545442
2545461
2545464
2545467
2545469
2545487
2545491
2545549
2545551
2545554
2545571
2545572
2545574
2545577
2545578
2545602
2545607
2545610
2545635
2545636
2545646
2545655
2545687
2545690
2545691
2545700
2545704
2545705
2545707
2545713
2545714
2545717
2545736
2545739
2545743
2545745
2545798
2545802
2545825
2545826
2545885
2545900
2545901
2545915
2545987
2545988
2546001
2546007
2546008
2546010
2546029
2546035
2546036
2546042
2546054
2546056
2546057
2546058
2546061
2546062
2546064
2546088
2546092
2546093
2546095
2546099
2546108
2546112
2546113
2546117
2546118
2546120
2546124
2546142
2546150
2546157
2546160
2546165
2546167
2546172
2546229
2546349
2546350
2546363
2546475
2546477
2546584
2546656
2546657
2546744
2546798
2546918
2546932
2546940
2546941
2546988
2546991
2546992
2546993
2546994
2547108
2547143
2547155
2547228
2547244
2547245
2547284
2547349
2547353
2547424
2547427
2547428
2547429
2547431
2547432
2547438
2547439
2547444
2547507
2547509
2547511
2547525
2547527
2547528
2547586
2547594
2547921
2547922
2547930
2547931
2547932
2548022
2548049
2548068
2548137
2548140
2548202
2548208
2548378
2548379
2548462
2548478
2548485
2548496
2548537
2548547
2548658
2548660
2548708
2548738
2548740
2548741
2548744
2548745
2548748
2548750
2548764
2548769
2548778
2548779
2548784
2548845
2548846
2548853
2548856
2548857
2548858
2548859
2548862
2548870
2548872
2548873
2548874
2548875
2548876
2548930
2548932
2548935
2548943
2548965
2548981
2548994
2548995
2549000
2549004
2549045
2549052
2549135
2549137
2549138
2549139
2549140
2549222
2549244
2549300
2549301
2549302
2549303
2549306
2549369
2549371
2549373
2549376
2549387
2549389
2549391
2549395
2549396
2549402
2549403
2549404
2549420
2549421
2549422
2549423
2549425
2549426
2549431
2549432
2549506
2549524
2549582
2549595
2549652
2549801
2549838
2549932
2549979
2549984
2549986
2549991
2550512
2550554
2551748
2551764
2551923
2552122
2552184
2552186
2552712
2552714
2552718
2552720
2552721
2552722
2552723
2552724
2552726
2552727
2552728
2552729
2552816
2552835
2552844
2552922
2552924
2552932
2552933
2552934
2553147
2553235
2553309
2553441
2553444
2553448
2553452
2553489
2553490
2553501
2553598
2553736
2554234
2554326
2554339
2554597
2554752
2554755
2554770
2554775
2554776
2554777
2554778
2554779
2554780
2554781
2554782
2554802
2554806
2554809
2554812
2554813
2554832
2554880
2554885
2554886
2554890
2554891
2554892
2554893
2554902
2554910
2554911
2554912
2554917
2554918
2554919
2554921
2554922
2554925
2554929
2554930
2554931
2554936
2554938
2554939
2554940
2554942
2554943
2554952
2554964
2554975
2554981
2554983
2555003
2555018
2555063
2555979
2556005
2556035
2556106
2556108
2556113
2556114
2556116
2556118
2556128
2556312
2556347
2556462
2556463
2556599
2556695
2556700
2556701
2556704
2556705
2556715
2556816
2556843
2557527
2557631
2557705
2557714
2557715
2558016
2558843
2558845
2558846
2558849
2558850
2558856
2558861
2558982
2559300
2559305
2559313
2559314
2559315
2559368
2559615
2559685
2559695
2559697
2559698
2559699
2559715
2559716
2559720
2559722
2559725
2559733
2559734
2559743
2559744
2559749
2559842
2559852
2559854
2559855
2559856
2559857
2559858
2559859
2559860
2559863
2559864
2559867
2559886
2559891
2559900
2559902
2559904
2559910
2559918
2559923
2559924
2559931
2559933
2559938
2559939
2559943
2559944
2559949
2559950
2559957
2559962
2559966
2559968
2559969
2559978
2559983
2559984
2560084
2560085
2560086
2560087
2560088
2560089
2560093
2560094
2560095
2560096
2560200
2560208
2560277
2560282
2560293
2560335
2560341
2560347
2560348
2560399
2560412
2560415
2560426
2560432
2560443
2560446
2560449
2560461
2560462
2560479
2560490
2560517
2560522
2560526
2560527
2560528
2560530
2560608
2560617
2560618
2560619
2560623
2560624
2560630
2560631
2560678
2560694
2560734
2560857
2560945
2560957
2561054
2561055
2561061
2561142
2561143
2561151
2561153
2561173
2561186
2561187
2561210
2561218
2561240
2561252
2561322
2561711
2561712
2561722
2561723
2561728
2561752
2561818
2561823
2561920
2562082
2562085
2562086
2562088
2562089
2562090
2562093
2562094
2562096
2562102
2562104
2562110
2562156
2562162
2562193
2562194
2562198
2562207
2562209
2562210
2562211
2562213
2562221
2562222
2562224
2562229
2562230
2562237
2562241
2562242
2562247
2562248
2562257
2562259
2562284
2562285
2562287
2562288
2562289
2562317
2562321
2562324
2562326
2562453
2562463
2562466
2562470
2562478
2562483
2562486
2562493
2562495
2562496
2562498
2562502
2562513
2562517
2562527
2562529
2562531
2562533
2562536
2562544
2562546
2562623
2562629
2562630
2562631
2563668
2563670
2563671
2564310
2564312
2564323
2564324
2564328
2564331
2564332
2564334
2564335
2564584
2564585
2564586
2564587
2564590
2564591
2564613
2564617
2564711
2564722
2564743
2564775
2564785
2564816
2564999
2565001
2565117
2565163
2565171
2565190
2565205
2565242
2565268
2565409
2565457
2565458
2565494
2565564
2565653
2565751
2565787
2565803
2565847
2565924
2565926
2565934
2565987
2566067
2566069
2566072
2566144
2566152
2566154
2566155
2566171
2566172
2566180
2566189
2566258
2566259
2566280
2566282
2566295
2566469
2566656
2566658
2566667
2566686
2566803
2566832
2566847
2566850
2567009
2567048
2567053
2567054
2567060
2567061
2567200
2567244
2567251
2567371
2567476
2567652
2567673
2567682
2567703
2567710
2567717
2567718
2567819
2567883
2567887
2567889
2567890
2568210
2568212
2568214
2568217
2568233
2568268
2568276
2568326
2568329
2568330
2568331
2568350
2568360
2568364
2568389
2568456
2568511
2568571
2568573
2568673
2568779
2569064
2569080
2569082
2569084
2569090
2569091
2569095
2569102
2569109
2569113
2569114
2569115
2569222
2569240
2569269
2569274
2569533
2569546
2569559
2569575
2569600
2569689
2569703
2569706
2569766
2569898
2569917
2569919
2569920
2569936
2570032
2570049
2570052
2570515
2570518
2570778
2570836
2570850
2570921
2571046
2571112
2571113
2571233
2571237
2571238
2571267
2571273
2571296
2571305
2571310
2571314
2571320
2571325
2571336
2571343
2571344
2571347
2571356
2571362
2571363
2571373
2571374
2571375
2571376
2571385
2571396
2571397
2571401
2571405
2571407
2571415
2571419
2571774
2571784
2571981
2571983
2572235
2572249
2572286
2572298
2572400
2572412
2572438
2572439
2572708
2572719
2572874
2572943
2572944
2572951
2572952
2572954
2572955
2572956
2572957
2572958
2572959
2572996
2573020
2573185
2573187
2573242
2573244
2573274
2573353
2573398
2573496
2573578
2573589
2573591
2573597
2574474
2574639
2574774
2574785
2574914
2574923
2574925
2574937
2575088
2575118
2575230
2575243
2575251
2575285
2575298
2575329
2575350
2575368
2575375
2575377
2575399
2575430
2575499
2575698
2575766
2575771
2575789
2575803
2575806
2575816
2575821
2575892
2575897
2575902
2575905
2575906
2575913
2575915
2575916
2575935
2575952
2575956
2575975
2575992
2576062
2576071
2576098
2576100
2576114
2576116
2576164
2576171
2576278
2576287
2576390
2576391
2576421
2576567
2576590
2576594
2576612
2576613
2576639
2576652
2576676
2576719
2576724
2576732
2576751
2576757
2576768
2576792
2576809
2576827
2576972
2576973
2576976
2577022
2577025
2577044
2577049
2577104
2577106
2577115
2577121
2577177
2577263
2577331
2577351
2577352
2577365
2577650
2577652
2577660
2577955
2577958
2578066
2578072
2578104
2578187
2578304
2578306
2578323
2578402
2578405
2578417
2578421
2578449
2578475
2578541
2578612
2578623
2578626
2578676
2578823
2578825
2578830
2578831
2578872
2578890
2578891
2578897
2578901
2578910
2579041
2579046
2579131
2579149
2579181
2579196
2579212
2579216
2579224
2579415
2579421
2579495
2579497
2579499
2579500
2579501
2579516
2579582
2580090
2580128
2580132
2580133
2580135
2580140
2580142
2580232
2580233
2580330
2580345
2580346
2580509
2580513
2580514
2580515
2580527
2580530
2580535
2580536
2580543
2580546
2580562
2580563
2580564
2580565
2580567
2580591
2580592
2580622
2580643
2580644
2580645
2580646
2580648
2580649
2580651
2580658
2580659
2580660
2580662
2580669
2580691
2580977
2580979
2580984
2580999
2581027
2581041
2581044
2581055
2581061
2581062
2581086
2581088
2581116
2581150
2581153
2581154
2581157
2581159
2581160
2581170
2581177
2581180
2581181
2581185
2581198
2581203
2581205
2581209
2581218
2581219
2581220
2581222
2581224
2581315
2581329
2581330
2581336
2581358
2581411
2581423
2581424
2581426
2581428
2581437
2581448
2581458
2581466
2581605
2581822
2581823
2581928
2582089
2582099
2582182
2582349
2582380
2582393
2582402
2582407
2582411
2582466
2582468
2582480
2582498
2582518
2582533
2582534
2582537
2582540
2582541
2582542
2582546
2582547
2582548
2582589
2582611
2582622
2582627
2582630
2582631
2582634
2582635
2582636
2582637
2582638
2582639
2582642
2582653
2582665
2582717
2583067
2583119
2583170
2583229
2583346
2583460
2583699
2583734
2583755
2583793
2583857
2583997
2584169
2584195
2584196
2584204
2584667
2584719
2584795
2584819
2585738
2586251
2586256
2586258
2586259
2586260
2586262
2586265
2586271
2586272
2586273
2586276
2586285
2586287
2586294
2586300
2586301
2586302
2586305
2586308
2586310
2586311
2586314
2586316
2586321
2586324
2586325
2586326
2586340
2586342
2586344
2586345
2586346
2586347
2586348
2586349
2586350
2586351
2586352
2586354
2586356
2586392
2586402
2586410
2586412
2586416
2586417
2586425
2586440
2586441
2586444
2586459
2586464
2586480
2586481
2586483
2586486
2586565
2586579
2586623
2586624
2586632
2586653
2586659
2586753
2586755
2586756
2586913
2587006
2587050
2587054
2587104
2587200
2587204
2587210
2587214
2587218
2587224
2587289
2587293
2587294
2587299
2587302
2587306
2587307
2587313
2587322
2587400
2587405
2587437
2587443
2587491
2587500
2587537
2587541
2587568
2587570
2587571
2587579
2587580
2587594
2587595
2587626
2587632
2587633
2587634
2587635
2587637
2587649
2587652
2587653
2587787
2587948
2587966
2587977
2587987
2587988
2588080
2588085
2588092
2588105
2588136
2588166
2588180
2588302
2588469
2588470
2588480
2589019
2589020
2589021
2589023
2589025
2589026
2589027
2589035
2589046
2589052
2589053
2589075
2589076
2589112
2589117
2589118
2589120
2589122
2589160
2589163
2589166
2589172
2589175
2589178
2589179
2589180
2589184
2589242
2589247
2589386
2589536
2589608
2589610
2589655
2589657
2589848
2589945
2589946
2590006
2590045
2590053
2590054
2590059
2590108
2590141
2590467
2590543
2590589
2590591
2590604
2590611
2590612
2590613
2590614
2590615
2590616
2590620
2590622
2590630
2590641
2590643
2590645
2590646
2590856
2590894
2590926
2591204
2591351
2591355
2591377
2591386
2591430
2591462
2591463
2591465
2591469
2591470
2591505
2591517
2591520
2591522
2591523
2591551
2591552
2591705
2591707
2591763
2591764
2591766
2591768
2591769
2591771
2591773
2591774
2591839
2591841
2591853
2591858
2591889
2591993
2591998
2592009
2592011
2592014
2592016
2592073
2592114
2592134
2592151
2592168
2592169
2592171
2592193
2592194
2592195
2592196
2592197
2592198
2592199
2592200
2592201
2592202
2592219
2592220
2592221
2592222
2592223
2592262
2592345
2592346
2592347
2592348
2592361
2592386
2592416
2592436
2592439
2592440
2592442
2592479
2592480
2592481
2592496
2592513
2592514
2592522
2592528
2592529
2592530
2592533
2592534
2592535
2592545
2592565
2592566
2592567
2592595
2592623
2592638
2592640
2592656
2592657
2592668
2592669
2592680
2592686
2592695
2592696
2592697
2592698
2592699
2592700
2592701
2592715
2592716
2592722
2592727
2592729
2592732
2592733
2592738
2592739
2592740
2592741
2592743
2592744
2592746
2592748
2592749
2592753
2592760
2592761
2592766
2592767
2592770
2592773
2592805
2592814
2592816
2592821
2592825
2592826
2592828
2592829
2592830
2592834
2592837
2592838
2592840
2592841
2592842
2592844
2592847
2592848
2592865
2592892
2592895
2592900
2592908
2592909
2592912
2592914
2592915
2592918
2592919
2592921
2592922
2592923
2592997
2593010
2593011
2593014
2593018
2593019
2593020
2593021
2593023
2593024
2593025
2593027
2593030
2593031
2593032
2593033
2593034
2593035
2593036
2593037
2593038
2593039
2593044
2593045
2593047
2593048
2593050
2593085
2593097
2593107
2593109
2593111
2593141
2593152
2593153
2593155
2593156
2593157
2593161
2593166
2593168
2593185
2593188
2593190
2593206
2593211
2593212
2593215
2593220
2593231
2593237
2593240
2593251
2593253
2593256
2593264
2593265
2593268
2593272
2593282
2593286
2593290
2593296
2593301
2593334
2593351
2593367
2593383
2593390
2593398
2593399
2593458
2593460
2593462
2593463
2593484
2593485
2593495
2593510
2593511
2593513
2593514
2593515
2593517
2593518
2593519
2593527
2593537
2593539
2593540
2593541
2593542
2593548
2593555
2593557
2593558
2593566
2593576
2593577
2593578
2593591
2593600
2593605
2593610
2593611
2593617
2593626
2593628
2593630
2593670
2593674
2593676
2593678
2593687
2593697
2593708
2593731
2593736
2593771
2593775
2593779
2593781
2593782
2593789
2593790
2593792
2593793
2593797
2593798
2593799
2593800
2593813
2593817
2593818
2593819
2593824
2593825
2593826
2593832
2593833
2593834
2593839
2593842
2593846
2593847
2593848
2593849
2593850
2593864
2593868
2593870
2593871
2593872
2594018
2594135
2594144
2594145
2594146
2594147
2594148
2594149
2594150
2594151
2594493
2594528
2594563
2594565
2594604
2594647
2594664
2594668
2594724
2594733
2594744
2594759
2594825
2594830
2594846
2594876
2594887
2594911
2594913
2594916
2594944
2594963
2594965
2594970
2595035
2595042
2595043
2595054
2595056
2595057
2595058
2595100
2595101
2595123
2595137
2595194
2595213
2595328
2595332
2595334
2595335
2595400
2595409
2595424
2595426
2595454
2595456
2595461
2595468
2595470
2595472
2595473
2595511
2595518
2595519
2595520
2595530
2595533
2595535
2595536
2595541
2595542
2595550
2595559
2595569
2595573
2595576
2595580
2595582
2595583
2595584
2595585
2595587
2595611
2595614
2595617
2595632
2595658
2595667
2595708
2595710
2595724
2595764
2595770
2595806
2595811
2595819
2595822
2595823
2595825
2595827
2595828
2595829
2595830
2595831
2595832
2595833
2595837
2595838
2595854
2595855
2595927
2595988
2595989
2595992
2596013
2596015
2596084
2596111
2596139
2596149
2596165
2596174
2596186
2596275
2596319
2596326
2596327
2596328
2596330
2596395
2596397
2596410
2596411
2596422
2596424
2596425
2596460
2596466
2596467
2596468
2596471
2596472
2596476
2596497
2596503
2596504
2596505
2596506
2596507
2596509
2596510
2596511
2596512
2596514
2596516
2596537
2596547
2596548
2596549
2596551
2596552
2596553
2596554
2596555
2596556
2596557
2596559
2596576
2596577
2596578
2596579
2596587
2596618
2596773
2596900
2596944
2596948
2596949
2596950
2596954
2596957
2596959
2596964
2596966
2596975
2596976
2596977
2596978
2596979
2596980
2596981
2596982
2596983
2596984
2596985
2597026
2597037
2597208
2597222
2597265
2597270
2597274
2597438
2597516
2597521
2597522
2597523
2597525
2597526
2597528
2597529
2597530
2597531
2597532
2597533
2597534
2597536
2597537
2597604
2597605
2597620
2597632
2597635
2597656
2597660
2597661
2597685
2597711
2597718
2597719
2597720
2597721
2597722
2597723
2597725
2597726
2597729
2597731
2597733
2597735
2597766
2597768
2597769
2597770
2597782
2597784
2597791
2597795
2597798
2597806
2597808
2597810
2597816
2597819
2597823
2597825
2597827
2597900
2597902
2597922
2597956
2597979
2597991
2597999
2598000
2598002
2598010
2598080
2598082
2598086
2598088
2598090
2598091
2598092
2598098
2598099
2598158
2598161
2598166
2598167
2598171
2598212
2598233
2598237
2598249
2598257
2598281
2598288
2598322
2598331
2598333
2598338
2598339
2598341
2598348
2598388
2598389
2598398
2598400
2598401
2598402
2598407
2598408
2598409
2598412
2598413
2598423
2598426
2598427
2598428
2598433
2598435
2598443
2598448
2598457
2598459
2598463
2598466
2598490
2598492
2598502
2598520
2598521
2598522
2598523
2598524
2598525
2598526
2598527
2598528
2598530
2598532
2598586
2598673
2598794
2598900
2598903
2598919
2598922
2599034
2599036
2599038
2599045
2599048
2599050
2599052
2599053
2599054
2599055
2599056
2599057
2599058
2599060
2599095
2599114
2599115
2599119
2599134
2599154
2599158
2599169
2599170
2599171
2599172
2599190
2599194
2599199
2599226
2599232
2599246
2599294
2599302
2599309
2599310
2599312
2599313
2599409
2599412
2599418
2599420
2599421
2599428
2599429
2599434
2599437
2599442
2599444
2599445
2599446
2599448
2599453
2599454
2599460
2599461
2599468
2599477
2599494
2599496
2599498
2599507
2599516
2599536
2599539
2599559
2599699
2599701
2599733
2599872
2600098
2600099
2600102
2600104
2600107
2600109
2600113
2600121
2600122
2600123
2600124
2600125
2600127
2600128
2600131
2600132
2600133
2600135
2600136
2600141
2600144
2600148
2600153
2600162
2600163
2600164
2600165
2600168
2600169
2600170
2600171
2600172
2600173
2600181
2600222
2600226
2600227
2600266
2600267
2600268
2600281
2600285
2600289
2600290
2600298
2600299
2600300
2600301
2600302
2600304
2600305
2600307
2600310
2600334
2600335
2600339
2600635
2600704
2600706
2600707
2600779
2600784
2600819
2600837
2600838
2600839
2600857
2600876
2600877
2600891
2600902
2600913
2600921
2600940
2600941
2600960
2600963
2600966
2600990
2600997
2601008
2601009
2601010
2601050
2601088
2601095
2601096
2601107
2601110
2601151
2601152
2601155
2601182
2601187
2601188
2601195
2601196
2601239
2601245
2601246
2601253
2601255
2601257
2601259
2601269
2601278
2601280
2601282
2601290
2601294
2601300
2601302
2601303
2601313
2601338
2601373
2601393
2601401
2601402
2601403
2601405
2601412
2601413
2601493
2601498
2601729
2601739
2601740
2601743
2601744
2601745
2601785
2601788
2601798
2601864
2601877
2601911
2601922
2601925
2601927
2601941
2601992
2602004
2602005
2602010
2602013
2602014
2602017
2602018
2602019
2602027
2602094
2602100
2602101
2602102
2602103
2602111
2602121
2602128
2602129
2602131
2602132
2602141
2602179
2602181
2602187
2602225
2602235
2602262
2602310
2602315
2602330
2602355
2602362
2602366
2602370
2602377
2602416
2602423
2602427
2602434
2602461
2602463
2602466
2602467
2602628
2602667
2602742
2602743
2602764
2602823
2602828
2602836
2602853
2602856
2602858
2602859
2602861
2602862
2602884
2602923
2602925
2602926
2602927
2602932
2602935
2602937
2602938
2602940
2602941
2602942
2602943
2602944
2602945
2602948
2602955
2602956
2602957
2602958
2602959
2602971
2602972
2602975
2602982
2602983
2602985
2602986
2602987
2602994
2602997
2602999
2603000
2603003
2603008
2603010
2603012
2603016
2603019
2603022
2603026
2603028
2603103
2603106
2603125
2603130
2603144
2603145
2603146
2603148
2603156
2603169
2603171
2603177
2603185
2603189
2603193
2603199
2603200
2603201
2603202
2603211
2603212
2603213
2603215
2603238
2603239
2603240
2603242
2603243
2603245
2603246
2603250
2603253
2603254
2603256
2603257
2603308
2603311
2603313
2603315
2603331
2603343
2603344
2603356
2603360
2603362
2603363
2603377
2603383
2603384
2603412
2603419
2603420
2603422
2603427
2603430
2603436
2603438
2603441
2603442
2603445
2603453
2603454
2603457
2603467
2603470
2603474
2603475
2603478
2603495
2603527
2603530
2603544
2603549
2603550
2603557
2603589
2603592
2603597
2603600
2603605
2603607
2603608
2603609
2603614
2603622
2603629
2603630
2603633
2603641
2603645
2603647
2603650
2603665
2603666
2603669
2603685
2603701
2603708
2603709
2603712
2603723
2603738
2603766
2603771
2603775
2603781
2603782
2603786
2603789
2603793
2603795
2603798
2603800
2603802
2603874
2603879
2603883
2603884
2603915
2603917
2603918
2603921
2603923
2603924
2603925
2603929
2603931
2603932
2603933
2603934
2603935
2603938
2603939
2603942
2603947
2603950
2603951
2603952
2603954
2603959
2603961
2603993
2603995
2603996
2603998
2604000
2604002
2604004
2604005
2604006
2604007
2604008
2604010
2604011
2604012
2604013
2604029
2604054
2604055
2604084
2604087
2604088
2604090
2604092
2604435
2604437
2604465
2604467
2604469
2604644
2604645
2604648
2604650
2604652
2604752
2604770
2604788
2604792
2604794
2604797
2604798
2604799
2604803
2604815
2604828
2604830
2604832
2604834
2604835
2604838
2604843
2604861
2604864
2604868
2604870
2604871
2604873
2605119
2605122
2605137
2605148
2605154
2605155
2605156
2605157
2605158
2605159
2605160
2605161
2605165
2605167
2605175
2605176
2605178
2605179
2605181
2605183
2605202
2605216
2605217
2605222
2605224
2605228
2605237
2605238
2605292
2605302
2605309
2605312
2605313
2605314
2605316
2605317
2605319
2605321
2605322
2605323
2605326
2605329
2605360
2605363
2605371
2605373
2605375
2605376
2605377
2605378
2605478
2605497
2605559
2605575
2605577
2605596
2605606
2605607
2605608
2605609
2605610
2605611
2605612
2605614
2605615
2605616
2605618
2605620
2605624
2605625
2605626
2605630
2605631
2605632
2605633
2605635
2605636
2605637
2605642
2605643
2605644
2605645
2605646
2605647
2605651
2605652
2605653
2605657
2605658
2605659
2605709
2605715
2605718
2605720
2605721
2605723
2605724
2605751
2605753
2605760
2605761
2605762
2605789
2605790
2605801
2605807
2605818
2605822
2605823
2605826
2605827
2605834
2605836
2605838
2605840
2605841
2605842
2605843
2605844
2605845
2605846
2605854
2605857
2605858
2605859
2605862
2605872
2605875
2605877
2605879
2605903
2605914
2605916
2605917
2605920
2605979
2605983
2606023
2606027
2606036
2606097
2606101
2606174
2606181
2606185
2606201
2606317
2606320
2606323
2606325
2606327
2606328
2606329
2606330
2606331
2606333
2606335
2606339
2606341
2606342
2606343
2606344
2606345
2606346
2606347
2606348
2606351
2606352
2606353
2606354
2606356
2606357
2606359
2606362
2606364
2606365
2606368
2606370
2606371
2606374
2606381
2606382
2606385
2606388
2606389
2606390
2606391
2606395
2606400
2606406
2606407
2606408
2606409
2606416
2606420
2606422
2606424
2606426
2606452
2606457
2606459
2606460
2606463
2606476
2606477
2606478
2606482
2606489
2606491
2606493
2606502
2606504
2606507
2606513
2606517
2606518
2606522
2606523
2606525
2606527
2606536
2606537
2606538
2606539
2606567
2606571
2606574
2606577
2606579
2606586
2606590
2606593
2606594
2606597
2606598
2606601
2606606
2606608
2606615
2606623
2606629
2606631
2606639
2606642
2606643
2606645
2606646
2606648
2606651
2606652
2606655
2606656
2606662
2606667
2606670
2606671
2606675
2606678
2606681
2606682
2606683
2606684
2606685
2606686
2606687
2606792
2606800
2606802
2606803
2606806
2606808
2606809
2606810
2606811
2606812
2606813
2606826
2606827
2606829
2606831
2606834
2606845
2606847
2606848
2606851
2606852
2606854
2606855
2606857
2606860
2606862
2606864
2606867
2606871
2606874
2606876
2606883
2606884
2606887
2606890
2606891
2606892
2606895
2606899
2606900
2606902
2606905
2606907
2606909
2606912
2606919
2606921
2606928
2606929
2606932
2606934
2606940
2606941
2606943
2606946
2606947
2606951
2606952
2606954
2606957
2606959
2606966
2606967
2606968
2606969
2606974
2606980
2606983
2606985
2606987
2606988
2606991
2606997
2607000
2607002
2607004
2607012
2607015
2607017
2607018
2607019
2607021
2607022
2607024
2607025
2607032
2607033
2607035
2607037
2607040
2607041
2607042
2607048
2607050
2607052
2607054
2607055
2607056
2607057
2607061
2607062
2607063
2607065
2607066
2607068
2607071
2607072
2607073
2607074
2607076
2607078
2607079
2607080
2607082
2607083
2607084
2607085
2607086
2607087
2607088
2607090
2607091
2607093
2607096
2607097
2607098
2607100
2607101
2607103
2607104
2607105
2607106
2607129
2607132
2607139
2607141
2607142
2607145
2607149
2607736
2607838
2607840
2607890
2607891
2607893
2607894
2607898
2607902
2607942
2607955
2608382
2608454
2608458
2608459
2608549
2608561
2608564
2608599
2608617
2608622
2608623
2608688
2608744
2608754
2608755
2608761
2608770
2608773
2608774
2608775
2608782
2608795
2608802
2608804
2608806
2609012
2609013
2609120
2609137
2609147
2609148
2609154
2609266
2609346
2609371
2609390
2609415
2609551
2609568
2609582
2609719
2609747
2609748
2609749
2609751
2609753
2609755
2609758
2609764
2609773
2609776
2609781
2609782
2609783
2609788
2610361
2610527
2610553
2610570
2610652
2610653
2610656
2610659
2610798
2610947
2610973
2610988
2610998
2610999
2611008
2611009
2611010
2611011
2611012
2611013
2611014
2611015
2611018
2611021
2611023
2611024
2611026
2611029
2611031
2611034
2611036
2611037
2611038
2611040
2611047
2611061
2611063
2611065
2611130
2611176
2611178
2611183
2611184
2611185
2611227
2611230
2611234
2611236
2611238
2611362
2611363
2611429
2611434
2611437
2611453
2611480
2611487
2611503
2611530
2611676
2611725
2611726
2611881
2611985
2613159
2613161
2613162
2613164
2613195
2613217
2613241
2613365
2613381
2613395
2613398
2613400
2613401
2613402
2613454
2613470
2613485
2613488
2613535
2613539
2613553
2613556
2613557
2613558
2613559
2613561
2613600
2613698
2613700
2613707
2613708
2613711
2613725
2613727
2613735
2613739
2613741
2613752
2613762
2613765
2613775
2613778
2613797
2614020
2614068
2614178
2614188
2614226
2614232
2614236
2614369
2614388
2614494
2614654
2614656
2614787
2614788
2614799
2614803
2614820
2614887
2614931
2614932
2614962
2614975
2614981
2614993
2615006
2615007
2615008
2615012
2615014
2615017
2615030
2615031
2615036
2615037
2615043
2615046
2615058
2615059
2615060
2615066
2615068
2615079
2615080
2615081
2615082
2615084
2615087
2615089
2615098
2615154
2615155
2615156
2615161
2615166
2615180
2615190
2615193
2615195
2615197
2615210
2615211
2615216
2615218
2615222
2615251
2615617
2615618
2615697
2615739
2615746
2615752
2615757
2615772
2615779
2615814
2615863
2615864
2615866
2615899
2615903
2615904
2615929
2615930
2615931
2615932
2615936
2615965
2615970
2616028
2616036
2616040
2616074
2616231
2616239
2616240
2616242
2616243
2616244
2616247
2616394
2616428
2617013
2617015
2617017
2617019
2617061
2617096
2617104
2617107
2617115
2617117
2617121
2617126
2617132
2617135
2617142
2617162
2617168
2617175
2617178
2617198
2617204
2617234
2617244
2617249
2617255
2617256
2617262
2617320
2617537
2617890
2617891
2617911
2617913
2617921
2617948
2617949
2617950
2617952
2617953
2617954
2617965
2617972
2617973
2618137
2618141
2618144
2618145
2618237
2618280
2618284
2618336
2618337
2618338
2618339
2618406
2618410
2618411
2618413
2618414
2618415
2618468
2618469
2618473
2618475
2618476
2618477
2618478
2618484
2618488
2618502
2618505
2618531
2618533
2618559
2618564
2618576
2618608
2618611
2618613
2618625
2618626
2618699
2618700
2618702
2618709
2618739
2618743
2618744
2618747
2618749
2618949
2619241
2619248
2619271
2619272
2619276
2619277
2619279
2619283
2619284
2619292
2619302
2619303
2619304
2619305
2619306
2619307
2619309
2619310
2619311
2619312
2619322
2619338
2619339
2619340
2619342
2619343
2619352
2619364
2619366
2619368
2619369
2619371
2619372
2619373
2619384
2619401
2619402
2619403
2619405
2619407
2619408
2619410
2619411
2619412
2619428
2619433
2619434
2619494
2619516
2619560
2619646
2619676
2619728
2619732
2619744
2619745
2619756
2619773
2619884
2619898
2619899
2619900
2619901
2619902
2619907
2619908
2619909
2619915
2619916
2619928
2619942
2619943
2619945
2619956
2619958
2619959
2619960
2619961
2619971
2619973
2619974
2619978
2619979
2619980
2619981
2619982
2619984
2619986
2619988
2619999
2620000
2620001
2620002
2620004
2620016
2620017
2620021
2620022
2620083
2620086
2620087
2620088
2620089
2620163
2620164
2620173
2620176
2620177
2620178
2620223
2620229
2620231
2620233
2620234
2620235
2620236
2620238
2620240
2620241
2620248
2620289
2620321
2620323
2620375
2620376
2620379
2620380
2620416
2620417
2620464
2620465
2620468
2620469
2620497
2620498
2620499
2620501
2620502
2620503
2620504
2620507
2620509
2620580
2620581
2620587
2620603
2620604
2620606
2620614
2620616
2620630
2620829
2620991
2621001
2621002
2621005
2621007
2621010
2621022
2621024
2621025
2621026
2621028
2621029
2621045
2621081
2621196
2621198
2621199
2621209
2621210
2621258
2621272
2621273
2621274
2621285
2621292
2621293
2621294
2621306
2621310
2621318
2621362
2621369
2621385
2621389
2621398
2621419
2621424
2621455
2621627
2621673
2621812
2621827
2621838
2621911
2621919
2621921
2621922
2621949
2621954
2621959
2621960
2621961
2621965
2621971
2621974
2621977
2621980
2621981
2621985
2621989
2621993
2621994
2621999
2622002
2622008
2622009
2622010
2622012
2622024
2622037
2622049
2622054
2622060
2622061
2622064
2622065
2622068
2622070
2622109
2622134
2622139
2622143
2622144
2622150
2622151
2622153
2622155
2622157
2622185
2622272
2622546
2622547
2622579
2622603
2622681
2622920
2622933
2623100
2623113
2623117
2623134
2623214
2623216
2623325
2623364
2623367
2623368
2623378
2623392
2623399
2623400
2623402
2623403
2623404
2623407
2623511
2623536
2623614
2623621
2623625
2623644
2623646
2623647
2623648
2623649
2623687
2623715
2623718
2623773
2623787
2623788
2623838
2623891
2623899
2623901
2623910
2623918
2623919
2623920
2623921
2623940
2623978
2623990
2624027
2624327
2624328
2624329
2624330
2624334
2624340
2624341
2624342
2624352
2624355
2624437
2624497
2624521
2624539
2624590
2624595
2624600
2624630
2624642
2624678
2624977
2625199
2625206
2625207
2625209
2625210
2625214
2625224
2625235
2625242
2625244
2625245
2625252
2625260
2625261
2625262
2625263
2625267
2625269
2625273
2625330
2625333
2625334
2625339
2625342
2625345
2625346
2625398
2625400
2625403
2625408
2625415
2625417
2625421
2625422
2625430
2625433
2625439
2625443
2625445
2625449
2625453
2625459
2625464
2625466
2625467
2625471
2625472
2625480
2625481
2625482
2625491
2625492
2625497
2625498
2625505
2625513
2625514
2625520
2625522
2625527
2625529
2625536
2625576
2625577
2625585
2625589
2625590
2625611
2625612
2625617
2625618
2625632
2625635
2625636
2625637
2625664
2625665
2625674
2625677
2625728
2625740
2625741
2625742
2625755
2625758
2625766
2625767
2625781
2625787
2625800
2625815
2625855
2625888
2625913
2625920
2625924
2625926
2625930
2625936
2625949
2626083
2626119
2626148
2626149
2626300
2626339
2626344
2626348
2626378
2626450
2626452
2626500
2626508
2626511
2626552
2626559
2626614
2626648
2626649
2626657
2626663
2626685
2626836
2626837
2626896
2626919
2626920
2627063
2627065
2627074
2627138
2627353
2627451
2627531
2627533
2627763
2627774
2627826
2627830
2627832
2627836
2627844
2627851
2627854
2627867
2627870
2627873
2627874
2627875
2627876
2627877
2627878
2627879
2627881
2627883
2627886
2627888
2627902
2627911
2627912
2627913
2627918
2627929
2627930
2627931
2627938
2627949
2627954
2627971
2627982
2627986
2627989
2627991
2627993
2627996
2627998
2628001
2628027
2628030
2628045
2628124
2628139
2628140
2628151
2628154
2628197
2628232
2628337
2628374
2628546
2628569
2628571
2628580
2628766
2628789
2628790
2628827
2628828
2628854
2628856
2628887
2628888
2628984
2628988
2629111
2629138
2629143
2629150
2629160
2629161
2629173
2629224
2629281
2629287
2629297
2629406
2629413
2629414
2629418
2629468
2629499
2629508
2629514
2629530
2629562
2629566
2629567
2629585
2629587
2629600
2629667
2629668
2629728
2629742
2629747
2629755
2629768
2629902
2629920
2629922
2629923
2629927
2629931
2630035
2630038
2630045
2630106
2630111
2630112
2630113
2630185
2630186
2630227
2630244
2630265
2630318
2630326
2630327
2630377
2630412
2630413
2630454
2630455
2630456
2630459
2630463
2630464
2630465
2630538
2630715
2630836
2630870
2630942
2630954
2630955
2630969
2630977
2630987
2630995
2631003
2631039
2631044
2631047
2631048
2631050
2631054
2631055
2631075
2631077
2631081
2631083
2631094
2631097
2631105
2631112
2631114
2631119
2631121
2631125
2631126
2631139
2631149
2631150
2631200
2631212
2631217
2631223
2631263
2631282
2631284
2631289
2631290
2631292
2631300
2631303
2631330
2631370
2631372
2631377
2631378
2631380
2631418
2631428
2631431
2631433
2631437
2631441
2631443
2631444
2631485
2631489
2631495
2631496
2631497
2631498
2631500
2631509
2631522
2631523
2631535
2631536
2631580
2631684
2631783
2631801
2631845
2631848
2631865
2631866
2631895
2631896
2631903
2631906
2631952
2631971
2631974
2632019
2632020
2632024
2632036
2632049
2632054
2632055
2632056
2632057
2632060
2632064
2632068
2632069
2632108
2632144
2632146
2632150
2632152
2632170
2632203
2632257
2632266
2632324
2632340
2632378
2632383
2632435
2632436
2632437
2632439
2632441
2632442
2632443
2632494
2632503
2632505
2632506
2632507
2632508
2632521
2632538
2632564
2632597
2632680
2632681
2632710
2632801
2632805
2632825
2632908
2632917
2632992
2633000
2633002
2633028
2633041
2633047
2633051
2633081
2633094
2633114
2633115
2633151
2633165
2633184
2633245
2633249
2633251
2633254
2633255
2633259
2633260
2633296
2633297
2633339
2633344
2633345
2633346
2633349
2633361
2633363
2633372
2633387
2633392
2633396
2633413
2633418
2633447
2633489
2633493
2633494
2633495
2633497
2633524
2633540
2633546
2633547
2633557
2633559
2633562
2633568
2633571
2633574
2633575
2633577
2633580
2633587
2633595
2633596
2633598
2633600
2633604
2633612
2633621
2633624
2633628
2633629
2633631
2633648
2633650
2633673
2633694
2633695
2633697
2633701
2633707
2633708
2633709
2633711
2633717
2633720
2633721
2633725
2633728
2633731
2633733
2633762
2633771
2633784
2633787
2633788
2633789
2633791
2633833
2633834
2633840
2633845
2633863
2633871
2633878
2633919
2633921
2633922
2633932
2633934
2633936
2633940
2633978
2633981
2633991
2633992
2633995
2633997
2634004
2634007
2634017
2634018
2634020
2634022
2634082
2634094
2634107
2634112
2634118
2634124
2634132
2634134
2634138
2634139
2634186
2634200
2634210
2634217
2634218
2634222
2634226
2634271
2634272
2634291
2634298
2634398
2634400
2634404
2634458
2634462
2634490
2634693
2634698
2634819
2634825
2634826
2634831
2634839
2634849
2634970
2634972
2635067
2635071
2635172
2635187
2635639
2635702
2635726
2635990
2636010
2636024
2636029
2636326
2636659
2636702
2636722
2636725
2636727
2636777
2636790
2636809
2636810
2636812
2636822
2636832
2636850
2636857
2636858
2636869
2636891
2636894
2636895
2636896
2637013
2637179
2637463
2637495
2637593
2637596
2637627
2637631
2637645
2637646
2637670
2637673
2637705
2637708
2637712
2637715
2637981
2638058
2638252
2638474
2638476
2638477
2638504
2638661
2638767
2638974
2639072
2639084
2639092
2639110
2639151
2639284
2639290
2639312
2639313
2639320
2639321
2639335
2639386
2639400
2639401
2639435
2639436
2639439
2639586
2639616
2639639
2639869
2639927
2639935
2639939
2639941
2640007
2640022
2640038
2640040
2640045
2640048
2640143
2640155
2640161
2640354
2640363
2640367
2640586
2640598
2640599
2640604
2640607
2640612
2640615
2640618
2640627
2640631
2640635
2640640
2640648
2640663
2640669
2640672
2640673
2640694
2640697
2640710
2640711
2640712
2640713
2640714
2640715
2640718
2640753
2640761
2640771
2640772
2640776
2640781
2640789
2640798
2640828
2640833
2640834
2640835
2640837
2640849
2640861
2640920
2640964
2640965
2641007
2641018
2641019
2641045
2641066
2641068
2641109
2641165
2641168
2641199
2641208
2641213
2641244
2641268
2641485
2641489
2641492
2641528
2641532
2641535
2641536
2641548
2641554
2641578
2641604
2641705
2641749
2641772
2641773
2641778
2641781
2641787
2641798
2641799
2641801
2641803
2641813
2641815
2641816
2641817
2641818
2641819
2641820
2641868
2641874
2641879
2641883
2641886
2641911
2641923
2641927
2641928
2641957
2642068
2642069
2642092
2642100
2642163
2642188
2642196
2642229
2642240
2642243
2642256
2642257
2642260
2642261
2642264
2642266
2642267
2642268
2642280
2642290
2642292
2642351
2642360
2642361
2642370
2642371
2642372
2642373
2642374
2642457
2642471
2642473
2642475
2642476
2642480
2642484
2642488
2642489
2642490
2642491
2642504
2642512
2642513
2642523
2642560
2642565
2642570
2642579
2642582
2642593
2642602
2642607
2642615
2642652
2642659
2642804
2642816
2643474
2643480
2643607
2643608
2643661
2643688
2643690
2643754
2643772
2643795
2643797
2643843
2643845
2643846
2643847
2643848
2643851
2643853
2643886
2643888
2643911
2643913
2643932
2643937
2643943
2643964
2643965
2643968
2643969
2643986
2643988
2643997
2644019
2644053
2644058
2644065
2644068
2644069
2644071
2644080
2644099
2644100
2644109
2644115
2644118
2644119
2644560
2644561
2644566
2644568
2644569
2644570
2644572
2644574
2644575
2644579
2644581
2644583
2644588
2644590
2644594
2644597
2644599
2644602
2644607
2644610
2644616
2644619
2644621
2644623
2644624
2644635
2644636
2644637
2644643
2644652
2644653
2644654
2644657
2644659
2644660
2644661
2644662
2644665
2644666
2644674
2644677
2644678
2644685
2644687
2644691
2644694
2644696
2644697
2644701
2644706
2644710
2644711
2644714
2644720
2644722
2644730
2644733
2644734
2644736
2644745
2644748
2644757
2644788
2644799
2644803
2644809
2644818
2644821
2644830
2644834
2644839
2644840
2644847
2644857
2644864
2644866
2644870
2644874
2644878
2644882
2644887
2644891
2644896
2644897
2644899
2644902
2644907
2644908
2644917
2644918
2644919
2644920
2644922
2644923
2644925
2644926
2644927
2644929
2644930
2644931
2644932
2644933
2644935
2644936
2644943
2644945
2644947
2644948
2644949
2644950
2644951
2644952
2644954
2644955
2644961
2644962
2644971
2644975
2644979
2644980
2644981
2644988
2644992
2644995
2644997
2644998
2645001
2645004
2645011
2645014
2645021
2645023
2645024
2645031
2645036
2645039
2645044
2645053
2645059
2645061
2645063
2645070
2645077
2645078
2645080
2645081
2645084
2645085
2645088
2645098
2645108
2645110
2645115
2645116
2645117
2645120
2645121
2645124
2645125
2645126
2645128
2645130
2645131
2645132
2645133
2645153
2645154
2645156
2645164
2645169
2645174
2645175
2645176
2645180
2645183
2645185
2645190
2645194
2645198
2645204
2645208
2645210
2645214
2645215
2645217
2645222
2645224
2645226
2645229
2645279
2645281
2645284
2645289
2645290
2645292
2645297
2645302
2645306
2645310
2645312
2645321
2645339
2645340
2645341
2645342
2645347
2645349
2645350
2645351
2645352
2645355
2645360
2645362
2645368
2645371
2645403
2645407
2645411
2645412
2645413
2645419
2645423
2645428
2645461
2645462
2645467
2645469
2645473
2645479
2645480
2645481
2645482
2645486
2645489
2645491
2645494
2645495
2645500
2645508
2645510
2645511
2645515
2645520
2645522
2645523
2645525
2645526
2645532
2645535
2645536
2645539
2645543
2645545
2645547
2645552
2645553
2645557
2645558
2645560
2645562
2645570
2645572
2645577
2645578
2645579
2645581
2645586
2645587
2645589
2645595
2645596
2645597
2645601
2645602
2645618
2645622
2645627
2645630
2645652
2645700
2645778
2645786
2645807
2645808
2645812
2645821
2645824
2645829
2645923
2645924
2645938
2645939
2645941
2645951
2645952
2645997
2646075
2646078
2646092
2646112
2646113
2646114
2646115
2646116
2646117
2646118
2646120
2646137
2646143
2646145
2646150
2646154
2646157
2646159
2646160
2646162
2646163
2646184
2646186
2646187
2646190
2646192
2646193
2646195
2646196
2646197
2646199
2646200
2646201
2646202
2646211
2646212
2646213
2646216
2646218
2646219
2646221
2646223
2646224
2646225
2646226
2646229
2646231
2646232
2646233
2646245
2646248
2646249
2646250
2646254
2646255
2646257
2646258
2646267
2646269
2646271
2646275
2646283
2646286
2646287
2646289
2646322
2646326
2646327
2646328
2646330
2646332
2646333
2646335
2646336
2646337
2646354
2646374
2646378
2646379
2646385
2646390
2646391
2646399
2646400
2646401
2646404
2646407
2646408
2646409
2646411
2646413
2646419
2646420
2646421
2646422
2646423
2646424
2646425
2646426
2646428
2646429
2646430
2646431
2646447
2646462
2646468
2646476
2646480
2646486
2646487
2646488
2646491
2646495
2646496
2646497
2646520
2646554
2646574
2646585
2646586
2646605
2646647
2646648
2646673
2646683
2646685
2646746
2646760
2646762
2646827
2647054
2647066
2647070
2647072
2647083
2647086
2647092
2647093
2647094
2647096
2647101
2647106
2647120
2647128
2647154
2647161
2647322
2647325
2647340
2647347
2647470
2647505
2647512
2647532
2647558
2647596
2647654
2647685
2647770
2647785
2647791
2647796
2647815
2647823
2647848
2647926
2647948
2647970
2647974
2647978
2647992
2647997
2648019
2648030
2648132
2648134
2648135
2648136
2648137
2648138
2648139
2648160
2648179
2648183
2648198
2648801
2649202
2649243
2649246
2649604
2649804
2649806
2649807
2649845
2649853
2649858
2649913
2649956
2649966
2650109
2650115
2650118
2650222
2650249
2650250
2650257
2650334
2650335
2650468
2650474
2650520
2650521
2650522
2650525
2650616
2650618
2650626
2650630
2651781
2651892
2651894
2651929
2651931
2651942
2652176
2652233
2652331
2652374
2652770
2652965
2653044
2653307
2653400
2653586
2653633
2653729
2653914
2653917
2654144
2654156
2654157
2654570
2655439
2655536
2655575
2655590
2655594
2656126
2657127
2657457
2657545
2657698
2657704
2657893
2657912
2657935
2658141
2658169
2658926
2659003
2659004
2659054
2659059
2659160
2659851
2659868
2659878
2659885
2659911
2659912
2660055
2660219
2660256
2660262
2660263
2660271
2660272
2660322
2660345
2660376
2660569
2660601
2660606
2660608
2660609
2660610
2660666
2661192
2661243
2661262
2661276
2661794
2661800
2661824
2661825
2661827
2661830
2661906
2661912
2661935
2661938
2661977
2661982
2662070
2662071
2662075
2662488
2662623
2662654
2662689
2662706
2662715
2662853
2662874
2662942
2662966
2663004
2663005
2663071
2663075
2663077
2663078
2663079
2663081
2663082
2663084
2663100
2663112
2663160
2663182
2663192
2663196
2663224
2663266
2663275
2663276
2663305
2663317
2663362
2663414
2663423
2663435
2663459
2663473
2663791
2664244
2664246
2664380
2664402
2664405
2664450
2664462
2664471
2664477
2664525
2664530
2664564
2664593
2664606
2664608
2665065
2665244
2665247
2665344
2665366
2665378
2665423
2665435
2665445
2665473
2665497
2665509
2665591
2665616
2665622
2665704
2665705
2665711
2665718
2665763
2665776
2665790
2665796
2665818
2665821
2665829
2665857
2665862
2665915
2665916
2665920
2665922
2665940
2665945
2665996
2665997
2666013
2666015
2666032
2666036
2666047
2666057
2666064
2666070
2666089
2666092
2666153
2666166
2666167
2666170
2666171
2666172
2666173
2666182
2666184
2666185
2666188
2666194
2666199
2666204
2666207
2666211
2666220
2666225
2666257
2666258
2666264
2666294
2666309
2666310
2666320
2666404
2666417
2666420
2666433
2666486
2666543
2666557
2666559
2666565
2666628
2666657
2666668
2666670
2666701
2666781
2666784
2666785
2666789
2666790
2666819
2666828
2666850
2666852
2666855
2666858
2666872
2666983
2666984
2667008
2667052
2667055
2667060
2667102
2667112
2667114
2667121
2667292
2667312
2667355
2667356
2667357
2667362
2667375
2667393
2667394
2667420
2667430
2667437
2667438
2667472
2667475
2667478
2667479
2667502
2667507
2667508
2667521
2667523
2667532
2667533
2667577
2667719
2667741
2667744
2667745
2667746
2667754
2667759
2667763
2667768
2667776
2667789
2667846
2667849
2667874
2667908
2667960
2667964
2667965
2668108
2668115
2668159
2668161
2668163
2668177
2668253
2668256
2668259
2668260
2668262
2668269
2668271
2668285
2668296
2668322
2668333
2668378
2668380
2668385
2668387
2668389
2668430
2668445
2668452
2668468
2668478
2668483
2668487
2668503
2668504
2668507
2668509
2668511
2668513
2668514
2668515
2668610
2668613
2668615
2668619
2668621
2668634
2668642
2668646
2668663
2668684
2668690
2668730
2668732
2668735
2668738
2668739
2668743
2668745
2668749
2668754
2668756
2668765
2668783
2668792
2668809
2668816
2668818
2668840
2668842
2668906
2668915
2668917
2668925
2668929
2668936
2668937
2668940
2668942
2668945
2668946
2668952
2668954
2668957
2668960
2668963
2668965
2668969
2668970
2668974
2668975
2668989
2668990
2668997
2669010
2669012
2669186
2669195
2669235
2669241
2669258
2669259
2669261
2669263
2669268
2669331
2669340
2669341
2669342
2669353
2669386
2669409
2669444
2669480
2669481
2669485
2669487
2669503
2669559
2669566
2669575
2669600
2669606
2669609
2669616
2669618
2669625
2669626
2669629
2669633
2669634
2669639
2669647
2669652
2669661
2669672
2669674
2669676
2669678
2669679
2669680
2669683
2669684
2669685
2669686
2669689
2669690
2669700
2669703
2669715
2669723
2669725
2669726
2669729
2669732
2669741
2669753
2669754
2669756
2669757
2669760
2669764
2669766
2669767
2669768
2669771
2669772
2669777
2669788
2669789
2669790
2669792
2669860
2669890
2669909
2669917
2669949
2669951
2669965
2670395
2670905
2670907
2670963
2671385
2671511
2671537
2671659
2671791
2671816
2671845
2671867
2672020
2672053
2672061
2672072
2672083
2672124
2672136
2672472
2672512
2672597
2672639
2672664
2672679
2672683
2672700
2672738
2672783
2672790
2672800
2672872
2672875
2673039
2673040
2673046
2673069
2673094
2673101
2673107
2673122
2673130
2673318
2673343
2673416
2673436
2673439
2673440
2673443
2673456
2673505
2673514
2673553
2673597
2673676
2673682
2673687
2673690
2673691
2673692
2673693
2673694
2673695
2673765
2673769
2673771
2673775
2673797
2673798
2673815
2673822
2673844
2673865
2673870
2673871
2673878
2673905
2673922
2673929
2673947
2673957
2674656
2674749
2674782
2674817
2674835
2674836
2674881
2675129
2675217
2676207
2676291
2676360
2676432
2676966
2677140
2677169
2677176
2677247
2677402
2677555
2677787
2677804
2677838
2677849
2677993
2678006
2678009
2678012
2678013
2678014
2678015
2678031
2678032
2678033
2678035
2678040
2678045
2678048
2678052
2678054
2678061
2678071
2678072
2678079
2678080
2678125
2678154
2678158
2678168
2678169
2678172
2678175
2678176
2678177
2678180
2678182
2678183
2678184
2678185
2678280
2678283
2678284
2678290
2678293
2678294
2678295
2678296
2678297
2678299
2678301
2678302
2678305
2678306
2678308
2678648
2678655
2678656
2678658
2678659
2678660
2678665
2678667
2678668
2678670
2678671
2678677
2678684
2678685
2678686
2678687
2678689
2678691
2678693
2678695
2678702
2678709
2678710
2678712
2678713
2678714
2678715
2678721
2678723
2678861
2678867
2679183
2679192
2679194
2679283
2679876
2679883
2679896
2679897
2679898
2679899
2679900
2679901
2679902
2679910
2679913
2679916
2679917
2679918
2679919
2679921
2679922
2679923
2679924
2679928
2679935
2679937
2679938
2680012
2680075
2680079
2680081
2680162
2680192
2680230
2680243
2680250
2680254
2680258
2680281
2680282
2680283
2680284
2680285
2680294
2680298
2680306
2680308
2680313
2680318
2680320
2680433
2680436
2680439
2680442
2680443
2680448
2680459
2680463
2680465
2680472
2680473
2680474
2680475
2680479
2680481
2680947
2680948
2680949
2680950
2680952
2680953
2680956
2680957
2680959
2680960
2680961
2680963
2680966
2680968
2680969
2680975
2680976
2680978
2680984
2680985
2680986
2680987
2680988
2680989
2680990
2680991
2680993
2680994
2680995
2680996
2681005
2681010
2681022
2681023
2681028
2681033
2681034
2681036
2681039
2681040
2681126
2681127
2681129
2681130
2681136
2681137
2681138
2681141
2681142
2681144
2681145
2681146
2681147
2681148
2681149
2681151
2681153
2681155
2681326
2681329
2681330
2681332
2681336
2681347
2681383
2681467
2681471
2681475
2681476
2681477
2681478
2681479
2681514
2681516
2681517
2681533
2681534
2681535
2681538
2681539
2681547
2681548
2681550
2681553
2681554
2681556
2681557
2681558
2681559
2681561
2681562
2681568
2681573
2681578
2681588
2681596
2681598
2681601
2681602
2681603
2681608
2681609
2681613
2681614
2681615
2681617
2681621
2681625
2681627
2681629
2681658
2681659
2681666
2681690
2681719
2681728
2681729
2681730
2681731
2681732
2681825
2681872
2681875
2681879
2681881
2681896
2681904
2681918
2681924
2681948
2681950
2681964
2681965
2681967
2682086
2682108
2682133
2682144
2682146
2682148
2682149
2682150
2682153
2682165
2682167
2682169
2682173
2682175
2682180
2682182
2682184
2682185
2682198
2682204
2682299
2682301
2682303
2682308
2682309
2682310
2682314
2682315
2682316
2682321
2682322
2682328
2682333
2682341
2682342
2682353
2682355
2682356
2682362
2682364
2682366
2682378
2682407
2682422
2682431
2682439
2682441
2682442
2682447
2682449
2682450
2682452
2682458
2682460
2682465
2682471
2682476
2682477
2682479
2682492
2682494
2682500
2682502
2682503
2682504
2682505
2682526
2682535
2682537
2682542
2682543
2682549
2682554
2682562
2682572
2682574
2682579
2682581
2682583
2682601
2682602
2682615
2682617
2682624
2682626
2682629
2682650
2682667
2682677
2682700
2682717
2682722
2682732
2682743
2682761
2682762
2682794
2682795
2682801
2682802
2682803
2682807
2682809
2682814
2682818
2682824
2682828
2682837
2682846
2682850
2682852
2682870
2682883
2682890
2682892
2682910
2682911
2682914
2682917
2683002
2683454
2683455
2683467
2683470
2683473
2684216
2684286
2684429
2684432
2684459
2684473
2684476
2684477
2684479
2684613
2684634
2684637
2684730
2684739
2684746
2684747
2684748
2684749
2684773
2684774
2684780
2684781
2684792
2684800
2684801
2684802
2684812
2684818
2684837
2684841
2684843
2684850
2684857
2684890
2684892
2684895
2684908
2684909
2685485
2685520
2685526
2685544
2685550
2685552
2685553
2685554
2685555
2685556
2685559
2685572
2685583
2685587
2685590
2685592
2685617
2685618
2685619
2685636
2685638
2685641
2685643
2685648
2685649
2685671
2685702
2685735
2685740
2685741
2685752
2685789
2685790
2685811
2685865
2685880
2685884
2685914
2685922
2685923
2685979
2685987
2686109
2686204
2686210
2686217
2686250
2686251
2686260
2686266
2686288
2686292
2686299
2686303
2686313
2686318
2686319
2686325
2686333
2686334
2686340
2686341
2686355
2686364
2686380
2686495
2686650
2686699
2686700
2686705
2686713
2686730
2686739
2686740
2686746
2686747
2686750
2686779
2686810
2686828
2686836
2686841
2686862
2686870
2686886
2686893
2686894
2686895
2686896
2686897
2686899
2686900
2686901
2686902
2686903
2686906
2686983
2687006
2687008
2687016
2687023
2687024
2687026
2687027
2687028
2687060
2687105
2687106
2687129
2687137
2687138
2687139
2687156
2687163
2687164
2687188
2687189
2687197
2687199
2687201
2687427
2687479
2687505
2687511
2687512
2687545
2687566
2687567
2687568
2687579
2687583
2687584
2687585
2687586
2687660
2687676
2687684
2687696
2687697
2687739
2687949
2688062
2688096
2688107
2688175
2688187
2688214
2688237
2688292
2688295
2688311
2688312
2688313
2688448
2688449
2688520
2688526
2688558
2688566
2688568
2688578
2688581
2688623
2688644
2688650
2688667
2688668
2688675
2688698
2688772
2688804
2688810
2688812
2688813
2688903
2688912
2688915
2688941
2688942
2688991
2689015
2689016
2689021
2689025
2689028
2689037
2689041
2689043
2689044
2689049
2689052
2689055
2689059
2689142
2689279
2689360
2689445
2689458
2689474
2689663
2689664
2689673
2689674
2689675
2689676
2689677
2689681
2689689
2689690
2689698
2689699
2689705
2689706
2689708
2689709
2689710
2689713
2689825
2689827
2689852
2689854
2689855
2689856
2689858
2689885
2689891
2689898
2689905
2689906
2689917
2689920
2689929
2689930
2689931
2689933
2689934
2689940
2689941
2689946
2689949
2689952
2689980
2690019
2690045
2690068
2690161
2690167
2690168
2690171
2690177
2690178
2690195
2690213
2690234
2690238
2690244
2690249
2690281
2690475
2690501
2690504
2690641
2690736
2690737
2690799
2690827
2691009
2691115
2691185
2691193
2691194
2691195
2691198
2691233
2691237
2691240
2691246
2691247
2691248
2691256
2691272
2691280
2691288
2691289
2691334
2691336
2691341
2691342
2691348
2691386
2691397
2691415
2691430
2691441
2691443
2691445
2691446
2691458
2691459
2691468
2691481
2691487
2691497
2691498
2691522
2691567
2691671
2691677
2691807
2691808
2691829
2691913
2692001
2692194
2692208
2692211
2692219
2692220
2692231
2692234
2692239
2692240
2692241
2692242
2692244
2692245
2692315
2692322
2692323
2692326
2692327
2692458
2692477
2692507
2692532
2692537
2692539
2692563
2692568
2692569
2692574
2692627
2692629
2692630
2692636
2692709
2692877
2693106
2693110
2693117
2693119
2693124
2693238
2693255
2693256
2693257
2693260
2693292
2693294
2693301
2693303
2693408
2693428
2693440
2693495
2693547
2693548
2693551
2693552
2693561
2693583
2693621
2693638
2693650
2693666
2693703
2693743
2693749
2693756
2693885
2693887
2693889
2693890
2693892
2693893
2693895
2693896
2693898
2693919
2693959
2693964
2693965
2693966
2693967
2693968
2694049
2694050
2694064
2694068
2694085
2694091
2694105
2694110
2694112
2694117
2694130
2694135
2694137
2694140
2694143
2694145
2694157
2694167
2694175
2694183
2694194
2694202
2694237
2694249
2694336
2694344
2694348
2694416
2694422
2694440
2694691
2694804
2694838
2694848
2694857
2694859
2694883
2696220
2696271
2696300
2696302
2696312
2696705
2696707
2696713
2696720
2696917
2696918
2696953
2696956
2697216
2697232
2697287
2697292
2697391
2697401
2697415
2697483
2697484
2697489
2697881
2698117
2698247
2698249
2698266
2698268
2698272
2698275
2698278
2698282
2698283
2698284
2698339
2698347
2698349
2698354
2698355
2698369
2698372
2698377
2698379
2698380
2698381
2698382
2698429
2698438
2698439
2698440
2698442
2698446
2698447
2698448
2698449
2698450
2698529
2698532
2698533
2698538
2698541
2698551
2698559
2698565
2698583
2698585
2698592
2698617
2698623
2698628
2698634
2698635
2698641
2698645
2698657
2698660
2698665
2698666
2698673
2698675
2698752
2698753
2698790
2698791
2698793
2698800
2698820
2698822
2698824
2698825
2698827
2698828
2698829
2698840
2698841
2698842
2698843
2698845
2698846
2698896
2698900
2698929
2698960
2698962
2698997
2699093
2699353
2699400
2699410
2699420
2699528
2699554
2699841
2699842
2699894
2699902
2699953
2699957
2699964
2700038
2700333
2700337
2700347
2700565
2700587
2700598
2700599
2700692
2700705
2700706
2700707
2700709
2700711
2700717
2700718
2700900
2700920
2701039
2701268
2701269
2701270
2701400
2701403
2701414
2701415
2701738
2702283
2702444
2702448
2702629
2702669
2702689
2702925
2702936
2703093
2703319
2703320
2703388
2704444
2704646
2704761
2704774
2704824
2704826
2704858
2704860
2705010
2705035
2705275
2705280
2705294
2705415
2705473
2705484
2705717
2705732
2705767
2705845
2705846
2705848
2705849
2705852
2705855
2705857
2706017
2706025
2706159
2706260
2706262
2706263
2706266
2706272
2706290
2706296
2706352
2706353
2706357
2706358
2706359
2706360
2706363
2706365
2706366
2706368
2706369
2706371
2706372
2706373
2706380
2706382
2706393
2706399
2706707
2706769
2706820
2706860
2706863
2706966
2706969
2706976
2707042
2707048
2707052
2707053
2707055
2707060
2707061
2707062
2707164
2707181
2707220
2707459
2707468
2707469
2707491
2707513
2707518
2707653
2707658
2707711
2707712
2707753
2707775
2707821
2707825
2707876
2707877
2707900
2707905
2707932
2707934
2707939
2707999
2708020
2708169
2708171
2708206
2708447
2708479
2708546
2708552
2708675
2708707
2708733
2708743
2708758
2708769
2709099
2709248
2709265
2709277
2709666
2709686
2709706
2709729
2709774
2709901
2709928
2709945
2710059
2710061
2710152
2710156
2710207
2710387
2710607
2710764
2710772
2710992
2711029
2711150
2711274
2711276
2711330
2711334
2711337
2711339
2711342
2711343
2711344
2711416
2711435
2711443
2711485
2711595
2711597
2711613
2711618
2711619
2711620
2711621
2711648
2711649
2711650
2711651
2711656
2711657
2711658
2711659
2711680
2711681
2711684
2711686
2711693
2711699
2711715
2711719
2711720
2711723
2711724
2711725
2711730
2711731
2711751
2711755
2711757
2711758
2711760
2711761
2711762
2711784
2711785
2711787
2711836
2711837
2711845
2711868
2711869
2711875
2711883
2711905
2711907
2711911
2711912
2711913
2711914
2711915
2711917
2711936
2711948
2711949
2711961
2711966
2711968
2711969
2711975
2712002
2712020
2712026
2712028
2712031
2712032
2712037
2712041
2712096
2712101
2712102
2712103
2712107
2712110
2712125
2712129
2712133
2712134
2712135
2712136
2712138
2712139
2712140
2712141
2712153
2712156
2712163
2712164
2712166
2712167
2712168
2712172
2712219
2712222
2712223
2712226
2712227
2712231
2712238
2712239
2712242
2712248
2712251
2712252
2712253
2712254
2712256
2712265
2712267
2712269
2712270
2712273
2712274
2712296
2712331
2712335
2712336
2712340
2712341
2712342
2712347
2712353
2712355
2712356
2712358
2712359
2712360
2712362
2712364
2712366
2712368
2712371
2712373
2712374
2712378
2712381
2712382
2712383
2712384
2712418
2712421
2712442
2712447
2712481
2712482
2712483
2712484
2712488
2712489
2712500
2712501
2712502
2712510
2712511
2712512
2712638
2712719
2712725
2712740
2712767
2712802
2712808
2712822
2712823
2712847
2712881
2712884
2712924
2712991
2712997
2713005
2713011
2713046
2713048
2713051
2713055
2713058
2713059
2713060
2713064
2713098
2713099
2713129
2713130
2713187
2713190
2713219
2713236
2713238
2713260
2713273
2713298
2713300
2713304
2713306
2713307
2713315
2713319
2713321
2713322
2713327
2713330
2713332
2713357
2713360
2713458
2713464
2713495
2713522
2713523
2713525
2713532
2713576
2713577
2713580
2713596
2713597
2713599
2713601
2713603
2713604
2713607
2713608
2713617
2713619
2713621
2713622
2713625
2713626
2713648
2713649
2713664
2713667
2713685
2713687
2713698
2713699
2713703
2713706
2713871
2713875
2713930
2713994
2714317
2714318
2714322
2714355
2714376
2714381
2714382
2714426
2714427
2714428
2714468
2714582
2714585
2714759
2714762
2714806
2714825
2714829
2714833
2714834
2714835
2714836
2714837
2714846
2714848
2714850
2714859
2714865
2714901
2714902
2714906
2714909
2714922
2714923
2714924
2714925
2714928
2714929
2714939
2714945
2714947
2714948
2714951
2714952
2714990
2714991
2714992
2715001
2715033
2715057
2715116
2715117
2715118
2715185
2715239
2715252
2715257
2715259
2715277
2715283
2715287
2715288
2715293
2715294
2715299
2715305
2715306
2715307
2715321
2715326
2715327
2715328
2715330
2715334
2715336
2715343
2715354
2715366
2715408
2715425
2715434
2715444
2715445
2715450
2715451
2715452
2715453
2715455
2715456
2715457
2715460
2715461
2715471
2715472
2715477
2715478
2715479
2715481
2715482
2715485
2715486
2715499
2715507
2715508
2715509
2715511
2715512
2715515
2715516
2715528
2715540
2715545
2715554
2715564
2715570
2715571
2715573
2715574
2715575
2715576
2715577
2715578
2715579
2715581
2715582
2715592
2715598
2715599
2715600
2715601
2715602
2715603
2715605
2715606
2715622
2715638
2715646
2715647
2715650
2715651
2715677
2715727
2715810
2715814
2715831
2715842
2715843
2715845
2715846
2715880
2715945
2715970
2715973
2715975
2715976
2715980
2715984
2715991
2716008
2716016
2716018
2716021
2716023
2716024
2716028
2716042
2716047
2716076
2716087
2716105
2716114
2716116
2716117
2716118
2716120
2716121
2716140
2716143
2716144
2716145
2716146
2716147
2716148
2716165
2716166
2716190
2716191
2716195
2716222
2716224
2716229
2716230
2716301
2716305
2716309
2716312
2716315
2716323
2716324
2716341
2716342
2716343
2716360
2716373
2716383
2716400
2716419
2716420
2716422
2716423
2716562
2716563
2716601
2716626
2716676
2716677
2716764
2716806
2716898
2716905
2716911
2716914
2716916
2716946
2716949
2716953
2716962
2716963
2716971
2717019
2717020
2717026
2717027
2717092
2717110
2717159
2717210
2717221
2717276
2717280
2717347
2717349
2717354
2717413
2717416
2717417
2717437
2717463
2717470
2717582
2717603
2717604
2717633
2717695
2717696
2717698
2717700
2717701
2717705
2717706
2717709
2717714
2717718
2717720
2717727
2717760
2717761
2717763
2717767
2717771
2717775
2717776
2717865
2717869
2717871
2717872
2717873
2717878
2717882
2717883
2717912
2717933
2717949
2717953
2717957
2718127
2718142
2718143
2718152
2718222
2718232
2718239
2718241
2718242
2718256
2718281
2718326
2718329
2718336
2718437
2718450
2718452
2718775
2718781
2718782
2718783
2718784
2718787
2718867
2718903
2718939
2718943
2718959
2718964
2719016
2719019
2719029
2719033
2719041
2719046
2719051
2719057
2719059
2719065
2719163
2719231
2719243
2719247
2719248
2719249
2719250
2719277
2719286
2719291
2719297
2719442
2719729
2719736
2719800
2719803
2719806
2719808
2719815
2719819
2719820
2719884
2719892
2719914
2720275
2720288
2720297
2720348
2720350
2720396
2720405
2720416
2720421
2720443
2720447
2720450
2720451
2720454
2720547
2720557
2720564
2720619
2720652
2720658
2720660
2720667
2720668
2720670
2720674
2720675
2720676
2720678
2720679
2720685
2720688
2720726
2720740
2720752
2720760
2720771
2720777
2720851
2720862
2720863
2720868
2720869
2720875
2720877
2720878
2720883
2720919
2720937
2720943
2720949
2720951
2720953
2720956
2720958
2720966
2720970
2720973
2720974
2720977
2720979
2720981
2720991
2721115
2721141
2721149
2721152
2721153
2721157
2721167
2721176
2721179
2721180
2721181
2721185
2721186
2721187
2721188
2721193
2721194
2721196
2721204
2721213
2721217
2721219
2721221
2721227
2721245
2721249
2721250
2721251
2721254
2721256
2721257
2721258
2721304
2721306
2721307
2721309
2721310
2721342
2721343
2721350
2721351
2721353
2721354
2721355
2721359
2721366
2721367
2721372
2721373
2721377
2721378
2721381
2721385
2721386
2721388
2721389
2721632
2721638
2721648
2721657
2721661
2722042
2722229
2722230
2722239
2722243
2722254
2722259
2722261
2722264
2722266
2722272
2722273
2722278
2722281
2722289
2722299
2722310
2722378
2722385
2722388
2722389
2722392
2722394
2722397
2722401
2722402
2722403
2722404
2722430
2722438
2722439
2722490
2722498
2722503
2722509
2722510
2722511
2722514
2722517
2722523
2722524
2722527
2722528
2722537
2722538
2722539
2722540
2722541
2722547
2722557
2722614
2722621
2722625
2722626
2722662
2722678
2722687
2722696
2722700
2722703
2722706
2722707
2722708
2722715
2722723
2722724
2722725
2722726
2722748
2722813
2722818
2722820
2722824
2722834
2722838
2722936
2722942
2722971
2722978
2722979
2722980
2722981
2722982
2722983
2722984
2723009
2723014
2723015
2723019
2723026
2723027
2723028
2723029
2723030
2723031
2723050
2723066
2723109
2723111
2723123
2723138
2723142
2723163
2723166
2723169
2723223
2723227
2723228
2723229
2723232
2723316
2723321
2723330
2723331
2723334
2723336
2723350
2723358
2723360
2723363
2723365
2723368
2723371
2723373
2723429
2723435
2723436
2723438
2723439
2723443
2723446
2723447
2723459
2723462
2723520
2723529
2723530
2723531
2723532
2723533
2723545
2723553
2723595
2723596
2723612
2723658
2723659
2723664
2723681
2723697
2723712
2723719
2723725
2723726
2723732
2723744
2723747
2723757
2723763
2723767
2723770
2723772
2723846
2723854
2723862
2723869
2723870
2723873
2723874
2723875
2723879
2723885
2723886
2723888
2723892
2723903
2723906
2723957
2723973
2723991
2723999
2724006
2724007
2724044
2724045
2724049
2724050
2724070
2724071
2724112
2724123
2724127
2724128
2724161
2724170
2724172
2724239
2724301
2724302
2724504
2724505
2724509
2724512
2724517
2724537
2724561
2724574
2724578
2724582
2724607
2724610
2724621
2724624
2724631
2724637
2724643
2724762
2724765
2724805
2724812
2724826
2724831
2724833
2724835
2724836
2724960
2724972
2724975
2724980
2724992
2724994
2724995
2724998
2725001
2725071
2725080
2725086
2725089
2725090
2725092
2725094
2725115
2725164
2725270
2725283
2725288
2725379
2725386
2725395
2725406
2725416
2725418
2725648
2725675
2725683
2725686
2725745
2725747
2725751
2725753
2725818
2725834
2725836
2725839
2725841
2726008
2726017
2726086
2726114
2726117
2726121
2726125
2726156
2726212
2726237
2726308
2726310
2726385
2726418
2726733
2726738
2726742
2726744
2726747
2726780
2726792
2726795
2726796
2726821
2726830
2726832
2726833
2726978
2726979
2727050
2727051
2727155
2727162
2727213
2727236
2727257
2727275
2727283
2727289
2727305
2727307
2727320
2727341
2727364
2727382
2727391
2727392
2727402
2727404
2727433
2727445
2727447
2727700
2727765
2727798
2727832
2727863
2727992
2727994
2727996
2727997
2728000
2728002
2728007
2728016
2728025
2728029
2728033
2728036
2728040
2728047
2728053
2728056
2728059
2728060
2728062
2728091
2728093
2728098
2728100
2728132
2728151
2728173
2728174
2728188
2728203
2728267
2728286
2728287
2728293
2728294
2728297
2728300
2728360
2728395
2728398
2728452
2728470
2728484
2728623
2728628
2728645
2728650
2728652
2728653
2728681
2728686
2728711
2728716
2728717
2728718
2728722
2728723
2728725
2728729
2728730
2728732
2728734
2728737
2728748
2728761
2728762
2728766
2728771
2728772
2728776
2728778
2728789
2728793
2728796
2728803
2728807
2728809
2728927
2728928
2728944
2728961
2729009
2729013
2729020
2729034
2729035
2729036
2729038
2729040
2729041
2729142
2729158
2729174
2729217
2729223
2729241
2729245
2729436
2729437
2729440
2729443
2729444
2729446
2729447
2729448
2729450
2729451
2729453
2729454
2729455
2729456
2729459
2729460
2729473
2729475
2729480
2729481
2729482
2729483
2729486
2729564
2729584
2729598
2729599
2729601
2729606
2729607
2729610
2729611
2729612
2729613
2729614
2729615
2729616
2729617
2729645
2729661
2729662
2729663
2729664
2729815
2729914
2729925
2730030
2730043
2730047
2730054
2730057
2730061
2730069
2730070
2730073
2730084
2730187
2730216
2730217
2730218
2730219
2730253
2730264
2730308
2730351
2730430
2730466
2730469
2730519
2730571
2730620
2730643
2730709
2730718
2730729
2730741
2730746
2730748
2730756
2730758
2730759
2730797
2730821
2730824
2730839
2730864
2730889
2730896
2730904
2730905
2730916
2730918
2730921
2730922
2730925
2730928
2730929
2730930
2730934
2730939
2730942
2730943
2730944
2730953
2730963
2730970
2730972
2730977
2730986
2730990
2730998
2730999
2731002
2731005
2731041
2731052
2731053
2731057
2731060
2731064
2731082
2731086
2731087
2731088
2731095
2731097
2731100
2731101
2731115
2731125
2731126
2731131
2731143
2731147
2731150
2731167
2731169
2731172
2731175
2731198
2731201
2731203
2731208
2731209
2731244
2731558
2731566
2731584
2731589
2731594
2731601
2731621
2731630
2731631
2731632
2731637
2731638
2731665
2731674
2731675
2731677
2731691
2731696
2731708
2731722
2731727
2731728
2731739
2731760
2731771
2731790
2731795
2731802
2731815
2731819
2731830
2731864
2731865
2731872
2731873
2731874
2731875
2731910
2731916
2731936
2731947
2731996
2732001
2732029
2732080
2732256
2732259
2732566
2732650
2732663
2732700
2732706
2732707
2732731
2732737
2732751
2732763
2732765
2732766
2732768
2732838
2733084
2733085
2733096
2733098
2733099
2733101
2733146
2733160
2733161
2733167
2733172
2733182
2733194
2733218
2733222
2733223
2733226
2733229
2733235
2733236
2733238
2733240
2733242
2733271
2733272
2733273
2733274
2733280
2733285
2733295
2733303
2733315
2733333
2733346
2733354
2733368
2733378
2733380
2733381
2733384
2733386
2733390
2733392
2733396
2733397
2733409
2733413
2733417
2733420
2733423
2733501
2733502
2733503
2733505
2733507
2733508
2733513
2733515
2733516
2733520
2733542
2733565
2733598
2733695
2733696
2733706
2733732
2733742
2733743
2733744
2733745
2733763
2733774
2733775
2733776
2733778
2733797
2733813
2733817
2733902
2733980
2734006
2734026
2734029
2734082
2734110
2734147
2734156
2734163
2734165
2734240
2734248
2734250
2734251
2734304
2734307
2734343
2734385
2734456
2734469
2734575
2734585
2734714
2734715
2734747
2734768
2734906
2734992
2735041
2735057
2735126
2735157
2735174
2735180
2735190
2735192
2735195
2735198
2735201
2735218
2735227
2735229
2735257
2735263
2735265
2735266
2735267
2735306
2735314
2735316
2735317
2735318
2735319
2735371
2735383
2735387
2735389
2735392
2735393
2735395
2735399
2735401
2735402
2735403
2735405
2735406
2735474
2735496
2735510
2735650
2735653
2735664
2735787
2735882
2735969
2735990
2736081
2736099
2736101
2736113
2736123
2736127
2736128
2736129
2736130
2736131
2736204
2736207
2736212
2736215
2736216
2736229
2736234
2736235
2736236
2736238
2736243
2736252
2736254
2736266
2736296
2736300
2736301
2736304
2736324
2736381
2736382
2736383
2736404
2736410
2736412
2736413
2736451
2736475
2736477
2736497
2736525
2736538
2736581
2736585
2736589
2736592
2736596
2736602
2736603
2736605
2736609
2736615
2736617
2736653
2736654
2736669
2736672
2736675
2736687
2736693
2736698
2736709
2736836
2736890
2736935
2736944
2736970
2737038
2737089
2737136
2737217
2737341
2737431
2737453
2737476
2737477
2737580
2737589
2737604
2737651
2737657
2737659
2737668
2737702
2737711
2737712
2737716
2737726
2737774
2737874
2737902
2737972
2737982
2737986
2737993
2738000
2738001
2738008
2738009
2738010
2738012
2738018
2738089
2738119
2738122
2738141
2738143
2738145
2738147
2738189
2738295
2738297
2738354
2738359
2738361
2738365
2738369
2738370
2738402
2738428
2738430
2738450
2738456
2738457
2738459
2738475
2738476
2738477
2738478
2738494
2738517
2738552
2738560
2738561
2738596
2738597
2738599
2738601
2738603
2738605
2738618
2738623
2738625
2738626
2738678
2738713
2738719
2738720
2738728
2738733
2738735
2738736
2738737
2738809
2738821
2738847
2738935
2738943
2738953
2738955
2738967
2738969
2739032
2739039
2739053
2739061
2739118
2739130
2739131
2739132
2739134
2739135
2739177
2739193
2739194
2739204
2739205
2739225
2739239
2739264
2739266
2739268
2739277
2739284
2739285
2739286
2739287
2739297
2739299
2739321
2739323
2739325
2739348
2739444
2739450
2739454
2739484
2739638
2739668
2739691
2739694
2739695
2739696
2739724
2739733
2739804
2739806
2739816
2739981
2739990
2739992
2740000
2740005
2740024
2740188
2740211
2740213
2740250
2740254
2740258
2740269
2740271
2740272
2740277
2740280
2740283
2740305
2740311
2740317
2740362
2740365
2740382
2740384
2740388
2740390
2740474
2740601
2740607
2740610
2740616
2740662
2740668
2740691
2740701
2740723
2740731
2740746
2740748
2740756
2740757
2740772
2740773
2740777
2740780
2740795
2740796
2740803
2740805
2740843
2740850
2740855
2740891
2740898
2740908
2740924
2740994
2740995
2741080
2741093
2741106
2741112
2741113
2741136
2741143
2741146
2741187
2741209
2741227
2741311
2741344
2741401
2741410
2741418
2741435
2741459
2741495
2741509
2741533
2741539
2741556
2741560
2741651
2741652
2741656
2741696
2741712
2741718
2741723
2741725
2741730
2741757
2741764
2741775
2741916
2741957
2741958
2741964
2741968
2741982
2741989
2742019
2742020
2742022
2742024
2742025
2742050
2742051
2742052
2742054
2742056
2742072
2742076
2742083
2742084
2742092
2742103
2742105
2742107
2742114
2742116
2742117
2742127
2742128
2742136
2742138
2742139
2742168
2742175
2742177
2742186
2742199
2742207
2742212
2742251
2742269
2742277
2742285
2742287
2742307
2742324
2742326
2742331
2742332
2742346
2742347
2742349
2742351
2742352
2742354
2742364
2742366
2742367
2742375
2742379
2742380
2742384
2742392
2742393
2742400
2742406
2742410
2742411
2742412
2742423
2742426
2742430
2742433
2742434
2742435
2742436
2742489
2742505
2742506
2742508
2742509
2742516
2742519
2742520
2742522
2742527
2742528
2742530
2742532
2742533
2742534
2742536
2742543
2742647
2742684
2742708
2742743
2742747
2742758
2742759
2742763
2742771
2742773
2742774
2742775
2742776
2742777
2742779
2742780
2742795
2742870
2742907
2742921
2742936
2742939
2742953
2742956
2742978
2743004
2743049
2743096
2743107
2743121
2743124
2743127
2743130
2743131
2743132
2743134
2743137
2743141
2743145
2743216
2743344
2743345
2743390
2743399
2743446
2743467
2743472
2743475
2743536
2743559
2743610
2743611
2743612
2743615
2743616
2743617
2743618
2743619
2743642
2743643
2743644
2743646
2743650
2743658
2743731
2743864
2743917
2743918
2743940
2743941
2744052
2744062
2744583
2744629
2744641
2744677
2744681
2744698
2744717
2744727
2744748
2744750
2744756
2744757
2744758
2744759
2744760
2744761
2744762
2744764
2744826
2744832
2744904
2744906
2744954
2745096
2745106
2745115
2745141
2745151
2745152
2745179
2745181
2745189
2745190
2745191
2745192
2745308
2745383
2745397
2745419
2745426
2745427
2745428
2745446
2745462
2745520
2745597
2745599
2745600
2745601
2745602
2745618
2745629
2745694
2745696
2745701
2745702
2745703
2745704
2745705
2745707
2745717
2745725
2745764
2745773
2745774
2745775
2745796
2745798
2745805
2745806
2745809
2745905
2745990
2745993
2746040
2746045
2746076
2746085
2746086
2746095
2746161
2746198
2746206
2746237
2746241
2746253
2746260
2746328
2746369
2746371
2746378
2746379
2746383
2746425
2746435
2746457
2746527
2747141
2747176
2747212
2747279
2747286
2747313
2747315
2747321
2747322
2747324
2747326
2747343
2747400
2747405
2747406
2747521
2747525
2747526
2747527
2747681
2747803
2747900
2747973
2747997
2747999
2748000
2748001
2748003
2748224
2748276
2748278
2748305
2748309
2748342
2748345
2748619
2748651
2748760
2748772
2748834
2748953
2749169
2749395
2749408
2749418
2749433
2749440
2749443
2749446
2749495
2749657
2749659
2749744
2749758
2749759
2749760
2749761
2749771
2749782
2749804
2749818
2749827
2749835
2749836
2749840
2749841
2749851
2749856
2749858
2749878
2749880
2749882
2749896
2749897
2749903
2749905
2749906
2749907
2749909
2749981
2749986
2749988
2749989
2750005
2750011
2750013
2750014
2750110
2750133
2750210
2750213
2750214
2750217
2750219
2750220
2750222
2750224
2750225
2750227
2750232
2750235
2750239
2750245
2750247
2750258
2750261
2750262
2750263
2750265
2750272
2750273
2750274
2750275
2750282
2750285
2750289
2750296
2750297
2750301
2750302
2750310
2750313
2750317
2750325
2750335
2750347
2750348
2750349
2750351
2750354
2750537
2750539
2750571
2750584
2750603
2750614
2750618
2750653
2750690
2750691
2750692
2750693
2750698
2750701
2750705
2750709
2750710
2750711
2750712
2750713
2750714
2750715
2750716
2750717
2750718
2750721
2750722
2750727
2750728
2750729
2750730
2750732
2750734
2750736
2750737
2750740
2750741
2750743
2750744
2750746
2750754
2750756
2750757
2750758
2750759
2750760
2750761
2750762
2750765
2750772
2750778
2750781
2750785
2750791
2750800
2750801
2750805
2750808
2750809
2750810
2750811
2750812
2750814
2750818
2750821
2750822
2750823
2750833
2750840
2750841
2750843
2750844
2750845
2750855
2750860
2750861
2750862
2750864
2750865
2750868
2750869
2750875
2750878
2750880
2750881
2750883
2750884
2750887
2750888
2750889
2750891
2750895
2750898
2750901
2750903
2750904
2750906
2750907
2750908
2750912
2750913
2750930
2750933
2750934
2750935
2750936
2750941
2750949
2750950
2750951
2750953
2750954
2750956
2750957
2750964
2750965
2750969
2750983
2750985
2750986
2750987
2750988
2750994
2751013
2751014
2751016
2751017
2751018
2751019
2751023
2751025
2751027
2751028
2751030
2751032
2751413
2751433
2751493
2751759
2751787
2751795
2751863
2751895
2751901
2751905
2751910
2751911
2751945
2751968
2752002
2752146
2752374
2752432
2752433
2752436
2752487
2752488
2752490
2752493
2752758
2752766
2752767
2752768
2752769
2752782
2752832
2752931
2752956
2753004
2753030
2753034
2753040
2753056
2753072
2753099
2753100
2753112
2753121
2753160
2753161
2753179
2753205
2753207
2753208
2753235
2753296
2753359
2753384
2753397
2753398
2753431
2753568
2753588
2753673
2753719
2753725
2753735
2753747
2753807
2753814
2753815
2753835
2753877
2753891
2753892
2753903
2754016
2754046
2754628
2754825
2754850
2754884
2755060
2755314
2755894
2755899
2757011
2757025
2757066
2757178
2757185
2757188
2757201
2757213
2757225
2757228
2757230
2757234
2757244
2757256
2757259
2757267
2757270
2757271
2757272
2757317
2757360
2757369
2757379
2757389
2757398
2757399
2757402
2757423
2757426
2757432
2757433
2757434
2757439
2757441
2757490
2757683
2758025
2758043
2758083
2758085
2758086
2758087
2758115
2758122
2758124
2758128
2758131
2758173
2758181
2758187
2758285
2758293
2758300
2758302
2758305
2758385
2758406
2758429
2758435
2758438
2758439
2758578
2758751
2758817
2758819
2758821
2758822
2758823
2758824
2758833
2758862
2758863
2758926
2758927
2759036
2759042
2759105
2759160
2759162
2759261
2759310
2759311
2759313
2759316
2759348
2759350
2759351
2759357
2759470
2759502
2759737
2759830
2759864
2760037
2760038
2760056
2760059
2760238
2760249
2760329
2760418
2760718
2760792
2761012
2761248
2761312
2761319
2761323
2761324
2761327
2761342
2761357
2761361
2761383
2761429
2761798
2761864
2761875
2762019
2762074
2762076
2762188
2762223
2762246
2762347
2762560
2762687
2762700
2762701
2762702
2762902
2763983
2763988
2763993
2763998
2764295
2764580
2764620
2764681
2764686
2764688
2764692
2764769
2764795
2764873
2764900
2765153
2765231
2765251
2765504
2765574
2765602
2765603
2765610
2765616
2765850
2765857
2766008
2766094
2766109
2766283
2766349
2766486
2766589
2766590
2766596
2766604
2766720
2766764
2766768
2766770
2766934
2766939
2766943
2766946
2766985
2766991
2766995
2766996
2766998
2767003
2767046
2767072
2767155
2767156
2767157
2767158
2767183
2767186
2767217
2767218
2767222
2767231
2767232
2767249
2767284
2767293
2767329
2767339
2767348
2767388
2767406
2767411
2767425
2767428
2767441
2767491
2767549
2767667
2767838
2767863
2767864
2767915
2767936
2767953
2768084
2768087
2768088
2768089
2768105
2768108
2768110
2768114
2768782
2768934
2768935
2768939
2768952
2768985
2768994
2769037
2769042
2769060
2769111
2769114
2769116
2769126
2769127
2769133
2769134
2769139
2769140
2769142
2769151
2769155
2769156
2769157
2769161
2769166
2769285
2769287
2769605
2769610
2769653
2769779
2769792
2769808
2769814
2769829
2769830
2769831
2770584
2770588
2770597
2770613
2770616
2770617
2770644
2770885
2770890
2770910
2770932
2771334
2771816
2771833
2771977
2771984
2771985
2771993
2772149
2772383
2772750
2772752
2772757
2772758
2772859
2772873
2773435
2773451
2773486
2773489
2773494
2773604
2773616
2773689
2773722
2773728
2773990
2773994
2774134
2774165
2774220
2774223
2774226
2774261
2774271
2774276
2774278
2774279
2774281
2774282
2774283
2774289
2774417
2774441
2774447
2774450
2774501
2774565
2774617
2774676
2774680
2774738
2774775
2774776
2774777
2774780
2774792
2774793
2774798
2774810
2774815
2774819
2774905
2774914
2774915
2775053
2775058
2775121
2775122
2775256
2775257
2775264
2775271
2775272
2775276
2775416
2775511
2775512
2775517
2775519
2775521
2775522
2775585
2775686
2775754
2776578
2776586
2776715
2776717
2776945
2776962
2776965
2776966
2777199
2777204
2777391
2777399
2777401
2777410
2777567
2777589
2777595
2777598
2777602
2777786
2777788
2777794
2777804
2777805
2777806
2777821
2777833
2777847
2777886
2778026
2778029
2778033
2778036
2778068
2778098
2778122
2778136
2778149
2778256
2778350
2778362
2778372
2778381
2778390
2778454
2778458
2778465
2778466
2778467
2778468
2778471
2778475
2778478
2778484
2778518
2778710
2778721
2778839
2778840
2778842
2778843
2778854
2779023
2779047
2779245
2779249
2779256
2779305
2779332
2779336
2779375
2779714
2779726
2779803
2779982
2779986
2779990
2780152
2780322
2780357
2780358
2780367
2780411
2780704
2781250
2781292
2781786
2782067
2782131
2782192
2782735
2782881
2782887
2782888
2782891
2782892
2782966
2783096
2783141
2783146
2783147
2783148
2783253
2783268
2783269
2783275
2783280
2783284
2783506
2783940
2784039
2784057
2784100
2784344
2784359
2784374
2784802
2785453
2785902
2785906
2785972
2786000
2786111
2786252
2786286
2786524
2786651
2787308
2787516
2787520
2787546
2787552
2787581
2787582
2787589
2787593
2787606
2787607
2787608
2787610
2787611
2787615
2787619
2787625
2787626
2787631
2787632
2787638
2787643
2787646
2787648
2787649
2787940
2787952
2788232
2788716
2788722
2788724
2788726
2788729
2789796
2790424
2790846
2790850
2790854
2790858
2790860
2790868
2790870
2791073
2791097
2791098
2791099
2791142
2791180
2791562
2793189
2794419
2794426
2794433
2794436
2794442
2794447
2794452
2794457
2794536
2794542
2794549
2794550
2794562
2794665
2794679
2794702
2794737
2795310
2795317
2795319
2795321
2795387
2795448
2795580
2795581
2795584
2795587
2795652
2795662
2795827
2796601
2796609
2796610
2796613
2796614
2797216
2797218
2797231
2797320
2797330
2797335
2797347
2797389
2797398
2797468
2797478
2797508
2797509
2797529
2797587
2797617
2797623
2797624
2797640
2797641
2797642
2797667
2797688
2800070
2800071
2800090
2800091
2800690
2800831
2801540
2801541
2801542
2801554
2801566
2801641
2801655
2801729
2801746
2801814
2801827
2801828
2801844
2801848
2801886
2801889
2801902
2801915
2801930
2801954
2801974
2801991
2801995
2802008
2802011
2802014
2802065
2802106
2802152
2802368
2802403
2802496
2802497
2802498
2802500
2802501
2802502
2802628
2802642
2802776
2802779
2803371
2803425
2803722
2803792
2803827
2803829
2803840
2803841
2803862
2803863
2803904
2803940
2803990
2803998
2804063
2804153
2804180
2804183
2804200
2804242
2804516
2804522
2804559
2804560
2804572
2804584
2804588
2804607
2804991
2805001
2805172
2805173
2805383
2806018
2806063
2806089
2806091
2806093
2806096
2806097
2806098
2806102
2806103
2806105
2806108
2806110
2806111
2806112
2806113
2806193
2806323
2806390
2806428
2806429
2806484
2806696
2806747
2806890
2807469
2807745
2807941
2808028
2808151
2808159
2808162
2808166
2808206
2808421
2808439
2808691
2808692
2808699
2808706
2808737
2808922
2808995
2809142
2809152
2810370
2811244
2811252
2811258
2811671
2811853
2811856
2811946
2812775
2812795
2812854
2813081
2813083
2813419
2813605
2814012
2814252
2814287
2814470
2814508
2814567
2814575
2814588
2814692
2814709
2814710
2814714
2814722
2814737
2814738
2814743
2814744
2814749
2814750
2814870
2814874
2814876
2814893
2814896
2814899
2814963
2814965
2814981
2814982
2814985
2815074
2815075
2815082
2815093
2815094
2815167
2815237
2815246
2815250
2815262
2815362
2815363
2815364
2815366
2815367
2815368
2815372
2815381
2815383
2815385
2815386
2815387
2815390
2815391
2815395
2815400
2815401
2815402
2815422
2815423
2815424
2815426
2815429
2815534
2816201
2816226
2816247
2816263
2816551
2816855
2816870
2816877
2816878
2817025
2817030
2817032
2817199
2817956
2817958
2817978
2817989
2818484
2818941
2819055
2819079
2819089
2819090
2819095
2819096
2819097
2819098
2819118
2819119
2819317
2819421
2820055
2820195
2820196
2820201
2820246
2820273
2820534
2822227
2822228
2822261
2822262
2822313
2822767
2823322
2823331
2823338
2823342
2823348
2823351
2823359
2823383
2823600
2823656
2823743
2823759
2823761
2823767
2823775
2823779
2823781
2823788
2823792
2823798
2823803
2823806
2823813
2823816
2823819
2823821
2823823
2823847
2823849
2823850
2823854
2823855
2823857
2823858
2823859
2823880
2823882
2823889
2823890
2823895
2823899
2823903
2823906
2823907
2823908
2823946
2823960
2823961
2824098
2824110
2824121
2824147
2824148
2824197
2824208
2824209
2824215
2824227
2824231
2824232
2824233
2824479
2824495
2824623
2824626
2824631
2824632
2824633
2824646
2824650
2824664
2824672
2824688
2824690
2825449
2825486
2825883
2825894
2825895
2825898
2826284
2826422
2826467
2826480
2826490
2826498
2826499
2826501
2826502
2826679
2827329
2827368
2827371
2827372
2828121
2828133
2828135
2828137
2828207
2828224
2828374
2828409
2828410
2828998
2829063
2829141
2829151
2829170
2829177
2829364
2830313
2830597
2830632
2830874
2831026
2831524
2831534
2831580
2831583
2831729
2831756
2831899
2831944
2831954
2832219
2832314
2832323
2832328
2832338
2832339
2832340
2832362
2832365
2832369
2832389
2832398
2832399
2832412
2832435
2832436
2832437
2832447
2833041
2833048
2833067
2833133
2833175
2833190
2833193
2833286
2833343
2833635
2833637
2833651
2833921
2833978
2834074
2834117
2834127
2834128
2834134
2834135
2834140
2834146
2834177
2834195
2834356
2834363
2834411
2834981
2835008
2835020
2835195
2835340
2835349
2835350
2835396
2835595
2835596
2835597
2835613
2835638
2835647
2835737
2835787
2835813
2835887
2835897
2835905
2835922
2835955
2835964
2835970
2836441
2836455
2836456
2836461
2838322
2838335
2838336
2838337
2838338
2838344
2838345
2838569
2839667
2841351
2842175
2842187
2842304
2842354
2842379
2842396
2842400
2842401
2842406
2842407
2842456
2842462
2842464
2842484
2842523
2842552
2842555
2842564
2842565
2842658
2842660
2842666
2842671
2842685
2842711
2842867
2843007
2843117
2843141
2843236
2843245
2843246
2843252
2843256
2843257
2843488
2843628
2843709
2843853
2844031
2844647
2844649
2844650
2844661
2844664
2844668
2844669
2844671
2844735
2844740
2844744
2844751
2844753
2844773
2844789
2845090
2846729
2847052
2847105
2847575
2848644
2849995
2850011
2850105
2850172
2850292
2850442
2850447
2850457
2850459
2850524
2850553
2850556
2850564
2850570
2850574
2850582
2850584
2850586
2850587
2850594
2850597
2850616
2850624
2850630
2850631
2850643
2850644
2850648
2850653
2850909
2850911
2850913
2850915
2850917
2850918
2850923
2850954
2850959
2850961
2850988
2851002
2851057
2851064
2851068
2851075
2851310
2851311
2851312
2851438
2851442
2851444
2851445
2851452
2851453
2851543
2851549
2851554
2851572
2851585
2851699
2851734
2851755
2851819
2851838
2851905
2851947
2851949
2851954
2852037
2852042
2852045
2852048
2852050
2852055
2852056
2852066
2852079
2852080
2852082
2852084
2852086
2852090
2852093
2852095
2852096
2852097
2852147
2852153
2852155
2852156
2852157
2852158
2852163
2852167
2852170
2852171
2852172
2852176
2852181
2852184
2852187
2852195
2852202
2852205
2852210
2852488
2852491
2852492
2852495
2852499
2852565
2852572
2852573
2852583
2852604
2852608
2852644
2852677
2852695
2852771
2852777
2852790
2852798
2852799
2852801
2852803
2852808
2852809
2852812
2852814
2852828
2852833
2852835
2852852
2852866
2852872
2852874
2852875
2852878
2852879
2852881
2853290
2853293
2853296
2853299
2853300
2853302
2853304
2853473
2853494
2853496
2853517
2853528
2853696
2853702
2853871
2853872
2853873
2853874
2853875
2853876
2853878
2853880
2853882
2853883
2853884
2853885
2853889
2853893
2853966
2853967
2853968
2853970
2853971
2853976
2854022
2854033
2854041
2854078
2854237
2854249
2854412
2854416
2854696
2854705
2854736
2854741
2854782
2854783
2854798
2854859
2854865
2854876
2854877
2854879
2854909
2854910
2854954
2854955
2854956
2854959
2855365
2855368
2855369
2855371
2855372
2855378
2855385
2855389
2855390
2855392
2855598
2855631
2855647
2855648
2855674
2855681
2855684
2855687
2855691
2855701
2855702
2855705
2855708
2855710
2855711
2855712
2855865
2856053
2856386
2856462
2856468
2856469
2856487
2856526
2856536
2856555
2856568
2856580
2856589
2856604
2856605
2856617
2856619
2856694
2856695
2856703
2856704
2856727
2856729
2856731
2856739
2856743
2856744
2856745
2856770
2856771
2856787
2856821
2856829
2856845
2856846
2856894
2857060
2857181
2857196
2857197
2857199
2857200
2857308
2857314
2857330
2857341
2857346
2857347
2857395
2857432
2857434
2857435
2857454
2857471
2857472
2857526
2857538
2857570
2858187
2858189
2858191
2858234
2858237
2858899
2858908
2858916
2858918
2858925
2858926
2858942
2858961
2859031
2859052
2859058
2859073
2859087
2859088
2859109
2859113
2859114
2859124
2859125
2859139
2859150
2859151
2859155
2859191
2859209
2859218
2859219
2859230
2859231
2859243
2859244
2859265
2859321
2859323
2859324
2859325
2859329
2859332
2859540
2859633
2859766
2859767
2859770
2859771
2859772
2859775
2859776
2859780
2859781
2859784
2860029
2860052
2860053
2860057
2860064
2860072
2860094
2860103
2860145
2860151
2860160
2860171
2860196
2860197
2860284
2860303
2860358
2860372
2860392
2860393
2860395
2860428
2860429
2860436
2860437
2860491
2860509
2860510
2860513
2860518
2860538
2860539
2860541
2860548
2860555
2860565
2860656
2860662
2860773
2860774
2860775
2860776
2860781
2860784
2860813
2860859
2860914
2860953
2860954
2860956
2860958
2860959
2860963
2860964
2860967
2860968
2860969
2860971
2860979
2860980
2861428
2861445
2861447
2861450
2861465
2861472
2862003
2862008
2862009
2862010
2862011
2862013
2862016
2862022
2862024
2862028
2862029
2862030
2862031
2862043
2862044
2862047
2862051
2862054
2862059
2862060
2862061
2862062
2862068
2862070
2862071
2862077
2862078
2862085
2862088
2862089
2862090
2862091
2862094
2862097
2862118
2862123
2862126
2862136
2862146
2862149
2862150
2862153
2862154
2862156
2862160
2862161
2862164
2862168
2862169
2862173
2862175
2862177
2862179
2862180
2862181
2862182
2862183
2862189
2862190
2862191
2862202
2862203
2862211
2862212
2862216
2862220
2862221
2862223
2862233
2862255
2862263
2862266
2862268
2862296
2862313
2862314
2862316
2862322
2862324
2862325
2862328
2862329
2862336
2862339
2862342
2862350
2862351
2862352
2862357
2862375
2862376
2862401
2862461
2862489
2862523
2862524
2862525
2862530
2862531
2862534
2862538
2862539
2862540
2862541
2862542
2862548
2862549
2862550
2862553
2862555
2862560
2862571
2862572
2862573
2862574
2862577
2862578
2862579
2862582
2862585
2862618
2862622
2862623
2862631
2862633
2862634
2862647
2862673
2862684
2862728
2862729
2862758
2862839
2862845
2862846
2862848
2862869
2862902
2862903
2862937
2862947
2862950
2862961
2862999
2863001
2863020
2863023
2863058
2863060
2863064
2863065
2863068
2863099
2863100
2863140
2863215
2863261
2863263
2863264
2863295
2863415
2863511
2863773
2863835
2863919
2863920
2863921
2863922
2864078
2864172
2864469
2864470
2864487
2864588
2864591
2865062
2865283
2865721
2866067
2866080
2866091
2866208
2866298
2866335
2866340
2866347
2866349
2866350
2866373
2866435
2866588
2866595
2866610
2866616
2866667
2866697
2866700
2866701
2866703
2866704
2866795
2867000
2867004
2867007
2867008
2867009
2867011
2867013
2867014
2867020
2867023
2867025
2867026
2867260
2867273
2867582
2867602
2867639
2867647
2867648
2867659
2867687
2867689
2867692
2867697
2867727
2867730
2867733
2867741
2867752
2867771
2867776
2867785
2867865
2867867
2867925
2867931
2867991
2868036
2868097
2868098
2868099
2868100
2868107
2868123
2868124
2868125
2868153
2868156
2868159
2868206
2868214
2868217
2868247
2868258
2868261
2868321
2868331
2868350
2868351
2868352
2868354
2868355
2868448
2868518
2868576
2868603
2868604
2868670
2868685
2868718
2868807
2868810
2868941
2869171
2869172
2869177
2869190
2869245
2869255
2869311
2869512
2869513
2869893
2869904
2869919
2869941
2869975
2869984
2870119
2870123
2870489
2870494
2870511
2870603
2870605
2870606
2870607
2870610
2870615
2870637
2870638
2870640
2870646
2870648
2870687
2870689
2870690
2870693
2870695
2870697
2870777
2870881
2870942
2870944
2870953
2870958
2870959
2871196
2871197
2871309
2871311
2871321
2871322
2871326
2871329
2871360
2871370
2871461
2871497
2871512
2871615
2871696
2871698
2871700
2871703
2871704
2871726
2871730
2871732
2871736
2871781
2871790
2871793
2871854
2871863
2871866
2871889
2871901
2871904
2871985
2871995
2871998
2872143
2872146
2872193
2872200
2872203
2872254
2872288
2872294
2872317
2872438
2872447
2872452
2872453
2872459
2872732
2872798
2872800
2872802
2872804
2872805
2872877
2872880
2872933
2872936
2873003
2873175
2873237
2873261
2873833
2873928
2876756
2876801
2877943
2877944
2877955
2878860
2878895
2879404
2879619
2879621
2879622
2879623
2879624
2879626
2879629
2879630
2879632
2879637
2879638
2879639
2879640
2879643
2879644
2879650
2879651
2879652
2879654
2879658
2879659
2879670
2879685
2879686
2879688
2879689
2879690
2879691
2879732
2879734
2879735
2879746
2879749
2879751
2879754
2879768
2879770
2879773
2879777
2879779
2879793
2879798
2879809
2879821
2879849
2879866
2879870
2879873
2879874
2879876
2879878
2879879
2879880
2879882
2879890
2879891
2879893
2879896
2879897
2879906
2879910
2879911
2879912
2879913
2879915
2879916
2879917
2879918
2879920
2879923
2879925
2879927
2879935
2879939
2879940
2879957
2879963
2879965
2879969
2879999
2880002
2880010
2880013
2880034
2880036
2880037
2880046
2880047
2880048
2880049
2880053
2880054
2880055
2880056
2880057
2880059
2880061
2880062
2880065
2880066
2880067
2880068
2880114
2880121
2880127
2880216
2880247
2880341
2880374
2880431
2880453
2880470
2880500
2880510
2880512
2880519
2880520
2880521
2880522
2880523
2880524
2880760
2880825
2880826
2880827
2880828
2880829
2880831
2880835
2880836
2880837
2880839
2880840
2880843
2880844
2880845
2880848
2880932
2880933
2880935
2880936
2880940
2880941
2880944
2880945
2880946
2880947
2880950
2880951
2880953
2880954
2880955
2880957
2880959
2880960
2880961
2881027
2881028
2881029
2881032
2881035
2881036
2881037
2881038
2881039
2881040
2881041
2881042
2881043
2881045
2881104
2881111
2881112
2881123
2881128
2881137
2881140
2881141
2881143
2881148
2881151
2881156
2881164
2882233
2882295
2883484
2883715
2883750
2883816
2883902
2883963
2884191
2884193
2884195
2884197
2884198
2884201
2884205
2884208
2884209
2884210
2884213
2884250
2884251
2884257
2884270
2884283
2884299
2884328
2884339
2884352
2884356
2884365
2884373
2884374
2884375
2884376
2884387
2884402
2884407
2884423
2884478
2884534
2884703
2884729
2884736
2884739
2884798
2884799
2884801
2884804
2884818
2884885
2884918
2884945
2884963
2884971
2884972
2884973
2884979
2884980
2884981
2884991
2884995
2884997
2884998
2885003
2885369
2885487
2885492
2885502
2885673
2885721
2885730
2885732
2885740
2885744
2885746
2885749
2885750
2885751
2885753
2885754
2885756
2885758
2885759
2885760
2885762
2885764
2885765
2885766
2885767
2885770
2885771
2885772
2885773
2885774
2885777
2885778
2885781
2885782
2885783
2885784
2885785
2885786
2885787
2885788
2885806
2885807
2885810
2885811
2885815
2885816
2885817
2885818
2885855
2885859
2885860
2885861
2885864
2885865
2885899
2885902
2885908
2885911
2885922
2885930
2885931
2885943
2885974
2886009
2886015
2886018
2886019
2886020
2886021
2886022
2886024
2886029
2886033
2886043
2886045
2886058
2886059
2886062
2886097
2886098
2886099
2886100
2886101
2886109
2886112
2886120
2886121
2886122
2886123
2886126
2886138
2886139
2886140
2886141
2886142
2886149
2886162
2886187
2886204
2886205
2886206
2886210
2886211
2886213
2886214
2886217
2886219
2886221
2886222
2886224
2886229
2886231
2886233
2886234
2886238
2886239
2886240
2886244
2886246
2886247
2886248
2886249
2886250
2886252
2886256
2886257
2886261
2886262
2886264
2886265
2886266
2886267
2886268
2886269
2886377
2886463
2886624
2886658
2886659
2886663
2886665
2886669
2886674
2886688
2886721
2886748
2886765
2886863
2886995
2887001
2887002
2887003
2887004
2887005
2887008
2887048
2887730
2887746
2887762
2887764
2887837
2887910
2887932
2887983
2888055
2888130
2888133
2888181
2888201
2888202
2888235
2888331
2888332
2888473
2888474
2888476
2888482
2888730
2888755
2888777
2888783
2888784
2888793
2888807
2888809
2888815
2888820
2888824
2888825
2888829
2888831
2888833
2888834
2888835
2888837
2888838
2888839
2888840
2888842
2888843
2888844
2888846
2888848
2888849
2888851
2888854
2888856
2888857
2889333
2889335
2889337
2889366
2889442
2889454
2889472
2889480
2889481
2889484
2889485
2889486
2889501
2889510
2889514
2889518
2889530
2889531
2889532
2889533
2889535
2889537
2889543
2889546
2889553
2889555
2889557
2889564
2889567
2889571
2889573
2889574
2889579
2889580
2889582
2889584
2889588
2889589
2889590
2889591
2889592
2889618
2889621
2889622
2889624
2889627
2889636
2889637
2889641
2889642
2889645
2889646
2889655
2889656
2889657
2889669
2889675
2889695
2889698
2889705
2889707
2889709
2889720
2889728
2889730
2889734
2889735
2889742
2889746
2889749
2889764
2889778
2889779
2889785
2889786
2889791
2889799
2889800
2889805
2889806
2889810
2889811
2889847
2889886
2889888
2889890
2889902
2889905
2889906
2889907
2889908
2889909
2889911
2889923
2889926
2889927
2889928
2889995
2890000
2890013
2890016
2890020
2890022
2890024
2890025
2890032
2890046
2890052
2890053
2890054
2890073
2890074
2890078
2890080
2890087
2890088
2890090
2890091
2890097
2890098
2890099
2890103
2890105
2890110
2890113
2890115
2890116
2890117
2890118
2890360
2890361
2890377
2890398
2890431
2890444
2890459
2890467
2890529
2890560
2890565
2890571
2890594
2890608
2890609
2890611
2890612
2890613
2890614
2890615
2890622
2890623
2890759
2890774
2890877
2890884
2890890
2890891
2890899
2890913
2890929
2890958
2890959
2890962
2890965
2890966
2890967
2890970
2890971
2890972
2890974
2890977
2890978
2890979
2890982
2890983
2890984
2890987
2890988
2890989
2890992
2890993
2890995
2890996
2890997
2890998
2890999
2891001
2891002
2891003
2891222
2891294
2891300
2891729
2891739
2891833
2891834
2891842
2891846
2891864
2891872
2891927
2891938
2891943
2891953
2891955
2891957
2891958
2891962
2891970
2891971
2891972
2891973
2891974
2891976
2892004
2892014
2892015
2892023
2892027
2892028
2892029
2892030
2892033
2892038
2892041
2892042
2892057
2892061
2892078
2892088
2892092
2892094
2892109
2892110
2892112
2892114
2892128
2892131
2892133
2892268
2892269
2892270
2892271
2892272
2892274
2892275
2892287
2892289
2892292
2892293
2892294
2892295
2892304
2892307
2892329
2892334
2892335
2892350
2892403
2892413
2892414
2892439
2892444
2892445
2892446
2892447
2892452
2892454
2892513
2892514
2892519
2892520
2892521
2892522
2892527
2892529
2892531
2892537
2892540
2892545
2892547
2892553
2892554
2892557
2892560
2892734
2892761
2892769
2892779
2892798
2892929
2892931
2892944
2892967
2893052
2893265
2893383
2893815
2893852
2893971
2894002
2894276
2894501
2894553
2894554
2894589
2894663
2894664
2894675
2894702
2894710
2894712
2894722
2894731
2894763
2894765
2894768
2894769
2894772
2894780
2894782
2894799
2895134
2895312
2895375
2895769
2895773
2895868
2895878
2895887
2895891
2895897
2895898
2895902
2895909
2895911
2895912
2895913
2895914
2895917
2895921
2895922
2895938
2895952
2895954
2895955
2895958
2895959
2895961
2895965
2895966
2895976
2896051
2896052
2896060
2896064
2896075
2896077
2896078
2896079
2896151
2896152
2896153
2896154
2896167
2896168
2896171
2896197
2896198
2896242
2896248
2896252
2896253
2896270
2896479
2896516
2896517
2896519
2896547
2896548
2896551
2896559
2896625
2896631
2896640
2896656
2896658
2896716
2896721
2896907
2897008
2897009
2897012
2897019
2897020
2897021
2897024
2897025
2897026
2897027
2897028
2897030
2897031
2897035
2897179
2897286
2897288
2897290
2897292
2897294
2897296
2897299
2897300
2897301
2897302
2897368
2897403
2897428
2897441
2897443
2897459
2897460
2897461
2897463
2897464
2897465
2897466
2897467
2897469
2897470
2897476
2897477
2897482
2897483
2897485
2897487
2897493
2897495
2897496
2897498
2897542
2897545
2897559
2897563
2897564
2897571
2897576
2897584
2897585
2897586
2897587
2897588
2897595
2897596
2897602
2897608
2897609
2897610
2897612
2897613
2897614
2897615
2897618
2897619
2897621
2897630
2897632
2897633
2897635
2897636
2897639
2897645
2897663
2897665
2897666
2897668
2897670
2897676
2897679
2897680
2897681
2897683
2897687
2897706
2897854
2897934
2898063
2898075
2898116
2898146
2898160
2898177
2898324
2898328
2898334
2898351
2898356
2898436
2898443
2898446
2898448
2898452
2898454
2898465
2898470
2898477
2898667
2898668
2898679
2898683
2898695
2898702
2898706
2898710
2898713
2898849
2898851
2898853
2898858
2898860
2898912
2898914
2898925
2898933
2898937
2898938
2898945
2898947
2898948
2898949
2898950
2898951
2899000
2899013
2899024
2899058
2899078
2899085
2899095
2899098
2899101
2899107
2899207
2899336
2899337
2899477
2899483
2899504
2899509
2899510
2899512
2899513
2899519
2899522
2899523
2899524
2899525
2899527
2899528
2899529
2899537
2899538
2899551
2899557
2899558
2899559
2899561
2899568
2899570
2899573
2899586
2899609
2899629
2899631
2899635
2899637
2899669
2899670
2899672
2899673
2899674
2899676
2899677
2899679
2899680
2899682
2899683
2899684
2899686
2899687
2899762
2899772
2899783
2899824
2899840
2899842
2899844
2899845
2899846
2899849
2899850
2899852
2899853
2899861
2899863
2899885
2899892
2899910
2899912
2899962
2900212
2900233
2900245
2900248
2900299
2900307
2900308
2900309
2900311
2900312
2900313
2900332
2900333
2900338
2900343
2900362
2900370
2900377
2900378
2900380
2900381
2900382
2900384
2900405
2900432
2900460
2900462
2900542
2900546
2900549
2900550
2900553
2900554
2900594
2900639
2900715
2900719
2900726
2900732
2900733
2900775
2900965
2900970
2900976
2900977
2900992
2900996
2900997
2900998
2901000
2901004
2901006
2901007
2901010
2901012
2901014
2901084
2901249
2901265
2901408
2901498
2901500
2901504
2901519
2901527
2901531
2901535
2901536
2901538
2901539
2901543
2901544
2901545
2901546
2901547
2901556
2901560
2901567
2901569
2901593
2901604
2901605
2901608
2901614
2901615
2901616
2901617
2901622
2901630
2901637
2901639
2901642
2901644
2901654
2901656
2901657
2901662
2901663
2901664
2901665
2901679
2901680
2901739
2901748
2901749
2901753
2901754
2901756
2901763
2901764
2901765
2901769
2901773
2901774
2901776
2901792
2901796
2901802
2901827
2901836
2901838
2901839
2901840
2901843
2901860
2901867
2901873
2901877
2901879
2901882
2901884
2901888
2901890
2901891
2901898
2901901
2901917
2901927
2901931
2901937
2901948
2901949
2901951
2901953
2901954
2901981
2902031
2902101
2902103
2902105
2902107
2902110
2902112
2902114
2902116
2902117
2902118
2902120
2902121
2902123
2902125
2902129
2902130
2902131
2902133
2902135
2902140
2902141
2902145
2902146
2902147
2902148
2902149
2902150
2902156
2902196
2902202
2902203
2902204
2902205
2902208
2902209
2902308
2902331
2902382
2902393
2902400
2902404
2902412
2902413
2902421
2902429
2902473
2902479
2902482
2902497
2902515
2902541
2902556
2902559
2902595
2902596
2902618
2902628
2902703
2902711
2902724
2902725
2902730
2902735
2902736
2902739
2902785
2902883
2902927
2902928
2902933
2902938
2902939
2902943
2902951
2902963
2902967
2902971
2902973
2902977
2902994
2902999
2903004
2903005
2903008
2903231
2903232
2903242
2903243
2903244
2903248
2903251
2903273
2903284
2903331
2903332
2903451
2903547
2903665
2903919
2903920
2903921
2903922
2903940
2903941
2903942
2903943
2904449
2904633
2904699
2904818
2905378
2906294
2906362
2906442
2906469
2906470
2906477
2906497
2906521
2906545
2906580
2906761
2906774
2906793
2906817
2906818
2906821
2906822
2906824
2906855
2906859
2906860
2906861
2906870
2906871
2906873
2906874
2906955
2907216
2907218
2907226
2907233
2907312
2907322
2907326
2907331
2907332
2907342
2907347
2907355
2907366
2907382
2907391
2907392
2907409
2907419
2907425
2907433
2907441
2907443
2907444
2907749
2908687
2909070
2909072
2909074
2909088
2909090
2909095
2909104
2910137
2910282
2910292
2911530
2912473
2912491
2912996
2913143
2913193
2913463
2913595
2913607
2913613
2913624
2913658
2913659
2913660
2913706
2913745
2913748
2913754
2913758
2913760
2913765
2913780
2913784
2913839
2913845
2913928
2913988
2914005
2914030
2914090
2914112
2914164
2914202
2914530
2914642
2914757
2915174
2915236
2915299
2915300
2915306
2915435
2915438
2915471
2915477
2915580
2915629
2915643
2915719
2915728
2915754
2915760
2915818
2916105
2916121
2916137
2916138
2916316
2916349
2916351
2916358
2916361
2916362
2916365
2916374
2916388
2916402
2916405
2916407
2916423
2916425
2916442
2916445
2916450
2916523
2916525
2916526
2916527
2916530
2916531
2916532
2916533
2916538
2916539
2916540
2916542
2916564
2916574
2916579
2916580
2916582
2916585
2916613
2916643
2916656
2916741
2916791
2916799
2916840
2916868
2916869
2916870
2916871
2916872
2916873
2916874
2916879
2916880
2916881
2916882
2916883
2916884
2916885
2916890
2916891
2916893
2916896
2916897
2916898
2916914
2916927
2916928
2916929
2916930
2916944
2917060
2917101
2917126
2917131
2917143
2917145
2917158
2917166
2917181
2917182
2917183
2917184
2917185
2917192
2917198
2917203
2917207
2917228
2917238
2917241
2917242
2917244
2917252
2917265
2917266
2917268
2917274
2917276
2917279
2917280
2917283
2917284
2917285
2917288
2917293
2917297
2917301
2917302
2917303
2917309
2917320
2917339
2917373
2917375
2917378
2917380
2917381
2917383
2917384
2917385
2917387
2917395
2917397
2917398
2917399
2917405
2917409
2917410
2917413
2917422
2917424
2917425
2917439
2917442
2917450
2917453
2917454
2917457
2917460
2917461
2917464
2917468
2917470
2917472
2917473
2917474
2917500
2917501
2917505
2917521
2917550
2917553
2917554
2917555
2917557
2917558
2917560
2917575
2917579
2917581
2917601
2917607
2917609
2917613
2917627
2917628
2917630
2917631
2917646
2917647
2917652
2917658
2917661
2917663
2917676
2917679
2917680
2917683
2917692
2917697
2917700
2917701
2917706
2917714
2917717
2917720
2917721
2917722
2917728
2917729
2917734
2917746
2917747
2917753
2917758
2917762
2917775
2917777
2917778
2917782
2917789
2917801
2917803
2917810
2917814
2917820
2917823
2917835
2917836
2917843
2917855
2917856
2917858
2917860
2917865
2917866
2917867
2917869
2917870
2917871
2917874
2917877
2917879
2917881
2917887
2917889
2917895
2917974
2917976
2918032
2918034
2918035
2918052
2918061
2918089
2918090
2918091
2918133
2918137
2918151
2918152
2918153
2918156
2918158
2918160
2918163
2918173
2918183
2918226
2918238
2918244
2918265
2918364
2918368
2918376
2918408
2918705
2919004
2919674
2920303
2920432
2920478
2920490
2921761
2921764
2922002
2922007
2922008
2922011
2922012
2922015
2922016
2922017
2922024
2922041
2922049
2922051
2922054
2922063
2922074
2922075
2922093
2922094
2922096
2922098
2922099
2922117
2922119
2922133
2922134
2922141
2922142
2922154
2922168
2922202
2922207
2922225
2922227
2922230
2922232
2922235
2922250
2922341
2922944
2923103
2923501
2923575
2923584
2923699
2923812
2923823
2924312
2925233
2925242
2925243
2925288
2925289
2925381
2925393
2925425
2925432
2925434
2925437
2925448
2925462
2925478
2925534
2925571
2925649
2925763
2925900
2925901
2925908
2925910
2925911
2925917
2925922
2925924
2925925
2925926
2925927
2925932
2925935
2925937
2925941
2925944
2925951
2925955
2925960
2925962
2925968
2925969
2925972
2925985
2925990
2926018
2926021
2926027
2926029
2926036
2926039
2926045
2926046
2926067
2926073
2926075
2926078
2926079
2926110
2926118
2926131
2926134
2926163
2926174
2926189
2926191
2926208
2926211
2926238
2926253
2926280
2926281
2926336
2926338
2926366
2926385
2926389
2926413
2926414
2926415
2926416
2926437
2926439
2926514
2926523
2926529
2926532
2926542
2926740
2926741
2927057
2927146
2927161
2927165
2927167
2927189
2927356
2927397
2927408
2927467
2927491
2927500
2927506
2927514
2927517
2927554
2927570
2927618
2927651
2927666
2927807
2927813
2927815
2927820
2927821
2927824
2927829
2927836
2927837
2927842
2927918
2927920
2927945
2927954
2927955
2927958
2927959
2927960
2927961
2927971
2927977
2927981
2927983
2927986
2927988
2928106
2928151
2928176
2929340
2929591
2929749
2929859
2930227
2930231
2930256
2930562
2930924
2930990
2931019
2931334
2931337
2931375
2931623
2931661
2931938
2932031
2932087
2932089
2932158
2932166
2932167
2932168
2932177
2932181
2932491
2932539
2932574
2932598
2932616
2932801
2932837
2932844
2932854
2932873
2933040
2933272
2933367
2933456
2933490
2933535
2933552
2933817
2933864
2934128
2934130
2934132
2934133
2934134
2934135
2934137
2934138
2934140
2934141
2934189
2934191
2934195
2934196
2934201
2934202
2934368
2934382
2934385
2934388
2934389
2934390
2934392
2934401
2934403
2934422
2934426
2934453
2934455
2934460
2934462
2934465
2934625
2934693
2934698
2934708
2934710
2934712
2934716
2934723
2934727
2934728
2934729
2934730
2934731
2934732
2934735
2934736
2934737
2934746
2934757
2934758
2934777
2934801
2934847
2934849
2934896
2934903
2934911
2934913
2934917
2934927
2934933
2934939
2934943
2934954
2934961
2934964
2934965
2934966
2934969
2934978
2935004
2935015
2935018
2935021
2935062
2935064
2935075
2935089
2935090
2935092
2935093
2935096
2935146
2935147
2935150
2935155
2935156
2935157
2935158
2935159
2935162
2935163
2935164
2935165
2935270
2935274
2935288
2935290
2935293
2935294
2935409
2935433
2935437
2935451
2935453
2935455
2935460
2935467
2935468
2935469
2935482
2935483
2935484
2935485
2935486
2935521
2935522
2935530
2935537
2935538
2935539
2935540
2935544
2935551
2935664
2935667
2935672
2935677
2935689
2935690
2935691
2935692
2935693
2935695
2935697
2935698
2935699
2935700
2935749
2935773
2935805
2935810
2935813
2935817
2935819
2935820
2935823
2935824
2935825
2935826
2935834
2935835
2935836
2935837
2935838
2935842
2935857
2935860
2936660
2936676
2936677
2936683
2936688
2936691
2936692
2936693
2936694
2936695
2936696
2936697
2936699
2936701
2936705
2936709
2936722
2936723
2936725
2936729
2936732
2936733
2936736
2936739
2936741
2936743
2936748
2936756
2936761
2936763
2936765
2936766
2936769
2936775
2936776
2936779
2936781
2936788
2936812
2936814
2936817
2936831
2936832
2936836
2936850
2936853
2936862
2936895
2936898
2936905
2936906
2936908
2936909
2936910
2936912
2936913
2936920
2936921
2936922
2936923
2936925
2936955
2936956
2936957
2936979
2936980
2937022
2937026
2937028
2937046
2937050
2937053
2937080
2937606
2937609
2937795
2937802
2937803
2937805
2937806
2937827
2937910
2937936
2937937
2937944
2937946
2938054
2938093
2938218
2938318
2938731
2938751
2938752
2938973
2939096
2939099
2939103
2939106
2939115
2939116
2939117
2939118
2939119
2939120
2939131
2939282
2939293
2939294
2939295
2939300
2939307
2939308
2939309
2939310
2939464
2939477
2939503
2939512
2939591
2939610
2939748
2939804
2939806
2939808
2939809
2939810
2939811
2939817
2939835
2939842
2939844
2939897
2939898
2939900
2939918
2939924
2939927
2939953
2940184
2940207
2940229
2940231
2940234
2940295
2940320
2940322
2940357
2940359
2940368
2940372
2940405
2940412
2940424
2940462
2940476
2940491
2940492
2940501
2940594
2940617
2940803
2940914
2941418
2941419
2941430
2941557
2941714
2941738
2941748
2941795
2941826
2941830
2941836
2941838
2941839
2941840
2941844
2941847
2941850
2941898
2941908
2941910
2942044
2942045
2942046
2942047
2942048
2942049
2942050
2942053
2942054
2942072
2942073
2942109
2942114
2942116
2942119
2942122
2942125
2942162
2942164
2942166
2942168
2942169
2942170
2942171
2942173
2942174
2942179
2942180
2942181
2942182
2942184
2942205
2942206
2942278
2942280
2942304
2942306
2942333
2942335
2942397
2942729
2942959
2943042
2943043
2943105
2943132
2943135
2943147
2943283
2943291
2943299
2943364
2943392
2943438
2943498
2943506
2943512
2943514
2943520
2943521
2943617
2943628
2943629
2943630
2943632
2943633
2943635
2943636
2943865
2943926
2943972
2943975
2943995
2944009
2944016
2944017
2944018
2944812
2944813
2944855
2944877
2944960
2944964
2945004
2945046
2945116
2945362
2945414
2945585
2945587
2945593
2945607
2945711
2945731
2945919
2945921
2945937
2945945
2945954
2946065
2946067
2946068
2946069
2946070
2946076
2946096
2946097
2946105
2946109
2946110
2946128
2946135
2946138
2946177
2946186
2946190
2946226
2946231
2946259
2946261
2946265
2946266
2946268
2946270
2946272
2946273
2946274
2946300
2946319
2946320
2946544
2946705
2946755
2946762
2946776
2946787
2946821
2946907
2946978
2946991
2947037
2947051
2947116
2947333
2947343
2947344
2947345
2947349
2947361
2947371
2947377
2947384
2947557
2947568
2947569
2947570
2947752
2947764
2947832
2947856
2948047
2948060
2948061
2948071
2948189
2948219
2948234
2948275
2948287
2948288
2948290
2948291
2948428
2948721
2948722
2948723
2948724
2948726
2948727
2948728
2948729
2948730
2948731
2948733
2948735
2948737
2948738
2948751
2948758
2948759
2948760
2948761
2948762
2948765
2948767
2948775
2948776
2948778
2948779
2948780
2948781
2948782
2948789
2948790
2948795
2948796
2948797
2948805
2948806
2948812
2948813
2948819
2948820
2948821
2948824
2948825
2948826
2948832
2948833
2948834
2948840
2948841
2948845
2948846
2948847
2948850
2948854
2948858
2948859
2948860
2948866
2948867
2948869
2948874
2948879
2948880
2948886
2948887
2948888
2948891
2948893
2948896
2948898
2948910
2948911
2948912
2948913
2948917
2948918
2948920
2948923
2948964
2949011
2949120
2949125
2949179
2949190
2949207
2949246
2949418
2949420
2949448
2949450
2949454
2950305
2950307
2950762
2950802
2950803
2951283
2951293
2951677
2951685
2951693
2951695
2951698
2951705
2951792
2951799
2951800
2951801
2951844
2952113
2952114
2952115
2952116
2952117
2952171
2952172
2952173
2952208
2952210
2952211
2952212
2952237
2952254
2952255
2952264
2952266
2952268
2952312
2952313
2952315
2952318
2952328
2952329
2952330
2952365
2952375
2952386
2952400
2952407
2952408
2952409
2952648
2953080
2953094
2953106
2953116
2953126
2953134
2953207
2953253
2953308
2953320
2953323
2953324
2953325
2953342
2953350
2953439
2953448
2953453
2953476
2953494
2953495
2953516
2953521
2953568
2953570
2953574
2953613
2953615
2953623
2953643
2953657
2953767
2953772
2953779
2953783
2953784
2953787
2953788
2953789
2953790
2953796
2953801
2953816
2953822
2953827
2953840
2953896
2953984
2955669
2955701
2955708
2955711
2955713
2955964
2955975
2955978
2955987
2955991
2956001
2956002
2956245
2956270
2956393
2956396
2956423
2956428
2956437
2956461
2956473
2956492
2956550
2956565
2956567
2956601
2956679
2956680
2956919
2956921
2956922
2956925
2956926
2956940
2957030
2957031
2957032
2957033
2957036
2957039
2957187
2957191
2957244
2957267
2957278
2957287
2957530
2957567
2957584
2957589
2957590
2957591
2957603
2957616
2957619
2957620
2957623
2957631
2957636
2957637
2957638
2957653
2957658
2958280
2958332
2958342
2958498
2958527
2958614
2958617
2958648
2958650
2958658
2958661
2958664
2958668
2958670
2958931
2958946
2960127
2960642
2960645
2960663
2960988
2961180
2961896
2962099
2962408
2962977
2962985
2963112
2963113
2963321
2964806
2964843
2964867
2964892
2966392
2966418
2966945
2966950
2966951
2967262
2968292
2968473
2968590
2969200
2969706
2969709
2969711
2969726
2969735
2969736
2969738
2969763
2969764
2969773
2969777
2969869
2969886
2969894
2969936
2969968
2969978
2969989
2969992
2970007
2970017
2970243
2970258
2970259
2970266
2970268
2970269
2970270
2970301
2970304
2970309
2970310
2970315
2970316
2970323
2970324
2970332
2970360
2970402
2970482
2970485
2970489
2970502
2970503
2970504
2970527
2970565
2970567
2970569
2970584
2970592
2970594
2970613
2970617
2970619
2970638
2970657
2970664
2970669
2970790
2970794
2970795
2970801
2970802
2970803
2970807
2970808
2970809
2970810
2970813
2970819
2970820
2970821
2970822
2970851
2970852
2970853
2970861
2970873
2970972
2970987
2971139
2971184
2971474
2971476
2971477
2971481
2971482
2971483
2971491
2971493
2971500
2971502
2971505
2971829
2971952
2973777
2973780
2973781
2973782
2973784
2973785
2973793
2973794
2973798
2973804
2973806
2973807
2973808
2973809
2973811
2973814
2973815
2973817
2973822
2973843
2973865
2973866
2973890
2973898
2973900
2973903
2973909
2973918
2973924
2973928
2973929
2973930
2973931
2973932
2973941
2973943
2973954
2973993
2974001
2974011
2974021
2974032
2974046
2974047
2974048
2974061
2974062
2974081
2974082
2974084
2974085
2974086
2974090
2974149
2974161
2974178
2974187
2974197
2974251
2974256
2974257
2974258
2974259
2974261
2974262
2974264
2974278
2974291
2974329
2974423
2974443
2974497
2974512
2974514
2974518
2974521
2974522
2974523
2974529
2974530
2974531
2974545
2974547
2974558
2974567
2974568
2974570
2974589
2974592
2974594
2974595
2974599
2974601
2974606
2974607
2974608
2974610
2974617
2974624
2974627
2974634
2974641
2974743
2974764
2974789
2974793
2974794
2974795
2974796
2974798
2974799
2974800
2974802
2974808
2974814
2974828
2974832
2974846
2974852
2974856
2974857
2974861
2974867
2974868
2974876
2974885
2974890
2974891
2974893
2974896
2974900
2974905
2974906
2974937
2975597
2975675
2975693
2975695
2975698
2975764
2975829
2975841
2975960
2975965
2975967
2975984
2975989
2976079
2976126
2976173
2976175
2976207
2976214
2976215
2976238
2976241
2976248
2976270
2976290
2976298
2976310
2976335
2976345
2976346
2976367
2976368
2976369
2976370
2976373
2976376
2976418
2976472
2976482
2976492
2976508
2976509
2976516
2976517
2976518
2976525
2976540
2976541
2976542
2976570
2976571
2976624
2976958
2977005
2977176
2977234
2977342
2977370
2977391
2977402
2977490
2977584
2977586
2977639
2977656
2977788
2977794
2977795
2977797
2977803
2977804
2977805
2977811
2977812
2977896
2978186
2978194
2978195
2978256
2978340
2978519
2978537
2978572
2978671
2978867
2978868
2978939
2979230
2979271
2979419
2979454
2979476
2979484
2979485
2979487
2979489
2979494
2979545
2979599
2979615
2979638
2979699
2979711
2979730
2979751
2979753
2979767
2979768
2979772
2979773
2979774
2979775
2979777
2979778
2979779
2979780
2979781
2979782
2979785
2979787
2979793
2979794
2979796
2979799
2979803
2979804
2979864
2979934
2979941
2979993
2980011
2980024
2980033
2980037
2980040
2980118
2980190
2980205
2980499
2980842
2980996
2981099
2981365
2981370
2981487
2981489
2981547
2981555
2981595
2981746
2981749
2981753
2981754
2981755
2981756
2981757
2981758
2981761
2981762
2982079
2982113
2982175
2982266
2982275
2982570
2982717
2983152
2983198
2983211
2983325
2983343
2984839
2984864
2984919
2985070
2985090
2986004
2986110
2986498
2986499
2986553
2986589
2986597
2986601
2986602
2986603
2986605
2986951
2987179
2987193
2987194
2987235
2987337
2987345
2987351
2987359
2987368
2987414
2987431
2987432
2987433
2987434
2987523
2987672
2987673
2987907
2988037
2988038
2988040
2988266
2988643
2989751
2989862
2989880
2989881
2989895
2989902
2989904
2989909
2989916
2989921
2989930
2989937
2989980
2990024
2990052
2990062
2990075
2990082
2990088
2990089
2990118
2990126
2990127
2990129
2990131
2990133
2990135
2990264
2990334
2990347
2990373
2990375
2990388
2990389
2990524
2990835
2990843
2990938
2991007
2991019
2991507
2991518
2991545
2991745
2991848
2992011
2992022
2992023
2992028
2992037
2992044
2992344
2992678
2992730
2993160
2994956
2994958
2995101
2995125
2995180
2995270
2995926
2995938
2995948
2995952
2995953
2995954
2995955
2995956
2995957
2995958
2996024
2996029
2996032
2996104
2996105
2996111
2996113
2996121
2996122
2996128
2996131
2996132
2996141
2996167
2996174
2996179
2996182
2996189
2996192
2996244
2996407
2996449
2996697
2996711
2996720
2996721
2997418
2997429
2997432
2997438
2997445
2997509
2997510
2997692
2997695
2997710
2997716
2997717
2997718
2997793
2998165
2998246
2998320
2998323
2998324
2998349
2998400
2998488
2998492
2998508
2998527
2998528
2998532
2998535
2998536
2998538
2998570
2998572
2998611
2998651
2998679
2998687
2998690
2998691
2998705
2998720
2998730
2998741
2998755
2998762
2998794
2998803
2998829
2998833
2999416
2999777
2999971
2999973
3000202
3000334
3000335
3001721
3001736
3003589
3004480
3004600
3005070
3005135
3005142
3005202
3005393
3005449
3005616
3005631
3006481
3006586
3006881
3006902
3006915
3007149
3007153
3007159
3007160
3007161
3007162
3007165
3007166
3007351
3007371
3007462
3007464
3007467
3007468
3007469
3007471
3007505
3007627
3007629
3007765
3007768
3007788
3007791
3007792
3007793
3007798
3007799
3007800
3007805
3007814
3007815
3007819
3007821
3007904
3007911
3008812
3008814
3008824
3008825
3008828
3008908
3008919
3008920
3008926
3009216
3009239
3010308
3010356
3010924
3011029
3011128
3011131
3012045
3012259
3012429
3012449
3012450
3012453
3012457
3012458
3012460
3012842
3012846
3012848
3012856
3012859
3012861
3012862
3012865
3012866
3012867
3012871
3012882
3012887
3012891
3012893
3012894
3012895
3012995
3012998
3013121
3013135
3013138
3013155
3013156
3013157
3013158
3013160
3013162
3013163
3013198
3013199
3013202
3013214
3013221
3013229
3013251
3013252
3013258
3013261
3013285
3013289
3013311
3013328
3013351
3013353
3013357
3013360
3013364
3013388
3013392
3013415
3013418
3013437
3013442
3013448
3013457
3013461
3013470
3013481
3013488
3013500
3013520
3013525
3013543
3013549
3013552
3013582
3013605
3013613
3013652
3013674
3013689
3013711
3013716
3013720
3013731
3013745
3013746
3013747
3013749
3013750
3013756
3013757
3013760
3013765
3013770
3013771
3013773
3013775
3013776
3013785
3013788
3014239
3014243
3014263
3014264
3014265
3014269
3014275
3014301
3014302
3014303
3014311
3014353
3014379
3014382
3014410
3014418
3014503
3015131
3015139
3015146
3015250
3015252
3015254
3015259
3015296
3015740
3015971
3016068
3016565
3017356
3017787
3017788
3017850
3017941
3017952
3017964
3017994
3018001
3018014
3018015
3018018
3018040
3018042
3018061
3018066
3018068
3018069
3018074
3018080
3018164
3018226
3018269
3018279
3018280
3018290
3018437
3018444
3018840
3019235
3019636
3020186
3020188
3020189
3020196
3020197
3020198
3020201
3020203
3020204
3020421
3020526
3020701
3020720
3020832
3020838
3020842
3020843
3020845
3020847
3020891
3020895
3020900
3020901
3020902
3020905
3020907
3020964
3020981
3021095
3021124
3021133
3021173
3021180
3021289
3021290
3021294
3021466
3021473
3021478
3021493
3021502
3021504
3021506
3021518
3021567
3021568
3021570
3021574
3021576
3021593
3021598
3021605
3021609
3021610
3021612
3021625
3021628
3021643
3021660
3021661
3021663
3021666
3021670
3021671
3021672
3021676
3021679
3021680
3021683
3021692
3021693
3021697
3021708
3021739
3021751
3021802
3021863
3021869
3021874
3021876
3021877
3021880
3021882
3021884
3021887
3021888
3021891
3021892
3021945
3022074
3022084
3022144
3022210
3022250
3022296
3022331
3022368
3022411
3022439
3022502
3022614
3022618
3022652
3022660
3022661
3022662
3022672
3022692
3022727
3022843
3022877
3022907
3023080
3023503
3023615
3023708
3023711
3023720
3023740
3023750
3023815
3023886
3023903
3023922
3023944
3023956
3023971
3023996
3024000
3024013
3024025
3024042
3024130
3024131
3024138
3024226
3024269
3024310
3024324
3024363
3024378
3024413
3024448
3024458
3024523
3024556
3024567
3024604
3024621
3024664
3024722
3025233
3025912
3026151
3026190
3026254
3026259
3026284
3026296
3026298
3026307
3026308
3026312
3026313
3026364
3027155
3027393
3027395
3027732
3027747
3027759
3027767
3027769
3027771
3027776
3027782
3027796
3027806
3027819
3027846
3027859
3027864
3027867
3027868
3027872
3027873
3027874
3027900
3027908
3027919
3027931
3027941
3027947
3027954
3027969
3027975
3027982
3028047
3028091
3028130
3028140
3028142
3028143
3028144
3028145
3028155
3028228
3028243
3028268
3028270
3028271
3028284
3028341
3028453
3028468
3028494
3028507
3028594
3028643
3028926
3028929
3028979
3028982
3029171
3029223
3029226
3029239
3029273
3029352
3029700
3029702
3029705
3029714
3029734
3029799
3029834
3029835
3030139
3030254
3030256
3030257
3030258
3030280
3030284
3030286
3030400
3030401
3030425
3030427
3030456
3030458
3030488
3030490
3030522
3030550
3030552
3030575
3030594
3030596
3030657
3030659
3030730
3030813
3030815
3030843
3030845
3031227
3031436
3031451
3031468
3031469
3031501
3031837
3031838
3031840
3031843
3031844
3031845
3031850
3031852
3031856
3031860
3031862
3031869
3031870
3031872
3031873
3031874
3031875
3031880
3031906
3031917
3032039
3032492
3032495
3032502
3032508
3032511
3032513
3032523
3032540
3032651
3032653
3032656
3032659
3032665
3032666
3032667
3032668
3032675
3032676
3032677
3032794
3032872
3032876
3032879
3032892
3033477
3033479
3033484
3033491
3033507
3033522
3033545
3033546
3033561
3033562
3033581
3033585
3033587
3033589
3033594
3033599
3033616
3033638
3033639
3033651
3033652
3033654
3033658
3033660
3033661
3033663
3033667
3033668
3033669
3033670
3033672
3033691
3033708
3033710
3033718
3033721
3033727
3033728
3033729
3033770
3033774
3033775
3033776
3033777
3033779
3033786
3033788
3033790
3033792
3033794
3033795
3033797
3033806
3033808
3033810
3033811
3033813
3033814
3033816
3033849
3033867
3033872
3033873
3033877
3033892
3033893
3033901
3034003
3034010
3034031
3034135
3034158
3034160
3034162
3034164
3034167
3034169
3034175
3034178
3034345
3034447
3034450
3034847
3034907
3034912
3035136
3035148
3035340
3037900
3038159
3038288
3038293
3038422
3038452
3038467
3038541
3038542
3038543
3038553
3038557
3038559
3038566
3038567
3038652
3038736
3038860
3039057
3039093
3039151
3039169
3039404
3039596
3039609
3039894
3039898
3039903
3039905
3039906
3039907
3039908
3039909
3040096
3040242
3040338
3040651
3041208
3041210
3042821
3042822
3042878
3042883
3042893
3043264
3043357
3043664
3043713
3043716
3043723
3043724
3043733
3043739
3043740
3043741
3043744
3043747
3043756
3043757
3043759
3043768
3043769
3043771
3043809
3043829
3045178
3045410
3045424
3045439
3045504
3045505
3045534
3045633
3045893
3045931
3045982
3046037
3046142
3046190
3046194
3046209
3046213
3046214
3046215
3046218
3046219
3046222
3046362
3046454
3046462
3046677
3046702
3046771
3046873
3046885
3046929
3046936
3046945
3046965
3046975
3046983
3046987
3046999
3047017
3047107
3047113
3047114
3047125
3047129
3047130
3047135
3047136
3047158
3047161
3047169
3047184
3047186
3047189
3047190
3047191
3047193
3047194
3047195
3047200
3050856
3052182
3052232
3052235
3052314
3052339
3052553
3052794
3053104
3053499
3053532
3053590
3054115
3054225
3054349
3054419
3054424
3054440
3054452
3054460
3054526
3054538
3054541
3054555
3054559
3054571
3054576
3054632
3054646
3054648
3054652
3054654
3054665
3054684
3054707
3054714
3054731
3054733
3054902
3054907
3054920
3054921
3054922
3054923
3054926
3054928
3054929
3054931
3054968
3054987
3054992
3054995
3054996
3054999
3055447
3055477
3055510
3056397
3056441
3057563
3057565
3057597
3057605
3057607
3057610
3057612
3057616
3057624
3057625
3057637
3057669
3058084
3058096
3058106
3058161
3058172
3058308
3058347
3058358
3058475
3058477
3058478
3058479
3058480
3058481
3058482
3058488
3058661
3058688
3058711
3058714
3058790
3058835
3058842
3058847
3058873
3058877
3058883
3058905
3058908
3059138
3059146
3059160
3059161
3059164
3059207
3059210
3059220
3059319
3059320
3059325
3059327
3059495
3059515
3059643
3059647
3059653
3059654
3059655
3059657
3059689
3060040
3060772
3062763
3063478
3063509
3063565
3063572
3063597
3063643
3063648
3063661
3063684
3063689
3063702
3064028
3064114
3064199
3064266
3064276
3064314
3064360
3064418
3064450
3064550
3064701
3064798
3064825
3064865
3064870
3064908
3064913
3064921
3065032
3065066
3065148
3065275
3065388
3065390
3065404
3065406
3065410
3065424
3065429
3065434
3065450
3065500
3065784
3065792
3065858
3065866
3065868
3065877
3065879
3065910
3065933
3065938
3065944
3065953
3065966
3065975
3065982
3066009
3066239
3066446
3066495
3066517
3066518
3066529
3066560
3066569
3066582
3066588
3066597
3069047
3069288
3069645
3069727
3069798
3069806
3069822
3069838
3069843
3069855
3069900
3069914
3069929
3069975
3069988
3070007
3070080
3070227
3070366
3070381
3070503
3070506
3070629
3070758
3070819
3070949
3070962
3070981
3071108
3071230
3071244
3071258
3071269
3071361
3071367
3071387
3071436
3071447
3071496
3071499
3071503
3071705
3071740
3071750
3071775
3071780
3071805
3071816
3071846
3071863
3071881
3071893
3071911
3071913
3071938
3071954
3071959
3071970
3072013
3072607
3073119
3073123
3073825
3075640
3075657
3075681
3075685
3075716
3075722
3075727
3075735
3075747
3075858
3075872
3075909
3075911
3075912
3075917
3075918
3075919
3075922
3075923
3075929
3075956
3075963
3075982
3076010
3076230
3076285
3076289
3076290
3076299
3076302
3076494
3076511
3076514
3076518
3076519
3076522
3076598
3076717
3076719
3076720
3076728
3076729
3076731
3076869
3078261
3078318
3078392
3078594
3078597
3078607
3078612
3078616
3078621
3078626
3078641
3078712
3078718
3078719
3078721
3078845
3078886
3078897
3078941
3078945
3078953
3079020
3079030
3079032
3079039
3079040
3079043
3079044
3079048
3079049
3079050
3079051
3079052
3079054
3079123
3079131
3079132
3079133
3079270
3079455
3079459
3079463
3079474
3079479
3079482
3079484
3079489
3079490
3079496
3079500
3079501
3079507
3079510
3079514
3079516
3079519
3079812
3079882
3079885
3079892
3079893
3079894
3079895
3079984
3080144
3080203
3080211
3081469
3081895
3081950
3082199
3082368
3082749
3082755
3084514
3084521
3084522
3084523
3084524
3084527
3084528
3084529
3084903
3084953
3085177
3085214
3085219
3085220
3085697
3085698
3086172
3086178
3086213
3086217
3086224
3086227
3086251
3086488
3086490
3086536
3087051
3087186
3087218
3087284
3087475
3087583
3087924
3087944
3087964
3087969
3087970
3087971
3087972
3087973
3088012
3088035
3088265
3088268
3088279
3088288
3088290
3088298
3088399
3088505
3088506
3088510
3089708
3089715
3089777
3089778
3089855
3089857
3089868
3089874
3089887
3090052
3090056
3090061
3090078
3090090
3090117
3090139
3090155
3090160
3090211
3090212
3090230
3090231
3090262
3090266
3090269
3090270
3090273
3090280
3090477
3090478
3090481
3090485
3090486
3090487
3090491
3090492
3090493
3090495
3090579
3090583
3090601
3090621
3090745
3090746
3090748
3090749
3090754
3090782
3090880
3091174
3091338
3091364
3091541
3091567
3091600
3091601
3091611
3091620
3091623
3091631
3091633
3091634
3091645
3091656
3091679
3091683
3091792
3091794
3091949
3091955
3091969
3091993
3092530
3092532
3092534
3092536
3092537
3093174
3093431
3093663
3093668
3093670
3093678
3093692
3093705
3093714
3093720
3093722
3093786
3093824
3093833
3093880
3093916
3093982
3093987
3093990
3093995
3094020
3094023
3094033
3094040
3094053
3094056
3094091
3094109
3094111
3094115
3094119
3094121
3094154
3094199
3094207
3094211
3094245
3094263
3094276
3094307
3094308
3094318
3094443
3094447
3094475
3094476
3094538
3094550
3094695
3094828
3094868
3094881
3095012
3095021
3096020
3096024
3096081
3096082
3096124
3096183
3096225
3096241
3096389
3096885
3097621
3097873
3097917
3098377
3098510
3098617
3098688
3098689
3098692
3098702
3099010
3099190
3099278
3099283
3099442
3099445
3099446
3099450
3099451
3099453
3099454
3099455
3099456
3099457
3099459
3099460
3099462
3099463
3099464
3099477
3099486
3099496
3099520
3099534
3099561
3099563
3099568
3099602
3099606
3099741
3099754
3099785
3099796
3099845
3100453
3100464
3100540
3100925
3100928
3101097
3101961
3101962
3102044
3102053
3102061
3102063
3102067
3102096
3102124
3102161
3102179
3102197
3102875
3102889
3102901
3102902
3102939
3102953
3102980
3103008
3103032
3103034
3103043
3103051
3103053
3103065
3103122
3103167
3103577
3103596
3103763
3104225
3104226
3104371
3105234
3105237
3105353
3105355
3105365
3105367
3105369
3105370
3105372
3105373
3105389
3105394
3105423
3105859
3105864
3105937
3105940
3105947
3105948
3106510
3106521
3106542
3106578
3106598
3106619
3106621
3106634
3106681
3106682
3106688
3106699
3106705
3106730
3106732
3106753
3106755
3106761
3106774
3106787
3106804
3106840
3106884
3107244
3107351
3107353
3107477
3107776
3107818
3107848
3107851
3107893
3107894
3107944
3107950
3107952
3107955
3107956
3108008
3108013
3108039
3108079
3108092
3108100
3108134
3108162
3108169
3108170
3108186
3108195
3108198
3108215
3108221
3108222
3108236
3108241
3108255
3108266
3108343
3108352
3108388
3108390
3108394
3108396
3108423
3108534
3108584
3109659
3109769
3109775
3109777
3109784
3109789
3109792
3109798
3109809
3109812
3110455
3110458
3110461
3110470
3110472
3110473
3110474
3110475
3110476
3110477
3110478
3110480
3110483
3110484
3110486
3110581
3110589
3110595
3110666
3110673
3110675
3110687
3110688
3110689
3110691
3110702
3110722
3110726
3110727
3110731
3110759
3110761
3110764
3110780
3110806
3110926
3110928
3110988
3110989
3110991
3110994
3111020
3111027
3111029
3111030
3111033
3111045
3111121
3111123
3111127
3111203
3111217
3111219
3111221
3111226
3111239
3111240
3111243
3111244
3111249
3111333
3111376
3111412
3111466
3111518
3111523
3111544
3111545
3111546
3111547
3111548
3111549
3111550
3111554
3111664
3111668
3111686
3111687
3111733
3111745
3111819
3111899
3111906
3111911
3111956
3111963
3111964
3111965
3111971
3111985
3111991
3111994
3111998
3111999
3112021
3112025
3112026
3112037
3112042
3112050
3112068
3112073
3112098
3112099
3114503
3114944
3115023
3115091
3115122
3115201
3115232
3115274
3115313
3115319
3115537
3115842
3115843
3115890
3115928
3115984
3115992
3116171
3116300
3116311
3116325
3116450
3116455
3116462
3116474
3116487
3116573
3116581
3116618
3116628
3116657
3116813
3116842
3117256
3117466
3117470
3117834
3118122
3118497
3118588
3118687
3118733
3118743
3118770
3118781
3118812
3118821
3118828
3118830
3118984
3118985
3118986
3118996
3118997
3119006
3119010
3119019
3119020
3119027
3119150
3119151
3119153
3119157
3119159
3119160
3119161
3119179
3119258
3119259
3119319
3119322
3119323
3119346
3119351
3119785
3119931
3120272
3120278
3120349
3120362
3120363
3120366
3120540
3120549
3120550
3120551
3120553
3120562
3120563
3120564
3120566
3120643
3120644
3120700
3120711
3120724
3120787
3120796
3120816
3120864
3120884
3121058
3121341
3121660
3121790
3121836
3121964
3122000
3122026
3122096
3122106
3122313
3122333
3122419
3122467
3122489
3122527
3122590
3122603
3122614
3122630
3122695
3122768
3122780
3122807
3122829
3122838
3122843
3122855
3122856
3122862
3122903
3122908
3122910
3122921
3122929
3122931
3122934
3122940
3122942
3122943
3122945
3122946
3122950
3122966
3122968
3122994
3123000
3123001
3123022
3123023
3123036
3123038
3123039
3123040
3123081
3123176
3123187
3123188
3123267
3123290
3123374
3123399
3123410
3123414
3123544
3123680
3123729
3123855
3123857
3123859
3123885
3123886
3123888
3123895
3123896
3123909
3123917
3123918
3123942
3123985
3123991
3123992
3123995
3123996
3123997
3123998
3124000
3124024
3124122
3124123
3124129
3124155
3124158
3124187
3124190
3124540
3124731
3124733
3125022
3125030
3125032
3125033
3125034
3125036
3125037
3125042
3125043
3125044
3125045
3125049
3125053
3125061
3125063
3125064
3125066
3125067
3125068
3125070
3125071
3125075
3125076
3125177
3125241
3125275
3125659
3126094
3126183
3126187
3126250
3126258
3126300
3126319
3126331
3126368
3126391
3126395
3126406
3126407
3126409
3126423
3126461
3126478
3126480
3126482
3126483
3126485
3126486
3126490
3126495
3126496
3126497
3126498
3126506
3126509
3126517
3127023
3127024
3127545
3127548
3127569
3127570
3127571
3127576
3127577
3127603
3127606
3127626
3127635
3127644
3127675
3127680
3127690
3127770
3127779
3127783
3127786
3127794
3127795
3127804
3127830
3127895
3127923
3127925
3127986
3127996
3128022
3128057
3128060
3128065
3128066
3128072
3128085
3128092
3128094
3128102
3128107
3128108
3128109
3128111
3128114
3128115
3128121
3128126
3128137
3128138
3128140
3128141
3128142
3128143
3128144
3128145
3128146
3128150
3128170
3128171
3128173
3128174
3128176
3128177
3128178
3128179
3128180
3128181
3128182
3128183
3128185
3128188
3128189
3128190
3128229
3128232
3128242
3128244
3128249
3128252
3128256
3128262
3128263
3128270
3128271
3128272
3128350
3128362
3128363
3128368
3128369
3128372
3128373
3128375
3128378
3128379
3128380
3128381
3128382
3128384
3128423
3128425
3128428
3128429
3128434
3128436
3128437
3128440
3128442
3128449
3128458
3128460
3128461
3128465
3128467
3128469
3128470
3128476
3128477
3128490
3128491
3128492
3128650
3128662
3128705
3128783
3128784
3128788
3128789
3128802
3128803
3128804
3128806
3128812
3128814
3128834
3128836
3128837
3128838
3128841
3128844
3128854
3128860
3128863
3128864
3128875
3128877
3128909
3128910
3128912
3128936
3128938
3128942
3128943
3128951
3128954
3128957
3128959
3128960
3128964
3128965
3128966
3128967
3128970
3128976
3129009
3129013
3129014
3129029
3129147
3129179
3129184
3129185
3129186
3129187
3129188
3129191
3129195
3129207
3129209
3129212
3129213
3129214
3129248
3129254
3129259
3129269
3129282
3129315
3129321
3129322
3129327
3129328
3129334
3129335
3129348
3129353
3129367
3129370
3129376
3129379
3129382
3129383
3129384
3129406
3129408
3129416
3129417
3129420
3129433
3129455
3129488
3129490
3129505
3129506
3129511
3129515
3129516
3129518
3129521
3129522
3129543
3129544
3129545
3129553
3129554
3129555
3129558
3129560
3129561
3129562
3129565
3129566
3129573
3129574
3129623
3129628
3129630
3129633
3129642
3129644
3129645
3129647
3129648
3129649
3129650
3129651
3129658
3129671
3129676
3129677
3129678
3129745
3129751
3129756
3129785
3129788
3129801
3129804
3129805
3129812
3129823
3129825
3129828
3129829
3129831
3129832
3129833
3129835
3129837
3129838
3129839
3129841
3129888
3129892
3129896
3129901
3129907
3129920
3129937
3129939
3129940
3129956
3129977
3129981
3129985
3129993
3130030
3130041
3130044
3130045
3130068
3130070
3130071
3130100
3130120
3130121
3130124
3130150
3130152
3130159
3130164
3130165
3130167
3130178
3130179
3130182
3130196
3130201
3130202
3130209
3130210
3130211
3130251
3130515
3130528
3130538
3130589
3130663
3130702
3130758
3130768
3130769
3130774
3130775
3130776
3130810
3130829
3130953
3130978
3130979
3131062
3131082
3131097
3131127
3131129
3131132
3131133
3131134
3131136
3131137
3131139
3131140
3131598
3131601
3131602
3131605
3131606
3131607
3131608
3131609
3131613
3131653
3131671
3131680
3131685
3131717
3131718
3131724
3131727
3131728
3131730
3131731
3131732
3131733
3131737
3131801
3131816
3131826
3131828
3131832
3131995
3132050
3132102
3132115
3132118
3132129
3132141
3132153
3132158
3132162
3132168
3132172
3132173
3132178
3132183
3132195
3132196
3132198
3132203
3132242
3132252
3132253
3132254
3132260
3132262
3132263
3132264
3132271
3132272
3132278
3132279
3132287
3132291
3132293
3132301
3132309
3132310
3132318
3132319
3132326
3132327
3132330
3132333
3132340
3132341
3132342
3132343
3132345
3132377
3132443
3132577
3132593
3132630
3132731
3132732
3132735
3132739
3132740
3132762
3132777
3132778
3132801
3132805
3132866
3132997
3133035
3133040
3133045
3133050
3133061
3133074
3133145
3133186
3133191
3133192
3133199
3133200
3133205
3133206
3133269
3133308
3133309
3133310
3133313
3133316
3133345
3133354
3133383
3133388
3133441
3133451
3133462
3133519
3133520
3133521
3133522
3133523
3133563
3133569
3133571
3133577
3133580
3133581
3133586
3133596
3133598
3133604
3133606
3133609
3133629
3133631
3133672
3133681
3133693
3133707
3133731
3133748
3133757
3133938
3133965
3133970
3134005
3134016
3134040
3134049
3134058
3134059
3134069
3134070
3134071
3134072
3134073
3134077
3134131
3134167
3134168
3134170
3134175
3134176
3134178
3134184
3134185
3134186
3134187
3134189
3134190
3134191
3134192
3134317
3134319
3134321
3134324
3134326
3134328
3134333
3134334
3134335
3134336
3134338
3134339
3134345
3134349
3134350
3134351
3134352
3134354
3134355
3134356
3134357
3134360
3134361
3134362
3134366
3134367
3134368
3134369
3134371
3134372
3134373
3134453
3134471
3134488
3134491
3134554
3134555
3134702
3134707
3134726
3134733
3134734
3134735
3134736
3134739
3134741
3134897
3134929
3135007
3135009
3135098
3135328
3135379
3135454
3135486
3135500
3135555
3135929
3135992
3136002
3136145
3136153
3136176
3136320
3136337
3136355
3136439
3136441
3136445
3136446
3136453
3136465
3136475
3136515
3136516
3136523
3136533
3136552
3136594
3136595
3136597
3136612
3136619
3136630
3136650
3136726
3136738
3136765
3136795
3136819
3136844
3136857
3136893
3136914
3136917
3136922
3136925
3136926
3136929
3136934
3136938
3136950
3136951
3136961
3137013
3137023
3137035
3137038
3137048
3137053
3137054
3137098
3137319
3137401
3137432
3137509
3137523
3137524
3137533
3137534
3137536
3137537
3137544
3137554
3137555
3137556
3137557
3137561
3137562
3137563
3137567
3137568
3137569
3137571
3137572
3137581
3137594
3137599
3137601
3137606
3137608
3137609
3137611
3137613
3137623
3137631
3137635
3137673
3137674
3137679
3137680
3137687
3137688
3137693
3137695
3137696
3137705
3137706
3137710
3137711
3137712
3137718
3137720
3137724
3137726
3137735
3137741
3137744
3137745
3137761
3137768
3137774
3137781
3137786
3137790
3137792
3137794
3137797
3137800
3137801
3137807
3137815
3137831
3137839
3137840
3137856
3137859
3137878
3137898
3137936
3137946
3138153
3138206
3138234
3138280
3138290
3138310
3138352
3138383
3138409
3138410
3138499
3138500
3138559
3138608
3138617
3138618
3138638
3138648
3138730
3138835
3138846
3138868
3138976
3139237
3139252
3139255
3139301
3139312
3139318
3139323
3139324
3139334
3139342
3139350
3139352
3139357
3139365
3139379
3139390
3139394
3139409
3139416
3139423
3139424
3139425
3139426
3139432
3139435
3139437
3139450
3139459
3139460
3139463
3139485
3139524
3139564
3139567
3139624
3139627
3139630
3139631
3139633
3139640
3139643
3139645
3139649
3139664
3139668
3139670
3139674
3139675
3139760
3139761
3139775
3139776
3139777
3139779
3139782
3139783
3139788
3139789
3140157
3140291
3140361
3140384
3140411
3140500
3140509
3140577
3140616
3140630
3140652
3140669
3140677
3140682
3140717
3140745
3140748
3140756
3140764
3140780
3140786
3140796
3140804
3140918
3140920
3140926
3140927
3140945
3140956
3140958
3140960
3140961
3141183
3141248
3141263
3141314
3141324
3141365
3141382
3141399
3141402
3141449
3141588
3141606
3141641
3141652
3141701
3141817
3141824
3141826
3141827
3141830
3141831
3141837
3141840
3141841
3141845
3141846
3141848
3141849
3141854
3141857
3141861
3141863
3141868
3141869
3141872
3141881
3141883
3141885
3141888
3141890
3141891
3141892
3141893
3141900
3141901
3141903
3141907
3141908
3141909
3141914
3141916
3141931
3141933
3141934
3141936
3141939
3141940
3141955
3141958
3141960
3141962
3141963
3141965
3141967
3141969
3141970
3141971
3141987
3141988
3141991
3141994
3141996
3141997
3142002
3142022
3142025
3142026
3142029
3142030
3142031
3142036
3142040
3142043
3142044
3142045
3142048
3142049
3142052
3142053
3142056
3142059
3142060
3142061
3142063
3142066
3142075
3142077
3142078
3142081
3142082
3142083
3142084
3142088
3142090
3142092
3142104
3142105
3142107
3142108
3142112
3142115
3142116
3142117
3142118
3142125
3142126
3142128
3142129
3142131
3142132
3142134
3142135
3142137
3142138
3142140
3142144
3142146
3142147
3142152
3142155
3142158
3142163
3142167
3142168
3142174
3142176
3142178
3142179
3142181
3142184
3142186
3142190
3142195
3142214
3142220
3142222
3142228
3142233
3142237
3142242
3142251
3142256
3142257
3142260
3142267
3142278
3142282
3142283
3142285
3142287
3142289
3142290
3142297
3142331
3142354
3142375
3142382
3142383
3142384
3142388
3142390
3142391
3142392
3142394
3142395
3142405
3142406
3142416
3142425
3142463
3142469
3142474
3142488
3142492
3142501
3142502
3142503
3142505
3142508
3142520
3142523
3142524
3142525
3142526
3142527
3142528
3142529
3142575
3142585
3142588
3142590
3142651
3142652
3142653
3142654
3142656
3142658
3142660
3142662
3142663
3142664
3142665
3142667
3142668
3142669
3142670
3142671
3142674
3142675
3142676
3142677
3142678
3142679
3142703
3142704
3142706
3142709
3142712
3142713
3142716
3142718
3142719
3142721
3142722
3142723
3142726
3142728
3142729
3142731
3142733
3142734
3142736
3142741
3142744
3142745
3142746
3142747
3142749
3142751
3142752
3142755
3142758
3142759
3142761
3142762
3142763
3142765
3142766
3142767
3142768
3142769
3142770
3142820
3142821
3142837
3142844
3142856
3142863
3142865
3142872
3142876
3142941
3142944
3142949
3142956
3142957
3142961
3142974
3142978
3142980
3142983
3142990
3142999
3143000
3143011
3143013
3143029
3143036
3143041
3143043
3143050
3143051
3143052
3143053
3143066
3143158
3143159
3143160
3143165
3143166
3143170
3143174
3143176
3143181
3143184
3143205
3143230
3143236
3143246
3143257
3143292
3143316
3143426
3143439
3143485
3143513
3143514
3143527
3143539
3143563
3143577
3143612
3143631
3143641
3143750
3143872
3143873
3144060
3144082
3144096
3144112
3144144
3144263
3144265
3144355
3144366
3144389
3144396
3144402
3144414
3144634
3144641
3144801
3144875
3144976
3144989
3144994
3145006
3145012
3145030
3145041
3145051
3145056
3145074
3145077
3145080
3145082
3145119
3145120
3145125
3145156
3145158
3145159
3145169
3145172
3145175
3145182
3145188
3145216
3145236
3145246
3145251
3145257
3145306
3145325
3145341
3145353
3145455
3145457
3145508
3145510
3145513
3145516
3145517
3145521
3145537
3145538
3145586
3145600
3145601
3145605
3145608
3145613
3145643
3145689
3145691
3145692
3145697
3145698
3145701
3145702
3145705
3145706
3145707
3145713
3145716
3145727
3145733
3145737
3145742
3145744
3145745
3145747
3145749
3145751
3145756
3145775
3145778
3145781
3145782
3145784
3145785
3145790
3145792
3145797
3145799
3145808
3145810
3145823
3145824
3145848
3145849
3145854
3145855
3145856
3145870
3145873
3145874
3145876
3145882
3145887
3145890
3145891
3145915
3145924
3145954
3145966
3145972
3145992
3145995
3146000
3146001
3146002
3146016
3146029
3146036
3146074
3146079
3146112
3146121
3146127
3146133
3146135
3146136
3146254
3146288
3146316
3146453
3146522
3146523
3146998
3147063
3147090
3147097
3147122
3147124
3147126
3147144
3147151
3147198
3147204
3147205
3147220
3147222
3147230
3147235
3147248
3147253
3147279
3147287
3147299
3147313
3147319
3147321
3147344
3147378
3147387
3147442
3147456
3147462
3147530
3147541
3147561
3147565
3147579
3147609
3147625
3147634
3147637
3147639
3147675
3147773
3147776
3147781
3147787
3147788
3147793
3147796
3147798
3147799
3147801
3147805
3147808
3147810
3147814
3147816
3147817
3147825
3147830
3147833
3147838
3147844
3147845
3147854
3147936
3147981
3148006
3148099
3148143
3148144
3148146
3148147
3148152
3148160
3148164
3148166
3148167
3148170
3148175
3148182
3148195
3148197
3148198
3148199
3148200
3148201
3148202
3148211
3148227
3148240
3148268
3148270
3148297
3148300
3148327
3148345
3148349
3148363
3148434
3148440
3148456
3148470
3148476
3148479
3148482
3148487
3148488
3148489
3148669
3148670
3148712
3148761
3148770
3148844
3148875
3148880
3148883
3148887
3148888
3148894
3148910
3148911
3148916
3148917
3148923
3148944
3148955
3148969
3148970
3148973
3148975
3148982
3148984
3148985
3149003
3149006
3149008
3149057
3149058
3149061
3149063
3149076
3149077
3149081
3149082
3149083
3149085
3149086
3149087
3149090
3149094
3149098
3149100
3149101
3149102
3149105
3149106
3149113
3149114
3149117
3149120
3149121
3149122
3149128
3149129
3149131
3149137
3149142
3149145
3149148
3149150
3149153
3149162
3149173
3149194
3149242
3149243
3149246
3149251
3149252
3149258
3149260
3149261
3149264
3149265
3149275
3149289
3149310
3149321
3149322
3149328
3149331
3149334
3149335
3149350
3149366
3149385
3149391
3149397
3149398
3149399
3149405
3149407
3149414
3149415
3149428
3149442
3149449
3149508
3149526
3149544
3149546
3149551
3149552
3149561
3149564
3149572
3149575
3149577
3149579
3149580
3149585
3149589
3149594
3149595
3149596
3149598
3149603
3149604
3149610
3149611
3149618
3149619
3149621
3149626
3149628
3149629
3149633
3149635
3149636
3149639
3149644
3149648
3149649
3149656
3149660
3149664
3149669
3149670
3149672
3149679
3149680
3149681
3149682
3149688
3149690
3149693
3149697
3149700
3149725
3149726
3149745
3149792
3149796
3149834
3149839
3149858
3149865
3149889
3149899
3149902
3149906
3149950
3149959
3149964
3149965
3149966
3149980
3149982
3149991
3149992
3149993
3150007
3150008
3150013
3150014
3150044
3150045
3150083
3150084
3150171
3150172
3150278
3150606
3150608
3150782
3150803
3150812
3150821
3150823
3150829
3150880
3150889
3150905
3150906
3150913
3150928
3150945
3150951
3150953
3150969
3150977
3151017
3151019
3151032
3151033
3151037
3151053
3151065
3151076
3152576
3153000
3153005
3153006
3153011
3153014
3153028
3153037
3153046
3153047
3153049
3153157
3153171
3153187
3153555
3154963
3154969
3154985
3154986
3155943
3155954
3155969
3156214
3156232
3156260
3156263
3156273
3156276
3156316
3156323
3156325
3156519
3156524
3156528
3156576
3156701
3156703
3156704
3156773
3156841
3156852
3156957
3156959
3156960
3156963
3157008
3157009
3157010
3157012
3157013
3157019
3157278
3157279
3157287
3157293
3157319
3157518
3157520
3157521
3157526
3157527
3157535
3157539
3157540
3157541
3157770
3157772
3157774
3157777
3157781
3157791
3157792
3157793
3158090
3158098
3158334
3158396
3158430
3158433
3158486
3158495
3158509
3158513
3158569
3159395
3159397
3159423
3159425
3159472
3159501
3159575
3159672
3160299
3160345
3160376
3160572
3160573
3160593
3160596
3160606
3160607
3160611
3160670
3160677
3160695
3160704
3160712
3160713
3160786
3160817
3161328
3161461
3161506
3162039
3162067
3162071
3162075
3162082
3162101
3162108
3162109
3162111
3162113
3162114
3162117
3162118
3162120
3162122
3162124
3163845
3163851
3163855
3163857
3163859
3163863
3163876
3163879
3163882
3163887
3163888
3163890
3163891
3163895
3163896
3163897
3163902
3163903
3163904
3163905
3163908
3163915
3163916
3163923
3163927
3163929
3163935
3163936
3163943
3163950
3163956
3163964
3163965
3163967
3163969
3163982
3163991
3164007
3164037
3164042
3164054
3164060
3164065
3164113
3164115
3164117
3164118
3164134
3164137
3164138
3164139
3164269
3164280
3164281
3164284
3164299
3164303
3164324
3164332
3164370
3164372
3164373
3164377
3164405
3164406
3164408
3164411
3164414
3164417
3164439
3164460
3164461
3164463
3164488
3164490
3164493
3164505
3164508
3164509
3164510
3164515
3164518
3164555
3164559
3164562
3164563
3164586
3164592
3164595
3164628
3164645
3164664
3164670
3164674
3164678
3164706
3164732
3164755
3164779
3164785
3165069
3165185
3165198
3165458
3165597
3165703
3165731
3165959
3165976
3166006
3166112
3166137
3166139
3166143
3166186
3166195
3166208
3166215
3166246
3166501
3166551
3166993
3167026
3167045
3167107
3167118
3167130
3167145
3167668
3167674
3167836
3167868
3167939
3167956
3167971
3167972
3168043
3168044
3168060
3168119
3168125
3168526
3170329
3170365
3170371
3170372
3170382
3170403
3170410
3170427
3170648
3170662
3170663
3170664
3170665
3170668
3170669
3171005
3171020
3171030
3171031
3171032
3171033
3171036
3171038
3171166
3171500
3171505
3171507
3171676
3171723
3172054
3172059
3172106
3172116
3174632
3174642
3174756
3174798
3174914
3174932
3175983
3176081
3176550
3176551
3176553
3176554
3176737
3177620
3178386
3178570
3178628
3179178
3179234
3179264
3179313
3179336
3179368
3180387
3180397
3180402
3180684
3180709
3180723
3180751
3180768
3181437
3181541
3181542
3181543
3184190
3184258
3185405
3185469
3185635
3185941
3185948
3186007
3186114
3186244
3186248
3186283
3186310
3186317
3186345
3186360
3186374
3186377
3186381
3186388
3186390
3186391
3186393
3186394
3186479
3186485
3186487
3186543
3187640
3187958
3190125
3190127
3190807
3191367
3191903
3192138
3193048
3193095
3193884
3194670
3194938
3195222
3195880
3196125
3196901
3200321
3200327
3200375
3201801
3201805
3201812
3202015
3202832
3203602
3203716
3203915
3203923
3203925
3203926
3203928
3203932
3203933
3203934
3204759
3204762
3204770
3205223
3205231
3205236
3205490
3205521
3205526
3205527
3205529
3205532
3205535
3205536
3205538
3205539
3205540
3205541
3205542
3205545
3206183
3206963
3207356
3207579
3207583
3207767
3208567
3209094
3209101
3209136
3209143
3209225
3209243
3210051
3210053
3210321
3210666
3210670
3210678
3210998
3211058
3212282
3212641
3213415
3213540
3213696
3213699
3213756
3213762
3213764
3213779
3213783
3213785
3213786
3213865
3213912
3214496
3214498
3214843
3214844
3214956
3214957
3214960
3214970
3215042
3215079
3215080
3215164
3215205
3215207
3215236
3215255
3215348
3215387
3215516
3215517
3215522
3215524
3215527
3215528
3215530
3215531
3215540
3215543
3215545
3215546
3215547
3215671
3215679
3215704
3215789
3215920
3215977
3215980
3216134
3216223
3216247
3216253
3216257
3216362
3216429
3217161
3217506
3217541
3217752
3218067
3218071
3219809
3219815
3219819
3219832
3219983
3220012
3220111
3220116
3220168
3220283
3220323
3220324
3220325
3220401
3220857
3220865
3220878
3220881
3221590
3221720
3221743
3221956
3221957
3221960
3222004
3222172
3222439
3222812
3222956
3222960
3222967
3223054
3223244
3223288
3223955
3223956
3224096
3224098
3224535
3224537
3224646
3225072
3225175
3225236
3225513
3225521
3225655
3225660
3225677
3225711
3225791
3225796
3225802
3225813
3225815
3225819
3225828
3225851
3225852
3225853
3225857
3225860
3225879
3225892
3225902
3225920
3225926
3225933
3225942
3225947
3225950
3225953
3225954
3225955
3225956
3225960
3225961
3225962
3225963
3225964
3226066
3226152
3226164
3226166
3226169
3226193
3226198
3226199
3226203
3226208
3226213
3226223
3226224
3226226
3226236
3226247
3226277
3226297
3226311
3226368
3226444
3226472
3226480
3226481
3226837
3226846
3226871
3226872
3226876
3226877
3226878
3226882
3226921
3226925
3226928
3227019
3227344
3227520
3227526
3227527
3227531
3227560
3227612
3227693
3227958
3228073
3228089
3228684
3229462
3229619
3229763
3230140
3230232
3230520
3230646
3230690
3230691
3231092
3231337
3233689
3233691
3234104
3234107
3236657
3236681
3236777
3236778
3236906
3236946
3237027
3237028
3237034
3237036
3237037
3237352
3237502
3237505
3237510
3237708
3237710
3237715
3237717
3237801
3237841
3237849
3238056
3238057
3238197
3238249
3238488
3238495
3238506
3238513
3238520
3238603
3238706
3238763
3238774
3239001
3239135
3239704
3239764
3239795
3239803
3239809
3239813
3240204
3240623
3240658
3241040
3241050
3241219
3241406
3241408
3241410
3241459
3241576
3241584
3241615
3241789
3241792
3242133
3242146
3242189
3242735
3242989
3243005
3243939
3244064
3244277
3244535
3244538
3244685
3244743
3244758
3244869
3244928
3244960
3244964
3244966
3244967
3245096
3245735
3245776
3245783
3245914
3246074
3246097
3246192
3247346
3247351
3247352
3247354
3247355
3247356
3247357
3247360
3247361
3247364
3247366
3247371
3247374
3247375
3247376
3247377
3247378
3247379
3247380
3247382
3247383
3247388
3247390
3247391
3247392
3247395
3247545
3247643
3247687
3247733
3247736
3247782
3247783
3247800
3247823
3247825
3247826
3247838
3247856
3247872
3247907
3247978
3248000
3248129
3248179
3248184
3248206
3251736
3251955
3251992
3252021
3252022
3252046
3252066
3252093
3252097
3252101
3252102
3252118
3252158
3253319
3254471
3255968
3255971
3256065
3256085
3256168
3256173
3256174
3256188
3256192
3256213
3256219
3256248
3256249
3256252
3256254
3256301
3256311
3256351
3256391
3256440
3256455
3256496
3256548
3256591
3256636
3256645
3256659
3256668
3256806
3256825
3256843
3256868
3256869
3256877
3256902
3256903
3256906
3256912
3257007
3257009
3257010
3257016
3257023
3257038
3257047
3257060
3257062
3257066
3257071
3257079
3257081
3257090
3257110
3257115
3257131
3257137
3257148
3257159
3257166
3257174
3257186
3257201
3257210
3257233
3257236
3257272
3257273
3257274
3257275
3257287
3257296
3257299
3257309
3257310
3257350
3257354
3257355
3257367
3257370
3257374
3257377
3257390
3257393
3257407
3257483
3257540
3257560
3257564
3257565
3257566
3257567
3257570
3257580
3257592
3257630
3257637
3257643
3257645
3257653
3257654
3257672
3257673
3257690
3257700
3257706
3257708
3257718
3257719
3257745
3257747
3257748
3257756
3257770
3257775
3257802
3257822
3257824
3257990
3257991
3257993
3257995
3257996
3258019
3258025
3258029
3258054
3258063
3258068
3258107
3258114
3258358
3258467
3258560
3258584
3258838
3258878
3258879
3259864
3259865
3259951
3260801
3260830
3260913
3260936
3260964
3260970
3260971
3261211
3261257
3261270
3261278
3261284
3261302
3261452
3261471
3262693
3263197
3263217
3263234
3263267
3263283
3263342
3263356
3263418
3263508
3263514
3263525
3263528
3263533
3263543
3263545
3263547
3263549
3263550
3263551
3263552
3263553
3263554
3263557
3263558
3263567
3263568
3263572
3263791
3263919
3263928
3263980
3264105
3264556
3264591
3264606
3264615
3264621
3264628
3264629
3265889
3265899
3265904
3265913
3266179
3266180
3266338
3266360
3266416
3266869
3266954
3266956
3267177
3267178
3267218
3267225
3267370
3267413
3267414
3267458
3267592
3267593
3267594
3267888
3267958
3267970
3267972
3267973
3267975
3267976
3268207
3268209
3268211
3268216
3268218
3268407
3268418
3268883
3268886
3269181
3269189
3269202
3269209
3269216
3269271
3269561
3269743
3269744
3269946
3269967
3269985
3270041
3270053
3270536
3270541
3270543
3270545
3270546
3270587
3270607
3270637
3270645
3270647
3270832
3270962
3271025
3271400
3271417
3271419
3272449
3272452
3272479
3272481
3272482
3272484
3272488
3272504
3272506
3272510
3272513
3272516
3272543
3273431
3273452
3273618
3273744
3273783
3273964
3273968
3274361
3274363
3274364
3274372
3274548
3274618
3274621
3274794
3274795
3274806
3274807
3274809
3274814
3274816
3274818
3274865
3275308
3275485
3275879
3275887
3275904
3276009
3276230
3276303
3277283
3277397
3278726
3279884
3280299
3280956
3281860
3282509
3282539
3282545
3282579
3282607
3282616
3282861
3283249
3283992
3285958
3286105
3286137
3286174
3286206
3286621
3287075
3287633
3287705
3288225
3288227
3288719
3289061
3289357
3290349
3291193
3291470
3291632
3292400
3292415
3292424
3292444
3292464
3292473
3292485
3292514
3292529
3292533
3292536
3292819
3293089
3293090
3293213
3293236
3293253
3293263
3293269
3293279
3293295
3293303
3295446
3295794
3295865
3296667
3296704
3296705
3296730
3296817
3297529
3297589
3297707
3297806
3297811
3298126
3298206
3298475
3298803
3298874
3298895
3299318
3299321
3299373
3299412
3299430
3299656
3299676
3299734
3299786
3299840
3300053
3300356
3300468
3300574
3300690
3300738
3300840
3302225
3302526
3302553
3302563
3302674
3302900
3302941
3303211
3303219
3303225
3303227
3303228
3303235
3303243
3303251
3303253
3303254
3303255
3303256
3303258
3303260
3303261
3303262
3303274
3303300
3303319
3303346
3303568
3303915
3304145
3304172
3304239
3304240
3304248
3304252
3305740
3305741
3305747
3305748
3305812
3305858
3305958
3305990
3306055
3306470
3306572
3306592
3306704
3306716
3306768
3306777
3306779
3306780
3306853
3306865
3306955
3306962
3307514
3307927
3308062
3308408
3308430
3308459
3308461
3308472
3308486
3308489
3308672
3309821
3309822
3309834
3309836
3309837
3309854
3309900
3309922
3310245
3310656
3310751
3311289
3311290
3311294
3311295
3311296
3311362
3311366
3311367
3311369
3311370
3313482
3313492
3313499
3313501
3313513
3313536
3313539
3313546
3313547
3313548
3313550
3313556
3313557
3313558
3313560
3313587
3313609
3313611
3313616
3313623
3313626
3314813
3314842
3315824
3315827
3315836
3315839
3316710
3317539
3317696
3317971
3318016
3318034
3318995
3319094
3319166
3320619
3321119
3321184
3321185
3321193
3321280
3321287
3321289
3321291
3321358
3321481
3321618
3322275
3322390
3322415
3322454
3322485
3322602
3322635
3322667
3322692
3322700
3322740
3322806
3322993
3323261
3323262
3323687
3323740
3323741
3324039
3324103
3324104
3324112
3324114
3324115
3324116
3324122
3324123
3324124
3324221
3324222
3324250
3324505
3324639
3324754
3324755
3324842
3324900
3324912
3325449
3325686
3325738
3325884
3325896
3325956
3325957
3326865
3327073
3327080
3327111
3327118
3327554
3327555
3327557
3327581
3327592
3327594
3327598
3327602
3327612
3327614
3327615
3327616
3327617
3327618
3327619
3327620
3327621
3327622
3327623
3327624
3327625
3327626
3327627
3327628
3327629
3327630
3327631
3327634
3327635
3327636
3327640
3327642
3327647
3327648
3327649
3327653
3327657
3327658
3327659
3327660
3327661
3327662
3327663
3327664
3327665
3327666
3327674
3327675
3327680
3327681
3327682
3327683
3327684
3327690
3327693
3327694
3327695
3327696
3327697
3327698
3327701
3327702
3327703
3327705
3327706
3327707
3327708
3327713
3327714
3327715
3327716
3327719
3327720
3327721
3327722
3327734
3327735
3327736
3327737
3327738
3327739
3327740
3327741
3327742
3327743
3327745
3327746
3327748
3327749
3327750
3327751
3327752
3327754
3327758
3327762
3327764
3327765
3327768
3327769
3327770
3327771
3327772
3327774
3327775
3327776
3327777
3327778
3327779
3327794
3327795
3327796
3327798
3327800
3327801
3327804
3327807
3327810
3327811
3327813
3327815
3327816
3327819
3327820
3327821
3327823
3327824
3327825
3327826
3327828
3327829
3327830
3327831
3327832
3327833
3327834
3327836
3327837
3327838
3327839
3327840
3327841
3327842
3327843
3327844
3327845
3327846
3327847
3327850
3327856
3327882
3327890
3327891
3327892
3327903
3327905
3327906
3327908
3327913
3327914
3327923
3327927
3327928
3327940
3327941
3327942
3327968
3327969
3327970
3327972
3327982
3327989
3327990
3327991
3327993
3327998
3328011
3328012
3328017
3328018
3328019
3328021
3328022
3328026
3328028
3328030
3328031
3328033
3328035
3328036
3328043
3328044
3328046
3328047
3328050
3328060
3328062
3328063
3328065
3328067
3328068
3328070
3328072
3328073
3328075
3328078
3328080
3328084
3328089
3328120
3328124
3328125
3328126
3328141
3328142
3328143
3328146
3328150
3328153
3328154
3328155
3328157
3328165
3328169
3328171
3328172
3328173
3328175
3328177
3328178
3328179
3328184
3328192
3328229
3328233
3328234
3328235
3328236
3328238
3328241
3328243
3328261
3328270
3328274
3328275
3328408
3328414
3328415
3328416
3328417
3328418
3328419
3328420
3328421
3328423
3328424
3328428
3328431
3328432
3328434
3328435
3328436
3328437
3328438
3328439
3328440
3328441
3328457
3328458
3328464
3328465
3328467
3328468
3328469
3328470
3328471
3328472
3328474
3328475
3328477
3328497
3328501
3328503
3328504
3328533
3328536
3328552
3328553
3328556
3328558
3328559
3328561
3328562
3328563
3328566
3328567
3328568
3328572
3328580
3328583
3328587
3328588
3328593
3328594
3328595
3328598
3328601
3328605
3328606
3328610
3328611
3328612
3328614
3328615
3328616
3328626
3328629
3328630
3328631
3328634
3328635
3328642
3328647
3328648
3328650
3328652
3328656
3328657
3328664
3328667
3328674
3328678
3328682
3328687
3328689
3328693
3328700
3328703
3328715
3328718
3328720
3328722
3328723
3328734
3328736
3328737
3328738
3328740
3328741
3328743
3328744
3328745
3328747
3328748
3328749
3328750
3328754
3328756
3328757
3328758
3328760
3328761
3328762
3328764
3328766
3328767
3328770
3328771
3328772
3328773
3328774
3328775
3328882
3328884
3329009
3329118
3329126
3329232
3329269
3329275
3329278
3329297
3329309
3329312
3329314
3329315
3329430
3329481
3329497
3329506
3329511
3329516
3329519
3329628
3329640
3329655
3329682
3329715
3329764
3329829
3329928
3329934
3329949
3329956
3329959
3329967
3329968
3329974
3329975
3329976
3329977
3329978
3329986
3329990
3330003
3330005
3330006
3330007
3330008
3330009
3330014
3330015
3330016
3330017
3330018
3330020
3330021
3330023
3330024
3330025
3330026
3330027
3330029
3330031
3330032
3330033
3330034
3330035
3330036
3330037
3330038
3330039
3330040
3330041
3330042
3330043
3330044
3330045
3330046
3330047
3330048
3330049
3330050
3330053
3330055
3330056
3330057
3330059
3330060
3330062
3330063
3330066
3330067
3330069
3330070
3330071
3330075
3330077
3330078
3330080
3330084
3330086
3330087
3330088
3330090
3330091
3330092
3330093
3330094
3330095
3330096
3330097
3330098
3330099
3330100
3330102
3330103
3330107
3330115
3330116
3330117
3330119
3330123
3330124
3330127
3330137
3330138
3330139
3330140
3330141
3330142
3330145
3330146
3330147
3330148
3330151
3330164
3330165
3330181
3330211
3330220
3330222
3330230
3330234
3330235
3330236
3330237
3330241
3330243
3330244
3330246
3330252
3330256
3330257
3330263
3330266
3330270
3330291
3330292
3330293
3330296
3330302
3330304
3330305
3330307
3330316
3330317
3330318
3330319
3330320
3330321
3330323
3330325
3330328
3330329
3330336
3330342
3330343
3330346
3330347
3330352
3330354
3330355
3330356
3330357
3330359
3330360
3330364
3330366
3330372
3330381
3330413
3330448
3330458
3330468
3330471
3330472
3330473
3330479
3330481
3330482
3330484
3330493
3330515
3330519
3330523
3330524
3330529
3330532
3330537
3330543
3330545
3330546
3330547
3330554
3330563
3330566
3330568
3330571
3330574
3330580
3330581
3330582
3330583
3330584
3330599
3330609
3330613
3330621
3330622
3330627
3330628
3330629
3330630
3330631
3330632
3330633
3330642
3330643
3330645
3330647
3330649
3330650
3330652
3330653
3330654
3330656
3330657
3330661
3330663
3330665
3330667
3330670
3330674
3330676
3330677
3330679
3330680
3330681
3330682
3330683
3330691
3330694
3330695
3330696
3330699
3330700
3330701
3330702
3330703
3330704
3330707
3330709
3330711
3330712
3330714
3330715
3330721
3330727
3330732
3330739
3330742
3330747
3330779
3330783
3330811
3330813
3330841
3330849
3330851
3330868
3330874
3330877
3330879
3330881
3330888
3330889
3330892
3330893
3330895
3330920
3330983
3331019
3331022
3331024
3331025
3331032
3331044
3331045
3331046
3331047
3331048
3331049
3331050
3331054
3331055
3331061
3331064
3331066
3331067
3331068
3331069
3331070
3331071
3331072
3331073
3331074
3331075
3331077
3331080
3331081
3331084
3331086
3331088
3331094
3331098
3331107
3331112
3331113
3331117
3331120
3331121
3331122
3331129
3331132
3331133
3331134
3331135
3331138
3331139
3331144
3331148
3331149
3331152
3331158
3331160
3331162
3331166
3331167
3331168
3331169
3331170
3331171
3331523
3331525
3331526
3331529
3331530
3331531
3331534
3331535
3331536
3331537
3331539
3331540
3331541
3331542
3331545
3331546
3331547
3331548
3331549
3331551
3331552
3331554
3331557
3331558
3331559
3331562
3331563
3331564
3331577
3331578
3331579
3331582
3331583
3331584
3331585
3331587
3331588
3331589
3331609
3331610
3331611
3331615
3331616
3331620
3331624
3331625
3331630
3331631
3331633
3331636
3331638
3331643
3331651
3331652
3331653
3331654
3331656
3331657
3331658
3331659
3331660
3331662
3331674
3331682
3331685
3331704
3331708
3331730
3331732
3331749
3331751
3331771
3331773
3331774
3331785
3331793
3331800
3331809
3331810
3331815
3331830
3331832
3331834
3331837
3331840
3331855
3331857
3331865
3331879
3331880
3331922
3331923
3331927
3331942
3331945
3331947
3331951
3331954
3331971
3332023
3332025
3332026
3332030
3332038
3332039
3332040
3332041
3332048
3332051
3332052
3332055
3332056
3332101
3332183
3332184
3332185
3332186
3332190
3332191
3332194
3332195
3332201
3332202
3332203
3332205
3332208
3332212
3332213
3332214
3332216
3332217
3332218
3332220
3332221
3332381
3332447
3332461
3332468
3332504
3332506
3332518
3332538
3332578
3332580
3332582
3332589
3332590
3332874
3332931
3332932
3332933
3332936
3332937
3332939
3332940
3332941
3332942
3332944
3332946
3332947
3332948
3332949
3332950
3332992
3332993
3332994
3333004
3333007
3333008
3333011
3333012
3333013
3333014
3333015
3333018
3333019
3333020
3333021
3333030
3333055
3333058
3333060
3333063
3333065
3333066
3333069
3333070
3333078
3333079
3333080
3333084
3333085
3333087
3333088
3333089
3333090
3333092
3333108
3333109
3333110
3333112
3333114
3333132
3333133
3333136
3333137
3333138
3333140
3333151
3333152
3333154
3333155
3333156
3333191
3333197
3333207
3333208
3333214
3333216
3333220
3333221
3333225
3333226
3333228
3333231
3333232
3333233
3333234
3333236
3333242
3333244
3333251
3333259
3333268
3333270
3333271
3333272
3333273
3333274
3333276
3333287
3333289
3333292
3333293
3333295
3333296
3333445
3333448
3333453
3333454
3333455
3333459
3333460
3333467
3333474
3333475
3333479
3333480
3333482
3333483
3333485
3333486
3333487
3333626
3333644
3333645
3333648
3333649
3333650
3333653
3333657
3333708
3333710
3333726
3333730
3333731
3333747
3333749
3333754
3333755
3333759
3333761
3333764
3333768
3333769
3333772
3333773
3333778
3333806
3333824
3333828
3333834
3333848
3333850
3333851
3333852
3333855
3333856
3333865
3333892
3333894
3333895
3333899
3333900
3333902
3333911
3333919
3333921
3333929
3333935
3333936
3333942
3333944
3333945
3333946
3333958
3333961
3333968
3333971
3333973
3333974
3333975
3333976
3333977
3333979
3333984
3333985
3333986
3333987
3333988
3334028
3334030
3334032
3334033
3334035
3334036
3334040
3334043
3334056
3334098
3334119
3334197
3334198
3334200
3334203
3334208
3334209
3334211
3334212
3334215
3334289
3334318
3334330
3334331
3334340
3334358
3334405
3334408
3334410
3334414
3334420
3334425
3334428
3334429
3334449
3334457
3334460
3334461
3334464
3334465
3334466
3334467
3334468
3334469
3334470
3334471
3334473
3334474
3334479
3334497
3334498
3334499
3334500
3334501
3334503
3334505
3334506
3334508
3334510
3334511
3334513
3334516
3334517
3334519
3334524
3334525
3334532
3334534
3334535
3334537
3334539
3334540
3334541
3334543
3334571
3334580
3334589
3334594
3334612
3334615
3334617
3334619
3334623
3334635
3334636
3334641
3334643
3334652
3334659
3334661
3334675
3334676
3334677
3334681
3334682
3334683
3334685
3334686
3334688
3334695
3334702
3334703
3334705
3334711
3334714
3334718
3334719
3334720
3334740
3334742
3334754
3334760
3334763
3334765
3334766
3334767
3334768
3334771
3334775
3334777
3334778
3334779
3334780
3334781
3334782
3334783
3334784
3334787
3334790
3334792
3334799
3334800
3334808
3334810
3334834
3334836
3334841
3334860
3334861
3334872
3334880
3334890
3334895
3334896
3334897
3334905
3334907
3334908
3334910
3334913
3334917
3334919
3334920
3334921
3334931
3334932
3334959
3334989
3335020
3335030
3335051
3335052
3335054
3335056
3335057
3335058
3335061
3335064
3335065
3335066
3335095
3335136
3335139
3335142
3335143
3335144
3335146
3335147
3335148
3335151
3335157
3335166
3335170
3335171
3335174
3335178
3335179
3335182
3335183
3335184
3335185
3335225
3335228
3335233
3335234
3335238
3335251
3335265
3335266
3335271
3335288
3335310
3335311
3335325
3335328
3335331
3335333
3335334
3335335
3335337
3335338
3335344
3335346
3335351
3335354
3335355
3335357
3335359
3335365
3335367
3335374
3335380
3335382
3335402
3335405
3335408
3335409
3335410
3335411
3335412
3335427
3335434
3335435
3335437
3335438
3335439
3335446
3335460
3335462
3335463
3335466
3335467
3335470
3335471
3335472
3335473
3335474
3335476
3335481
3335482
3335484
3335488
3335491
3335498
3335499
3335500
3335503
3335504
3335511
3335512
3335513
3335514
3335517
3335518
3335519
3335522
3335526
3335529
3335532
3335534
3335535
3335577
3335606
3335642
3335649
3335650
3335651
3335652
3335653
3335654
3335661
3335667
3335668
3335675
3335679
3335682
3335685
3335686
3335688
3335689
3335690
3335692
3335693
3335694
3335695
3335696
3335700
3335701
3335704
3335705
3335707
3335710
3335711
3335712
3335714
3335716
3335722
3335723
3335724
3335725
3335728
3335729
3335732
3335733
3335738
3335740
3335744
3335745
3335748
3335750
3335752
3335781
3335806
3335811
3335812
3335814
3335836
3335837
3335842
3335848
3335885
3335887
3335888
3335890
3335927
3335928
3335929
3335930
3335932
3335933
3335934
3335935
3335936
3335938
3335939
3335940
3335941
3335944
3335945
3335946
3335947
3335948
3335949
3335951
3335952
3335953
3335954
3335955
3335957
3335958
3335959
3335961
3335964
3335965
3335966
3335967
3335968
3335970
3335971
3335973
3335974
3335975
3335976
3335977
3335978
3335979
3335980
3335982
3335985
3335986
3335987
3335988
3335989
3335991
3335992
3335993
3335995
3335999
3336001
3336002
3336004
3336007
3336008
3336009
3336010
3336011
3336017
3336018
3336019
3336021
3336023
3336024
3336025
3336026
3336029
3336030
3336031
3336033
3336034
3336037
3336038
3336039
3336040
3336041
3336042
3336043
3336047
3336048
3336049
3336051
3336052
3336053
3336054
3336055
3336056
3336057
3336058
3336064
3336066
3336077
3336079
3336083
3336087
3336092
3336101
3336103
3336105
3336106
3336107
3336113
3336114
3336156
3336275
3336277
3336278
3336286
3336287
3336291
3336294
3336295
3336300
3336303
3336304
3336305
3336306
3336307
3336310
3336311
3336330
3336341
3336353
3336356
3336363
3336364
3336365
3336366
3336368
3336370
3336371
3336372
3336375
3336376
3336379
3336380
3336381
3336384
3336386
3336405
3336472
3336539
3336557
3336562
3336573
3336585
3336588
3336598
3336613
3336614
3336664
3336732
3336735
3336737
3336738
3336745
3336759
3336769
3336775
3336778
3336782
3336786
3336788
3336793
3336797
3336798
3336802
3336803
3336805
3336806
3336812
3336814
3336820
3336821
3336830
3336838
3336840
3336841
3336846
3336850
3336858
3336868
3336877
3336879
3336880
3336885
3336886
3336887
3336888
3336890
3336891
3336895
3336896
3336897
3336898
3336900
3336905
3336906
3336908
3336909
3336915
3336921
3336923
3336924
3336925
3336927
3336928
3336931
3336939
3336954
3336955
3336965
3336975
3336976
3336978
3336980
3336982
3337001
3337002
3337007
3337008
3337009
3337011
3337057
3337063
3337097
3337106
3337219
3337262
3337289
3337318
3337319
3337326
3337340
3337369
3337384
3337426
3337458
3337483
3337488
3337489
3337498
3337499
3337541
3337543
3337544
3337546
3337551
3337553
3337554
3337555
3337557
3337559
3337560
3337561
3337562
3337563
3337565
3337566
3337567
3337568
3337569
3337644
3337650
3337653
3337699
3337700
3337706
3337707
3337857
3337860
3337866
3337884
3337887
3337915
3337917
3337918
3337921
3337943
3337944
3337945
3337946
3337959
3337994
3338013
3338023
3338058
3338066
3338072
3338073
3338075
3338082
3338089
3338096
3338109
3338113
3338114
3338120
3338122
3338132
3338139
3338150
3338169
3338176
3338183
3338184
3338202
3338206
3338207
3338233
3338234
3338240
3338241
3338242
3338243
3338255
3338260
3338264
3338267
3338276
3338284
3338285
3338287
3338347
3338348
3338352
3338357
3338360
3338361
3338364
3338365
3338366
3338367
3338368
3338369
3338370
3338373
3338374
3338467
3338528
3338576
3338591
3338609
3338610
3338690
3338691
3338692
3338702
3338724
3338751
3338756
3338758
3338761
3338771
3338773
3338778
3338779
3338886
3338887
3338891
3338892
3338896
3338900
3338906
3338907
3338911
3338919
3338924
3338934
3338942
3338946
3338951
3338959
3338960
3338961
3338962
3338966
3338967
3338968
3338969
3338970
3338971
3338973
3338974
3338975
3338976
3338977
3338978
3338980
3338981
3338995
3338997
3339014
3339025
3339027
3339028
3339039
3339040
3339045
3339046
3339048
3339053
3339055
3339056
3339058
3339060
3339061
3339062
3339065
3339069
3339076
3339077
3339087
3339088
3339094
3339095
3339096
3339097
3339100
3339103
3339104
3339125
3339131
3339133
3339135
3339137
3339145
3339148
3339150
3339153
3339158
3339160
3339163
3339165
3339166
3339167
3339168
3339169
3339182
3339189
3339205
3339207
3339208
3339209
3339214
3339215
3339216
3339217
3339218
3339222
3339226
3339238
3339261
3339280
3339293
3339296
3339297
3339302
3339304
3339319
3339334
3339343
3339345
3339347
3339365
3339366
3339368
3339369
3339410
3339428
3339430
3339434
3339441
3339443
3339452
3339454
3339457
3339458
3339459
3339469
3339471
3339472
3339473
3339474
3339475
3339478
3339479
3339481
3339482
3339483
3339494
3339495
3339497
3339500
3339501
3339502
3339503
3339504
3339513
3339550
3339551
3339554
3339555
3339556
3339559
3339560
3339562
3339607
3339608
3339610
3339620
3339621
3339625
3339636
3339662
3339673
3339683
3339685
3339694
3339699
3339705
3339707
3339708
3339713
3339714
3339715
3339716
3339717
3339718
3339719
3339720
3339743
3339744
3339745
3339747
3339748
3339753
3339755
3339757
3339761
3339768
3339771
3339772
3339773
3339780
3339786
3339805
3339806
3339813
3339815
3339817
3339825
3339829
3339830
3339833
3339835
3339838
3339840
3339841
3339842
3339844
3339851
3339854
3339897
3339903
3339911
3339917
3339942
3339944
3339950
3339951
3339952
3339953
3339954
3339955
3339957
3339959
3339960
3339964
3339966
3339967
3339968
3339971
3339972
3339974
3339975
3339976
3339977
3339982
3339985
3340005
3340008
3340010
3340013
3340015
3340016
3340017
3340018
3340051
3340055
3340067
3340068
3340073
3340078
3340079
3340083
3340090
3340095
3340096
3340097
3340108
3340121
3340125
3340130
3340138
3340139
3340143
3340147
3340152
3340154
3340166
3340182
3340183
3340184
3340189
3340191
3340197
3340198
3340241
3340252
3340254
3340271
3340274
3340278
3340280
3340281
3340282
3340283
3340295
3340298
3340303
3340305
3340306
3340320
3340331
3340332
3340333
3340347
3340369
3340376
3340377
3340387
3340392
3340401
3340403
3340407
3340409
3340410
3340411
3340426
3340432
3340433
3340434
3340452
3340454
3340459
3340491
3340496
3340497
3340520
3340525
3340562
3340568
3340569
3340570
3340578
3340579
3340580
3340583
3340591
3340592
3340593
3340594
3340597
3340603
3340604
3340605
3340607
3340609
3340611
3340650
3340655
3340659
3340669
3340670
3340675
3340682
3340684
3340687
3340689
3340698
3340706
3340714
3340715
3340720
3340722
3340723
3340724
3340727
3340729
3340731
3340733
3340734
3340741
3340801
3340807
3340819
3340821
3340875
3340883
3340894
3340895
3340898
3340906
3340908
3340909
3340910
3340911
3340912
3340913
3340914
3340915
3340916
3340917
3340918
3340919
3340920
3340921
3340922
3340923
3340924
3340925
3340926
3340927
3340928
3340929
3340930
3340931
3340932
3340933
3340934
3340935
3340936
3340937
3340938
3340939
3340940
3340941
3340944
3340946
3340947
3340949
3340950
3340951
3340952
3340953
3340960
3340961
3340963
3340966
3340967
3340970
3340976
3340977
3340979
3340980
3340981
3340982
3340983
3340984
3340985
3340986
3340987
3340989
3340991
3340992
3340994
3340995
3340996
3340999
3341000
3341001
3341002
3341003
3341004
3341005
3341006
3341010
3341011
3341012
3341013
3341015
3341019
3341021
3341022
3341023
3341024
3341025
3341026
3341027
3341028
3341032
3341033
3341034
3341036
3341040
3341041
3341043
3341045
3341046
3341047
3341052
3341053
3341054
3341055
3341056
3341058
3341059
3341067
3341069
3341071
3341072
3341074
3341076
3341077
3341078
3341080
3341084
3341085
3341086
3341087
3341088
3341089
3341090
3341091
3341092
3341093
3341094
3341095
3341101
3341103
3341104
3341105
3341107
3341109
3341110
3341111
3341112
3341118
3341119
3341124
3341125
3341126
3341127
3341134
3341137
3341138
3341139
3341140
3341141
3341142
3341143
3341145
3341146
3341147
3341151
3341158
3341159
3341160
3341161
3341162
3341168
3341170
3341173
3341175
3341176
3341177
3341178
3341180
3341184
3341185
3341186
3341187
3341192
3341196
3341199
3341200
3341203
3341204
3341205
3341208
3341210
3341211
3341212
3341214
3341218
3341219
3341220
3341221
3341222
3341223
3341224
3341226
3341228
3341229
3341230
3341233
3341234
3341244
3341249
3341252
3341253
3341256
3341261
3341262
3341263
3341264
3341267
3341269
3341275
3341287
3341292
3341295
3341300
3341302
3341304
3341316
3341317
3341318
3341319
3341320
3341321
3341323
3341324
3341325
3341326
3341328
3341331
3341333
3341334
3341336
3341344
3341345
3341347
3341348
3341349
3341350
3341351
3341354
3341355
3341357
3341358
3341359
3341361
3341364
3341372
3341373
3341374
3341375
3341379
3341380
3341381
3341382
3341391
3341456
3341458
3341489
3341492
3341493
3341504
3341506
3341516
3341524
3341546
3341567
3341571
3341572
3341573
3341574
3341575
3341576
3341581
3341590
3341591
3341597
3341600
3341601
3341610
3341611
3341626
3341628
3341630
3341632
3341635
3341638
3341639
3341642
3341646
3341651
3341657
3341662
3341663
3341668
3341670
3341672
3341690
3341691
3341694
3341697
3341699
3341724
3341736
3341777
3341788
3341802
3341803
3341815
3341819
3341821
3341837
3341845
3341850
3341871
3341921
3341923
3341936
3341937
3341941
3341942
3341943
3341944
3341950
3341954
3341959
3341963
3341966
3341970
3341974
3341977
3341979
3341980
3341981
3341986
3341994
3341997
3342027
3342113
3342114
3342122
3342124
3342141
3342143
3342145
3342147
3342150
3342158
3342159
3342160
3342161
3342163
3342165
3342166
3342176
3342177
3342178
3342181
3342185
3342187
3342215
3342221
3342294
3342313
3342315
3342319
3342348
3342351
3342353
3342357
3342366
3342368
3342379
3342388
3342408
3342418
3342428
3342454
3342460
3342465
3342468
3342475
3342489
3342538
3342553
3342655
3342662
3342670
3342694
3342717
3342731
3342739
3342740
3342754
3342756
3342830
3342841
3342856
3342864
3342874
3342879
3342923
3342947
3342999
3343041
3343051
3343079
3343093
3343117
3343132
3343138
3343139
3343140
3343144
3343173
3343181
3343186
3343189
3343196
3343197
3343202
3343220
3343221
3343222
3343225
3343232
3343235
3343236
3343237
3343243
3343249
3343254
3343259
3343277
3343278
3343279
3343284
3343290
3343292
3343301
3343302
3343304
3343317
3343319
3343330
3343353
3343355
3343358
3343363
3343368
3343370
3343396
3343400
3343404
3343405
3343406
3343412
3343418
3343422
3343426
3343428
3343431
3343433
3343442
3343445
3343447
3343448
3343597
3343600
3343607
3343614
3343626
3343628
3343629
3343630
3343631
3343632
3343634
3343639
3343643
3343654
3343656
3343659
3343660
3343674
3343675
3343677
3343709
3343726
3343780
3343783
3343784
3343789
3343790
3343791
3343792
3343793
3343794
3343795
3343796
3343797
3343798
3343799
3343800
3343801
3343802
3343803
3343804
3343805
3343806
3343807
3343808
3343809
3343814
3343815
3343820
3343821
3343823
3343825
3343845
3343846
3343850
3343861
3343869
3343872
3343887
3343888
3343889
3343891
3343901
3343905
3343938
3343948
3343952
3343953
3343961
3343965
3343983
3343989
3344010
3344042
3344054
3344059
3344061
3344062
3344069
3344070
3344072
3344089
3344098
3344100
3344102
3344103
3344104
3344117
3344130
3344131
3344132
3344133
3344141
3344152
3344154
3344156
3344158
3344159
3344160
3344161
3344175
3344185
3344192
3344193
3344195
3344200
3344204
3344205
3344217
3344218
3344219
3344221
3344236
3344238
3344245
3344246
3344255
3344257
3344267
3344312
3344321
3344324
3344327
3344329
3344336
3344337
3344541
3344550
3344592
3344611
3344698
3344718
3344744
3345113
3345341
3345466
3345469
3345470
3345472
3345477
3345479
3345480
3345502
3347306
3347538
3347542
3347543
3347552
3347559
3347560
3347561
3347566
3347569
3347577
3347602
3347679
3347793
3347794
3347801
3347809
3347815
3347822
3347835
3347841
3347849
3347852
3347853
3347857
3347868
3347878
3347887
3347898
3347921
3347923
3347927
3347934
3347938
3347940
3348292
3348308
3348364
3348369
3348375
3348782
3348805
3348838
3348839
3348874
3348878
3348969
3348971
3349207
3349326
3349331
3349334
3349479
3349636
3349790
3350088
3350315
3350387
3350436
3350447
3350496
3350502
3350524
3351845
3351875
3351920
3351932
3351937
3351952
3352086
3352095
3352120
3352134
3352135
3352141
3352142
3352143
3352339
3352351
3352354
3352361
3352372
3352384
3352394
3352412
3352557
3352563
3352587
3352597
3352612
3352654
3352698
3352706
3352723
3352739
3352760
3352792
3353055
3353754
3353787
3353915
3353936
3353953
3353958
3353959
3353985
3354034
3354044
3354100
3354139
3354208
3354277
3354278
3354284
3354290
3354291
3354292
3354369
3354389
3354392
3354418
3354424
3354465
3354469
3354478
3354533
3354557
3354589
3354603
3354700
3354870
3355145
3355174
3355186
3355254
3355299
3355314
3355368
3355539
3355624
3355747
3356222
3356541
3356854
3357197
3357402
3357411
3357448
3357540
3357607
3357771
3357805
3358007
3358042
3358170
3358257
3358292
3358305
3358306
3358307
3358396
3358453
3358567
3358580
3358604
3358774
3359002
3359088
3359102
3359137
3359140
3359141
3359143
3359144
3359145
3359147
3359148
3359149
3359150
3359151
3359152
3359153
3359156
3359310
3359366
3359423
3359466
3359473
3359482
3359511
3359569
3359629
3359630
3359636
3359638
3360736
3360835
3362307
3362366
3362472
3362482
3362486
3362491
3362589
3362735
3362744
3362748
3362909
3362943
3362960
3362961
3362962
3363021
3363022
3363339
3363651
3363652
3363692
3363719
3364053
3364251
3364259
3364267
3364268
3364412
3364437
3364452
3364473
3364474
3364543
3364560
3364563
3364658
3364684
3364796
3364848
3364849
3364855
3364856
3364857
3364859
3364860
3364861
3364862
3364868
3364879
3364887
3364904
3364905
3364908
3364909
3364910
3364940
3364966
3365031
3365066
3365083
3365097
3365232
3365256
3365271
3365443
3365522
3365581
3365615
3365624
3365625
3365631
3365632
3365633
3365634
3365639
3365652
3365654
3365656
3365658
3365664
3365672
3365706
3365782
3365826
3365833
3365861
3365862
3365895
3365901
3365962
3365965
3366131
3366209
3366214
3366216
3366221
3366269
3366289
3366306
3366308
3366311
3366347
3366348
3366354
3366452
3366464
3366467
3366500
3366513
3366547
3366548
3366584
3366591
3366592
3366593
3366606
3366613
3366622
3366651
3366652
3366701
3366703
3366721
3366723
3366724
3366726
3366772
3366791
3366801
3366813
3366814
3366819
3366820
3366822
3366826
3366830
3366839
3366842
3366844
3366856
3366860
3366864
3366882
3366890
3366899
3366915
3366932
3366993
3367064
3367164
3367213
3367257
3367287
3367317
3367409
3367413
3367418
3367420
3367425
3367443
3367446
3367466
3367470
3367471
3367565
3367595
3367603
3367691
3367746
3367865
3367908
3367918
3367940
3367950
3367970
3367978
3367993
3368014
3368021
3368032
3368033
3368039
3368215
3368235
3368296
3368309
3368316
3368321
3368322
3368328
3368329
3369490
3371254
3371296
3371319
3371401
3371402
3371414
3371416
3371417
3371419
3371421
3371470
3371485
3371798
3372022
3372092
3372105
3372108
3372586
3372937
3372938
3372940
3372941
3373059
3373099
3373106
3373109
3373178
3373186
3373191
3373200
3373209
3373297
3373343
3373585
3373592
3373699
3373702
3373707
3373723
3373726
3373727
3373744
3373746
3373747
3373756
3373873
3373912
3373931
3373937
3373978
3373986
3373993
3373994
3374005
3374018
3374027
3374028
3374029
3374031
3374033
3374036
3374037
3374040
3374044
3374045
3374054
3374056
3374057
3374058
3374060
3374061
3374062
3374063
3374064
3374065
3374070
3374073
3374093
3374102
3374135
3374143
3374147
3374148
3374211
3374213
3374220
3374254
3374260
3374261
3374262
3374265
3374269
3374270
3374272
3374303
3374304
3374332
3374335
3374367
3374368
3374377
3374385
3374386
3374425
3374426
3374430
3374432
3374436
3374454
3374455
3374462
3374487
3374488
3374492
3374552
3374553
3374559
3374639
3374667
3374668
3374695
3374697
3374703
3374706
3374708
3374709
3374711
3374714
3374715
3374720
3374781
3374782
3374787
3374789
3374811
3374812
3374827
3374833
3374874
3374908
3374928
3374929
3374932
3374933
3374942
3374965
3375008
3375011
3375014
3375015
3375017
3375020
3375021
3375023
3375106
3375107
3375109
3375160
3375212
3375256
3375304
3375317
3375319
3375321
3375322
3375356
3375550
3375565
3375601
3375619
3375620
3375635
3375688
3375695
3375714
3375729
3375731
3375785
3375789
3375797
3375808
3375819
3375834
3375838
3375855
3375874
3375913
3375914
3375919
3375941
3375942
3375950
3375964
3375965
3376016
3376077
3376080
3376081
3376084
3376086
3376087
3376122
3376143
3376160
3376168
3376169
3376193
3376198
3376200
3376201
3376202
3376229
3376231
3376252
3376257
3376258
3376266
3376269
3376303
3376306
3376312
3376314
3376330
3376332
3376333
3376402
3376403
3376404
3376405
3376407
3376408
3376411
3376427
3376430
3376434
3376435
3376445
3376447
3376458
3376461
3376502
3376510
3376513
3376515
3376525
3376526
3376533
3376534
3376541
3376542
3376599
3376623
3376760
3376938
3376950
3376955
3376956
3377002
3377003
3377010
3377030
3377035
3377039
3377040
3377042
3377045
3377046
3377047
3377048
3377049
3377140
3377141
3377142
3377145
3377146
3377147
3377149
3377150
3377151
3377152
3377153
3377186
3377207
3377208
3377213
3377214
3377215
3377216
3377217
3377218
3377219
3377220
3377221
3377222
3377278
3377292
3377295
3377301
3377305
3377347
3377349
3377351
3377353
3377355
3377357
3377361
3377362
3377364
3377366
3377368
3377374
3377376
3377378
3377379
3377382
3377387
3377388
3377389
3377391
3377395
3377396
3377397
3377401
3377402
3377404
3377405
3377406
3377408
3377411
3377417
3377418
3377447
3377515
3377585
3377589
3377591
3377592
3377609
3377610
3377611
3377612
3377613
3377617
3377623
3377626
3377631
3377642
3377649
3377650
3377652
3377673
3377675
3377677
3377680
3377682
3377685
3377691
3377702
3377711
3377715
3377716
3377718
3377721
3377722
3377723
3377726
3377727
3377730
3377732
3377734
3377735
3377738
3377739
3377743
3377744
3377746
3377748
3377751
3377754
3377760
3377762
3377905
3377906
3377909
3377934
3377956
3377958
3377959
3377960
3377962
3377963
3377970
3377977
3377979
3377980
3377981
3377984
3377985
3377986
3378013
3378014
3378020
3378032
3378034
3378040
3378043
3378045
3378054
3378071
3378072
3378073
3378074
3378103
3378133
3378141
3378142
3378172
3378173
3378197
3378272
3378278
3378314
3378527
3378579
3378613
3378699
3378712
3378726
3378750
3378751
3378771
3378790
3378793
3378794
3378796
3378841
3378842
3378908
3378909
3378910
3378911
3378916
3378924
3378947
3378948
3378949
3378956
3378972
3378974
3378979
3379040
3379041
3379043
3379044
3379045
3379052
3379054
3379055
3379056
3379068
3379071
3379097
3379111
3379112
3379122
3379130
3379131
3379157
3379170
3379176
3379196
3379197
3379200
3379201
3379203
3379207
3379224
3379229
3379236
3379280
3379283
3379300
3379305
3379324
3379342
3379346
3379375
3379378
3379381
3379382
3379383
3379388
3379571
3379572
3379577
3379610
3379616
3379625
3379641
3379645
3379648
3379651
3379652
3379653
3379655
3379658
3379732
3379736
3379741
3379752
3379821
3379852
3379871
3379884
3379916
3379922
3379932
3379955
3379958
3379963
3379964
3379965
3379968
3379972
3379975
3379977
3379979
3379990
3380001
3380014
3380015
3380031
3380032
3380034
3380048
3380059
3380077
3380079
3380082
3380085
3380116
3380120
3380122
3380124
3380126
3380127
3380128
3380132
3380136
3380141
3380143
3380147
3380148
3380149
3380151
3380152
3380153
3380155
3380156
3380157
3380160
3380161
3380166
3380194
3380195
3380198
3380217
3380218
3380222
3380279
3380288
3380290
3380363
3380372
3380374
3380378
3380387
3380509
3380514
3380602
3380621
3380661
3380727
3380735
3380736
3380739
3380741
3380744
3380750
3380756
3380760
3380761
3380762
3380763
3380767
3380768
3380772
3380775
3380777
3380786
3380787
3380788
3380794
3380813
3380820
3380827
3380829
3380830
3380831
3380835
3380854
3380855
3380872
3380873
3380874
3380897
3380910
3380916
3380922
3380925
3380967
3381031
3381033
3381034
3381035
3381037
3381038
3381043
3381050
3381055
3381070
3381082
3381104
3381174
3381180
3381181
3381192
3381213
3381214
3381223
3381318
3381367
3381371
3381388
3381415
3381465
3381481
3381603
3381634
3381686
3381689
3381697
3381700
3381702
3381968
3381971
3381992
3381994
3382031
3382033
3382056
3382060
3382396
3382562
3382567
3382568
3382575
3382576
3382577
3382581
3382651
3382654
3382656
3382660
3382673
3382771
3382772
3382811
3382848
3382852
3382856
3382858
3382866
3382869
3382871
3382889
3382894
3382930
3382955
3382960
3382963
3383010
3383026
3383027
3383032
3383070
3383078
3383080
3383081
3383144
3383380
3383439
3383444
3383467
3383469
3383472
3383514
3383518
3383524
3383525
3383526
3383577
3383578
3383614
3383615
3383616
3383617
3383689
3383713
3383714
3383715
3383719
3383755
3383765
3383794
3383797
3383952
3383967
3383992
3383993
3384010
3384012
3384026
3384030
3384043
3384053
3384075
3384103
3384104
3384107
3384108
3384112
3384117
3384118
3384121
3384123
3384205
3384208
3384209
3384210
3384240
3384270
3384272
3384277
3384298
3384307
3384312
3384314
3384368
3384372
3384379
3384381
3384400
3384475
3384510
3384511
3384524
3384525
3384571
3384585
3384587
3384679
3384782
3384810
3384857
3384896
3384897
3384898
3384904
3385011
3385107
3385188
3385320
3385659
3385684
3385765
3386416
3386455
3386462
3386464
3386474
3386475
3386476
3386479
3386486
3386488
3386498
3386499
3386554
3386567
3386578
3386968
3387070
3387179
3387363
3387367
3387368
3387422
3387428
3387429
3387436
3387445
3387446
3387449
3387450
3387452
3387453
3387462
3387472
3387476
3387478
3387479
3387481
3387482
3387491
3387520
3387555
3387560
3387628
3387632
3387633
3387635
3387636
3387663
3387667
3387678
3387683
3387697
3387713
3387714
3387746
3387747
3387753
3387754
3387756
3387757
3387758
3387771
3387783
3387784
3387832
3387863
3387904
3387913
3387950
3387971
3388043
3388132
3388134
3388159
3388196
3388210
3388215
3388217
3388277
3388280
3388282
3388291
3388303
3388308
3388316
3388337
3388342
3388346
3388347
3388349
3388372
3388375
3388376
3388381
3388382
3388389
3388390
3388396
3388397
3388427
3388428
3388430
3388433
3388434
3388437
3388438
3388440
3388443
3388444
3388447
3388448
3388451
3388458
3388463
3388465
3388479
3388483
3388485
3388486
3388581
3388612
3388614
3388620
3388628
3388640
3388683
3388690
3388705
3388707
3388721
3388722
3388725
3388726
3388727
3388728
3388730
3388731
3388738
3388740
3388741
3388742
3388743
3388745
3388746
3388747
3388750
3388767
3388772
3388788
3388818
3388826
3388839
3388840
3388845
3388852
3388854
3388873
3388885
3388892
3388893
3388944
3388967
3388978
3389028
3389032
3389035
3389037
3389057
3389058
3389106
3389238
3389302
3389462
3389491
3389552
3389554
3389587
3389625
3389900
3389903
3389994
3390001
3390003
3390049
3390060
3390136
3390152
3390167
3390170
3390184
3390187
3390194
3390227
3390229
3390230
3390231
3390232
3390233
3390235
3390283
3390602
3390623
3390626
3390627
3390628
3390637
3390638
3390647
3390728
3390733
3390735
3390740
3390745
3390747
3390748
3390749
3390750
3390751
3390754
3390755
3390756
3390762
3390775
3390778
3390787
3390803
3390810
3390821
3390823
3390824
3390846
3390849
3390850
3390853
3390855
3390887
3390888
3390889
3390890
3390891
3390901
3390904
3390906
3390914
3390925
3390926
3390927
3390961
3390963
3390964
3390965
3390974
3391086
3391088
3391094
3391137
3391341
3391412
3391457
3391458
3391474
3391480
3391486
3391540
3391655
3391672
3391673
3391676
3391693
3391701
3391728
3391748
3391749
3391750
3391753
3391754
3391756
3391828
3391830
3391843
3391849
3391851
3391861
3391863
3391874
3391875
3391881
3391889
3391893
3391902
3391907
3391909
3391911
3391918
3391920
3391923
3391931
3391939
3391941
3391945
3391949
3391951
3391954
3391964
3391965
3391969
3391985
3391986
3391992
3392000
3392002
3392003
3392004
3392010
3392011
3392023
3392024
3392029
3392042
3392044
3392055
3392057
3392058
3392097
3392101
3392131
3392144
3392160
3392165
3392166
3392167
3392168
3392175
3392184
3392185
3392194
3392195
3392197
3392198
3392199
3392200
3392201
3392202
3392204
3392205
3392207
3392209
3392210
3392211
3392212
3392215
3392219
3392235
3392236
3392237
3392238
3392239
3392240
3392243
3392245
3392246
3392269
3392278
3392286
3392287
3392292
3392305
3392316
3392318
3392342
3392343
3392344
3392349
3392355
3392368
3392375
3392385
3392392
3392395
3392396
3392402
3392419
3392422
3392480
3392490
3392532
3392547
3392551
3392578
3392583
3392603
3392618
3392648
3392651
3392652
3392668
3392682
3392686
3392687
3392689
3392690
3392692
3392708
3392709
3392721
3392727
3392731
3392732
3392733
3392735
3392751
3392771
3392778
3392779
3392781
3392783
3392795
3392805
3392820
3392825
3392827
3392833
3392834
3392839
3392840
3392845
3392862
3392863
3392865
3392871
3392874
3392903
3392904
3392906
3392935
3392984
3392995
3393025
3393028
3393029
3393031
3393035
3393037
3393039
3393045
3393046
3393054
3393055
3393058
3393059
3393063
3393094
3393095
3393113
3393128
3393144
3393145
3393154
3393172
3393177
3393187
3393195
3393268
3393280
3393290
3393293
3393296
3393299
3393304
3393330
3393340
3393369
3393377
3393389
3393390
3393392
3393441
3393451
3393459
3393466
3393467
3393468
3393480
3393518
3393522
3393577
3393583
3393632
3393677
3393678
3393777
3393779
3393783
3393785
3393787
3393792
3393795
3393836
3393886
3393903
3393909
3393939
3393941
3393943
3393944
3393945
3393948
3393949
3393951
3393953
3393954
3393955
3393958
3394023
3394029
3394039
3394052
3394055
3394056
3394057
3394068
3394072
3394074
3394121
3394191
3394192
3394195
3394196
3394200
3394205
3394206
3394207
3394208
3394209
3394210
3394215
3394216
3394217
3394218
3394219
3394220
3394227
3394228
3394235
3394239
3394323
3394326
3394327
3394328
3394330
3394332
3394339
3394349
3394365
3394368
3394369
3394383
3394386
3394387
3394392
3394411
3394449
3394460
3394534
3394546
3394547
3394549
3394553
3394587
3394588
3394612
3394614
3394616
3394617
3394652
3394655
3394656
3394657
3394659
3394663
3394664
3394665
3394666
3394668
3394669
3394672
3394673
3394674
3394691
3394695
3394713
3394715
3394718
3394720
3394751
3394754
3394758
3394771
3394814
3394826
3394827
3394837
3394877
3394891
3394895
3394931
3394970
3394978
3394979
3394983
3394984
3394986
3394988
3394991
3394994
3394995
3394996
3394998
3395018
3395019
3395039
3395040
3395078
3395091
3395189
3395211
3395217
3395225
3395226
3395252
3395269
3395274
3395276
3395277
3395279
3395282
3395289
3395290
3395315
3395316
3395318
3395327
3395331
3395347
3395511
3395515
3395516
3395530
3395532
3395533
3395553
3395560
3395564
3395566
3395567
3395583
3395586
3395606
3395610
3395613
3395619
3395632
3395658
3395672
3395674
3395705
3395719
3395739
3395741
3395742
3395758
3395762
3395764
3395765
3395767
3395769
3395770
3395813
3395815
3395816
3395817
3395955
3395958
3395986
3395987
3395995
3395997
3395998
3395999
3396005
3396010
3396011
3396012
3396028
3396029
3396030
3396035
3396058
3396059
3396062
3396063
3396064
3396118
3396123
3396125
3396126
3396136
3396142
3396156
3396172
3396211
3396242
3396328
3396330
3396339
3396346
3396348
3396361
3396363
3396371
3396378
3396382
3396389
3396392
3396399
3396400
3396403
3396413
3396441
3396442
3396448
3396449
3396528
3396530
3396531
3396534
3396537
3396538
3396546
3396547
3396592
3396595
3396596
3396613
3396614
3396665
3396667
3396668
3396669
3396670
3396671
3396674
3396686
3396694
3396711
3396715
3396720
3396721
3396735
3396736
3396742
3396751
3396753
3396760
3396767
3396769
3396771
3396772
3396774
3396794
3396795
3396803
3396813
3396844
3396859
3396860
3396890
3396902
3397037
3397038
3397203
3397271
3397309
3397315
3397321
3397446
3397453
3397469
3397511
3397515
3397525
3397526
3397649
3397653
3397669
3397674
3397697
3397703
3397740
3397746
3397747
3397754
3397755
3397757
3397927
3397933
3397944
3397961
3397970
3398030
3398085
3398098
3398133
3398145
3398288
3398297
3398304
3398541
3398551
3398813
3398869
3398893
3398985
3399043
3399058
3399077
3399080
3399089
3399090
3399093
3399168
3399371
3399435
3399808
3399852
3399870
3400143
3400168
3400973
3400974
3400975
3400978
3400990
3401005
3401132
3401152
3401162
3401170
3401173
3401182
3401186
3401187
3401195
3401198
3401199
3401206
3401208
3401209
3401210
3401217
3401219
3401220
3401221
3401228
3401231
3401233
3401236
3401237
3401248
3401265
3401281
3401285
3401294
3401326
3401327
3401335
3401340
3401372
3401391
3401398
3401417
3401431
3401439
3401445
3401454
3401464
3401465
3401478
3401485
3401487
3401537
3401541
3401547
3401563
3401611
3401624
3401632
3401646
3401677
3401698
3401769
3401800
3401819
3401831
3401835
3401840
3401845
3401851
3401852
3401854
3401855
3401856
3401875
3401905
3401967
3401971
3402001
3402004
3402009
3402010
3402021
3402023
3402024
3402026
3402028
3402029
3402031
3402037
3402039
3402041
3402045
3402046
3402049
3402050
3402053
3402054
3402057
3402069
3402074
3402075
3402089
3402092
3402095
3402112
3402114
3402116
3402117
3402119
3402162
3402165
3402166
3402168
3402205
3402206
3402207
3402208
3402209
3402210
3402211
3402212
3402218
3402220
3402221
3402222
3402227
3402238
3402240
3402242
3402245
3402249
3402256
3402281
3402283
3402284
3402285
3402286
3402288
3402290
3402291
3402292
3402300
3402308
3402315
3402355
3402361
3402653
3402690
3402739
3402822
3402828
3402831
3402841
3402941
3402942
3403150
3403155
3403162
3403185
3403213
3403446
3404436
3404437
3404438
3404440
3404443
3404444
3404445
3404446
3404447
3404449
3404450
3404454
3404462
3404464
3404467
3404468
3404469
3404470
3404471
3404472
3405088
3405733
3405734
3405743
3405746
3405753
3405756
3405794
3405796
3405802
3405812
3405813
3405820
3405821
3405830
3405831
3405840
3405848
3405864
3405865
3405866
3405867
3405869
3405874
3405875
3405897
3405911
3405913
3405930
3405987
3406029
3406030
3406032
3406044
3406045
3406059
3406082
3406084
3406086
3406092
3406094
3406101
3406102
3406106
3406107
3406175
3406189
3406199
3406324
3406448
3406507
3406526
3406528
3406534
3406536
3406549
3406733
3406744
3406763
3407215
3407243
3407250
3407274
3407290
3407291
3407294
3407300
3407316
3407320
3407322
3407330
3407332
3407334
3407335
3407338
3407345
3407346
3407418
3407419
3407420
3407421
3407424
3407432
3407435
3407439
3407441
3407443
3407444
3407447
3407448
3407451
3407512
3407525
3407558
3407565
3407605
3407608
3407620
3407636
3407700
3407706
3407709
3407723
3407728
3407737
3407739
3407746
3407789
3407790
3407792
3407797
3407798
3407799
3407800
3407802
3407803
3407804
3407805
3407807
3407808
3407809
3407811
3407812
3407814
3407815
3407816
3407817
3407826
3407831
3407845
3407847
3407848
3407849
3407850
3407851
3407853
3407854
3407855
3407857
3407859
3407862
3407882
3407886
3407893
3407990
3408018
3408063
3408091
3408238
3408258
3408270
3408290
3408318
3408393
3408396
3408482
3408526
3408605
3408611
3408637
3408638
3408680
3408681
3408683
3408690
3408691
3408693
3408694
3408695
3408702
3408706
3408709
3408715
3408716
3408717
3408719
3408729
3408732
3408733
3408734
3409584
3409585
3409586
3409587
3409588
3409596
3409597
3409598
3409599
3409601
3409602
3409607
3409609
3409610
3409611
3409614
3409616
3409617
3410711
3411644
3411663
3412017
3412018
3412019
3412021
3412045
3412082
3412110
3412112
3412115
3412121
3412123
3412124
3412125
3412127
3412128
3412130
3412163
3412172
3412173
3412177
3412187
3412188
3412190
3412194
3412202
3412206
3412217
3412222
3412223
3412225
3412235
3412240
3412242
3412243
3412249
3412254
3412260
3412263
3412265
3412266
3412650
3412691
3412724
3412725
3412729
3412731
3412732
3412734
3412735
3412736
3412737
3412738
3412746
3412747
3412757
3412759
3412761
3412767
3412768
3412769
3412770
3412771
3412772
3412776
3412793
3412795
3412800
3412802
3412810
3412813
3412816
3412817
3412821
3412822
3412825
3412830
3412833
3412868
3412876
3412878
3412889
3412895
3412904
3412907
3412914
3412923
3412933
3412935
3412943
3412946
3412948
3412951
3412961
3412966
3412971
3413263
3413278
3413281
3413290
3413301
3413315
3413338
3413342
3413348
3413407
3413410
3413425
3413452
3413472
3413548
3413579
3413586
3413587
3413588
3413589
3413602
3413604
3413617
3413620
3413622
3413628
3413635
3413638
3413644
3413649
3413653
3413655
3413657
3413659
3413692
3413699
3413700
3413706
3413707
3413708
3413735
3413737
3413740
3413768
3413772
3413774
3413777
3413812
3413838
3413844
3413848
3413851
3413852
3413859
3413860
3413861
3413873
3413898
3413901
3413902
3413903
3413905
3413907
3413910
3413911
3413913
3413919
3414058
3414283
3414290
3414393
3414617
3414682
3414722
3414869
3414871
3414907
3414928
3414992
3415173
3415253
3415301
3415310
3415338
3415370
3415381
3415397
3415401
3415534
3415615
3415618
3415621
3415627
3415629
3415638
3415639
3415641
3415642
3415644
3415645
3415891
3416104
3416107
3416111
3416324
3416325
3416449
3416455
3416460
3416463
3416464
3416465
3416466
3416468
3416469
3416471
3416494
3416500
3416503
3416504
3416505
3416508
3416509
3416511
3416513
3416573
3416574
3416576
3416764
3416775
3417239
3417275
3417304
3417308
3417320
3417415
3417425
3417553
3417984
3417987
3417988
3417989
3417990
3417991
3417994
3418036
3418199
3418203
3418272
3418286
3418293
3418295
3418297
3418298
3418375
3418378
3418566
3418567
3418909
3419375
3419376
3419391
3419397
3419398
3419439
3419440
3419669
3419677
3419956
3419961
3419972
3419973
3420386
3420681
3420690
3420740
3420857
3420982
3421053
3421064
3421106
3421138
3421150
3421152
3421385
3421386
3421414
3421460
3421461
3421517
3421607
3421710
3421782
3421969
3421975
3421977
3421978
3421984
3421985
3421990
3421991
3422121
3422186
3422250
3422682
3423122
3423123
3423124
3423125
3423126
3423130
3423132
3423140
3423142
3423145
3423149
3423153
3423162
3423163
3423165
3423167
3423168
3423172
3423173
3423174
3423214
3423217
3423221
3423222
3423223
3423226
3423229
3423231
3423235
3423236
3423237
3423239
3423246
3423274
3423278
3423284
3423285
3423307
3423308
3423310
3423311
3423314
3423317
3423324
3423328
3423334
3423335
3423336
3423363
3423366
3423370
3423375
3423382
3423394
3423396
3423400
3423434
3423440
3423458
3423461
3423478
3423480
3423484
3423488
3423489
3423496
3423499
3423502
3423509
3423517
3423518
3423522
3423553
3423563
3423566
3423571
3423577
3423578
3423580
3423612
3423616
3423624
3423625
3423659
3423663
3423665
3423793
3423808
3423811
3423813
3423853
3423861
3423876
3423995
3424011
3424012
3424360
3424368
3424589
3424604
3424898
3424914
3424933
3424939
3424940
3425169
3425174
3425179
3425180
3425196
3425197
3425211
3425242
3425243
3425397
3425406
3425417
3425483
3425513
3425556
3425593
3425668
3425691
3425706
3425708
3425709
3425718
3425719
3425720
3425723
3425725
3425727
3425728
3425729
3425737
3426363
3426409
3426437
3426496
3426555
3426562
3426620
3426839
3426861
3426864
3426869
3426975
3426994
3427164
3427165
3427166
3427167
3427169
3427170
3427172
3427173
3427179
3427305
3427344
3427367
3427460
3427565
3428169
3428183
3428604
3428605
3428607
3428615
3428723
3428724
3428797
3428807
3428830
3428898
3428903
3428921
3430115
3430117
3430118
3430489
3430495
3430504
3430527
3430547
3430554
3430624
3430634
3430677
3430687
3430875
3430877
3430888
3430889
3430890
3430931
3430999
3431000
3431063
3431067
3431072
3432377
3432378
3432379
3432382
3432464
3432465
3432466
3432482
3432485
3432527
3432625
3432663
3432665
3432762
3432763
3432777
3432782
3432790
3432843
3432847
3432851
3432852
3432853
3432854
3432855
3432862
3432864
3432873
3432875
3432880
3432881
3432883
3432927
3432961
3432973
3432980
3432983
3432984
3433181
3433186
3433190
3433264
3433272
3433283
3433289
3433295
3433323
3433324
3433357
3433358
3433374
3433375
3433388
3433480
3433494
3433511
3433546
3433608
3433610
3433626
3433634
3433640
3433642
3433690
3433694
3433695
3433696
3433718
3433726
3433729
3433733
3433734
3433736
3433737
3433739
3433741
3433742
3433754
3433816
3433820
3433841
3433843
3433846
3433871
3433926
3433945
3433946
3434009
3434013
3434024
3434029
3434069
3434073
3434079
3434090
3434091
3434092
3434094
3434095
3434100
3434103
3434126
3434157
3434159
3434162
3434163
3434164
3434165
3434183
3434188
3434191
3434193
3434194
3434201
3434202
3434203
3434204
3434205
3434207
3434254
3434427
3434436
3434460
3434468
3434507
3434510
3434513
3434524
3434529
3434530
3434548
3434550
3434583
3434588
3434589
3434590
3434591
3434593
3434729
3434859
3434891
3434958
3435024
3435044
3435053
3435055
3435056
3435059
3435147
3435150
3435151
3435152
3435154
3435188
3435192
3435193
3435346
3435351
3435353
3435354
3435363
3435364
3435368
3435373
3435441
3435445
3435451
3435472
3435477
3435482
3435485
3435490
3435491
3435494
3435496
3435497
3435498
3435503
3435504
3435506
3435511
3435512
3435517
3435519
3435520
3435534
3435535
3435541
3435545
3435546
3435547
3435550
3435556
3435557
3435560
3435564
3435568
3435575
3435576
3435578
3435587
3435588
3435589
3435592
3435594
3435595
3435596
3435606
3435609
3435610
3435611
3435614
3435616
3435617
3435624
3435625
3435627
3435630
3435631
3435632
3435651
3435657
3435658
3435660
3435679
3435680
3435692
3435696
3435697
3435699
3436079
3436091
3436200
3436252
3436334
3436384
3436392
3436397
3436401
3436402
3436414
3436454
3436485
3436496
3436514
3436548
3436556
3436624
3436626
3436627
3436676
3436712
3436729
3436747
3436751
3436752
3436760
3436761
3436777
3436778
3436779
3436794
3436807
3436811
3436827
3436862
3436871
3436909
3437029
3437055
3437077
3437078
3437091
3437097
3437098
3437157
3437158
3437160
3437177
3437222
3437246
3437306
3437349
3437357
3437366
3437390
3437395
3437399
3437423
3437453
3437455
3437459
3437463
3437515
3437519
3437525
3437526
3437533
3437535
3437536
3437537
3437540
3437541
3437542
3437547
3437554
3437653
3437656
3437694
3437728
3437729
3437764
3437788
3437808
3437812
3437819
3437820
3437859
3437863
3437866
3437869
3437886
3437932
3437947
3437962
3437965
3437973
3438004
3438117
3438118
3438122
3438147
3438195
3438285
3438301
3438305
3438306
3438307
3438308
3438312
3438313
3438335
3438339
3438359
3438386
3438442
3438455
3438529
3438561
3438563
3438616
3438651
3438671
3438672
3438673
3438674
3438676
3438683
3438686
3438991
3438994
3439010
3439048
3439113
3439120
3439155
3439198
3439225
3439229
3439234
3439235
3439248
3439257
3439261
3439339
3439375
3439396
3439414
3439425
3439446
3439460
3439544
3439561
3439562
3439563
3439566
3439582
3439615
3439626
3439636
3439641
3439646
3439652
3439686
3439753
3439754
3439755
3439762
3439927
3439928
3439941
3439968
3439970
3439989
3439992
3439995
3440019
3440138
3440196
3440204
3440241
3440244
3440276
3440285
3440367
3440396
3440618
3440655
3440711
3440761
3440811
3440812
3440813
3440814
3440819
3440855
3440880
3440883
3441081
3441103
3441228
3441324
3441338
3441354
3441514
3441515
3441516
3441517
3441556
3441557
3441568
3441792
3441817
3441900
3441941
3441942
3441972
3441976
3441993
3442106
3442160
3442167
3442169
3442170
3442174
3442176
3442213
3442369
3442454
3442468
3442473
3442483
3442487
3442532
3442814
3442825
3442859
3442947
3442961
3442964
3443097
3443135
3443246
3443253
3443266
3443267
3443268
3443269
3443270
3443272
3443273
3443275
3443276
3443278
3443280
3443281
3443282
3443284
3443810
3443819
3443878
3443895
3443897
3443933
3444059
3444060
3444605
3444634
3444750
3445001
3445094
3445104
3445214
3445246
3445310
3445337
3445478
3445634
3446325
3446628
3446629
3446634
3446637
3446638
3446639
3446640
3446641
3446645
3446647
3446648
3446649
3446790
3446802
3446815
3446840
3446853
3446870
3446876
3446879
3446937
3447005
3447160
3447211
3447265
3447297
3447319
3447334
3447339
3447382
3447444
3447453
3447454
3447455
3447456
3447457
3447469
3447488
3447494
3447496
3447506
3447507
3447510
3447511
3447529
3447531
3447537
3447538
3447540
3447643
3447682
3447683
3447723
3447773
3447812
3447824
3447900
3447910
3447945
3448114
3448913
3448925
3448948
3448991
3449240
3449268
3449350
3449427
3449434
3449456
3449499
3449539
3449547
3449569
3449582
3449584
3449587
3449598
3449599
3449684
3449686
3449690
3449691
3449692
3449693
3449694
3449695
3449727
3449783
3449796
3449815
3449817
3449860
3449937
3449953
3450539
3450546
3450548
3450553
3450577
3450581
3450587
3450640
3450795
3450806
3450811
3450812
3450813
3450838
3450865
3450947
3451111
3451216
3451217
3451230
3451353
3451358
3451558
3451566
3451572
3451578
3451585
3451586
3451595
3451629
3451702
3451715
3451720
3451751
3451753
3451854
3451873
3451912
3451920
3451930
3451936
3451941
3451953
3451961
3452005
3452006
3452008
3452009
3452028
3452253
3452260
3452263
3452348
3452362
3452379
3452386
3452406
3452414
3452546
3452547
3452549
3452667
3452682
3452690
3452706
3452726
3452727
3452734
3452792
3452794
3452812
3452814
3452826
3452828
3452844
3452845
3452847
3452861
3452862
3452863
3452866
3452867
3452869
3452901
3452913
3452927
3452930
3452938
3452948
3453115
3453129
3453255
3453267
3453275
3453278
3453300
3453304
3453309
3453357
3453375
3453376
3453377
3453392
3453616
3453729
3453802
3453848
3453849
3453923
3453936
3454005
3454009
3454010
3454011
3454012
3454013
3454015
3454020
3454022
3454023
3454028
3454030
3454034
3454057
3454058
3454059
3454061
3454062
3454071
3454072
3454075
3454083
3454087
3454114
3454184
3454195
3454197
3454205
3454209
3454219
3454220
3454239
3454242
3454250
3454263
3454319
3454325
3454327
3454329
3454333
3454337
3454399
3454476
3454487
3454492
3454499
3454605
3454606
3454620
3454631
3454644
3454696
3454754
3454758
3454760
3454802
3454808
3454824
3454830
3454831
3454876
3454881
3454882
3454944
3454946
3454947
3454955
3454959
3454964
3454965
3454966
3454970
3454973
3455003
3455020
3455026
3455030
3455036
3455044
3455047
3455052
3455055
3455058
3455086
3455093
3455094
3455095
3455096
3455097
3455204
3455214
3455220
3455266
3455273
3455274
3455287
3455340
3455342
3455415
3455417
3455418
3455475
3455480
3455482
3455483
3455548
3455550
3455608
3455610
3455623
3455624
3455631
3455636
3455646
3455665
3455666
3455674
3455675
3455681
3455716
3455719
3455731
3455735
3455762
3455763
3455764
3455774
3455779
3455781
3455784
3455796
3455844
3455912
3455932
3455965
3455970
3455972
3455983
3455984
3455988
3455998
3455999
3456006
3456007
3456045
3456047
3456050
3456051
3456052
3456054
3456078
3456139
3456158
3456190
3456246
3456276
3456277
3456311
3456313
3456319
3456321
3456327
3456355
3456357
3456358
3456366
3456376
3456380
3456386
3456506
3456514
3456526
3456544
3456568
3456571
3456582
3456610
3456621
3456631
3456712
3456719
3456725
3456751
3456755
3456758
3456763
3456764
3456892
3456918
3456950
3456951
3456952
3456953
3456973
3456976
3457003
3457006
3457013
3457018
3457019
3457045
3457051
3457052
3457055
3457075
3457131
3457136
3457137
3457138
3457140
3457141
3457143
3457149
3457184
3457185
3457197
3457210
3457212
3457251
3457263
3457266
3457288
3457292
3457300
3457303
3457326
3457350
3457370
3457373
3457375
3457386
3457388
3457394
3457396
3457582
3457591
3457594
3457607
3457609
3457612
3457613
3457615
3457616
3457631
3457637
3457639
3457640
3457654
3457670
3457678
3457740
3457743
3457751
3457774
3457775
3457777
3457785
3457794
3457803
3457805
3457806
3457808
3457810
3457815
3457819
3457820
3457821
3457822
3457823
3457825
3457831
3457833
3457855
3457861
3457862
3457866
3457868
3457872
3457879
3457882
3457883
3457892
3457905
3457908
3457915
3457916
3457922
3457924
3457928
3457941
3457943
3457947
3457953
3457955
3457956
3457957
3457961
3457963
3457964
3457967
3457968
3457973
3457974
3457996
3458015
3458020
3458026
3458027
3458033
3458048
3458051
3458052
3458058
3458061
3458071
3458094
3458104
3458107
3458110
3458112
3458114
3458127
3458128
3458134
3458136
3458139
3458150
3458172
3458177
3458181
3458185
3458213
3458217
3458269
3458274
3458348
3458362
3458366
3458368
3458369
3458372
3458374
3458416
3458453
3458468
3458529
3458531
3458533
3458567
3458571
3458592
3458692
3458695
3458716
3458843
3458847
3458849
3458851
3458870
3458874
3458878
3458887
3458896
3458921
3458924
3458925
3458927
3458928
3458932
3458995
3459003
3459006
3459020
3459023
3459026
3459029
3459050
3459067
3459069
3459071
3459229
3459232
3459299
3459317
3459377
3459385
3459408
3459409
3459443
3459444
3459446
3459447
3459449
3459465
3459466
3459467
3459470
3459514
3459516
3459517
3459531
3459539
3459546
3459679
3459692
3459693
3459717
3459742
3459751
3459764
3459765
3459767
3459797
3459798
3459799
3459886
3459894
3459997
3460006
3460008
3460021
3460025
3460037
3460041
3460064
3460068
3460077
3460079
3460080
3460087
3460091
3460150
3460151
3460177
3460232
3460233
3460236
3460238
3460244
3460245
3460247
3460252
3460272
3460285
3460288
3460291
3460292
3460294
3460301
3460308
3460312
3460324
3460330
3460332
3460334
3460335
3460338
3460353
3460357
3460378
3460453
3460497
3460501
3460504
3460505
3460512
3460525
3460538
3460542
3460546
3460547
3460548
3460580
3460591
3460592
3460608
3460617
3460633
3460649
3460691
3460699
3460700
3460708
3460709
3460711
3460713
3460720
3460721
3460762
3460765
3460766
3460770
3460772
3460927
3460939
3461012
3461021
3461041
3461044
3461078
3461091
3461098
3461100
3461105
3461173
3461215
3461222
3461252
3461304
3461305
3461326
3461327
3461332
3461333
3461348
3461377
3461378
3461380
3461381
3461387
3461401
3461408
3461415
3461417
3461421
3461507
3461510
3461537
3461543
3461561
3461595
3461604
3461608
3461609
3461615
3461616
3461627
3461631
3461636
3461648
3461649
3461676
3461678
3461698
3461702
3461704
3461705
3461745
3461753
3461799
3461852
3461863
3461878
3461879
3461890
3461900
3461903
3461912
3461913
3461922
3461933
3461943
3461958
3461960
3461963
3461974
3461991
3461999
3462003
3462022
3462023
3462024
3462025
3462054
3462222
3462223
3462224
3462225
3462234
3462268
3462308
3462312
3462313
3462319
3462334
3462339
3462353
3462356
3462363
3462368
3462391
3462435
3462447
3462454
3462463
3462489
3462502
3462517
3462518
3462530
3462532
3462533
3462535
3462560
3462603
3462632
3462644
3462646
3462694
3462706
3462708
3462716
3462718
3462720
3462727
3462758
3462764
3462774
3462778
3462782
3462785
3462845
3462865
3462870
3462884
3462890
3462891
3462892
3462894
3462901
3462914
3462921
3462922
3462930
3462960
3462991
3463016
3463018
3463020
3463021
3463022
3463024
3463025
3463026
3463032
3463033
3463061
3463064
3463068
3463073
3463074
3463077
3463078
3463079
3463081
3463083
3463084
3463085
3463103
3463104
3463107
3463108
3463218
3463227
3463232
3463240
3463242
3463244
3463305
3463316
3463320
3463336
3463371
3463397
3463407
3463414
3463422
3463485
3463501
3463519
3463520
3463536
3463539
3463540
3463602
3463627
3463637
3463680
3463689
3463690
3463699
3463702
3463720
3463724
3463743
3463744
3463752
3463793
3463804
3463811
3463832
3463837
3463839
3463856
3463863
3463917
3463926
3463942
3463951
3463956
3463973
3463977
3464015
3464086
3464087
3464089
3464139
3464145
3464148
3464182
3464188
3464196
3464208
3464213
3464215
3464217
3464218
3464245
3464252
3464254
3464274
3464278
3464280
3464286
3464293
3464295
3464303
3464306
3464308
3464310
3464314
3464315
3464356
3464373
3464383
3464384
3464388
3464414
3464416
3464427
3464430
3464449
3464465
3464475
3464484
3464511
3464521
3464527
3464532
3464563
3464564
3464576
3464577
3464581
3464583
3464585
3464599
3464656
3464657
3464658
3464659
3464666
3464674
3464676
3464726
3464732
3464733
3464735
3464736
3464748
3464754
3464759
3464765
3464770
3464771
3464789
3464798
3464800
3464805
3464807
3464812
3464813
3464833
3464843
3464848
3464875
3464877
3464883
3464884
3464886
3464889
3464898
3464899
3464915
3464935
3464938
3464939
3464940
3464951
3464981
3464983
3464989
3464995
3465000
3465003
3465009
3465015
3465022
3465024
3465025
3465033
3465058
3465060
3465061
3465064
3465065
3465083
3465151
3465162
3465165
3465171
3465173
3465175
3465177
3465244
3465246
3465259
3465262
3465263
3465265
3465267
3465317
3465395
3465486
3465496
3465499
3465500
3465504
3465508
3465523
3465546
3465549
3465554
3465588
3465599
3465600
3465602
3465628
3465630
3465675
3465730
3465734
3465735
3465738
3465739
3465740
3465741
3465744
3465764
3465772
3465773
3465775
3465789
3465795
3465801
3465821
3465822
3465823
3465824
3465838
3465839
3465840
3465841
3465844
3466010
3466226
3466240
3466260
3466261
3466262
3466293
3466295
3466296
3466298
3466307
3466310
3466354
3466369
3466385
3466389
3466424
3466425
3466508
3466509
3466510
3466535
3466538
3466552
3466585
3466608
3466610
3466612
3466613
3466631
3466641
3466643
3466647
3466666
3466712
3466715
3466717
3466719
3466741
3466744
3466757
3466761
3466762
3466763
3466777
3466780
3466785
3466800
3466803
3466804
3466805
3466838
3466854
3466888
3466909
3466924
3466938
3466969
3466991
3466992
3466995
3466996
3467001
3467002
3467014
3467049
3467219
3467222
3467223
3467244
3467245
3467262
3467263
3467310
3467316
3467354
3467357
3467362
3467363
3467366
3467367
3467458
3467487
3467488
3467536
3467544
3467557
3467573
3467583
3467705
3467706
3467728
3467750
3467752
3467753
3467781
3467782
3467816
3467826
3467830
3467845
3467847
3467848
3467863
3467897
3467900
3467909
3467939
3467940
3467978
3467999
3468011
3468031
3468038
3468042
3468062
3468063
3468069
3468091
3468092
3468094
3468095
3468110
3468113
3468125
3468126
3468127
3468128
3468129
3468133
3468134
3468135
3468136
3468153
3468154
3468174
3468175
3468180
3468187
3468188
3468193
3468199
3468242
3468252
3468254
3468264
3468265
3468306
3468309
3468311
3468331
3468336
3468339
3468340
3468341
3468355
3468360
3468361
3468362
3468363
3468364
3468367
3468368
3468369
3468370
3468371
3468385
3468424
3468428
3468535
3468553
3468554
3468587
3468593
3468594
3468595
3468597
3468599
3468611
3468613
3468614
3468618
3468619
3468657
3468665
3468677
3468696
3468703
3468715
3468726
3468727
3468754
3468796
3468811
3468857
3468861
3468863
3468867
3468900
3468917
3468924
3468936
3468953
3468954
3468975
3468996
3469010
3469078
3469079
3469168
3469171
3469174
3469175
3469195
3469196
3469230
3469232
3469363
3469367
3469401
3469404
3469419
3469457
3469458
3469484
3469492
3469529
3469544
3469553
3469576
3469579
3469581
3469582
3469586
3469588
3469589
3469591
3469593
3469594
3469595
3469601
3469604
3469618
3469622
3469623
3469629
3469630
3469696
3469716
3469727
3469732
3469740
3469744
3469746
3469747
3469752
3469755
3469764
3469765
3469767
3469783
3469784
3469812
3470124
3470127
3470130
3470146
3470151
3470153
3470213
3470221
3470225
3470226
3470227
3470240
3470243
3470246
3470247
3470261
3470265
3470296
3470312
3470347
3470354
3470359
3470408
3470411
3470414
3470438
3470455
3470460
3470461
3470462
3470463
3470464
3470465
3470499
3470500
3470501
3470502
3470517
3470518
3470522
3470525
3470547
3470548
3470567
3470578
3470588
3470601
3470602
3470608
3470610
3470640
3470700
3470714
3470769
3470820
3470837
3470851
3470853
3470854
3470972
3470976
3470981
3471015
3471017
3471328
3471329
3471331
3471332
3471397
3471427
3471432
3471433
3471547
3471554
3471555
3471595
3471597
3471628
3471635
3471637
3471653
3471663
3471664
3471670
3471752
3471761
3471782
3471783
3471788
3471796
3471797
3471799
3471800
3471803
3471804
3471810
3471813
3471815
3472068
3472071
3472195
3472213
3472216
3472217
3472235
3472237
3472255
3472256
3472257
3472260
3472261
3472262
3472277
3472280
3472289
3472429
3472430
3472601
3472642
3473187
3473207
3473251
3473541
3473555
3473556
3473570
3473573
3473574
3474154
3474155
3474218
3474363
3474745
3474764
3474857
3474882
3474906
3474915
3475001
3475002
3475010
3475233
3475234
3475236
3475238
3475239
3475240
3475241
3475383
3475407
3475411
3475412
3475466
3475477
3475483
3475539
3475540
3475683
3475687
3475696
3475776
3476060
3476218
3476229
3476235
3476286
3476388
3476390
3476497
3476499
3476551
3476557
3476558
3476560
3476563
3476565
3476593
3476596
3476597
3476600
3476601
3476603
3476604
3476624
3476626
3476629
3476630
3476632
3476633
3476641
3476644
3476654
3476655
3476661
3476666
3476845
3476846
3476848
3476850
3476857
3476858
3476879
3476880
3476881
3476884
3476885
3476940
3476963
3476964
3476967
3477015
3477016
3477018
3477019
3477040
3477045
3477091
3477092
3477095
3477096
3477099
3477117
3477118
3477356
3477362
3477369
3477377
3477380
3477381
3477453
3477454
3477455
3477460
3477499
3477519
3477525
3477526
3477527
3477528
3477529
3477530
3477531
3477532
3477533
3477534
3477535
3477536
3477537
3477584
3477585
3477594
3477599
3477600
3477645
3477857
3477858
3477860
3477862
3477955
3477957
3477959
3477960
3477963
3477969
3477970
3477977
3478047
3478064
3478067
3478070
3478103
3478104
3478108
3478130
3478131
3478132
3478150
3478161
3478166
3478167
3478168
3478170
3478175
3478207
3478216
3478222
3478226
3478233
3478236
3478247
3478271
3478272
3478282
3478286
3478301
3478314
3478330
3478331
3478342
3478345
3478347
3478355
3478357
3478367
3478368
3478375
3478389
3478391
3478395
3478397
3478400
3478401
3478402
3478414
3478415
3478478
3478490
3478496
3478531
3478540
3478542
3478545
3478554
3478557
3478590
3478593
3478604
3478607
3478609
3478610
3478616
3478617
3478668
3478669
3478693
3478694
3478696
3478697
3478699
3478704
3478705
3478709
3478712
3478715
3478717
3478719
3478727
3478763
3478777
3478780
3478914
3478916
3478952
3478965
3478979
3479153
3479156
3479160
3479161
3479163
3479164
3479165
3479232
3479259
3479285
3479396
3479398
3479425
3479432
3479433
3479442
3479496
3479498
3479499
3479501
3479526
3479528
3479535
3479555
3479557
3479604
3479607
3479623
3479636
3479637
3479638
3479641
3479693
3479700
3479704
3479705
3479706
3479707
3479726
3479730
3479838
3479839
3479859
3479868
3479881
3479884
3479899
3479932
3479938
3479960
3479962
3479963
3479969
3479991
3479992
3479994
3479996
3480002
3480128
3480355
3480357
3480358
3480359
3480366
3480367
3480369
3480407
3480408
3480482
3480484
3480487
3480507
3480511
3480512
3480515
3480516
3480594
3480604
3480609
3480619
3480659
3480673
3480674
3480677
3480682
3480695
3480698
3480702
3480703
3480704
3480709
3480711
3480715
3480717
3480718
3480719
3480720
3480725
3480748
3480749
3480750
3480751
3480752
3480753
3480754
3480755
3480756
3480759
3480761
3480808
3480809
3480818
3480819
3480820
3480822
3480826
3480827
3480829
3480830
3480839
3480840
3480841
3480842
3480843
3480844
3480845
3480846
3480847
3480849
3480851
3480852
3480864
3480878
3480880
3480881
3480929
3480943
3480945
3480947
3480952
3480953
3480955
3480990
3480992
3481125
3481135
3481137
3481260
3481269
3481272
3481278
3481343
3481364
3481374
3481384
3481511
3481560
3481565
3481582
3481598
3481628
3481638
3481641
3481668
3481669
3481672
3481673
3481674
3481675
3481677
3481857
3481873
3481876
3481901
3481911
3481969
3481979
3481999
3482010
3482022
3482023
3482026
3482027
3482031
3482035
3482040
3482054
3482060
3482067
3482078
3482079
3482086
3482089
3482131
3482135
3482136
3482185
3482186
3482203
3482205
3482206
3482207
3482209
3482235
3482237
3482238
3482247
3482258
3482616
3482627
3482641
3482645
3482672
3482681
3482741
3482743
3482751
3482753
3482757
3482758
3482759
3482830
3482835
3482841
3482869
3482870
3482871
3482901
3482907
3482918
3482919
3483238
3483240
3483301
3483302
3483386
3483400
3483401
3483406
3483430
3483435
3483510
3483558
3483625
3483959
3483961
3484113
3484133
3484142
3484147
3484148
3484154
3484157
3484224
3484231
3484232
3484246
3484249
3484254
3484271
3484313
3484334
3484381
3484443
3484477
3484482
3484493
3484607
3484609
3484625
3484636
3484655
3484670
3484695
3484703
3484710
3484716
3484723
3484727
3484728
3484733
3484739
3484744
3484746
3484806
3484820
3484826
3484827
3484830
3484832
3484844
3484846
3484847
3484848
3484852
3484856
3484859
3484880
3484882
3484885
3484894
3484898
3484899
3484900
3484902
3484904
3484908
3484910
3484915
3484918
3484919
3484920
3484923
3484928
3484930
3484997
3484998
3485003
3485089
3485135
3485176
3485276
3485290
3485298
3485367
3485368
3485370
3485378
3485399
3485407
3485423
3485554
3485558
3485560
3485571
3485585
3485586
3485589
3485596
3485598
3485602
3485676
3485678
3485687
3485693
3485710
3485730
3486597
3486699
3486702
3486705
3486708
3486710
3486780
3486862
3486870
3486873
3486875
3486889
3486892
3486955
3487674
3487948
3487964
3487982
3488212
3488272
3488386
3488434
3488686
3488697
3488877
3488913
3489177
3489186
3489192
3489193
3489196
3489198
3489201
3489206
3489224
3489251
3489331
3489365
3489378
3489383
3489385
3489388
3489396
3489409
3489419
3489430
3489433
3489434
3489435
3489436
3489437
3489439
3489440
3489451
3489464
3489468
3489469
3489472
3489475
3489477
3489483
3489487
3489502
3489503
3489509
3489514
3489515
3489517
3489519
3489520
3489521
3489522
3489523
3489524
3489528
3489529
3489530
3489532
3489533
3489534
3489535
3489536
3489539
3489540
3489541
3489548
3489555
3489576
3489578
3489581
3489586
3489587
3489590
3489592
3489595
3489596
3489614
3489615
3489618
3489619
3489621
3489641
3489643
3489645
3489646
3489671
3489679
3489680
3489725
3489730
3489731
3489733
3489738
3489739
3489741
3489743
3489745
3489746
3489748
3489750
3489757
3489758
3489803
3489807
3489809
3489811
3489815
3489819
3489820
3489821
3489822
3489858
3489865
3489866
3489876
3489880
3489881
3489893
3489895
3489917
3489922
3489925
3489937
3489962
3489972
3489986
3489987
3489992
3489993
3489994
3490053
3490055
3490057
3490064
3490082
3490093
3490107
3490108
3490118
3490138
3490141
3490143
3490149
3490150
3490168
3490189
3490190
3490196
3490199
3490209
3490211
3490234
3490243
3490244
3490245
3490246
3490247
3490248
3490263
3490286
3490289
3490293
3490300
3490302
3490305
3490334
3490363
3490448
3490457
3490458
3490460
3490462
3490467
3490486
3490489
3490519
3490525
3490552
3490619
3490648
3490654
3490668
3490691
3490693
3490694
3490722
3490724
3490732
3490736
3490770
3490775
3490777
3490778
3490780
3490843
3490844
3490873
3490883
3490884
3490930
3490934
3490937
3490940
3490950
3490951
3490957
3490967
3490969
3490972
3490974
3490979
3490984
3490988
3490989
3491000
3491003
3491011
3491026
3491062
3491065
3491070
3491072
3491085
3491092
3491093
3491099
3491105
3491106
3491135
3491145
3491150
3491160
3491161
3491163
3491167
3491169
3491170
3491172
3491178
3491180
3491181
3491209
3491212
3491213
3491215
3491216
3491217
3491220
3491224
3491226
3491230
3491235
3491237
3491240
3491241
3491245
3491247
3491250
3491251
3491266
3491267
3491268
3491276
3491279
3491287
3491304
3491312
3491320
3491321
3491322
3491330
3491331
3491332
3491335
3491336
3491340
3491341
3491362
3491367
3491371
3491372
3491373
3491374
3491375
3491403
3491407
3491409
3491410
3491413
3491414
3491416
3491417
3491423
3491427
3491431
3491434
3491446
3491454
3491459
3491460
3491468
3491469
3491496
3491497
3491498
3491514
3491519
3491522
3491530
3491532
3491547
3491551
3491557
3491562
3491564
3491565
3491568
3491571
3491573
3491584
3491590
3491608
3491614
3491665
3491669
3491689
3491695
3491698
3491717
3491734
3491743
3491791
3491800
3491823
3491827
3491831
3491837
3491838
3491839
3491842
3491844
3491848
3491849
3491855
3491890
3491924
3491927
3491932
3492055
3492057
3492064
3492065
3492068
3492070
3492075
3492078
3492086
3492089
3492111
3492113
3492116
3492117
3492118
3492123
3492125
3492126
3492139
3492147
3492155
3492156
3492165
3492204
3492254
3492261
3492291
3492299
3492312
3492327
3492332
3492345
3492358
3492360
3492377
3492388
3492396
3492397
3492402
3492444
3492453
3492458
3492459
3492468
3492469
3492510
3492511
3492540
3492541
3492549
3492555
3492644
3492664
3492826
3493009
3493010
3493102
3493115
3493118
3493127
3493129
3493206
3493217
3493219
3493381
3493383
3493432
3493537
3493576
3493599
3493601
3493605
3493606
3493608
3493609
3493647
3493663
3493728
3493744
3493764
3493765
3493771
3493774
3493849
3493864
3493867
3493872
3493876
3493894
3493909
3493920
3493930
3493946
3493956
3493957
3493961
3493962
3493968
3493976
3493977
3493978
3493980
3493982
3493983
3493986
3493990
3493991
3494011
3494022
3494025
3494042
3494044
3494058
3494061
3494063
3494067
3494070
3494079
3494090
3494101
3494123
3494140
3494142
3494146
3494147
3494155
3494175
3494181
3494223
3494225
3494227
3494228
3494230
3494231
3494234
3494241
3494244
3494248
3494249
3494269
3494270
3494272
3494290
3494292
3494293
3494305
3494358
3494372
3494376
3494393
3494394
3494401
3494422
3494532
3494630
3494763
3494772
3494882
3494964
3494973
3494974
3494975
3494976
3494977
3494978
3495058
3495105
3495349
3495376
3495392
3495394
3495401
3495406
3495409
3495449
3495693
3495705
3495750
3495762
3496460
3496466
3496480
3496929
3496930
3496932
3496935
3496937
3496938
3496949
3496951
3496952
3496957
3496965
3496969
3496980
3496983
3496985
3496993
3496995
3497010
3497011
3497013
3497047
3497419
3497597
3497801
3497806
3497852
3497862
3497866
3497935
3498843
3498846
3498848
3498885
3498886
3498919
3498927
3498960
3499052
3499059
3499209
3499216
3499235
3499241
3499250
3499255
3499256
3499266
3499269
3499272
3499296
3499297
3499301
3499319
3499415
3499454
3499463
3499552
3499831
3499855
3499864
3499867
3499868
3499872
3499873
3499905
3499938
3499995
3500054
3500060
3500133
3500148
3500159
3500180
3500227
3500374
3500481
3500499
3500500
3500506
3500525
3500533
3500629
3500680
3500692
3500698
3500716
3500724
3500739
3500743
3500776
3500828
3500834
3500843
3500846
3500882
3500890
3500898
3500902
3500904
3500948
3500973
3501045
3501047
3501049
3501050
3501078
3501138
3501141
3501146
3501150
3501162
3501166
3501173
3501177
3501181
3501185
3501191
3501196
3501201
3501203
3501219
3501223
3501226
3501230
3501235
3501239
3501241
3501242
3501246
3501259
3501266
3501268
3501274
3501278
3501288
3501289
3501299
3501322
3501329
3501334
3501474
3501494
3501508
3501511
3501544
3501613
3501661
3501662
3501712
3501713
3501771
3501845
3501846
3502783
3502877
3503543
3504122
3505285
3505286
3505298
3506271
3506281
3506327
3506331
3506336
3506435
3507417
3507522
3508607
3508730
3508829
3508914
3509105
3509106
3509107
3509243
3509247
3509251
3509512
3509683
3509737
3509771
3509964
3509968
3509969
3509970
3509971
3509972
3509973
3509978
3509985
3509986
3509992
3509997
3510114
3510172
3510176
3510184
3510328
3510331
3510659
3510667
3510702
3510727
3510733
3510743
3510880
3510916
3510935
3510962
3511026
3511034
3511077
3511079
3511086
3511087
3511096
3511113
3511124
3511148
3511150
3511156
3511157
3511167
3511224
3511227
3511233
3511235
3511238
3511241
3511327
3511342
3511360
3511375
3511433
3511446
3511453
3511454
3511484
3511485
3511498
3511505
3511507
3511519
3511520
3511550
3511567
3511569
3511581
3511582
3511613
3511615
3511626
3511627
3512010
3512016
3512017
3512024
3512028
3512042
3512065
3512071
3512305
3512357
3512367
3512392
3512413
3512564
3512592
3512655
3512669
3512671
3512672
3512673
3512701
3512703
3512713
3512717
3512757
3512781
3512855
3512857
3512862
3512865
3512866
3512881
3512903
3512920
3513596
3513621
3513654
3513660
3513703
3513746
3513811
3513815
3513822
3513823
3513824
3514950
3514996
3515012
3515014
3515027
3515091
3515092
3515094
3515098
3515100
3515101
3515102
3515104
3515107
3515109
3515110
3515154
3515195
3515201
3515218
3515260
3515262
3515267
3515322
3515361
3515375
3515385
3515393
3515395
3515397
3515400
3515481
3515542
3515616
3515625
3515719
3515743
3515826
3515827
3515860
3515861
3515869
3515895
3515896
3515903
3516026
3516077
3516093
3516209
3516235
3516340
3516352
3516355
3516358
3516361
3516362
3516363
3516365
3516367
3516369
3516370
3516371
3516415
3516443
3516770
3516828
3516832
3516833
3516835
3516871
3517377
3517380
3517383
3517388
3517395
3517401
3517404
3517407
3517412
3517423
3517427
3517437
3517439
3517440
3517441
3517445
3517462
3517463
3517479
3517483
3517486
3517487
3517491
3517499
3517501
3517503
3517504
3517507
3517531
3517541
3517550
3517577
3517579
3517609
3517708
3517760
3517762
3517763
3517772
3517811
3517812
3517813
3517815
3517816
3517818
3517820
3517841
3517845
3517863
3517864
3517869
3517870
3517871
3517882
3517897
3517906
3517919
3517929
3517939
3517959
3517967
3517968
3517971
3517980
3518002
3518003
3518024
3518028
3518055
3518068
3518071
3518087
3518090
3518119
3518122
3518126
3518127
3518130
3518135
3518143
3518145
3518146
3518149
3518197
3518203
3518229
3518232
3518264
3518270
3518272
3518305
3518317
3518324
3518343
3518357
3518358
3518363
3518364
3518367
3518370
3518372
3518379
3518431
3518442
3518443
3518444
3518446
3518453
3518454
3518470
3518507
3518512
3518530
3518538
3518541
3518542
3518544
3518546
3518547
3518553
3518564
3518581
3518589
3518648
3518649
3518650
3518655
3518688
3518692
3518693
3518703
3518706
3518707
3518772
3518793
3518984
3519050
3519055
3519155
3519174
3519175
3519203
3519251
3519279
3519281
3519282
3519283
3519284
3519286
3519291
3519294
3519302
3519303
3519307
3519419
3519424
3519478
3519490
3519494
3519496
3519537
3519570
3519673
3519695
3519698
3519715
3519732
3519739
3519746
3519748
3519759
3519980
3520000
3520001
3520020
3520125
3520234
3520298
3520421
3520428
3520507
3520639
3520664
3520667
3520805
3520826
3520830
3520831
3520847
3520858
3520868
3520869
3520870
3520871
3520873
3520887
3520897
3520898
3520899
3520900
3520926
3520937
3520942
3520944
3520973
3521025
3521026
3521029
3521045
3521057
3521069
3521076
3521077
3521087
3521089
3521142
3521145
3521147
3521150
3521151
3521152
3521154
3521155
3521156
3521159
3521456
3521460
3521464
3521540
3521548
3521549
3521646
3521729
3521737
3521826
3521828
3521883
3521933
3521938
3521967
3521974
3521980
3521989
3522152
3522230
3522236
3522237
3522320
3522386
3522387
3522392
3522393
3522398
3522401
3522403
3522405
3522406
3522407
3522411
3522412
3522413
3522414
3522487
3522508
3522640
3522707
3522723
3522767
3522802
3522851
3522877
3522925
3522941
3523046
3523055
3523156
3523271
3523272
3523291
3524084
3524115
3524150
3524182
3524238
3524288
3524429
3524435
3524453
3524461
3524502
3524536
3524585
3524764
3524775
3524777
3524791
3524818
3524825
3524911
3524913
3524915
3524917
3524956
3524958
3524962
3524967
3524995
3525018
3525486
3525488
3525495
3525496
3525506
3525509
3525526
3525528
3525534
3525535
3525611
3525612
3525613
3525614
3525616
3525641
3525642
3525671
3525776
3525778
3525793
3525829
3525912
3525919
3525921
3525922
3525962
3525972
3525975
3526054
3526089
3526154
3526158
3526160
3526161
3526162
3526170
3526171
3526172
3526181
3526182
3526183
3526184
3526185
3526259
3526266
3526269
3526278
3526309
3526312
3526322
3526323
3526327
3526332
3526334
3526335
3526413
3526425
3526431
3526530
3526543
3526544
3526553
3526571
3526721
3526722
3526723
3526724
3526728
3526733
3526736
3526754
3526760
3526765
3527626
3527717
3527724
3527727
3527728
3527729
3527732
3527733
3527802
3527813
3527912
3527915
3527916
3527919
3527926
3527930
3527939
3527945
3527959
3527972
3527975
3528037
3528168
3528302
3528552
3528553
3528554
3528585
3528604
3528607
3528612
3528617
3528618
3528622
3528623
3528626
3528966
3529056
3529102
3529233
3529243
3529650
3529652
3529658
3529690
3529697
3529975
3529978
3529985
3529986
3529987
3530167
3530182
3530308
3530309
3530310
3530311
3531206
3531243
3531251
3531330
3531336
3531338
3531352
3531358
3531380
3531387
3531390
3531394
3531403
3531422
3531423
3531426
3531439
3531471
3531483
3531499
3531505
3531510
3531512
3531637
3531984
3531997
3532000
3532139
3532141
3532144
3532168
3532183
3532268
3532271
3532285
3532302
3532312
3532339
3532362
3532537
3532934
3532951
3532980
3533002
3533037
3533249
3533437
3533462
3533466
3533474
3533479
3533480
3533501
3533571
3533577
3533624
3533638
3533901
3533910
3533913
3533915
3534020
3534055
3534063
3534068
3534070
3534175
3534256
3534292
3534378
3534383
3534387
3534388
3534389
3534414
3534487
3534631
3534637
3534644
3534668
3534743
3534746
3534824
3534981
3535342
3535500
3535709
3535710
3535820
3536208
3536220
3536230
3536244
3536452
3536496
3537732
3538175
3538186
3538256
3538301
3538720
3538917
3538918
3538925
3538926
3539019
3539444
3539633
3539868
3539884
3539901
3539925
3540154
3540180
3540510
3540822
3541055
3541056
3541601
3541781
3541880
3541890
3541891
3541895
3541896
3541897
3542105
3542231
3542655
3542688
3542690
3542694
3542704
3542832
3542908
3542977
3542989
3542990
3542994
3542999
3543182
3543292
3543921
3543955
3544036
3544060
3544114
3544154
3544209
3544243
3544265
3544343
3544344
3544386
3544449
3544487
3544488
3544506
3544588
3544619
3544643
3544757
3544780
3545424
3545530
3545559
3545742
3546728
3546765
3546819
3546952
3547102
3547106
3547124
3547142
3547143
3547148
3547149
3547153
3547157
3547158
3547172
3547175
3547182
3547183
3547187
3547188
3547191
3547199
3547200
3547203
3547246
3547258
3547259
3547272
3547296
3547302
3547315
3547327
3547328
3547673
3547676
3547703
3547704
3547705
3547938
3548012
3548828
3549747
3549983
3550095
3550176
3550202
3550234
3550264
3550268
3550431
3550432
3550517
3550694
3550749
3550948
3551397
3551405
3552198
3552336
3552338
3552417
3552438
3552446
3552513
3552514
3552517
3552955
3553265
3553266
3553270
3553272
3553338
3554339
3554356
3554378
3554397
3554459
3554460
3554467
3554472
3554487
3554488
3554495
3554508
3554687
3554730
3554731
3554753
3554791
3554825
3554897
3554908
3555047
3555344
3555432
3555731
3555775
3555816
3555822
3555925
3555927
3555985
3556009
3556016
3556067
3556094
3556140
3556211
3556217
3556218
3556220
3556221
3556223
3556224
3556225
3556228
3556418
3556434
3556439
3556442
3556461
3556516
3556531
3556537
3556540
3556588
3556708
3556773
3556775
3556812
3556819
3556885
3556950
3557761
3557811
3557839
3557847
3557894
3557968
3557975
3557986
3557987
3557990
3557996
3557997
3558000
3558001
3558008
3558123
3558177
3558223
3558261
3558650
3558830
3558831
3558856
3558866
3558875
3558987
3558993
3559175
3559182
3559203
3559209
3559237
3559311
3559317
3559319
3559409
3559411
3559448
3559450
3559453
3559454
3559494
3559496
3559517
3559532
3559548
3559636
3559637
3559638
3559646
3559664
3559666
3559668
3559674
3559675
3559676
3559680
3559684
3559685
3559686
3559790
3559891
3559953
3560015
3560046
3560048
3560052
3560066
3560131
3560140
3560172
3560173
3560266
3560271
3560315
3560359
3560439
3560443
3560445
3560446
3560449
3560482
3560491
3560495
3560497
3560507
3560513
3560514
3560566
3560569
3560571
3560573
3560576
3560577
3560624
3560629
3560630
3560689
3560695
3560702
3560724
3560730
3560733
3560736
3560741
3560742
3560746
3560812
3560824
3560856
3560863
3560890
3560899
3560900
3560918
3560919
3560920
3560928
3560931
3560940
3560964
3560970
3560975
3560979
3560993
3560999
3561000
3561005
3561008
3561013
3561014
3561023
3561026
3561031
3561032
3561330
3561357
3561427
3561465
3561471
3561475
3561478
3561644
3561663
3561666
3561670
3561774
3562152
3562518
3562526
3562536
3562544
3562545
3562548
3562550
3562575
3562590
3562599
3562615
3562616
3562659
3562665
3562666
3562672
3562675
3562677
3562678
3562683
3562688
3562689
3562691
3562707
3562719
3562723
3562725
3562739
3562749
3562752
3562757
3562758
3562767
3562768
3562809
3562811
3562812
3562815
3562817
3562818
3562832
3562834
3562837
3562839
3562853
3562855
3562858
3562860
3562866
3562877
3562883
3562887
3562895
3562897
3562902
3562903
3562909
3562912
3562914
3562925
3562943
3562965
3562967
3562968
3562987
3563011
3563027
3563037
3563042
3563187
3563191
3563196
3563212
3563213
3563239
3563250
3563255
3563259
3563267
3563281
3563283
3563295
3563396
3563400
3563693
3563707
3564024
3564032
3564348
3564374
3564375
3564377
3564378
3564379
3564380
3564384
3564386
3564387
3564388
3564389
3564390
3564392
3564393
3564395
3564726
3564740
3564759
3564775
3564830
3564832
3565044
3565073
3565086
3565099
3565102
3565104
3565108
3565110
3565124
3565129
3565229
3565372
3565374
3565379
3565506
3565517
3565631
3565668
3565674
3565687
3565697
3566341
3566374
3566428
3566761
3566766
3566775
3566801
3566805
3566832
3566833
3566883
3566978
3566989
3566998
3567007
3567010
3567015
3567017
3567018
3567019
3567068
3567069
3567071
3567084
3567137
3567162
3567192
3567197
3567219
3567270
3567308
3567309
3567330
3567337
3567391
3567412
3567416
3567417
3567473
3567474
3567481
3567490
3568051
3568134
3568135
3568146
3568148
3568151
3568153
3568233
3568496
3568498
3568657
3568659
3568666
3568693
3568703
3568753
3568865
3569172
3569280
3569349
3569376
3569381
3569674
3569681
3569696
3569740
3569764
3569775
3569800
3569802
3569848
3569865
3569920
3569923
3569958
3569974
3569992
3570110
3570118
3570124
3570128
3570137
3570140
3570141
3570159
3570168
3570171
3570222
3570252
3570253
3570269
3570462
3570517
3570541
3570548
3570624
3570625
3570948
3570949
3570950
3570951
3571273
3571274
3571335
3571345
3571352
3571376
3571379
3571653
3571656
3571698
3571702
3571710
3571711
3571716
3572042
3572072
3572253
3572275
3572319
3572369
3572377
3572382
3572400
3572405
3572407
3572409
3572478
3572530
3572546
3572548
3572557
3572562
3572564
3572652
3572707
3572728
3572959
3572973
3573033
3573113
3573116
3573117
3573125
3573126
3573128
3573156
3573157
3573227
3573239
3573414
3573460
3573463
3573467
3573470
3573475
3573483
3573490
3573536
3573540
3573647
3573678
3573806
3573936
3573937
3573971
3574056
3574057
3574059
3574060
3574061
3574063
3574069
3574086
3574100
3574206
3574212
3574370
3574488
3574663
3574772
3574784
3574785
3574788
3574794
3574796
3574844
3574979
3574995
3575015
3575070
3575079
3575114
3575328
3575433
3575718
3575738
3575793
3575795
3575857
3575977
3576127
3576155
3576168
3576228
3576246
3576262
3576313
3576367
3576422
3576522
3576566
3576585
3576639
3576685
3576688
3576698
3576722
3576768
3576777
3576781
3576784
3576790
3576791
3576797
3576801
3576830
3576833
3576834
3576841
3576860
3576873
3576881
3576900
3576942
3576987
3576995
3577058
3577066
3577071
3577108
3577114
3577115
3577127
3577129
3577131
3577133
3577135
3577136
3577137
3577138
3577139
3577160
3577168
3577177
3577179
3577180
3577181
3577205
3577215
3577216
3577232
3577235
3577255
3577259
3577262
3577263
3577276
3577280
3577327
3577342
3577413
3577415
3577494
3577527
3577538
3577596
3577601
3577619
3577623
3577758
3577760
3577762
3577763
3577793
3577799
3577801
3577807
3577853
3577854
3577855
3577862
3577863
3577864
3577882
3577890
3577905
3577920
3577921
3577938
3577939
3577940
3577941
3577950
3577952
3577962
3577964
3577965
3577984
3577997
3577999
3578001
3578003
3578008
3578010
3578020
3578098
3578111
3578114
3578131
3578133
3578134
3578160
3578164
3578178
3578221
3578223
3578243
3578244
3578245
3578249
3578256
3578257
3578263
3578266
3578271
3578322
3578324
3578325
3578342
3578364
3578375
3578393
3578413
3578414
3578420
3578423
3578426
3578427
3578428
3578429
3578443
3578449
3578452
3578456
3578462
3578466
3578513
3578615
3578628
3578640
3578641
3578642
3578671
3578677
3578706
3578708
3578711
3578713
3578714
3578727
3578755
3578764
3578765
3578766
3578767
3578769
3578783
3578785
3578788
3578797
3578798
3578801
3578820
3578853
3578872
3578890
3578892
3578914
3578930
3578938
3578939
3578946
3578947
3578948
3578951
3578955
3578957
3578959
3578961
3578966
3578975
3578978
3578986
3578987
3579016
3579027
3579030
3579037
3579042
3579046
3579067
3579073
3579113
3579115
3579116
3579151
3579153
3579156
3579157
3579221
3579222
3579224
3579225
3579229
3579257
3579258
3579261
3579263
3579264
3579273
3579274
3579277
3579282
3579283
3579285
3579289
3579295
3579296
3579300
3579302
3579304
3579305
3579317
3579326
3579333
3579350
3579351
3579354
3579355
3579359
3579367
3579370
3579372
3579373
3579376
3579377
3579378
3579380
3579381
3579383
3579384
3579386
3579388
3579389
3579391
3579393
3579394
3579396
3579406
3579407
3579424
3579428
3579463
3579468
3579513
3579516
3579517
3579524
3579543
3579545
3579550
3579551
3579552
3579565
3579572
3579585
3579589
3579599
3579617
3579645
3579647
3579652
3579654
3579656
3579658
3579659
3579661
3579663
3579665
3579666
3579668
3579678
3579683
3579690
3579721
3579722
3579723
3579734
3579737
3579738
3579750
3579865
3579874
3579878
3579944
3579949
3579957
3579972
3579989
3579993
3580066
3580068
3580128
3580134
3580135
3580136
3580139
3580179
3580183
3580230
3580243
3580244
3580248
3580261
3580296
3580312
3580315
3580358
3580378
3580395
3580398
3580416
3580422
3580423
3580426
3580427
3580431
3580445
3580446
3580453
3580459
3580475
3580483
3580484
3580485
3580487
3580491
3580530
3580537
3580540
3580541
3580543
3580549
3580551
3580553
3580555
3580565
3580567
3580568
3580570
3580579
3580593
3580599
3580784
3580815
3580886
3580942
3580944
3580950
3580952
3580958
3580960
3580967
3580968
3581124
3581148
3581190
3581193
3581261
3581272
3581311
3581326
3581330
3581336
3581358
3581363
3581364
3581367
3581371
3581372
3581388
3581410
3581418
3581420
3581421
3581475
3581487
3581552
3581553
3581558
3581559
3581598
3581601
3581605
3581609
3581610
3581611
3581638
3581639
3581653
3581662
3581663
3581664
3581665
3581667
3581673
3581677
3581679
3581687
3581688
3581690
3581693
3581733
3581734
3581738
3581742
3581743
3581744
3581750
3581752
3581755
3581756
3581780
3581858
3581864
3581884
3581887
3581922
3581931
3581932
3581934
3581935
3581936
3581937
3581967
3581971
3582023
3582026
3582029
3582033
3582040
3582041
3582042
3582043
3582045
3582096
3582109
3582111
3582120
3582121
3582122
3582123
3582124
3582126
3582127
3582139
3582140
3582147
3582163
3582171
3582186
3582187
3582188
3582195
3582196
3582223
3582232
3582234
3582235
3582242
3582245
3582283
3582288
3582289
3582298
3582312
3582317
3582321
3582324
3582331
3582332
3582346
3582347
3582348
3582354
3582356
3582397
3582400
3582408
3582412
3582418
3582422
3582438
3582445
3582446
3582455
3582457
3582465
3582478
3582503
3582506
3582507
3582512
3582514
3582517
3582518
3582552
3582553
3582557
3582558
3582559
3582561
3582563
3582564
3582565
3582566
3582592
3582594
3582595
3582596
3582597
3582598
3582599
3582600
3582602
3582603
3582604
3582607
3582649
3582652
3582654
3582656
3582680
3582683
3582731
3582737
3582738
3582750
3582792
3582794
3582795
3582800
3582837
3582838
3582840
3582841
3582851
3582862
3582891
3582893
3582895
3582906
3582921
3582925
3582932
3582934
3582953
3582954
3582967
3582989
3583001
3583002
3583020
3583028
3583037
3583039
3583040
3583045
3583046
3583047
3583049
3583050
3583055
3583056
3583065
3583066
3583074
3583076
3583077
3583078
3583088
3583097
3583098
3583103
3583111
3583114
3583119
3583122
3583124
3583132
3583137
3583147
3583161
3583163
3583177
3583181
3583186
3583189
3583197
3583198
3583216
3583237
3583239
3583274
3583277
3583280
3583323
3583329
3583343
3583348
3583349
3583350
3583352
3583353
3583355
3583364
3583375
3583378
3583422
3583457
3583477
3583486
3583487
3583489
3583577
3583588
3583589
3583615
3583667
3583669
3583699
3583703
3583707
3583750
3583751
3583756
3583761
3583762
3583770
3583773
3583774
3583775
3583776
3583777
3583780
3583789
3583870
3583916
3583927
3583945
3584026
3584027
3584052
3584069
3584071
3584077
3584078
3584079
3584101
3584140
3584161
3584168
3584214
3584215
3584228
3584229
3584235
3584239
3584240
3584242
3584272
3584273
3584281
3584283
3584297
3584302
3584303
3584307
3584345
3584364
3584374
3584375
3584376
3584378
3584379
3584407
3584419
3584420
3584421
3584423
3584425
3584459
3584470
3584504
3584509
3584511
3584513
3584585
3584587
3584588
3584601
3584624
3584641
3584656
3584667
3584668
3584669
3584670
3584681
3584700
3584703
3584714
3584715
3584722
3584723
3584724
3584725
3584740
3584747
3584748
3584750
3584769
3584770
3584782
3584792
3584808
3584928
3584967
3584970
3584971
3584989
3585006
3585012
3585014
3585015
3585019
3585030
3585035
3585039
3585043
3585046
3585078
3585083
3585106
3585139
3585166
3585196
3585197
3585424
3585432
3585445
3585448
3585454
3585456
3585515
3585516
3585526
3585589
3585590
3585593
3585620
3585623
3585625
3585639
3585642
3585648
3585663
3585668
3585670
3585684
3585686
3585689
3585694
3585710
3585711
3585719
3585721
3585732
3585739
3585747
3585751
3585756
3585786
3585791
3585794
3585812
3585824
3585827
3585831
3585832
3586202
3586203
3586205
3586252
3586253
3586254
3586255
3586256
3586273
3586357
3586374
3586378
3586384
3586385
3586547
3586553
3586554
3586555
3586556
3586557
3586561
3586564
3586565
3586568
3586574
3586578
3586634
3586639
3586653
3586666
3586705
3586735
3586738
3586937
3586970
3587177
3587179
3587182
3587184
3587185
3587191
3587193
3587291
3587340
3587359
3587578
3587580
3587611
3587783
3587800
3587807
3587808
3587813
3587815
3587826
3587854
3587873
3587903
3587911
3588047
3588052
3588066
3588141
3588147
3588179
3588202
3588209
3588219
3588301
3588305
3588322
3588324
3588325
3588329
3588330
3588331
3588332
3588333
3588350
3588351
3588355
3588356
3588357
3588358
3588364
3588366
3588390
3588441
3588442
3588486
3588498
3588499
3588501
3588521
3588528
3588531
3588533
3588539
3588540
3588563
3588763
3588764
3588776
3588816
3588818
3588819
3588820
3588821
3588901
3588959
3588995
3588998
3589018
3589025
3589033
3589035
3589036
3589056
3589061
3589085
3589090
3589094
3589096
3589121
3589155
3589161
3589254
3589274
3589285
3589286
3589292
3589295
3589302
3589304
3589318
3589319
3589320
3589321
3589325
3589366
3589367
3589368
3589377
3589378
3589389
3589401
3589420
3589421
3589422
3589442
3589473
3589501
3589503
3589508
3589518
3589519
3589520
3589529
3589549
3589551
3589602
3589609
3589620
3589627
3589628
3589635
3589781
3589789
3589798
3589799
3589801
3589821
3589833
3589837
3589841
3589903
3589925
3590015
3590023
3590054
3590055
3590063
3590067
3590081
3590114
3590207
3590208
3590209
3590219
3590220
3590246
3590267
3590286
3590294
3590296
3590297
3590299
3590300
3590308
3590309
3590310
3590318
3590324
3590339
3590407
3590426
3590450
3590528
3590530
3590552
3590605
3590909
3590973
3590981
3590984
3590986
3590992
3590993
3591213
3591272
3591507
3591513
3591519
3591537
3591542
3591551
3591577
3591582
3591589
3591614
3591617
3591627
3591637
3591640
3591689
3591717
3591719
3591818
3591821
3591827
3591829
3591830
3591838
3591841
3592172
3592527
3592531
3592534
3592535
3592540
3592542
3592544
3592546
3592553
3592558
3592559
3592563
3592567
3592578
3592579
3592583
3592608
3592618
3592621
3592653
3592667
3592754
3592755
3592761
3592766
3593657
3593687
3593786
3593822
3593831
3593832
3593833
3594087
3594096
3594103
3594104
3594106
3594107
3594109
3594112
3594114
3594146
3594155
3594247
3594268
3594287
3594288
3594290
3594291
3594292
3594293
3594304
3594306
3594309
3594360
3594361
3594370
3594371
3594372
3594373
3594374
3594375
3594377
3594429
3594456
3594459
3594524
3594529
3594531
3594543
3594544
3594546
3594547
3594549
3594562
3594569
3594570
3594573
3594581
3594582
3594583
3594584
3594585
3594587
3594602
3594605
3594606
3594618
3594620
3594688
3594694
3594701
3594705
3594714
3594727
3594728
3594737
3594746
3594747
3594748
3594751
3594758
3594784
3594785
3594788
3594791
3594827
3594829
3594830
3594831
3594834
3594837
3594840
3594843
3594846
3594847
3594849
3594851
3594856
3594857
3594869
3594872
3594873
3594874
3594875
3594876
3594878
3594879
3594881
3594883
3594885
3594950
3594957
3594960
3594969
3594979
3594992
3595003
3595019
3595021
3595022
3595023
3595033
3595037
3595039
3595040
3595056
3595086
3595093
3595095
3595096
3595100
3595102
3595103
3595104
3595105
3595106
3595107
3595116
3595118
3595121
3595123
3595126
3595128
3595131
3595146
3595153
3595178
3595180
3595191
3595192
3595197
3595201
3595209
3595210
3595211
3595223
3595224
3595229
3595230
3595236
3595238
3595248
3595251
3595252
3595280
3595295
3595298
3595325
3595333
3595335
3595337
3595339
3595340
3595344
3595348
3595358
3595362
3595363
3595364
3595369
3595373
3595374
3595376
3595399
3595400
3595415
3595419
3595421
3595479
3595480
3595494
3595495
3595500
3595504
3595507
3595510
3595511
3595521
3595527
3595530
3595539
3595543
3595552
3595554
3595560
3595574
3595589
3595591
3595603
3595677
3595679
3595689
3595690
3595691
3595695
3595697
3595745
3595748
3595757
3595764
3595779
3595782
3595785
3595787
3595801
3595802
3595806
3595807
3595887
3595912
3595927
3595930
3595938
3595983
3595993
3596267
3596361
3596377
3596378
3596389
3596391
3596413
3596439
3596449
3596454
3596458
3596459
3596473
3596474
3596475
3596479
3596481
3596487
3596490
3596491
3596492
3596518
3596521
3596542
3596613
3596615
3596618
3596679
3596680
3596683
3596691
3596694
3596706
3596728
3596740
3596745
3596787
3596795
3596816
3596831
3596900
3596908
3596941
3596949
3596976
3596981
3597014
3597027
3597033
3597115
3597233
3597268
3597337
3597339
3597340
3597401
3597456
3597467
3597473
3597478
3597530
3597535
3597539
3597557
3597577
3597578
3597584
3597589
3597593
3597600
3597601
3597613
3597996
3598016
3598142
3598143
3598255
3598259
3598397
3598416
3598432
3598503
3598821
3598910
3598919
3598990
3598995
3599043
3599086
3599291
3599315
3599324
3599351
3599481
3599485
3599523
3599591
3599596
3599665
3599703
3599711
3599723
3599744
3599786
3599816
3599828
3599844
3599962
3599965
3600340
3600346
3600351
3600487
3600527
3600569
3600574
3600575
3600576
3600577
3600578
3600795
3600811
3600813
3601005
3601069
3601074
3601075
3601077
3601182
3601288
3601310
3601315
3601317
3601318
3601453
3601457
3601461
3601462
3601466
3601467
3601675
3601846
3601848
3602198
3602208
3602214
3602245
3602313
3602316
3602346
3602383
3602395
3602471
3602561
3602591
3602594
3602599
3602610
3602703
3602749
3602765
3602767
3602768
3602770
3602774
3602777
3602778
3602781
3602805
3602809
3602887
3602918
3602923
3602933
3602990
3602999
3603011
3603017
3603022
3603028
3603083
3603085
3603094
3603101
3603165
3603166
3603228
3603297
3603304
3603307
3603347
3603351
3603436
3603439
3603441
3603443
3603445
3603472
3603473
3603477
3603479
3603517
3603524
3603527
3603528
3603531
3603541
3603545
3603548
3603551
3603570
3603579
3603595
3603596
3603609
3603612
3603632
3603664
3603708
3603711
3603713
3603731
3603733
3603749
3603755
3603759
3603768
3603771
3603774
3603804
3603900
3603905
3603912
3603913
3603916
3603917
3603921
3603922
3603943
3603946
3603949
3603956
3603959
3603971
3603984
3603985
3603987
3603992
3603993
3603998
3603999
3604004
3604005
3604006
3604009
3604010
3604015
3604019
3604029
3604055
3604111
3604115
3604124
3604127
3604382
3604475
3604491
3604520
3604524
3604526
3604527
3604532
3604547
3604554
3604563
3604566
3604608
3604611
3604617
3604690
3604692
3604702
3604708
3604709
3604725
3604731
3604734
3604740
3604741
3604748
3604755
3604760
3604761
3604766
3604828
3604846
3604847
3604849
3604854
3604855
3605119
3605220
3605312
3605313
3605318
3605319
3605325
3605326
3605328
3605342
3605557
3605826
3605844
3605853
3605858
3605886
3605908
3605909
3606028
3606039
3606042
3606045
3606132
3606476
3606478
3606497
3606499
3606547
3606557
3606559
3606562
3606568
3606579
3606650
3606671
3606694
3606698
3606699
3606700
3606707
3606712
3606822
3607352
3607705
3607707
3607746
3607755
3607775
3607777
3607782
3607783
3607820
3607824
3607830
3607831
3607843
3607845
3607865
3607868
3607872
3607873
3607877
3607883
3607886
3607888
3607892
3607896
3607897
3607902
3607906
3607911
3607918
3607921
3607922
3607934
3607937
3607942
3607997
3608017
3608035
3608084
3608090
3608101
3608323
3608329
3608439
3608450
3608455
3608457
3608471
3608472
3609028
3609038
3609040
3609155
3609203
3609204
3609227
3609228
3609230
3609243
3609253
3609259
3609261
3609275
3609276
3609277
3609568
3609628
3609629
3609634
3609664
3609684
3609730
3609731
3609851
3609868
3609870
3610036
3610040
3610050
3610058
3610114
3610119
3610241
3610269
3610271
3610273
3610274
3610290
3610293
3610295
3610317
3610318
3610329
3610339
3610493
3610556
3610561
3610605
3610658
3610772
3610785
3610806
3610815
3610819
3610883
3610897
3610898
3610901
3610903
3610906
3610916
3610945
3610958
3610960
3610999
3611169
3611285
3611378
3611466
3611597
3611778
3611888
3611897
3611904
3611956
3611958
3611969
3611987
3612001
3612003
3612060
3612093
3612109
3612131
3612275
3612591
3612596
3612668
3612671
3612675
3612676
3612709
3612781
3612833
3612837
3612849
3612856
3612858
3613097
3613169
3613185
3613204
3613230
3613239
3613249
3613252
3613379
3613389
3613409
3613413
3613414
3613427
3613438
3613703
3613704
3613739
3613814
3613824
3613826
3613828
3613829
3613833
3613834
3613928
3613929
3613930
3613932
3614000
3614032
3614047
3614066
3614067
3614069
3614150
3614161
3614325
3614326
3614334
3614336
3614553
3614573
3614657
3614689
3614993
3615028
3615030
3615086
3615117
3615119
3615120
3615121
3615299
3615306
3615311
3615320
3615367
3615379
3615391
3615394
3615414
3615419
3615420
3615439
3615441
3615444
3615517
3615707
3615734
3615736
3615738
3615777
3615844
3615849
3615850
3615883
3615896
3615912
3616006
3616024
3616042
3616044
3616062
3616066
3616068
3616089
3616118
3616160
3616161
3616162
3616163
3616178
3616187
3616194
3616199
3616233
3616260
3616509
3616510
3616540
3616544
3616546
3616603
3616645
3616757
3616763
3616863
3616897
3616905
3616907
3616910
3616911
3616912
3616913
3616933
3616937
3616964
3616973
3616974
3616980
3616987
3616992
3617016
3617017
3617034
3617037
3617039
3617043
3617044
3617046
3617057
3617058
3617079
3617090
3617091
3617166
3617169
3617172
3617174
3617175
3617177
3617180
3617187
3617188
3617193
3617194
3617196
3617197
3617199
3617201
3617204
3617207
3617235
3617251
3617256
3617258
3617264
3617321
3617328
3617329
3617331
3617379
3617395
3617408
3617409
3617411
3617416
3617436
3617437
3617447
3617453
3617458
3617460
3617461
3617463
3617464
3617468
3617473
3617494
3617495
3617503
3617504
3617508
3617522
3617523
3617534
3617535
3617539
3617544
3617583
3617622
3617627
3617629
3617630
3617633
3617644
3617646
3617647
3617648
3617649
3617650
3617652
3617683
3617685
3617702
3617745
3617878
3617918
3617935
3617938
3617946
3617957
3618096
3618195
3618426
3618430
3618499
3618501
3618597
3618604
3618614
3618615
3618652
3618659
3618662
3618665
3618672
3618796
3618800
3618857
3618862
3618924
3618999
3619006
3619019
3619043
3619056
3619102
3619107
3619119
3619121
3619125
3619127
3619296
3619310
3619329
3619331
3619333
3619344
3619345
3619378
3619379
3619380
3619382
3619385
3619386
3619388
3619390
3619392
3619393
3619394
3619396
3619398
3619400
3619401
3619402
3619403
3619404
3619405
3619406
3619408
3619409
3619410
3619413
3619414
3619415
3619416
3619417
3619418
3619419
3619420
3619424
3619425
3619427
3619428
3619429
3619430
3619433
3619434
3619435
3619437
3619439
3619442
3619443
3619444
3619446
3619449
3619452
3619453
3619457
3619458
3619471
3619472
3619473
3619479
3619480
3619482
3619483
3619484
3619485
3619488
3619489
3619491
3619495
3619497
3619498
3619499
3619504
3619505
3619508
3619509
3619512
3619516
3619517
3619519
3619520
3619521
3619522
3619523
3619527
3619531
3619532
3619533
3619536
3619537
3619538
3619539
3619540
3619541
3619542
3619546
3619548
3619549
3619550
3619552
3619553
3619556
3619557
3619560
3619561
3619562
3619566
3619567
3619570
3619572
3619579
3619580
3619585
3619586
3619594
3619595
3619602
3619606
3619607
3619608
3619668
3619669
3619670
3619672
3619675
3619676
3619677
3619680
3619681
3619685
3619690
3619699
3619880
3619889
3619890
3620088
3620381
3620403
3620405
3620439
3620444
3620460
3620478
3620483
3620486
3620499
3620500
3620534
3620634
3620742
3620775
3620787
3620823
3620872
3620875
3621498
3621533
3621535
3621574
3621580
3621592
3621601
3621606
3621608
3621620
3621625
3621628
3621634
3621636
3621638
3621639
3621643
3621644
3621645
3621651
3621652
3621653
3621655
3621659
3621663
3621689
3621696
3621699
3621704
3621706
3621707
3621708
3621710
3621711
3621714
3621715
3621720
3621721
3621722
3621723
3621724
3621725
3621729
3621734
3621737
3621740
3621741
3621745
3621746
3621747
3621748
3621812
3621880
3621899
3621902
3621904
3621909
3621912
3621915
3621916
3621917
3621920
3621959
3621960
3621961
3621967
3621970
3622118
3622130
3622132
3622153
3622161
3622172
3622178
3622181
3622199
3622204
3622227
3622231
3622234
3622254
3622256
3622260
3622267
3622268
3622271
3622273
3622276
3622283
3622284
3622286
3622326
3622329
3622331
3622332
3622333
3622338
3622340
3622342
3622353
3622389
3622396
3622416
3622447
3622449
3622450
3622451
3622483
3622486
3622519
3622528
3622550
3622551
3622638
3622639
3622640
3622650
3622682
3622717
3622724
3622764
3622765
3622766
3622767
3622768
3622779
3622781
3622785
3622795
3622798
3622800
3622804
3622806
3622807
3622860
3622869
3622871
3622880
3622882
3622883
3622896
3622898
3622899
3622903
3622963
3622973
3622988
3622992
3622996
3623006
3623008
3623016
3623024
3623025
3623026
3623039
3623045
3623071
3623087
3623090
3623094
3623095
3623096
3623104
3623105
3623107
3623110
3623120
3623212
3623225
3623229
3623243
3623302
3623307
3623312
3623317
3623341
3623351
3623353
3623354
3623355
3623356
3623360
3623361
3623379
3623388
3623389
3623394
3623400
3623410
3623418
3623426
3623431
3623473
3623477
3623483
3623497
3623503
3623531
3623543
3623548
3623554
3623564
3623569
3623592
3623597
3623653
3623654
3623656
3623659
3623667
3623673
3623683
3623684
3623688
3623695
3623696
3623698
3623700
3623702
3623703
3623704
3623709
3623713
3623714
3623718
3623720
3623754
3623758
3623761
3623762
3623763
3623764
3623767
3623768
3623771
3623772
3623901
3623938
3623939
3623940
3623941
3623942
3623943
3623944
3623945
3623946
3623948
3623957
3623960
3623967
3623973
3623985
3623988
3623991
3623992
3623993
3623995
3623997
3624000
3624001
3624002
3624010
3624011
3624015
3624016
3624022
3624031
3624037
3624041
3624202
3624211
3624246
3624277
3624287
3624382
3624454
3624537
3624549
3624579
3624598
3624658
3624708
3624785
3624786
3624792
3624939
3624943
3624997
3625015
3625042
3625062
3625085
3625092
3625116
3625196
3625265
3625267
3625276
3625287
3625288
3625289
3625290
3625291
3625335
3625342
3625391
3625683
3625846
3625847
3625848
3626424
3626425
3627259
3627286
3627296
3627297
3627374
3627488
3627489
3627493
3627497
3627499
3627500
3627503
3627505
3627508
3627509
3627512
3627513
3627514
3627530
3627540
3627549
3627550
3627560
3627571
3627579
3627594
3627595
3627596
3627600
3627607
3627609
3627616
3627621
3627622
3627627
3627628
3627631
3627632
3627641
3627642
3627648
3627649
3627650
3627671
3627684
3627688
3627690
3627697
3627700
3627712
3627715
3627717
3627720
3627721
3627723
3627727
3627739
3627744
3627747
3627749
3627752
3627754
3627757
3627760
3627761
3627762
3627763
3627764
3627772
3627774
3627778
3627783
3627788
3627790
3627791
3627793
3627801
3628091
3628338
3628343
3628347
3628578
3628617
3628620
3628799
3628806
3628809
3628812
3628986
3628993
3629045
3629333
3629342
3629346
3629349
3629350
3629354
3629406
3629448
3629451
3629457
3629610
3629611
3629612
3629619
3629633
3629785
3630006
3630052
3630098
3630367
3630537
3630590
3630604
3630606
3630624
3630635
3630637
3630642
3630651
3630665
3630666
3630698
3630723
3630725
3630729
3630731
3630734
3630737
3630750
3630754
3630765
3630768
3630770
3630778
3630796
3630800
3630812
3630813
3630821
3630822
3630834
3630835
3630837
3630851
3630860
3630863
3630884
3630885
3630892
3630895
3630941
3630947
3630960
3630973
3630975
3630980
3630981
3630993
3630995
3631010
3631013
3631021
3631032
3631034
3631041
3631046
3631054
3631100
3631102
3631113
3631131
3631168
3631171
3631185
3631188
3631190
3631455
3631519
3631562
3631568
3631593
3632019
3632169
3632263
3632269
3632280
3632282
3632566
3632585
3632670
3632672
3632726
3632748
3632763
3632765
3632808
3632810
3632838
3632839
3632843
3632855
3632857
3632861
3632866
3632873
3632875
3632880
3632883
3632886
3632909
3632910
3632911
3632917
3632920
3632935
3632937
3632941
3632948
3632977
3633021
3633025
3633027
3633044
3633050
3633051
3633057
3633064
3633067
3633070
3633072
3633095
3633096
3633098
3633099
3633103
3633106
3633124
3633126
3633130
3633135
3633142
3633144
3633199
3633200
3633202
3633204
3633206
3633211
3633215
3633217
3633219
3633221
3633226
3633252
3633256
3633267
3633282
3633283
3633287
3633294
3633297
3633300
3633309
3633322
3633336
3633346
3633367
3633368
3633409
3633411
3633413
3633415
3633419
3633420
3633424
3633429
3633430
3633433
3633435
3633453
3633455
3633458
3633468
3633477
3633478
3633479
3633591
3633592
3633594
3633598
3633600
3633601
3633608
3633610
3633626
3633634
3633661
3633684
3633687
3633736
3633737
3633742
3633745
3633751
3633752
3633754
3633755
3633767
3633772
3633775
3633788
3633789
3633791
3633883
3633898
3633919
3633923
3633927
3633930
3633933
3633936
3633938
3633943
3633946
3633947
3633964
3633967
3633992
3634048
3634126
3634127
3634129
3634141
3634149
3634158
3634160
3634166
3634175
3634181
3634285
3634296
3634302
3634304
3634313
3634585
3634601
3634693
3634698
3634704
3634763
3634766
3634768
3634823
3634824
3634829
3634835
3634842
3634843
3634864
3634866
3634870
3634872
3634907
3634910
3634932
3634939
3634959
3635027
3635033
3635036
3635095
3635099
3635101
3635104
3635114
3635119
3635235
3635256
3635266
3635267
3635286
3635289
3635292
3635295
3635296
3635313
3635320
3635325
3635356
3635364
3635365
3635368
3635370
3635373
3635417
3635426
3635442
3635445
3635454
3635478
3635487
3635515
3635529
3635567
3635575
3635588
3635590
3635594
3635598
3635603
3635604
3635607
3635612
3635619
3635620
3635666
3635673
3635675
3635711
3635749
3635752
3635753
3635754
3635755
3635756
3635759
3635763
3635775
3635783
3635787
3635790
3635811
3635813
3635826
3635834
3635835
3635837
3635838
3635840
3635841
3635842
3635843
3635844
3635845
3635863
3635865
3635866
3635868
3636027
3636061
3636066
3636080
3636095
3636115
3636131
3636136
3636186
3636195
3636202
3636612
3636615
3636636
3636654
3636786
3636800
3636835
3636838
3636846
3636849
3636910
3636917
3636968
3637148
3637149
3637158
3637164
3637169
3637170
3637199
3637206
3637216
3637219
3637263
3637290
3637292
3637308
3637337
3637348
3637351
3637374
3637398
3637402
3637457
3637488
3637491
3637494
3637531
3637535
3637565
3637598
3637606
3637608
3637640
3637658
3637684
3637686
3637713
3637719
3637721
3637741
3637745
3637749
3637750
3637751
3637756
3637762
3637773
3637774
3637822
3637823
3637829
3637969
3637971
3638001
3638082
3638155
3638279
3638337
3638424
3638433
3638439
3638459
3638465
3638472
3638498
3638510
3638511
3638512
3638523
3638530
3638545
3638548
3638552
3638561
3638569
3638575
3638578
3638579
3638580
3638581
3638582
3638583
3638621
3638639
3638640
3638659
3638663
3638667
3638684
3638699
3638723
3638733
3638754
3638760
3638837
3638840
3638857
3638872
3638873
3638875
3638877
3638882
3638891
3638892
3638893
3638895
3638905
3638917
3638918
3638970
3639029
3639034
3639035
3639109
3639115
3639120
3639122
3639146
3639151
3639159
3639160
3639161
3639162
3639189
3639281
3639282
3639283
3639285
3639393
3639417
3639426
3639506
3639516
3639528
3639533
3639567
3639596
3639614
3639624
3639626
3639628
3639634
3639641
3639647
3639649
3639650
3639700
3639712
3639717
3639750
3639752
3639784
3639844
3639882
3639935
3639960
3639976
3639989
3639994
3640034
3640042
3640044
3640053
3640061
3640064
3640067
3640068
3640070
3640072
3640081
3640084
3640087
3640088
3640164
3640179
3640180
3640211
3640215
3640230
3640267
3640272
3640292
3640304
3640307
3640355
3640359
3640361
3640392
3640511
3640524
3640531
3640532
3640538
3640540
3640543
3640550
3640551
3640985
3640988
3640990
3640991
3640992
3640995
3641000
3641056
3641809
3641921
3641925
3641929
3642223
3642224
3642257
3642271
3642277
3642297
3642622
3642631
3642633
3642666
3642803
3642815
3642878
3642927
3642979
3642980
3643058
3643065
3643066
3643081
3643087
3643129
3643134
3643140
3643153
3643181
3643188
3643194
3643206
3643208
3643213
3643216
3643232
3643239
3643240
3643248
3643266
3643272
3643275
3643288
3643290
3643292
3643317
3643318
3643322
3643323
3643324
3643326
3643327
3643328
3643329
3643330
3643338
3643339
3643346
3643347
3643349
3643353
3643354
3643356
3643371
3643375
3643392
3643396
3643397
3643398
3643400
3643402
3643403
3643410
3643412
3643462
3643469
3643473
3643477
3643500
3643505
3643508
3643509
3643514
3643515
3643520
3643521
3643524
3643528
3643531
3643537
3643540
3643545
3643596
3643624
3643633
3643638
3643640
3643641
3643689
3643707
3643736
3643760
3643794
3643795
3643796
3643797
3643798
3643818
3643913
3643967
3644016
3644017
3644018
3644028
3644106
3644155
3644307
3644313
3644316
3644318
3644323
3644324
3644432
3644464
3644558
3644679
3644685
3644706
3644771
3644883
3645117
3645133
3645136
3645140
3645143
3645148
3645149
3645155
3645167
3645172
3645177
3645178
3645204
3645206
3645207
3645208
3645263
3645265
3645266
3645267
3645318
3645327
3645329
3645336
3645337
3645463
3645464
3645521
3645529
3645535
3645544
3645545
3645546
3645642
3645644
3645659
3645668
3645669
3645774
3645775
3645794
3645797
3645928
3645944
3645983
3646009
3646010
3646011
3646012
3646046
3646085
3646086
3646145
3646181
3646293
3646294
3646297
3646868
3646878
3646884
3646973
3647178
3647245
3647250
3647257
3647295
3647345
3647440
3647443
3647483
3647490
3647502
3647506
3647581
3647582
3647583
3647592
3647672
3647694
3647699
3647702
3647730
3647731
3647733
3647735
3647752
3647757
3647764
3647765
3647766
3647785
3647827
3647836
3647849
3647853
3647859
3647864
3647866
3647869
3647870
3647871
3647890
3647891
3647892
3647904
3647913
3647915
3647919
3647927
3647939
3647972
3647977
3647984
3647985
3647987
3647996
3648004
3648006
3648015
3648021
3648022
3648024
3648027
3648029
3648038
3648042
3648044
3648048
3648050
3648051
3648052
3648053
3648071
3648082
3648084
3648088
3648089
3648101
3648102
3648104
3648119
3648181
3648184
3648185
3648186
3648187
3648189
3648191
3648192
3648199
3648230
3648232
3648238
3648239
3648240
3648249
3648281
3648302
3648316
3648317
3648346
3648356
3648372
3648375
3648390
3648393
3648395
3648410
3648430
3648461
3648480
3648490
3648511
3648521
3648561
3648595
3648634
3648670
3648728
3648730
3648760
3648783
3648786
3648787
3648791
3648795
3648808
3648818
3648819
3648820
3648822
3648844
3648847
3648848
3648849
3648882
3648900
3648910
3648912
3648913
3648914
3648930
3648947
3648949
3648950
3648955
3648957
3648962
3648965
3649088
3649089
3649090
3649132
3649134
3649138
3649149
3649177
3649207
3649273
3649306
3649309
3649316
3649318
3649322
3649323
3649324
3649327
3649328
3649336
3649337
3649340
3649341
3649342
3649343
3649349
3649355
3649356
3649359
3649363
3649365
3649367
3649370
3649372
3649379
3649380
3649385
3649386
3649389
3649391
3649392
3649393
3649395
3649396
3649397
3649404
3649405
3649412
3649413
3649414
3649427
3649429
3649449
3649452
3649487
3649519
3649530
3649538
3649542
3649545
3649546
3649547
3649549
3649550
3649551
3649554
3649555
3649603
3649615
3649618
3649619
3649621
3649622
3649624
3649638
3649639
3649640
3649642
3649646
3649648
3649649
3649652
3649653
3649656
3649658
3649662
3649663
3649666
3649688
3649692
3649693
3649696
3649699
3649710
3649716
3649722
3649723
3649725
3649727
3649736
3649752
3649755
3649756
3649759
3649761
3649762
3649763
3649764
3649774
3649781
3649782
3649783
3649786
3649792
3649793
3649796
3649800
3649803
3649808
3649809
3649813
3649830
3649855
3649860
3649873
3649874
3649876
3649879
3649880
3649882
3649920
3649925
3650069
3650085
3650090
3650151
3650154
3650157
3650159
3650209
3650211
3650283
3650304
3650313
3650321
3650341
3650417
3650425
3650472
3650514
3650559
3650610
3650740
3650753
3650848
3650905
3650938
3650943
3650999
3651007
3651012
3651033
3651034
3651042
3651043
3651044
3651045
3651131
3652569
3652590
3652591
3653432
3653521
3653548
3653563
3653564
3653565
3653615
3653616
3653687
3653696
3653705
3653794
3653796
3653806
3653807
3653808
3653809
3653811
3653812
3653813
3654421
3654444
3654449
3654450
3654473
3654854
3655177
3655235
3655284
3655287
3655313
3655397
3655409
3655462
3655557
3655558
3655559
3655563
3655565
3655585
3655586
3655587
3655593
3655596
3655597
3655617
3655618
3655619
3655627
3655629
3655740
3655808
3655810
3655833
3655837
3655897
3655957
3656043
3656099
3656109
3656122
3656124
3656125
3656126
3656131
3656136
3656138
3656140
3656171
3656200
3656207
3656214
3656215
3656234
3656270
3656504
3656526
3656527
3656543
3656546
3656803
3656805
3657524
3657544
3657588
3657653
3657659
3657665
3657683
3657706
3657713
3657817
3658082
3658117
3658123
3658139
3658140
3658266
3658357
3658358
3658606
3658615
3658640
3658681
3658800
3658919
3659008
3659192
3659217
3659286
3659388
3659406
3659512
3659513
3659516
3659517
3659518
3659532
3659533
3659546
3659548
3659566
3659568
3659569
3659570
3659635
3659710
3659754
3659765
3659781
3659789
3659803
3659809
3659824
3659835
3659845
3659861
3660022
3660121
3660131
3660132
3660152
3660153
3660158
3660159
3660161
3660167
3660212
3660219
3660221
3660225
3660227
3660815
3660816
3660817
3660819
3660820
3660821
3660826
3660827
3660831
3660832
3660833
3660834
3661075
3661270
3661294
3661328
3661332
3661364
3661365
3661387
3661394
3661395
3661396
3661414
3661426
3661429
3661438
3661439
3661499
3661524
3661764
3661766
3661771
3661772
3661773
3661780
3661785
3661787
3661788
3661789
3661790
3661900
3661908
3661927
3661950
3661987
3661988
3662066
3662312
3662315
3662325
3662326
3662327
3662806
3662856
3662872
3663013
3663222
3663496
3663518
3663634
3663670
3663787
3663788
3663819
3664060
3664245
3664252
3664265
3664361
3664366
3664398
3664484
3664492
3664505
3664554
3664560
3664577
3664617
3664618
3664619
3664621
3664622
3664623
3664627
3664630
3664636
3664637
3664638
3664640
3664696
3664747
3665000
3665159
3665206
3665224
3665291
3665294
3665325
3665422
3665545
3665552
3665631
3665655
3665656
3665658
3665695
3665703
3665739
3665744
3665758
3665763
3665765
3665766
3665781
3665788
3665797
3665805
3665809
3665811
3665813
3665879
3665890
3665908
3665909
3665967
3665977
3665991
3666007
3666011
3666019
3666043
3666046
3666055
3666058
3666141
3666227
3666246
3666252
3666270
3666324
3666326
3666328
3666330
3666331
3666335
3666337
3666338
3666340
3666341
3666342
3666483
3666484
3666490
3666565
3666566
3666567
3666572
3666631
3666643
3666646
3666716
3666718
3666721
3666722
3666725
3666727
3666728
3666731
3666734
3666735
3666810
3666820
3666827
3666828
3666831
3666962
3666979
3666982
3666988
3666991
3666998
3666999
3667022
3667086
3667132
3667142
3667168
3667208
3667354
3667355
3667359
3667360
3668009
3668013
3668020
3668024
3668029
3668103
3668148
3668153
3668176
3668181
3668182
3668183
3668184
3668185
3668186
3668192
3668195
3668196
3668202
3668203
3668204
3668206
3668208
3668215
3668223
3668226
3668227
3668228
3668233
3668260
3668261
3668263
3668326
3668331
3668339
3668554
3669017
3669029
3669054
3669296
3669623
3669630
3669631
3669633
3669635
3669636
3669638
3669639
3669644
3669652
3669656
3669671
3669676
3669703
3669708
3669771
3669774
3669776
3669777
3669778
3669781
3669784
3669785
3669786
3669789
3669791
3669792
3669793
3669794
3669795
3669796
3669797
3669798
3669799
3669801
3669802
3669803
3669804
3669805
3669807
3669808
3669809
3669810
3669812
3669813
3669814
3669818
3669819
3669820
3669822
3669823
3669824
3669825
3669831
3669832
3669833
3669834
3669838
3669839
3669842
3669843
3669844
3669845
3669848
3669931
3670111
3670120
3670140
3670224
3670281
3670304
3670321
3671193
3671194
3671212
3671648
3671652
3671658
3671659
3671689
3671693
3671698
3671699
3671992
3671997
3672001
3672019
3672086
3672146
3672188
3672189
3672196
3672197
3672221
3672304
3672318
3672333
3672334
3672335
3672388
3672391
3672395
3672399
3672403
3672409
3672444
3672545
3672547
3672555
3672557
3672563
3672591
3672594
3672595
3672596
3672597
3672599
3672601
3672605
3672608
3672609
3672613
3672630
3672634
3672689
3672725
3672739
3672748
3672763
3672767
3672777
3672778
3672856
3672863
3672920
3672922
3672923
3672933
3672951
3672971
3672972
3672979
3672980
3672982
3672983
3672995
3673007
3673060
3673062
3673069
3673072
3673074
3673075
3673118
3673169
3673171
3673179
3673188
3673192
3673223
3673234
3673238
3673242
3673251
3673259
3673260
3673272
3673275
3673277
3673296
3673298
3673299
3673303
3673308
3673315
3673324
3673333
3673336
3673360
3673365
3673374
3673380
3673397
3673510
3673522
3673592
3673595
3673598
3673608
3673635
3673642
3673643
3673667
3673748
3673770
3673777
3673851
3673859
3673918
3673921
3673922
3673979
3673984
3673988
3673997
3673999
3674001
3674007
3674036
3674041
3674079
3674086
3674124
3674131
3674162
3674278
3674283
3674426
3674571
3674582
3674591
3674592
3674617
3674622
3674623
3674633
3674638
3674654
3674661
3674663
3674665
3674676
3674692
3674693
3674699
3674704
3674709
3674720
3674741
3674755
3674765
3674784
3674797
3674806
3674807
3674814
3674822
3674834
3674841
3674843
3674844
3674858
3674879
3674932
3674934
3674946
3674956
3675007
3675029
3675038
3675075
3675076
3675078
3675080
3675120
3675121
3675123
3675124
3675125
3675126
3675127
3675138
3675149
3675183
3675198
3675217
3675254
3675261
3675311
3675317
3675327
3675354
3675368
3675374
3675381
3675414
3675416
3675427
3675428
3675436
3675437
3675443
3675449
3675556
3675563
3675576
3675603
3675612
3675619
3675633
3675635
3675638
3675639
3675658
3675708
3675711
3675713
3675714
3675716
3675717
3675722
3675734
3675738
3675743
3675754
3675764
3675766
3675769
3675777
3675782
3675784
3675787
3675791
3675885
3675891
3675903
3675906
3675910
3675913
3675914
3675972
3676030
3676036
3676037
3676039
3676051
3676058
3676065
3676072
3676081
3676086
3676102
3676105
3676106
3676117
3676119
3676120
3676121
3676165
3676171
3676172
3676184
3676191
3676192
3676194
3676195
3676196
3676208
3676220
3676411
3676489
3676577
3676721
3676730
3676733
3676785
3676858
3676937
3677002
3677104
3677125
3677127
3677133
3677138
3677152
3677361
3677374
3677378
3677550
3677558
3677559
3677569
3677574
3677576
3677600
3677671
3677693
3677695
3677770
3677785
3677967
3677968
3678018
3678038
3678039
3678144
3678267
3678352
3678358
3678362
3678363
3678465
3678475
3678547
3678567
3678576
3678580
3678581
3678582
3678631
3678632
3678769
3678770
3678879
3678882
3678883
3678884
3678891
3678915
3678924
3678927
3678947
3678953
3678958
3678967
3678988
3678992
3678999
3679023
3679024
3679064
3679073
3679229
3679231
3679275
3679276
3679277
3679279
3679347
3679355
3679377
3679395
3679398
3679458
3679478
3679650
3679656
3679691
3679693
3679765
3679771
3679794
3679826
3679829
3679831
3679841
3679842
3679843
3679844
3679927
3679931
3679935
3679972
3679994
3679999
3680054
3680064
3680128
3680129
3680150
3680155
3680182
3680727
3680738
3680788
3680816
3680832
3680865
3680866
3680890
3680896
3680904
3680913
3680921
3680922
3680926
3680934
3680946
3680952
3680978
3680980
3680982
3680985
3680986
3681006
3681012
3681020
3681044
3681052
3681058
3681062
3681256
3681429
3681430
3681433
3681471
3681499
3681691
3681831
3681835
3681847
3681849
3681908
3681909
3681910
3681917
3681919
3681925
3681937
3681939
3681947
3681957
3681960
3681973
3681974
3682075
3682100
3682114
3682115
3682138
3682277
3682443
3682449
3682468
3682476
3682496
3682504
3682600
3682937
3683129
3683132
3683288
3683295
3683296
3683458
3683477
3683530
3683537
3683539
3683553
3683572
3683575
3683588
3683603
3683604
3683666
3683680
3683697
3683723
3683725
3683848
3683854
3683915
3683959
3683961
3683963
3683967
3683973
3683975
3683976
3683977
3683988
3683990
3683992
3683993
3683996
3684000
3684004
3684005
3684071
3684074
3684086
3684160
3684165
3684183
3684211
3684229
3684253
3684261
3684293
3684347
3684416
3684551
3684608
3684616
3684665
3684685
3684694
3684707
3684719
3684813
3684849
3684878
3684911
3684912
3684913
3684935
3684986
3684987
3684988
3684992
3684994
3684996
3685041
3685122
3685123
3685129
3685218
3685497
3685843
3685859
3685995
3686085
3686201
3686240
3686275
3686595
3686600
3686640
3686700
3686827
3686870
3686983
3686992
3686994
3686995
3687011
3687033
3687078
3687079
3687081
3687083
3687125
3687129
3687135
3687140
3687330
3687336
3687474
3687491
3687492
3687512
3687521
3687529
3687615
3687616
3687617
3687618
3687638
3687657
3687658
3687659
3687672
3687673
3687725
3687733
3687734
3687772
3687774
3687775
3687782
3687791
3687823
3687826
3687828
3687846
3687917
3687922
3687923
3687924
3687933
3687947
3687951
3687952
3687975
3687976
3688012
3688013
3688029
3688116
3688170
3688327
3688334
3688336
3688392
3688440
3688477
3688481
3688482
3688537
3688566
3688596
3688627
3688637
3688639
3688646
3688657
3688661
3688674
3688705
3688859
3688865
3688881
3689281
3689320
3689358
3689369
3689371
3689375
3689384
3689396
3689413
3689502
3689509
3689575
3689581
3689585
3689591
3689607
3689651
3689686
3689696
3689697
3689700
3689702
3689711
3689725
3689741
3689743
3689753
3689766
3689820
3689855
3689857
3689862
3689865
3689915
3689926
3689947
3690457
3690461
3690471
3690473
3690487
3690489
3690490
3690491
3690497
3690503
3690509
3690517
3690519
3690520
3690529
3690530
3690533
3690536
3690553
3690554
3690556
3690558
3690569
3690572
3690579
3690581
3690586
3690592
3690595
3690603
3690604
3690605
3690609
3690619
3690621
3690625
3690627
3690632
3690635
3690636
3690637
3690639
3690640
3690642
3690704
3690706
3690709
3690710
3690715
3690754
3690759
3690762
3690763
3690764
3690772
3690773
3690774
3690775
3690776
3690886
3690887
3690889
3690951
3690952
3690962
3691002
3691003
3691063
3691078
3691160
3691377
3691387
3691393
3691577
3691610
3691720
3691760
3691768
3691801
3691820
3691835
3691941
3691962
3691966
3691991
3691999
3692014
3692018
3692031
3692034
3692080
3692083
3692084
3692085
3692107
3692116
3692118
3692121
3692138
3692194
3692223
3692293
3692321
3692327
3692331
3692356
3692394
3692395
3692398
3692404
3692420
3692421
3692422
3692434
3692619
3692645
3692646
3692647
3692655
3692656
3692657
3692660
3692663
3692664
3692668
3692669
3692673
3692674
3692677
3692717
3692721
3692722
3692726
3692730
3692731
3692732
3692911
3692933
3692976
3692982
3692986
3692988
3693004
3693034
3693036
3693041
3693046
3693047
3693048
3693049
3693050
3693051
3693057
3693063
3693077
3693082
3693084
3693146
3693157
3693179
3693180
3693235
3693247
3693250
3693268
3693289
3693296
3693436
3693475
3693484
3693572
3693595
3693597
3693606
3693610
3693953
3694113
3694114
3694122
3694150
3694160
3694161
3694172
3694206
3694226
3694245
3694246
3694255
3694347
3694353
3694355
3694357
3694358
3694359
3694360
3694431
3694434
3694435
3694439
3694440
3694442
3694443
3694444
3694446
3694447
3694448
3694511
3694772
3694814
3694871
3694927
3694928
3694930
3695101
3695190
3695302
3695427
3695428
3695638
3695670
3695979
3696107
3696155
3696158
3696199
3696231
3696232
3696247
3696268
3696275
3696276
3696282
3696284
3696285
3696286
3696287
3696289
3696293
3696294
3696307
3696308
3696311
3696313
3696314
3696315
3696320
3696360
3696367
3696369
3696382
3696460
3696486
3696490
3696492
3696496
3696500
3696502
3696504
3696515
3696516
3696527
3696530
3696533
3696534
3696569
3696649
3696659
3696664
3696671
3696995
3697311
3697316
3697374
3697391
3697408
3697431
3697432
3697436
3697438
3697449
3697451
3697466
3697493
3697503
3697546
3697554
3697603
3698209
3698300
3698301
3698302
3698320
3698324
3698327
3698340
3698381
3698382
3698397
3698402
3698431
3698442
3698451
3698460
3698477
3698481
3698482
3698483
3698484
3698486
3698488
3698492
3698513
3698516
3698521
3698523
3698767
3698795
3698988
3698989
3699005
3699006
3699017
3699036
3699050
3699054
3699073
3699076
3699083
3699147
3699148
3699149
3699152
3699155
3699156
3699157
3699169
3699187
3699188
3699246
3699248
3699254
3699387
3699430
3699453
3699460
3699469
3699470
3699540
3699544
3699546
3699589
3699599
3699706
3699708
3699709
3699714
3699729
3699739
3699808
3699907
3699913
3699925
3699928
3699929
3699944
3699945
3699957
3699958
3699976
3699983
3699995
3699998
3700007
3700022
3700027
3700030
3700034
3700043
3700046
3700074
3700075
3700094
3700132
3700133
3700134
3700143
3700144
3700145
3700147
3700152
3700155
3700156
3700161
3700162
3700165
3700196
3700198
3700238
3700336
3700339
3700350
3700352
3700355
3700409
3700419
3700420
3700429
3700431
3700568
3700569
3700584
3700694
3700712
3700724
3700729
3700733
3700734
3700740
3700742
3700743
3700745
3700760
3700761
3700766
3700800
3700806
3700809
3700814
3700838
3700842
3700850
3700866
3700885
3700902
3700904
3700906
3700985
3701012
3701013
3701027
3701033
3701034
3701035
3701038
3701040
3701044
3701045
3701046
3701048
3701058
3701059
3701062
3701064
3701065
3701067
3701068
3701077
3701080
3701082
3701088
3701112
3701135
3701148
3701150
3701159
3701176
3701182
3701187
3701188
3701198
3701199
3701300
3701301
3701348
3701354
3701365
3701367
3701372
3701381
3701383
3701390
3701392
3701393
3701395
3701397
3701417
3701499
3701516
3701524
3701526
3701534
3701542
3701543
3701544
3701547
3701548
3701551
3701590
3701596
3701601
3701605
3701606
3701905
3701920
3702135
3702518
3702576
3702648
3702669
3702673
3702674
3702675
3702676
3702687
3702699
3702700
3702725
3702738
3702739
3702750
3702760
3702767
3702770
3702771
3702772
3702773
3702778
3702780
3702781
3702782
3702785
3702788
3702792
3702795
3702797
3702800
3702835
3702840
3702841
3702842
3702843
3702852
3702863
3702864
3702867
3702869
3702879
3702883
3702884
3702885
3702886
3702887
3702889
3702890
3702894
3702899
3702900
3702903
3702905
3702906
3702907
3702909
3702910
3702912
3702916
3702918
3702982
3702986
3702987
3702995
3703003
3703005
3703006
3703007
3703018
3703019
3703025
3703027
3703029
3703030
3703031
3703032
3703033
3703034
3703094
3703098
3703099
3703103
3703104
3703105
3703106
3703107
3703112
3703121
3703122
3703123
3703124
3703125
3703130
3703132
3703134
3703136
3703137
3703138
3703161
3703165
3703166
3703188
3703192
3703194
3703196
3703206
3703223
3703239
3703242
3703243
3703247
3703250
3703251
3703265
3703294
3703296
3703301
3703379
3703389
3703391
3703392
3703393
3703403
3703428
3703501
3703513
3703528
3703550
3703559
3703569
3703577
3703588
3703590
3703605
3703606
3703607
3703678
3703736
3703830
3703833
3703836
3703841
3703842
3703843
3703853
3703867
3703868
3703870
3703938
3703970
3703977
3704001
3704002
3704022
3704033
3704034
3704048
3704052
3704053
3704068
3704070
3704083
3704089
3704091
3704098
3704108
3704117
3704118
3704120
3704121
3704122
3704125
3704129
3704130
3704135
3704143
3704144
3704146
3704147
3704150
3704153
3704159
3704171
3704173
3704175
3704176
3704179
3704184
3704185
3704187
3704242
3704245
3704246
3704320
3704325
3704333
3704340
3704360
3704447
3704450
3704531
3704536
3704537
3704559
3704581
3704588
3704595
3704613
3704618
3704619
3704634
3704638
3704639
3704642
3704645
3704652
3704653
3704654
3704666
3704670
3704675
3704682
3704683
3704686
3704687
3704688
3704700
3704701
3704705
3704709
3704714
3704715
3704719
3704722
3704728
3704729
3704731
3704735
3704737
3704784
3704791
3704792
3704793
3704794
3704822
3704829
3704833
3704838
3704844
3704856
3704870
3704874
3704877
3704878
3704880
3704882
3704887
3704888
3704890
3704894
3704897
3704898
3704913
3704926
3704945
3704993
3704996
3705021
3705076
3705077
3705112
3705164
3705307
3705308
3705311
3705313
3705315
3705316
3705388
3705390
3705391
3705400
3705473
3705517
3705522
3705540
3705549
3705550
3705561
3705562
3705563
3705606
3705717
3705735
3705745
3705768
3705769
3705771
3705780
3705782
3705790
3705791
3705797
3705819
3705903
3705904
3705910
3705912
3705913
3705914
3705915
3705916
3706033
3706064
3706066
3706071
3706080
3706098
3706108
3706121
3706169
3706219
3706235
3706276
3706278
3706295
3706343
3706361
3706389
3706391
3706396
3706399
3706414
3706434
3706471
3706475
3706501
3706504
3706630
3706631
3706632
3706636
3706637
3706638
3706701
3706706
3706708
3706718
3706775
3706803
3706808
3706809
3706810
3706813
3706824
3706827
3706868
3706871
3706872
3706873
3706875
3706899
3706918
3707000
3707018
3707021
3707046
3707057
3707093
3707110
3707116
3707142
3707169
3707237
3707240
3707242
3707279
3707280
3707283
3707284
3707286
3707304
3707306
3707307
3707308
3707318
3707320
3707321
3707322
3707364
3707367
3707370
3707372
3707373
3707376
3707377
3707380
3707381
3707382
3707383
3707387
3707392
3707393
3707394
3707395
3707396
3707406
3707407
3707421
3707428
3707430
3707432
3707436
3707449
3707452
3707462
3707465
3707468
3707473
3707474
3707485
3707491
3707502
3707504
3707505
3707520
3707522
3707531
3707552
3707553
3707555
3707558
3707559
3707560
3707562
3707586
3707587
3707588
3707603
3707604
3707607
3707608
3707611
3707613
3707615
3707616
3707617
3707623
3707624
3707627
3707628
3707629
3707631
3707633
3707635
3707636
3707637
3707640
3707641
3707643
3707645
3707647
3707648
3707649
3707650
3707673
3707675
3707681
3707682
3707683
3707684
3707689
3707690
3707729
3707731
3707733
3707734
3707737
3707738
3707739
3707745
3707749
3707750
3707760
3707761
3707762
3707766
3707771
3707772
3707773
3707774
3707775
3707776
3707777
3707778
3707779
3707784
3707786
3707787
3707788
3707789
3707848
3707855
3707859
3707866
3707893
3707894
3707923
3707927
3707931
3707932
3707934
3707945
3707946
3707947
3707948
3707949
3707950
3707952
3707953
3707956
3707957
3707958
3707959
3707960
3707964
3707965
3707967
3707970
3707971
3707977
3707981
3707982
3707984
3707985
3707986
3707992
3707995
3707997
3707998
3707999
3708003
3708004
3708005
3708008
3708012
3708013
3708014
3708020
3708021
3708026
3708034
3708036
3708043
3708046
3708048
3708049
3708050
3708054
3708055
3708060
3708062
3708070
3708071
3708073
3708074
3708079
3708098
3708120
3708121
3708146
3708147
3708149
3708151
3708152
3708153
3708154
3708157
3708197
3708198
3708199
3708200
3708201
3708202
3708205
3708206
3708207
3708208
3708209
3708212
3708215
3708216
3708230
3708240
3708241
3708256
3708257
3708259
3708262
3708264
3708266
3708267
3708268
3708269
3708274
3708275
3708294
3708301
3708317
3708323
3708331
3708333
3708334
3708338
3708357
3708374
3708377
3708380
3708392
3708412
3708464
3708480
3708486
3708489
3708493
3708494
3708496
3708528
3708559
3708562
3708578
3708580
3708592
3708593
3708594
3708595
3708598
3708604
3708606
3708607
3708608
3708636
3708637
3708639
3708650
3708651
3708652
3708676
3708677
3708687
3708688
3708689
3708690
3708692
3708697
3708700
3708701
3708710
3708711
3708712
3708713
3708715
3708719
3708721
3708722
3708724
3708731
3708744
3708750
3708752
3708791
3708835
3708843
3708845
3708847
3708850
3708852
3708853
3708857
3708859
3708860
3708861
3708862
3708865
3708866
3708879
3708888
3708889
3708895
3708901
3708907
3708975
3709014
3709015
3709019
3709022
3709023
3709099
3709104
3709142
3709153
3709166
3709182
3709184
3709185
3709186
3709188
3709190
3709204
3709376
3709423
3709428
3709434
3709456
3709457
3709461
3709462
3709463
3709464
3709465
3709476
3709486
3709506
3709529
3709551
3709556
3709558
3709571
3709628
3709635
3709636
3709637
3709665
3709666
3709686
3709689
3709704
3709707
3709722
3709738
3709750
3709756
3709766
3709799
3709802
3709803
3709818
3709819
3709870
3709873
3709889
3709891
3709892
3709893
3709902
3709903
3709905
3709906
3709914
3709917
3709937
3709938
3709939
3709941
3709942
3709952
3709953
3709987
3709988
3710043
3710053
3710055
3710058
3710124
3710126
3710177
3710178
3710186
3710189
3710201
3710205
3710252
3710268
3710327
3710338
3710345
3710353
3710438
3710467
3710491
3710493
3710511
3710512
3710574
3710575
3710576
3710589
3710638
3710717
3710721
3710725
3710740
3710910
3710911
3710950
3710969
3711007
3711016
3711017
3711023
3711024
3711030
3711032
3711058
3711060
3711166
3711202
3711205
3711213
3711216
3711217
3711222
3711235
3711236
3711238
3711243
3711337
3711340
3711345
3711387
3711495
3711508
3711515
3711534
3711591
3711604
3711607
3711609
3711610
3711611
3711617
3711621
3711710
3711810
3711846
3711850
3711862
3711865
3711869
3711993
3712003
3712060
3712160
3712254
3712255
3712433
3712436
3712468
3712487
3712488
3712495
3712496
3712505
3712506
3712507
3712508
3712511
3712513
3712555
3712560
3712580
3712583
3712584
3712650
3712651
3712770
3712777
3712778
3712783
3712824
3712835
3712836
3712837
3712838
3712839
3712854
3712873
3712953
3712960
3713018
3713046
3713055
3713067
3713089
3713098
3713099
3713101
3713102
3713103
3713112
3713113
3713116
3713117
3713118
3713121
3713122
3713123
3713124
3713126
3713128
3713129
3713130
3713132
3713133
3713134
3713141
3713142
3713143
3713145
3713146
3713151
3713152
3713153
3713155
3713157
3713158
3713176
3713182
3713183
3713193
3713194
3713196
3713197
3713198
3713199
3713206
3713207
3713212
3713214
3713232
3713235
3713311
3713312
3713314
3713330
3713331
3713332
3713333
3713334
3713335
3713336
3713340
3713342
3713343
3713344
3713345
3713346
3713347
3713349
3713350
3713353
3713354
3713356
3713357
3713359
3713361
3713366
3713367
3713368
3713369
3713371
3713373
3713374
3713376
3713377
3713378
3713380
3713381
3713383
3713384
3713386
3713387
3713388
3713391
3713392
3713396
3713397
3713398
3713399
3713400
3713401
3713403
3713406
3713416
3713418
3713421
3713423
3713428
3713430
3713436
3713438
3713439
3713440
3713441
3713442
3713447
3713449
3713452
3713461
3713469
3713518
3713544
3713562
3713572
3713574
3713581
3713598
3713717
3713758
3713784
3713792
3714020
3714022
3714023
3714043
3714058
3714063
3714079
3714121
3714124
3714198
3714297
3714303
3714306
3714340
3714342
3714365
3714370
3714372
3714378
3714380
3714382
3714410
3714426
3714429
3714481
3714507
3714508
3714515
3714534
3714538
3714540
3714551
3714553
3714560
3714561
3714563
3714565
3714586
3714601
3714611
3714642
3714739
3714806
3714807
3714824
3714829
3714913
3714915
3715050
3715105
3715110
3715118
3715128
3715130
3715131
3715160
3715186
3715196
3715198
3715203
3715206
3715218
3715226
3715227
3715248
3715250
3715253
3715258
3715260
3715261
3715262
3715263
3715264
3715269
3715270
3715272
3715273
3715336
3715376
3715390
3715445
3715447
3715458
3715468
3715477
3715501
3715502
3715511
3715514
3715515
3715517
3715537
3715539
3715544
3715560
3715567
3715581
3715628
3715631
3715654
3715657
3715668
3715684
3715685
3715715
3715728
3715729
3715735
3715736
3715737
3715739
3715777
3715779
3715826
3715842
3715891
3715893
3715902
3715906
3715917
3715963
3716010
3716059
3716129
3716193
3716259
3716281
3716378
3716419
3716427
3716437
3716498
3716499
3716505
3716515
3716520
3716521
3716529
3716532
3716533
3716534
3716563
3716566
3716616
3716631
3716637
3716653
3716661
3716663
3716673
3716695
3716873
3716930
3717011
3717078
3717109
3717141
3717147
3717181
3717192
3717195
3717196
3717197
3717203
3717204
3717205
3717219
3717231
3717234
3717243
3717277
3717325
3717329
3717355
3717356
3717382
3717383
3717395
3717410
3717411
3717425
3717426
3717430
3717434
3717447
3717470
3717474
3717479
3717482
3717484
3717496
3717525
3717526
3717528
3717530
3717531
3717541
3717542
3717543
3717550
3717554
3717560
3717606
3717611
3717618
3717624
3717626
3717636
3717639
3717645
3717769
3717801
3717863
3717866
3718372
3718375
3718381
3718382
3718393
3718394
3718397
3718406
3718413
3718418
3718457
3718477
3718549
3718621
3718626
3718629
3718630
3718632
3718633
3718635
3718638
3718642
3718643
3718645
3718646
3718647
3718650
3718651
3718712
3718728
3718729
3718730
3718734
3718744
3718745
3718746
3718752
3718753
3718759
3718760
3718761
3718762
3718764
3718776
3718791
3718795
3718807
3718808
3718809
3718816
3718822
3718823
3718824
3718827
3718839
3718840
3718841
3718856
3718857
3718858
3718865
3718872
3718873
3718875
3718876
3718877
3718878
3718921
3718956
3718992
3719032
3719034
3719047
3719052
3719058
3719064
3719067
3719068
3719074
3719075
3719076
3719077
3719079
3719080
3719082
3719093
3719094
3719095
3719103
3719118
3719129
3719388
3719548
3719550
3719551
3719553
3719599
3719640
3719649
3719765
3720044
3720048
3720051
3720073
3720076
3720080
3720082
3720083
3720088
3720093
3720101
3720104
3720105
3720106
3720109
3720110
3720112
3720136
3720137
3720160
3720162
3720179
3720183
3720189
3720239
3720269
3720276
3720277
3720292
3720337
3720339
3720342
3720386
3720398
3720401
3720402
3720404
3720405
3720406
3720409
3720413
3720416
3720417
3720422
3720423
3720604
3720606
3720620
3720621
3720622
3720623
3720625
3720647
3720686
3720688
3720689
3720695
3720696
3720697
3720698
3720699
3720703
3720712
3720714
3720743
3720745
3720746
3720748
3720749
3720750
3720751
3720752
3720753
3720754
3720755
3720756
3720759
3720762
3720763
3720766
3720775
3720776
3720777
3720778
3720779
3720784
3720786
3720787
3720793
3720794
3720795
3720796
3720797
3720799
3720800
3720801
3720802
3720803
3720804
3720805
3720806
3720808
3720810
3720812
3720815
3720818
3720819
3720821
3720822
3720823
3720824
3720825
3720826
3720828
3720829
3720831
3720832
3720833
3720836
3720837
3720838
3720842
3720843
3720845
3720847
3720849
3720850
3720873
3720878
3720889
3721119
3721139
3721156
3721242
3721245
3721246
3721270
3721287
3721330
3721375
3721390
3721391
3721392
3721393
3721394
3721395
3721396
3721403
3721405
3721417
3721425
3721511
3721520
3721523
3721534
3721546
3721549
3721589
3721603
3721607
3721608
3721644
3721647
3721649
3721700
3721702
3721705
3721708
3722238
3722248
3722441
3722445
3722536
3722566
3722569
3722579
3722605
3722618
3722619
3722621
3722624
3722630
3722694
3722695
3722954
3722975
3723082
3723280
3723281
3723292
3723299
3723306
3723307
3723379
3723484
3723489
3723506
3723518
3723935
3723940
3723942
3723947
3723949
3723950
3723951
3724295
3724472
3724548
3724681
3724684
3724685
3724735
3724741
3724743
3724744
3724784
3724791
3724792
3724882
3724897
3724900
3724901
3724934
3724959
3724960
3724996
3724999
3725117
3725118
3725127
3725128
3725129
3725136
3725138
3725140
3725141
3725145
3725150
3725151
3725153
3725154
3725167
3725168
3725169
3725175
3725177
3725180
3725182
3725198
3725220
3725221
3725250
3725269
3725273
3725275
3725276
3725277
3725286
3725295
3725296
3725305
3725311
3725313
3725314
3725315
3725316
3725333
3725339
3725342
3725345
3725346
3725347
3725349
3725366
3725368
3725389
3725393
3725420
3725422
3725423
3725424
3725461
3725464
3725469
3725569
3725579
3725580
3725582
3725583
3725622
3725631
3725633
3725639
3725656
3725662
3725686
3725697
3725721
3725732
3725760
3725766
3725770
3725940
3725945
3726032
3726208
3726217
3726219
3726228
3726247
3726255
3726256
3726263
3726270
3726280
3726281
3726282
3726299
3726306
3726391
3726392
3726395
3726418
3726419
3726432
3726500
3726506
3726526
3726578
3726847
3726849
3726860
3726864
3726865
3726903
3726920
3726926
3726927
3727003
3727012
3727032
3727045
3727047
3727056
3727057
3727059
3727066
3727080
3727190
3727197
3727207
3727208
3727225
3727226
3727309
3727455
3727471
3727472
3727552
3727583
3727585
3727591
3727592
3727596
3727602
3727663
3727717
3727728
3727729
3727731
3727770
3727787
3727826
3727875
3727899
3727900
3727902
3727908
3727911
3727912
3727916
3727919
3727932
3728068
3728167
3728169
3728193
3728224
3728253
3728287
3728290
3728557
3728589
3728590
3728595
3728777
3729230
3729231
3729385
3729584
3729762
3729906
3729907
3729935
3729963
3730197
3730206
3730226
3730254
3730310
3730312
3730313
3730315
3730321
3730346
3730355
3730362
3730379
3730417
3730444
3730448
3730498
3730500
3730504
3730505
3730507
3730509
3730592
3730593
3730602
3730604
3730605
3730626
3730628
3730631
3730632
3730738
3730750
3730753
3730763
3730875
3730901
3730925
3730931
3730933
3730950
3730965
3730971
3730972
3731019
3731057
3731125
3731129
3731156
3731185
3731186
3731222
3731223
3731229
3731234
3731239
3731243
3731251
3731368
3731369
3731401
3731429
3731449
3731498
3731527
3732076
3732077
3732126
3732129
3732130
3732143
3732158
3732163
3732204
3732208
3732209
3732210
3732211
3732244
3732247
3732252
3732256
3732271
3732272
3732277
3732538
3732546
3732562
3732564
3732572
3732573
3732574
3732575
3732603
3732617
3732625
3732629
3732664
3732672
3732675
3732721
3732922
3732923
3732970
3732979
3732984
3732987
3733038
3733269
3733294
3733344
3733373
3733524
3733925
3733931
3733934
3733935
3733947
3734078
3734158
3734290
3734545
3734560
3734608
3734734
3734735
3734736
3734738
3734777
3735101
3735135
3735628
3735912
3736264
3736265
3736428
3736433
3736434
3736443
3736444
3736450
3736451
3736452
3736453
3736531
3736543
3736707
3736841
3737425
3737529
3737635
3737679
3737712
3737748
3737749
3737754
3737755
3737954
3738009
3738072
3738119
3738120
3738129
3738131
3738137
3738138
3738198
3738211
3738223
3738235
3738270
3738294
3738295
3738296
3738300
3738303
3738314
3738315
3738318
3738319
3738320
3738325
3738328
3738343
3738346
3738355
3738367
3738374
3738375
3738389
3738395
3738408
3738416
3738441
3738461
3738463
3738476
3738477
3738480
3738484
3738562
3738596
3738619
3738624
3738666
3738688
3738738
3738742
3738750
3738755
3738759
3738766
3738769
3738798
3738819
3738831
3738846
3738866
3738873
3738875
3738876
3738878
3738882
3738883
3738887
3738889
3738890
3738891
3738922
3738924
3738925
3738927
3738931
3738933
3738935
3738936
3738957
3739002
3739013
3739062
3739069
3739072
3739079
3739087
3739089
3739092
3739093
3739111
3739112
3739116
3739117
3739128
3739133
3739139
3739141
3739150
3739152
3739155
3739156
3739160
3739161
3739163
3739165
3739166
3739176
3739177
3739181
3739182
3739184
3739187
3739188
3739190
3739192
3739193
3739203
3739204
3739208
3739210
3739212
3739214
3739230
3739238
3739279
3739355
3739459
3739466
3739654
3739656
3739852
3739857
3739859
3739880
3739893
3739906
3740041
3740055
3740066
3740071
3740075
3740119
3740137
3740139
3740140
3740143
3740248
3740285
3740351
3740574
3740576
3740594
3740601
3740608
3740610
3740611
3740612
3740622
3740623
3740625
3740627
3740636
3740643
3740644
3740655
3740677
3740682
3740684
3740685
3740694
3740696
3740697
3740702
3740712
3740720
3740723
3740734
3740742
3740755
3740756
3740759
3740760
3740785
3740810
3740811
3740824
3740826
3740827
3740828
3740833
3740834
3740835
3740854
3740855
3740865
3740875
3740876
3740878
3740916
3740925
3740937
3740945
3740961
3740998
3741047
3741049
3741055
3741058
3741065
3741071
3741101
3741103
3741104
3741138
3741148
3741186
3741194
3741199
3741201
3741203
3741210
3741211
3741212
3741221
3741229
3741233
3741236
3741242
3741246
3741261
3741268
3741291
3741293
3741294
3741335
3741345
3741364
3741372
3741395
3741407
3741409
3741412
3741413
3741414
3741420
3741421
3741422
3741423
3741426
3741427
3741433
3741435
3741440
3741441
3741443
3741444
3741445
3741446
3741448
3741449
3741453
3741455
3741456
3741458
3741459
3741461
3741462
3741463
3741464
3741465
3741467
3741469
3741477
3741478
3741479
3741480
3741481
3741483
3741486
3741488
3741489
3741492
3741493
3741494
3741496
3741497
3741499
3741500
3741501
3741502
3741503
3741504
3741506
3741524
3741525
3741527
3741528
3741529
3741530
3741531
3741533
3741534
3741535
3741537
3741539
3741541
3741543
3741544
3741552
3741555
3741556
3741557
3741563
3741565
3741568
3741571
3741572
3741573
3741574
3741575
3741579
3741583
3741589
3741593
3741596
3741606
3741610
3741621
3741631
3741632
3741633
3741639
3741642
3741643
3741649
3741651
3741656
3741657
3741658
3741659
3741661
3741662
3741664
3741669
3741674
3741675
3741679
3741680
3741682
3741683
3741685
3741686
3741687
3741688
3741689
3741691
3741692
3741695
3741698
3741704
3741714
3741730
3741745
3741782
3741793
3741811
3741832
3741835
3741837
3741838
3741841
3741844
3741861
3741867
3741896
3741919
3741920
3741930
3741931
3741932
3741938
3741942
3741943
3741948
3741951
3741958
3742012
3742196
3742202
3742207
3742248
3742258
3742275
3742348
3742357
3742360
3742375
3742376
3742377
3742378
3742379
3742380
3742381
3742382
3742438
3742452
3742468
3742481
3742577
3742588
3742602
3742612
3742624
3742625
3742714
3742722
3742731
3742734
3742735
3742738
3742765
3742766
3742767
3742769
3742784
3742789
3742800
3742854
3742883
3742903
3742905
3742906
3742913
3742938
3742944
3742998
3743001
3743086
3743089
3743093
3743097
3743100
3743103
3743112
3743114
3743116
3743133
3743134
3743135
3743136
3743140
3743141
3743146
3743147
3743151
3743152
3743167
3743198
3743208
3743230
3743231
3743232
3743233
3743234
3743235
3743237
3743239
3743241
3743242
3743244
3743245
3743246
3743252
3743257
3743260
3743261
3743262
3743263
3743264
3743265
3743269
3743270
3743271
3743273
3743274
3743275
3743276
3743277
3743278
3743279
3743280
3743281
3743282
3743285
3743286
3743287
3743290
3743291
3743292
3743293
3743297
3743301
3743302
3743303
3743304
3743307
3743311
3743312
3743313
3743321
3743323
3743326
3743328
3743330
3743331
3743333
3743334
3743335
3743336
3743337
3743338
3743339
3743340
3743341
3743342
3743345
3743348
3743349
3743351
3743361
3743362
3743363
3743367
3743368
3743371
3743376
3743379
3743383
3743388
3743392
3743393
3743398
3743399
3743408
3743412
3743430
3743431
3743432
3743434
3743436
3743437
3743438
3743439
3743440
3743441
3743442
3743445
3743544
3743561
3743575
3743581
3743587
3743588
3743590
3743593
3743594
3743611
3743612
3743613
3743615
3743616
3743618
3743623
3743628
3743629
3743691
3743693
3743694
3743696
3743720
3743728
3743731
3743736
3743737
3743739
3743741
3743743
3743745
3743748
3743749
3743751
3743753
3743755
3743760
3743763
3743764
3743768
3743769
3743771
3743795
3743799
3743802
3743804
3743805
3743807
3743815
3743816
3743843
3743846
3743848
3743850
3743851
3743852
3743853
3743854
3743859
3743863
3743866
3743869
3743871
3743873
3743874
3743876
3743877
3743882
3743885
3743887
3743889
3743890
3743892
3743893
3743894
3743895
3743896
3743897
3743898
3743901
3743923
3743924
3743926
3743931
3743933
3743934
3743935
3743938
3743939
3743941
3743942
3743943
3743945
3743946
3743948
3743952
3743955
3743957
3743959
3743967
3743971
3743972
3743973
3743978
3743979
3743982
3743983
3743984
3743986
3743988
3743989
3743990
3743995
3743996
3744002
3744005
3744006
3744008
3744009
3744010
3744014
3744019
3744023
3744025
3744027
3744032
3744033
3744034
3744035
3744048
3744052
3744058
3744068
3744073
3744100
3744131
3744134
3744136
3744137
3744138
3744197
3744201
3744203
3744204
3744205
3744207
3744208
3744209
3744214
3744228
3744229
3744231
3744232
3744233
3744236
3744240
3744241
3744246
3744250
3744323
3744332
3744339
3744345
3744348
3744350
3744351
3744353
3744359
3744386
3744391
3744429
3744438
3744446
3744457
3744458
3744483
3744487
3744495
3744496
3744504
3744510
3744529
3744532
3744533
3744534
3744535
3744536
3744540
3744571
3744572
3744573
3744579
3744600
3744603
3744608
3744616
3744618
3744620
3744628
3744630
3744632
3744642
3744643
3744678
3744681
3744688
3744696
3744697
3744702
3744706
3744707
3744725
3744812
3744819
3744888
3744904
3744975
3744990
3744995
3745000
3745005
3745010
3745013
3745015
3745023
3745025
3745026
3745034
3745041
3745048
3745049
3745077
3745084
3745108
3745117
3745143
3745151
3745152
3745171
3745177
3745197
3745230
3745233
3745251
3745254
3745262
3745264
3745267
3745272
3745273
3745285
3745287
3745295
3745296
3745297
3745312
3745314
3745316
3745318
3745319
3745320
3745352
3745360
3745364
3745381
3745404
3745411
3745414
3745421
3745422
3745430
3745435
3745437
3745441
3745445
3745447
3745481
3745489
3745493
3745494
3745524
3745582
3745596
3745604
3745606
3745611
3745620
3745625
3745641
3745645
3745646
3745648
3745651
3745658
3745659
3745660
3745662
3745664
3745668
3745670
3745672
3745674
3745689
3745693
3745695
3745700
3745702
3745708
3745723
3745729
3745738
3745742
3745745
3745748
3745753
3745754
3745757
3745759
3745764
3745767
3745769
3745770
3745780
3745782
3745784
3745794
3745802
3745819
3745820
3745822
3745826
3745828
3745833
3745837
3745844
3745847
3745849
3746073
3746077
3746080
3746082
3746087
3746110
3746134
3746158
3746159
3746162
3746187
3746206
3746220
3746223
3746224
3746230
3746250
3746255
3746274
3746275
3746276
3746281
3746282
3746359
3746374
3746526
3746530
3746532
3746533
3746537
3746540
3746558
3746560
3746563
3746569
3746570
3746571
3746630
3746635
3746707
3746723
3746724
3746727
3746728
3746768
3746772
3746787
3746791
3746800
3746801
3746804
3746805
3746809
3746810
3746818
3746824
3746825
3746827
3746837
3746841
3746849
3746865
3746882
3746896
3746897
3746899
3746904
3746909
3746911
3746912
3746914
3746915
3746917
3746918
3746919
3746922
3746969
3746985
3746989
3746990
3746991
3746993
3746994
3746995
3746996
3746997
3747001
3747015
3747017
3747021
3747024
3747029
3747030
3747034
3747041
3747043
3747045
3747047
3747055
3747060
3747062
3747067
3747070
3747086
3747126
3747148
3747149
3747152
3747155
3747156
3747162
3747168
3747170
3747173
3747176
3747191
3747198
3747204
3747213
3747217
3747229
3747232
3747234
3747245
3747246
3747247
3747249
3747250
3747276
3747292
3747293
3747302
3747305
3747306
3747307
3747308
3747312
3747314
3747351
3747357
3747359
3747360
3747361
3747362
3747363
3747365
3747366
3747367
3747373
3747375
3747379
3747394
3747406
3747407
3747427
3747439
3747461
3747465
3747467
3747469
3747471
3747477
3747478
3747481
3747483
3747490
3747502
3747504
3747513
3747516
3747519
3747525
3747526
3747527
3747528
3747534
3747535
3747539
3747545
3747548
3747549
3747564
3747571
3747573
3747577
3747585
3747603
3747606
3747614
3747635
3747648
3747652
3747672
3747677
3747683
3747686
3747702
3747710
3747712
3747714
3747725
3747732
3747743
3747757
3747759
3747760
3747761
3747769
3747770
3747771
3747773
3747776
3747782
3747788
3747789
3747792
3747795
3747798
3747800
3747806
3747807
3747811
3747813
3747818
3747820
3747826
3747834
3747839
3747841
3747851
3747858
3747873
3747874
3747875
3747879
3747882
3747887
3747888
3747890
3747893
3747895
3747896
3747897
3747898
3747900
3747910
3747913
3747919
3747924
3747926
3747935
3747942
3747989
3748025
3748032
3748045
3748064
3748128
3748129
3748132
3748133
3748137
3748142
3748143
3748144
3748146
3748153
3748156
3748159
3748162
3748166
3748167
3748169
3748172
3748173
3748176
3748179
3748182
3748186
3748188
3748191
3748193
3748194
3748222
3748223
3748232
3748233
3748239
3748240
3748242
3748244
3748245
3748261
3748266
3748267
3748272
3748273
3748275
3748282
3748292
3748295
3748299
3748376
3748399
3748402
3748403
3748404
3748405
3748410
3748416
3748418
3748444
3748453
3748466
3748498
3748499
3748550
3748551
3748553
3748558
3748559
3748560
3748563
3748591
3748593
3748594
3748600
3748601
3748687
3748690
3748705
3748706
3748723
3748739
3748834
3748835
3748837
3748851
3748858
3748859
3748869
3748878
3748885
3748887
3748889
3748901
3748908
3749053
3749057
3749078
3749093
3749094
3749107
3749114
3749117
3749144
3749172
3749211
3749233
3749235
3749236
3749241
3749242
3749244
3749246
3749266
3749286
3749290
3749315
3749337
3749348
3749365
3749406
3749407
3749408
3749410
3749411
3749413
3749415
3749416
3749424
3749435
3749438
3749442
3749444
3749447
3749449
3749451
3749483
3749484
3749486
3749515
3749530
3749531
3749532
3749598
3749652
3749657
3749680
3749712
3749713
3749730
3749731
3749738
3749739
3749747
3749748
3749756
3749757
3749771
3749784
3749828
3749954
3749956
3749959
3749977
3749978
3749991
3750013
3750019
3750024
3750027
3750064
3750070
3750072
3750084
3750101
3750106
3750107
3750120
3750122
3750124
3750125
3750141
3750142
3750157
3750168
3750169
3750171
3750186
3750187
3750196
3750199
3750207
3750211
3750227
3750245
3750246
3750251
3750257
3750268
3750281
3750301
3750302
3750303
3750318
3750320
3750321
3750323
3750327
3750330
3750334
3750335
3750338
3750339
3750349
3750361
3750362
3750373
3750374
3750376
3750390
3750391
3750396
3750404
3750410
3750443
3750445
3750461
3750478
3750486
3750526
3750548
3750569
3750570
3750575
3750577
3750583
3750584
3750589
3750594
3750664
3750665
3750669
3750678
3750680
3750685
3750692
3750698
3750727
3750740
3750765
3750774
3750776
3750780
3750781
3750783
3750784
3750834
3750841
3750867
3750877
3750879
3750889
3750984
3750985
3750987
3750990
3751015
3751018
3751022
3751032
3751038
3751042
3751043
3751054
3751056
3751065
3751070
3751071
3751089
3751107
3751132
3751134
3751141
3751169
3751174
3751188
3751190
3751191
3751194
3751196
3751237
3751247
3751252
3751303
3751369
3751370
3751373
3751386
3751387
3751389
3751396
3751397
3751399
3751401
3751402
3751403
3751409
3751410
3751412
3751415
3751419
3751427
3751455
3751473
3751530
3751536
3751543
3751545
3751592
3751644
3751646
3751691
3751702
3751726
3751728
3751737
3751739
3751740
3751743
3751747
3751748
3751751
3751759
3751760
3751763
3751766
3751785
3751810
3751814
3751818
3751822
3751823
3751883
3751899
3751901
3751905
3751920
3751925
3751930
3751936
3752003
3752004
3752009
3752010
3752020
3752021
3752022
3752023
3752025
3752034
3752035
3752041
3752051
3752053
3752054
3752055
3752059
3752066
3752069
3752082
3752083
3752085
3752087
3752092
3752093
3752094
3752110
3752132
3752146
3752166
3752195
3752198
3752216
3752235
3752280
3752289
3752295
3752304
3752308
3752365
3752371
3752372
3752375
3752376
3752378
3752380
3752381
3752400
3752507
3752508
3752514
3752515
3752519
3752520
3752521
3752522
3752523
3752524
3752525
3752552
3752573
3752693
3752713
3752722
3752813
3752821
3752840
3752855
3752881
3752882
3752885
3752886
3752887
3752888
3752889
3752891
3752895
3752902
3752904
3752925
3752969
3752973
3753005
3753012
3753015
3753165
3753170
3753233
3753234
3753236
3753326
3753327
3753330
3753353
3753367
3753389
3753392
3753398
3753403
3753404
3753405
3753407
3753411
3753415
3753425
3753426
3753427
3753428
3753430
3753432
3753445
3753446
3753447
3753449
3753451
3753469
3753470
3753478
3753484
3753494
3753496
3753498
3753501
3753504
3753517
3753518
3753522
3753527
3753532
3753536
3753538
3753549
3753553
3753554
3753555
3753558
3753560
3753562
3753565
3753566
3753567
3753568
3753573
3753576
3753598
3753606
3753628
3753643
3753644
3753648
3753653
3753659
3753661
3753671
3753688
3753706
3753716
3753717
3753718
3753719
3753733
3753735
3753739
3753780
3753818
3753819
3753824
3753838
3753857
3753864
3753865
3753870
3753916
3753981
3753999
3754027
3754065
3754072
3754077
3754093
3754097
3754106
3754107
3754111
3754115
3754120
3754125
3754128
3754132
3754134
3754135
3754236
3754249
3754311
3754314
3754316
3754353
3754358
3754359
3754389
3754391
3754400
3754416
3754482
3754525
3754532
3754533
3754541
3754551
3754561
3754562
3754579
3754582
3754883
3755226
3755228
3755230
3755232
3755233
3755234
3755257
3755258
3755266
3755267
3755282
3755371
3755379
3755387
3755394
3755490
3755497
3755499
3755501
3755503
3755505
3755506
3755553
3755558
3755564
3755579
3755590
3755591
3755611
3755612
3755623
3755624
3755626
3755628
3755632
3755633
3755636
3755638
3755642
3755643
3755644
3755650
3755664
3755667
3755686
3755687
3755688
3755728
3755739
3755742
3755745
3755747
3755758
3755872
3755881
3755885
3755903
3756014
3756022
3756023
3756028
3756029
3756032
3756033
3756081
3756086
3756091
3756092
3756093
3756095
3756179
3756214
3756215
3756218
3756256
3756276
3756277
3756279
3756280
3756303
3756858
3756863
3756953
3756961
3756962
3756965
3756966
3756969
3757012
3757115
3757149
3757194
3757232
3757240
3757247
3757309
3757350
3757357
3757362
3757364
3757390
3757397
3757432
3757437
3757441
3757445
3757455
3757459
3757697
3758269
3758275
3758277
3758279
3758281
3758285
3758295
3758305
3758308
3758360
3758363
3758409
3758415
3758416
3758418
3758422
3758468
3758485
3758489
3758514
3758515
3758777
3758981
3759140
3759152
3759432
3759459
3759462
3759463
3759465
3759466
3759472
3759476
3759480
3759485
3759487
3759492
3759500
3759502
3759505
3759506
3759513
3759516
3759572
3759582
3759587
3759588
3759592
3759593
3759602
3759626
3759637
3759641
3759643
3759689
3759697
3759703
3759902
3759912
3759935
3759961
3759963
3759967
3759978
3759988
3759997
3759998
3760158
3760176
3760242
3760419
3760431
3760463
3760800
3760822
3760864
3760880
3760881
3760923
3760932
3760952
3760955
3760961
3761105
3761153
3761203
3761223
3761246
3761254
3761260
3761559
3761581
3761583
3761584
3761614
3761615
3761616
3761634
3761635
3761644
3761678
3761698
3761699
3761703
3761710
3761718
3761720
3761722
3761746
3761754
3761778
3761803
3761883
3762027
3762123
3762155
3762333
3762363
3762373
3762374
3762375
3762394
3762553
3762560
3762592
3762596
3762644
3762660
3762661
3762667
3762671
3762672
3762674
3762676
3762679
3762829
3762830
3762831
3762832
3762833
3762834
3762870
3762878
3762898
3762899
3762902
3763357
3763362
3763436
3763445
3763450
3763457
3763458
3763496
3763498
3763501
3763506
3763508
3763509
3763510
3763515
3763665
3763669
3763676
3763694
3763754
3763757
3763767
3763770
3763795
3763797
3763801
3763868
3763876
3763907
3763910
3763959
3764003
3764090
3764217
3764218
3764256
3764301
3764378
3764387
3764463
3764516
3764545
3764586
3764594
3764623
3764678
3764679
3764784
3764790
3764807
3764811
3764816
3764882
3764914
3764919
3764921
3764923
3764924
3764926
3765004
3765029
3765055
3765197
3765232
3765253
3765257
3765258
3765259
3765260
3765266
3765267
3765308
3765323
3765324
3765334
3765337
3765345
3765407
3765410
3765417
3765450
3765452
3765454
3765473
3765798
3765817
3765825
3765828
3765830
3765834
3765841
3765848
3765855
3765863
3765873
3765882
3765886
3765888
3765890
3765914
3765918
3765943
3765947
3765949
3765964
3765969
3765970
3765971
3765986
3765988
3766088
3766122
3766138
3766159
3766254
3766257
3766339
3766346
3766356
3766561
3766647
3766678
3766687
3766690
3766739
3766791
3766799
3766880
3766887
3766891
3766898
3766934
3766943
3766946
3766949
3766980
3766996
3766999
3767072
3767105
3767145
3767282
3767289
3767403
3767452
3767506
3767592
3767595
3767633
3767638
3767643
3767645
3767697
3767735
3767781
3767782
3767783
3767784
3767785
3767790
3767791
3767797
3767798
3767801
3767825
3767826
3767830
3767841
3767842
3767893
3768050
3768059
3768061
3768143
3768197
3768225
3768300
3768301
3768313
3768868
3768947
3768969
3768982
3768985
3768990
3769119
3769127
3769129
3769132
3769135
3769139
3769140
3769159
3769161
3769162
3769358
3769373
3769374
3769405
3769434
3769437
3769479
3769532
3769550
3769554
3769559
3769565
3769600
3769613
3769643
3769645
3769646
3769652
3769681
3769707
3769716
3769718
3769753
3769756
3769762
3769766
3769768
3769769
3769833
3769861
3769863
3769881
3769883
3769887
3769892
3769900
3770028
3770032
3770039
3770044
3770105
3770116
3770146
3770149
3770193
3770195
3770201
3770210
3770212
3770215
3770228
3770229
3770400
3770403
3770425
3770442
3770446
3770451
3770455
3770483
3770492
3770516
3770532
3770535
3770554
3770640
3770643
3770672
3770676
3770677
3770719
3770721
3770722
3770731
3770741
3770749
3770790
3770893
3770900
3770959
3770986
3770987
3771015
3771029
3771110
3771111
3771127
3771134
3771151
3771156
3771200
3771203
3771300
3771302
3771413
3771416
3771417
3771418
3771474
3771487
3771514
3771519
3771523
3771531
3771641
3771647
3771661
3771662
3771674
3771677
3771679
3771681
3771682
3771692
3771702
3771708
3771746
3771749
3771840
3771842
3771843
3771844
3771845
3771861
3771871
3771909
3771921
3771922
3771954
3771957
3771963
3771964
3771967
3771968
3772043
3772045
3772051
3772059
3772072
3772077
3772083
3772084
3772097
3772101
3772106
3772111
3772133
3772156
3772160
3772161
3772397
3772408
3772409
3772442
3772453
3772637
3772647
3772674
3772684
3772688
3772690
3772691
3772692
3772694
3772756
3772762
3772768
3772779
3772787
3772791
3772810
3772826
3772827
3772829
3773368
3773466
3773467
3773468
3773577
3773580
3773609
3773610
3773627
3773636
3773639
3773643
3773644
3773645
3773647
3773659
3773685
3773697
3773730
3773732
3773736
3773738
3773804
3773805
3773836
3773844
3773876
3774074
3774087
3774152
3774203
3774204
3774206
3774304
3774332
3774360
3774377
3774382
3774386
3774391
3774471
3774472
3774481
3774510
3774641
3774688
3774691
3774711
3774712
3774783
3774784
3774827
3774843
3774951
3774952
3774954
3774957
3774959
3774960
3774961
3774963
3775022
3775023
3775049
3775055
3775073
3775154
3775156
3775157
3775191
3775193
3775249
3775261
3775263
3775264
3775300
3775302
3775308
3775402
3775410
3775436
3775437
3775483
3775489
3775492
3775498
3775504
3775512
3775521
3775527
3775533
3775538
3775549
3775554
3775558
3775620
3775681
3775687
3775717
3775825
3775897
3775959
3775998
3776108
3776111
3776128
3776134
3776139
3776141
3776158
3776173
3776184
3776187
3776192
3776193
3776204
3776213
3776214
3776232
3776233
3776257
3776262
3776272
3776273
3776274
3776276
3776293
3776294
3776386
3776433
3776531
3776547
3776562
3776598
3776616
3776617
3776618
3776620
3776622
3776638
3776641
3776644
3776707
3776741
3776746
3776758
3776759
3776766
3776767
3776784
3776786
3776788
3776789
3776795
3776802
3776807
3776812
3776813
3776814
3776816
3776818
3776819
3776820
3776824
3776825
3776826
3776831
3776832
3776850
3776871
3776876
3776951
3776952
3776976
3776985
3776988
3776993
3776994
3776998
3777004
3777010
3777018
3777025
3777027
3777029
3777034
3777035
3777040
3777043
3777046
3777108
3777115
3777118
3777122
3777133
3777134
3777147
3777167
3777173
3777288
3777297
3777298
3777305
3777307
3777308
3777315
3777316
3777335
3777351
3777406
3777407
3777471
3777477
3777478
3777479
3777481
3777482
3777483
3777486
3777627
3777628
3777629
3777631
3777632
3777636
3777644
3777747
3777749
3777819
3777822
3777825
3777869
3777882
3777886
3777887
3777895
3777902
3777905
3777907
3777908
3777910
3777915
3777917
3777919
3777921
3777923
3777924
3777934
3777936
3777937
3777938
3777940
3777942
3777943
3777947
3777948
3777949
3777950
3777953
3777958
3777959
3777968
3777974
3777986
3778027
3778030
3778035
3778036
3778038
3778042
3778043
3778044
3778045
3778046
3778047
3778048
3778080
3778225
3778306
3778423
3778449
3778460
3778463
3778474
3778475
3778476
3778500
3778501
3778503
3778505
3778506
3778517
3778518
3778522
3778523
3778600
3778602
3778677
3778703
3778706
3778712
3778714
3778716
3778720
3778725
3778731
3778733
3778735
3778736
3778739
3778741
3778753
3778762
3778782
3778796
3778798
3778801
3778803
3778808
3778809
3778810
3778867
3778868
3778870
3778873
3778901
3778904
3778908
3778911
3778937
3778939
3778941
3778943
3778946
3778950
3778952
3778978
3778983
3778990
3779000
3779076
3779079
3779081
3779083
3779111
3779112
3779133
3779135
3779136
3779172
3779179
3779180
3779199
3779212
3779213
3779233
3779238
3779245
3779297
3779303
3779327
3779357
3779537
3779671
3779675
3779677
3779911
3779915
3779916
3779933
3779997
3779999
3780014
3780018
3780019
3780020
3780069
3780070
3780073
3780213
3780241
3780244
3780246
3780247
3780249
3780251
3780252
3780253
3780254
3780267
3780275
3780278
3780279
3780281
3780283
3780288
3780292
3780304
3780306
3780308
3780309
3780310
3780320
3780322
3780330
3780331
3780333
3780334
3780335
3780336
3780337
3780339
3780340
3780341
3780366
3780368
3780408
3780409
3780427
3780428
3780433
3780568
3780571
3780572
3780573
3780675
3780677
3780682
3780730
3780832
3780839
3780859
3780888
3780891
3780892
3780894
3780899
3780900
3780901
3780956
3781005
3781006
3781079
3781116
3781117
3781133
3781134
3781147
3781148
3781150
3781152
3781200
3781209
3781210
3781253
3781265
3781278
3781291
3781293
3781298
3781299
3781303
3781305
3781309
3781311
3781318
3781320
3781322
3781324
3781325
3781339
3781345
3781356
3781357
3781360
3781365
3781367
3781369
3781377
3781379
3781380
3781382
3781384
3781385
3781387
3781394
3781399
3781401
3781403
3781404
3781407
3781412
3781414
3781416
3781417
3781418
3781421
3781422
3781439
3781440
3781442
3781451
3781539
3781545
3781550
3781563
3781568
3781612
3781618
3781620
3781622
3781623
3781625
3781626
3781629
3781635
3781642
3781644
3781655
3781656
3781659
3781669
3781675
3781676
3781679
3781680
3781682
3781685
3781697
3781698
3781700
3781714
3781716
3781722
3781724
3781754
3781755
3781759
3781762
3781763
3781764
3781765
3781773
3781775
3781784
3781785
3781816
3781817
3781818
3781829
3781830
3781831
3781839
3781840
3781842
3781843
3781875
3781876
3781877
3781878
3781879
3781889
3781891
3781892
3781894
3781898
3781899
3781902
3781903
3781908
3781952
3781957
3781959
3781962
3781966
3781970
3781981
3781982
3781983
3781984
3781987
3781988
3781990
3781991
3781992
3781993
3781994
3781996
3781998
3782003
3782004
3782005
3782006
3782009
3782013
3782052
3782054
3782067
3782071
3782073
3782075
3782077
3782078
3782079
3782083
3782086
3782088
3782089
3782090
3782091
3782094
3782096
3782097
3782098
3782139
3782148
3782149
3782150
3782174
3782175
3782177
3782178
3782179
3782181
3782182
3782190
3782193
3782194
3782204
3782208
3782211
3782212
3782229
3782230
3782245
3782250
3782259
3782261
3782262
3782264
3782282
3782292
3782295
3782301
3782302
3782303
3782339
3782340
3782347
3782352
3782364
3782365
3782373
3782376
3782377
3782381
3782382
3782387
3782388
3782390
3782391
3782392
3782393
3782399
3782400
3782405
3782408
3782411
3782414
3782416
3782419
3782420
3782421
3782422
3782424
3782425
3782426
3782429
3782432
3782433
3782437
3782439
3782473
3782496
3782505
3782551
3782555
3782557
3782558
3782561
3782562
3782563
3782565
3782566
3782568
3782570
3782571
3782590
3782591
3782594
3782595
3782596
3782598
3782603
3782604
3782615
3782618
3782619
3782623
3782643
3782662
3782663
3782690
3782703
3782737
3782739
3782742
3782743
3782744
3782745
3782748
3782822
3782827
3782828
3782829
3782831
3782832
3782833
3782834
3782838
3782845
3782848
3782849
3782853
3782863
3782864
3782866
3782867
3782868
3782869
3782870
3782905
3782909
3782910
3782911
3782912
3782913
3782914
3782916
3782919
3782920
3782924
3782927
3782997
3782999
3783000
3783001
3783013
3783018
3783019
3783024
3783033
3783036
3783043
3783048
3783052
3783055
3783061
3783064
3783065
3783077
3783086
3783119
3783121
3783129
3783142
3783143
3783205
3783210
3783212
3783216
3783218
3783226
3783230
3783235
3783242
3783246
3783247
3783253
3783254
3783257
3783258
3783260
3783270
3783273
3783277
3783278
3783280
3783282
3783284
3783287
3783288
3783289
3783290
3783291
3783293
3783295
3783300
3783309
3783312
3783313
3783321
3783322
3783323
3783325
3783326
3783329
3783330
3783331
3783333
3783334
3783335
3783343
3783347
3783348
3783352
3783356
3783357
3783359
3783366
3783368
3783369
3783370
3783371
3783372
3783373
3783380
3783381
3783382
3783383
3783385
3783386
3783387
3783388
3783391
3783400
3783402
3783404
3783405
3783406
3783408
3783409
3783418
3783419
3783422
3783424
3783428
3783429
3783430
3783431
3783772
3783818
3783829
3783830
3783832
3783834
3783845
3783846
3783847
3783886
3783891
3783893
3783901
3783973
3783977
3783982
3783989
3783990
3783992
3783994
3783996
3784011
3784012
3784045
3784069
3784124
3784154
3784160
3784161
3784162
3784164
3784165
3784168
3784171
3784172
3784173
3784227
3784258
3784259
3784260
3784296
3784297
3784301
3784310
3784312
3784314
3784335
3784340
3784341
3784344
3784351
3784386
3784389
3784390
3784391
3784405
3784406
3784430
3784435
3784436
3784451
3784472
3784475
3784476
3784477
3784478
3784479
3784480
3784493
3784499
3784502
3784504
3784505
3784514
3784516
3784520
3784540
3784542
3784551
3784573
3784574
3784586
3784588
3784593
3784594
3784600
3784601
3784603
3784604
3784620
3784621
3784627
3784635
3784640
3784641
3784654
3784661
3784662
3784663
3784664
3784665
3784667
3784680
3784684
3784686
3784699
3784715
3784717
3784754
3784774
3784779
3784780
3784781
3784787
3784788
3784790
3784791
3784814
3784822
3784823
3784824
3784825
3784836
3784839
3784840
3784862
3784864
3784865
3784873
3784874
3784877
3784901
3784905
3784912
3784918
3784923
3784924
3784926
3784929
3784930
3784931
3784937
3784945
3784968
3785016
3785017
3785032
3785033
3785035
3785065
3785080
3785081
3785085
3785094
3785122
3785143
3785167
3785168
3785172
3785173
3785205
3785209
3785210
3785221
3785223
3785224
3785230
3785240
3785241
3785247
3785248
3785252
3785258
3785261
3785263
3785278
3785315
3785323
3785347
3785350
3785354
3785355
3785366
3785380
3785384
3785392
3785397
3785400
3785402
3785404
3785429
3785470
3785472
3785474
3785475
3785510
3785515
3785518
3785530
3785531
3785541
3785544
3785546
3785564
3785566
3785575
3785595
3785596
3785599
3785604
3785605
3785625
3785626
3785639
3785642
3785646
3785647
3785652
3785662
3785663
3785676
3785685
3785686
3785726
3785748
3785755
3785756
3785762
3785821
3785826
3785827
3785829
3785832
3785833
3785859
3785860
3785861
3785878
3785883
3785887
3785892
3785894
3785895
3785896
3785898
3785901
3785902
3785903
3785913
3785914
3785916
3785928
3785940
3785945
3785964
3785965
3785975
3785980
3785987
3785992
3786045
3786047
3786171
3786182
3786186
3786187
3786399
3786407
3786546
3786552
3786555
3786556
3786560
3786561
3786562
3786667
3786671
3786680
3786681
3786694
3786697
3786698
3786704
3786706
3786708
3786728
3786744
3786766
3786767
3786768
3786769
3786857
3786858
3786859
3786867
3786871
3786872
3786874
3786877
3786878
3786910
3786918
3786924
3787034
3787075
3787077
3787183
3787187
3787196
3787199
3787203
3787252
3787259
3787299
3787301
3787303
3787479
3787542
3787544
3787563
3787633
3787634
3787692
3787695
3787703
3787705
3787715
3787720
3787722
3787729
3787754
3787757
3787758
3787791
3787802
3787803
3787838
3787839
3787841
3787857
3787858
3787873
3787882
3787888
3787901
3787903
3787905
3787974
3788014
3788023
3788024
3788130
3788131
3788154
3788158
3788159
3788161
3788162
3788450
3788467
3788487
3788627
3788631
3788777
3788934
3789035
3789686
3789697
3789711
3789718
3789720
3789727
3789775
3789779
3789806
3789836
3789880
3789899
3789900
3790012
3790054
3790316
3790371
3790626
3790701
3790703
3790832
3790859
3790881
3790883
3790885
3790984
3791226
3791228
3791371
3791690
3791763
3791839
3791862
3791879
3791880
3791892
3791893
3791894
3791918
3791924
3791929
3791944
3791945
3791964
3792006
3792026
3792036
3792049
3792051
3792053
3792059
3792069
3792108
3792111
3792114
3792117
3792120
3792121
3792123
3792126
3792127
3792129
3792133
3792136
3792144
3792155
3792168
3792175
3792179
3792180
3792181
3792187
3792196
3792199
3792201
3792203
3792206
3792207
3792210
3792222
3792225
3792230
3792235
3792236
3792237
3792238
3792240
3792241
3792242
3792245
3792249
3792251
3792255
3792257
3792263
3792264
3792282
3792284
3792290
3792299
3792300
3792301
3792302
3792305
3792306
3792307
3792357
3792361
3792365
3792366
3792367
3792368
3792370
3792380
3792381
3792396
3792449
3792464
3792470
3792474
3792480
3792489
3792490
3792500
3792501
3792506
3792507
3792508
3792514
3792531
3792536
3792538
3792539
3792540
3792542
3792543
3792544
3792548
3792549
3792550
3792562
3792565
3792568
3792575
3792579
3792582
3792604
3792607
3792716
3792725
3792759
3792771
3792785
3792807
3792812
3792834
3792850
3792866
3792869
3792900
3792903
3792904
3792906
3792907
3792909
3792912
3792913
3792915
3792916
3792942
3792943
3792944
3792945
3792947
3792949
3792950
3792951
3792965
3792967
3792971
3792973
3792976
3792977
3792978
3792983
3792987
3792994
3792998
3793004
3793011
3793014
3793017
3793019
3793021
3793024
3793027
3793049
3793053
3793055
3793056
3793057
3793058
3793064
3793065
3793070
3793103
3793105
3793118
3793127
3793128
3793153
3793154
3793260
3793277
3793303
3793317
3793321
3793323
3793332
3793336
3793339
3793357
3793358
3793361
3793364
3793366
3793374
3793375
3793378
3793379
3793381
3793407
3793411
3793422
3793425
3793426
3793427
3793430
3793431
3793460
3793462
3793464
3793465
3793466
3793470
3793472
3793473
3793485
3793488
3793489
3793491
3793492
3793495
3793510
3793512
3793517
3793520
3793522
3793523
3793524
3793525
3793528
3793530
3793531
3793555
3793559
3793561
3793562
3793565
3793566
3793567
3793573
3793574
3793580
3793583
3793584
3793592
3793596
3793598
3793599
3793600
3793602
3793603
3793604
3793607
3793612
3793614
3793615
3793622
3793624
3793625
3793643
3793644
3793673
3793674
3793676
3793678
3793680
3793681
3793684
3793685
3793706
3793708
3793709
3793714
3793719
3793736
3793740
3793742
3793748
3793750
3793751
3793755
3793759
3793771
3793775
3793778
3793817
3793831
3793832
3793842
3793850
3793888
3793889
3793947
3793981
3794026
3794028
3794029
3794031
3794032
3794033
3794160
3794163
3794167
3794180
3794223
3794243
3794245
3794247
3794253
3794280
3794296
3794304
3794305
3794405
3794472
3794473
3794526
3794577
3794583
3794586
3794746
3794764
3794802
3794804
3794807
3794862
3794922
3794945
3795240
3795244
3795249
3795250
3795253
3795262
3795267
3795274
3795275
3795279
3795280
3795285
3795286
3795301
3795319
3795334
3795389
3795438
3795462
3795480
3795481
3795507
3795508
3795516
3795518
3795529
3795530
3795531
3795532
3795533
3795536
3795538
3795540
3795705
3795718
3795720
3795725
3795727
3795728
3795966
3796076
3796158
3796278
3796280
3796285
3796379
3796437
3796443
3796444
3796448
3796486
3796488
3796524
3796559
3796560
3796580
3796581
3796636
3796962
3796970
3796971
3796975
3796976
3796977
3797026
3797126
3797195
3797206
3797226
3797227
3797228
3797229
3797233
3797243
3797244
3797245
3797253
3797256
3797266
3797267
3797268
3797273
3797290
3797291
3797292
3797326
3797327
3797694
3797742
3797748
3797750
3797751
3797759
3797765
3797766
3797770
3797774
3797808
3797868
3797897
3797899
3797900
3797915
3797926
3797927
3797939
3797970
3797991
3798010
3798044
3798136
3798223
3798224
3798228
3798229
3798230
3798353
3798357
3798360
3798361
3798367
3798420
3798423
3798427
3798433
3798546
3798648
3798655
3798665
3798669
3798670
3798671
3798672
3798673
3798726
3798743
3798842
3798846
3798848
3798855
3798857
3798859
3798861
3798866
3798996
3799003
3799014
3799018
3799022
3799024
3799025
3799026
3799058
3799067
3799070
3799072
3799073
3799152
3799191
3799235
3799266
3799273
3799277
3799280
3799288
3799304
3799306
3799307
3799313
3799315
3799316
3799320
3799325
3799327
3799329
3799339
3799352
3799353
3799354
3799361
3799367
3799372
3799429
3799439
3799450
3799563
3799569
3799806
3799830
3799848
3799948
3799952
3799953
3799954
3799955
3800058
3800068
3800069
3800081
3800082
3800129
3800131
3800154
3800165
3800228
3800232
3800272
3800301
3800302
3800315
3800338
3800387
3800395
3800415
3800419
3800420
3800455
3800491
3800493
3800523
3800528
3800536
3800537
3800551
3800634
3800677
3800685
3800697
3800736
3800742
3800866
3800872
3800873
3800875
3800991
3800996
3801042
3801046
3801093
3801095
3801100
3801113
3801114
3801128
3801130
3801161
3801163
3801210
3801218
3801222
3801223
3801225
3801227
3801229
3801244
3801246
3801247
3801248
3801250
3801252
3801253
3801258
3801392
3801395
3801628
3801630
3801638
3801641
3801743
3801748
3801958
3802001
3802056
3802095
3802099
3802227
3802275
3802284
3802326
3802332
3802365
3802372
3802378
3802435
3802448
3802452
3802453
3802503
3802512
3802582
3802684
3802706
3802804
3802930
3802969
3802973
3802987
3803039
3803122
3803124
3803147
3803148
3803150
3803152
3803240
3803328
3803329
3803341
3803345
3803361
3803362
3803363
3803374
3803377
3803378
3803466
3803492
3803493
3803494
3803496
3803545
3803552
3803562
3803574
3803583
3803704
3803705
3803786
3803787
3803797
3803798
3803799
3803814
3803928
3803937
3803941
3803943
3803947
3803948
3803949
3803950
3803952
3803953
3803954
3803960
3803965
3803966
3803967
3803968
3803969
3803970
3803973
3804040
3804041
3804042
3804048
3804060
3804082
3804094
3804109
3804113
3804180
3804197
3804377
3804378
3804380
3804386
3804444
3804445
3804534
3804557
3804767
3804822
3804823
3804825
3804826
3804827
3804991
3804996
3805003
3805032
3805038
3805048
3805069
3805084
3805105
3805106
3805108
3805118
3805157
3805169
3805170
3805171
3805179
3805198
3805199
3805200
3805201
3805211
3805218
3805226
3805233
3805234
3805235
3805242
3805261
3805269
3805280
3805289
3805295
3805313
3805318
3805326
3805880
3806011
3806038
3806048
3806133
3806160
3806169
3806175
3806249
3806260
3806278
3806284
3806289
3806304
3806307
3806309
3806310
3806312
3806322
3806323
3806330
3806337
3806468
3806493
3806601
3806603
3806642
3806687
3806688
3806703
3806708
3806716
3806719
3806829
3806836
3806840
3806907
3806913
3806915
3806931
3806933
3806961
3806970
3806974
3806981
3806983
3806985
3806986
3806990
3806992
3807000
3807005
3807007
3807008
3807009
3807012
3807024
3807029
3807031
3807037
3807084
3807154
3807161
3807163
3807167
3807183
3807224
3807226
3807228
3807296
3807331
3807346
3807362
3807410
3807414
3807418
3807425
3807428
3807431
3807432
3807434
3807436
3807438
3807467
3807470
3807473
3807484
3807492
3807495
3807499
3807501
3807510
3807513
3807516
3807519
3807523
3807524
3807526
3807548
3807550
3807553
3807568
3807571
3807573
3807576
3807583
3807609
3807611
3807613
3807615
3807678
3807680
3807681
3807752
3807758
3807759
3807763
3807764
3807766
3807787
3807834
3807896
3807897
3807973
3808321
3808367
3808428
3808456
3808463
3808470
3808473
3808479
3808540
3808551
3808603
3808607
3808612
3808684
3808837
3808838
3808839
3808841
3808842
3808843
3808845
3808972
3808986
3808987
3809036
3809037
3809038
3809039
3809040
3809081
3809107
3809109
3809110
3809115
3809123
3809132
3809181
3809183
3809241
3809250
3809260
3809301
3809305
3809329
3809334
3809335
3809644
3809654
3809657
3809677
3809683
3809727
3809729
3809730
3809735
3809736
3809737
3809739
3809740
3809743
3809878
3809915
3809920
3809946
3809980
3809995
3810050
3810056
3810058
3810065
3810067
3810071
3810079
3810133
3810134
3810135
3810136
3810176
3810213
3810216
3810234
3810236
3810325
3810367
3810376
3810379
3810408
3810510
3810520
3810521
3810546
3810551
3810592
3810595
3810635
3810678
3810700
3810703
3810713
3810720
3810727
3810739
3810747
3810840
3810849
3810852
3810853
3810854
3810855
3810940
3810974
3811001
3811022
3811023
3811032
3811039
3811043
3811044
3811045
3811046
3811047
3811048
3811049
3811054
3811055
3811065
3811067
3811081
3811086
3811115
3811151
3811152
3811154
3811155
3811156
3811157
3811209
3811247
3811248
3811273
3811274
3811276
3811298
3811305
3811306
3811310
3811330
3811352
3811387
3811402
3811418
3811631
3811698
3811799
3811813
3811819
3811821
3811823
3811826
3811827
3811829
3811841
3811957
3812043
3812091
3812153
3812157
3812178
3812180
3812182
3812183
3812185
3812188
3812192
3812203
3812204
3812221
3812229
3812252
3812254
3812262
3812267
3812280
3812282
3812283
3812290
3812299
3812304
3812307
3812308
3812322
3812326
3812722
3812756
3812764
3812776
3812778
3813107
3813108
3813117
3813329
3813363
3813372
3813373
3813374
3813450
3813559
3813562
3813605
3813640
3813740
3813764
3813777
3813799
3813804
3813827
3813831
3813832
3813838
3813839
3813840
3813846
3813879
3813881
3813892
3813893
3813896
3813907
3813910
3813917
3813918
3813925
3813926
3813927
3813928
3813934
3813960
3813962
3813975
3813984
3813986
3813987
3813990
3813996
3813997
3813998
3813999
3814013
3814014
3814015
3814016
3814033
3814035
3814036
3814038
3814039
3814041
3814042
3814047
3814065
3814066
3814067
3814099
3814111
3814120
3814129
3814203
3814212
3814229
3814230
3814234
3814236
3814238
3814239
3814240
3814246
3814248
3814252
3814376
3814439
3814638
3814691
3814692
3814699
3814700
3814702
3814911
3814956
3815049
3815062
3815097
3815098
3815102
3815104
3815106
3815114
3815118
3815129
3815225
3815229
3815232
3815236
3815241
3815242
3815243
3815244
3815245
3815246
3815247
3815288
3815300
3815303
3815307
3815308
3815309
3815310
3815330
3815349
3815359
3815366
3815369
3815439
3815510
3815517
3815521
3815525
3815526
3815639
3815640
3815641
3815678
3815685
3815738
3815750
3815761
3815763
3815764
3815765
3815843
3815876
3815888
3815970
3815972
3815979
3816027
3816033
3816034
3816074
3816078
3816079
3816085
3816086
3816153
3816158
3816260
3816263
3816264
3816373
3816398
3816460
3816542
3816552
3816554
3816643
3816648
3816649
3816652
3816684
3816688
3816695
3816696
3816699
3816700
3816729
3816730
3816731
3816734
3816735
3816745
3816746
3816747
3816748
3816750
3816786
3816787
3816788
3816791
3816792
3817129
3817130
3817131
3817172
3817173
3817175
3817182
3817186
3817200
3817204
3817205
3817206
3817207
3817210
3817275
3817367
3817374
3817466
3817467
3817469
3817470
3817471
3817482
3817487
3817535
3817543
3817547
3817549
3817551
3817593
3817615
3817836
3817863
3817864
3817867
3817892
3817898
3817901
3817904
3817906
3817950
3817960
3817971
3817975
3818009
3818081
3818167
3818168
3818207
3818229
3818234
3818239
3818289
3818297
3818299
3818302
3818303
3818305
3818330
3818343
3818348
3818414
3818417
3818426
3818520
3818526
3818549
3818556
3818563
3818571
3818579
3818599
3818608
3818613
3818624
3818631
3818635
3818684
3818685
3818687
3818700
3818701
3818702
3818704
3818705
3818749
3818789
3818806
3818827
3818828
3818831
3818832
3818845
3818846
3818849
3818859
3818864
3818865
3818866
3818869
3818876
3819154
3819156
3819157
3819158
3819167
3819171
3819172
3819173
3819175
3819176
3819178
3819180
3819207
3819209
3819212
3819213
3819215
3819219
3819221
3819223
3819228
3819229
3819231
3819234
3819235
3819236
3819239
3819244
3819249
3819257
3819258
3819262
3819264
3819265
3819268
3819276
3819277
3819293
3819294
3819295
3819305
3819306
3819310
3819328
3819329
3819338
3819339
3819341
3819343
3819347
3819348
3819352
3819355
3819356
3819357
3819358
3819359
3819360
3819361
3819362
3819372
3819375
3819379
3819382
3819383
3819387
3819388
3819390
3819394
3819407
3819409
3819413
3819414
3819415
3819416
3819444
3819450
3819451
3819454
3819455
3819460
3819461
3819462
3819464
3819470
3819472
3819475
3819479
3819482
3819484
3819487
3819489
3819490
3819491
3819493
3819495
3819496
3819497
3819517
3819523
3819543
3819550
3819560
3819562
3819563
3819567
3819568
3819576
3819577
3819578
3819582
3819583
3819584
3819585
3819587
3819589
3819591
3819601
3819611
3819616
3819635
3819825
3819836
3819932
3820102
3820123
3820347
3820825
3820838
3820844
3820856
3820865
3820870
3820871
3820874
3820899
3820979
3821002
3821025
3821085
3821087
3821092
3821093
3821232
3821268
3821275
3821319
3821368
3821376
3821377
3821381
3821392
3821393
3821409
3821455
3821461
3821467
3821473
3821477
3821746
3821751
3821840
3821851
3821852
3822040
3822063
3822065
3822110
3822140
3822146
3822212
3822230
3822250
3822253
3822266
3822273
3822294
3822295
3822421
3822425
3822462
3822524
3822544
3822552
3822553
3822554
3822560
3822583
3822591
3822592
3822599
3822646
3822667
3822674
3822695
3822702
3822769
3822771
3822775
3822860
3822868
3822869
3822872
3822873
3822954
3822956
3822958
3823081
3823087
3823103
3823106
3823164
3823165
3823183
3823188
3823189
3823208
3823214
3823216
3823217
3823233
3823238
3823240
3823318
3823328
3823333
3823335
3823337
3823338
3823339
3823340
3823341
3823342
3823495
3823500
3823601
3823606
3823610
3823612
3823643
3823688
3823690
3823695
3823698
3823700
3823788
3823789
3823796
3823800
3823832
3823840
3823841
3823854
3823862
3823864
3823869
3823870
3823871
3823962
3823968
3824071
3824154
3824157
3824166
3824229
3824246
3824259
3824262
3824294
3824327
3824329
3824331
3824333
3824358
3824425
3824536
3824567
3824568
3824592
3824594
3824617
3824633
3824634
3824789
3824811
3824827
3824831
3824888
3824903
3824927
3824993
3825112
3825137
3825242
3825247
3825498
3825515
3825518
3825520
3825524
3825539
3825541
3825542
3825545
3825546
3825547
3825552
3825573
3825586
3825590
3825665
3825966
3826082
3826085
3826157
3826317
3826320
3826321
3826322
3826327
3826329
3826331
3826337
3826338
3826340
3826346
3826358
3826362
3826367
3826372
3826441
3826452
3826471
3826473
3826677
3826681
3826727
3826752
3826787
3826789
3826825
3826973
3827005
3827007
3827092
3827096
3827098
3827166
3827169
3827171
3827229
3827242
3827243
3827307
3827375
3827449
3827621
3827645
3827669
3827683
3827883
3827888
3827893
3827949
3827952
3828019
3828079
3828162
3828202
3828205
3828209
3828210
3828211
3828212
3828223
3828228
3828253
3828262
3828263
3828287
3828309
3828347
3828430
3828435
3828437
3828440
3828490
3828607
3828651
3828829
3828839
3828840
3828845
3828852
3828873
3828890
3828918
3828919
3828928
3828935
3828952
3828976
3828994
3829063
3829071
3829089
3829091
3829191
3829200
3829202
3829310
3829379
3829819
3829828
3829829
3829837
3829839
3829854
3829889
3829904
3829909
3829910
3829932
3829942
3830034
3830036
3830037
3830038
3830039
3830040
3830045
3830046
3830047
3830048
3830050
3830055
3830058
3830059
3830066
3830070
3830071
3830079
3830082
3830090
3830094
3830098
3830100
3830115
3830118
3830125
3830128
3830139
3830145
3830146
3830147
3830151
3830152
3830154
3830155
3830157
3830301
3830447
3830452
3830453
3830466
3830470
3830471
3830481
3830483
3830497
3830499
3830501
3830502
3830514
3830515
3830516
3830519
3830541
3830542
3830548
3830549
3830551
3830552
3830557
3830559
3830560
3830562
3830563
3830581
3830594
3830659
3830666
3830688
3830718
3830726
3830743
3830749
3830811
3830893
3830902
3830908
3830912
3830916
3830936
3830941
3830948
3830953
3830958
3831024
3831033
3831036
3831127
3831163
3831180
3831184
3831185
3831191
3831208
3831231
3831234
3831239
3831246
3831262
3831271
3831277
3831281
3831289
3831413
3831427
3831479
3831480
3831485
3831496
3831497
3831498
3831506
3831520
3831527
3831538
3831542
3831564
3831617
3831628
3831633
3831696
3831705
3831706
3831708
3831711
3831712
3831714
3831778
3832070
3832074
3832080
3832081
3832084
3832097
3832104
3832113
3832114
3832115
3832116
3832117
3832119
3832125
3832126
3832134
3832173
3832178
3832180
3832199
3832202
3832219
3832225
3832297
3832330
3832332
3832399
3832451
3832454
3832456
3832457
3832477
3832481
3832485
3832497
3832500
3832501
3832505
3832507
3832510
3832519
3832520
3832525
3832585
3832591
3832595
3832596
3832597
3832612
3832620
3832621
3832622
3832751
3832754
3832755
3832756
3832762
3832767
3832773
3832774
3832776
3832778
3832779
3832794
3832803
3832805
3832807
3832823
3832874
3832882
3832884
3832885
3832889
3832890
3832898
3832900
3832911
3832914
3832927
3832929
3832941
3833006
3833011
3833077
3833079
3833089
3833091
3833154
3833160
3833162
3833165
3833167
3833168
3833169
3833170
3833308
3833312
3833313
3833316
3833319
3833321
3833330
3833331
3833335
3833342
3833343
3833345
3833363
3833365
3833371
3833381
3833382
3833384
3833388
3833391
3833405
3833408
3833419
3833445
3833446
3833455
3833473
3833478
3833525
3833526
3833537
3833561
3833567
3833591
3833597
3833610
3833615
3833641
3833686
3833690
3833751
3833753
3833756
3833757
3833789
3833796
3833799
3833804
3833830
3833835
3833842
3833844
3834107
3834123
3834158
3834163
3834165
3834166
3834167
3834168
3834169
3834177
3834178
3834179
3834191
3834193
3834199
3834204
3834205
3834208
3834232
3834272
3834311
3834352
3834354
3834359
3834362
3834364
3834365
3834366
3834388
3834389
3834469
3834479
3834481
3834484
3834485
3834486
3834488
3834489
3834518
3834524
3834575
3834582
3834585
3834595
3834601
3834604
3834620
3834621
3834659
3834664
3834670
3834671
3834679
3834680
3834683
3834687
3834689
3834693
3834697
3834700
3834706
3834726
3834728
3834731
3834735
3834740
3834742
3834811
3834814
3834815
3834816
3834819
3834868
3834883
3834884
3834903
3834904
3834910
3834942
3834943
3834975
3834976
3834979
3834980
3834981
3834982
3834983
3835005
3835006
3835015
3835016
3835028
3835034
3835035
3835171
3835172
3835177
3835180
3835195
3835197
3835198
3835199
3835214
3835215
3835230
3835241
3835250
3835275
3835277
3835654
3835660
3835661
3835663
3835664
3835669
3835784
3835785
3835786
3835789
3835790
3835791
3835799
3835800
3835801
3835804
3835805
3835806
3835814
3835818
3835837
3835851
3835877
3835881
3835882
3835888
3835893
3835895
3835899
3835903
3835904
3835906
3835911
3835915
3835916
3835918
3835921
3835926
3835940
3835941
3835942
3835944
3835947
3836066
3836180
3836199
3836259
3836374
3836382
3836394
3836405
3836413
3836414
3836422
3836499
3836613
3836635
3836677
3836695
3836698
3836797
3836801
3836951
3837034
3837037
3837237
3837357
3837373
3837848
3837850
3837944
3837956
3837958
3837960
3837975
3837983
3837984
3838033
3838042
3838044
3838045
3838046
3838048
3838050
3838051
3838053
3838054
3838055
3838058
3838066
3838067
3838068
3838200
3838213
3838225
3838227
3838276
3838277
3838512
3838516
3838540
3838545
3838575
3838585
3838588
3838590
3838596
3838684
3838751
3838807
3838808
3838815
3838847
3838983
3839013
3839036
3839063
3839068
3839076
3839139
3839156
3839158
3839159
3839161
3839164
3839242
3839330
3839358
3839403
3839407
3839494
3839509
3839511
3839527
3839535
3839687
3839693
3839698
3839699
3839702
3839732
3839753
3839756
3839760
3839795
3839797
3839798
3839834
3839883
3839960
3839965
3840015
3840039
3840059
3840065
3840066
3840071
3840072
3840074
3840097
3840104
3840119
3840130
3840133
3840197
3840265
3840270
3840271
3840272
3840274
3840275
3840300
3840303
3840304
3840314
3840322
3840385
3840439
3840449
3840458
3840480
3840510
3840546
3840600
3840617
3840619
3840629
3840670
3840671
3840684
3840687
3840688
3840755
3840795
3840830
3840837
3840932
3840938
3840939
3840940
3840943
3840945
3840970
3841092
3841097
3841098
3841106
3841137
3841192
3841249
3841299
3841356
3841382
3841389
3841435
3841437
3841438
3841440
3841441
3841498
3841520
3841565
3841573
3841584
3841593
3841615
3841652
3841658
3841678
3841711
3841786
3841791
3841871
3841884
3841888
3841918
3841998
3842051
3842072
3842081
3842089
3842094
3842345
3842354
3842355
3842356
3842443
3842448
3842456
3842463
3842464
3842465
3842483
3842484
3842542
3842658
3842659
3842725
3842726
3842762
3842778
3842894
3842900
3842901
3842916
3842940
3843042
3843055
3843062
3843141
3843192
3843275
3843276
3843390
3843435
3843465
3843531
3843532
3843590
3843883
3843895
3843898
3843901
3844011
3844012
3844017
3844018
3844021
3844022
3844025
3844026
3844029
3844039
3844043
3844046
3844047
3844048
3844049
3844050
3844093
3844108
3844129
3844131
3844134
3844135
3844136
3844146
3844166
3844186
3844187
3844269
3844355
3844360
3844394
3844396
3844398
3844429
3844438
3844464
3844471
3844475
3844477
3844483
3844490
3844491
3844510
3844515
3844540
3844566
3844622
3844628
3844630
3844643
3844646
3844647
3844674
3844678
3844683
3844693
3844697
3845088
3845107
3845109
3845114
3845115
3845119
3845120
3845128
3845135
3845136
3845140
3845143
3845144
3845214
3845221
3845225
3845418
3845421
3845439
3845441
3845450
3845451
3845517
3845536
3845537
3845542
3845620
3845622
3845625
3845627
3845678
3845682
3845685
3845686
3845687
3845701
3845761
3845770
3845946
3846029
3846054
3846058
3846059
3846067
3846086
3846122
3846127
3846132
3846143
3846148
3846211
3846272
3846312
3846351
3846357
3846419
3846420
3846431
3846435
3846505
3846544
3846565
3846613
3846618
3846629
3846632
3846698
3846709
3846727
3846731
3846774
3846885
3846963
3847023
3847028
3847031
3847032
3847033
3847064
3847082
3847281
3847283
3847285
3847312
3847328
3847348
3847349
3847376
3847377
3847380
3847792
3847794
3847817
3847825
3847921
3847925
3848014
3848021
3848022
3848025
3848026
3848051
3848073
3848077
3848083
3848085
3848086
3848298
3848526
3848535
3848539
3848568
3848660
3848662
3848669
3848671
3848672
3848682
3848755
3848756
3848774
3848775
3848815
3848816
3848871
3848909
3848937
3848954
3848979
3848989
3849002
3849016
3849018
3849020
3849062
3849075
3849092
3849094
3849099
3849100
3849101
3849116
3849124
3849132
3849161
3849163
3849178
3849186
3849190
3849329
3849510
3849514
3849569
3849577
3849578
3849588
3849590
3849592
3849594
3849603
3849604
3849609
3849612
3849630
3849692
3849698
3849699
3849702
3849703
3849707
3849708
3849802
3849833
3849850
3849851
3849853
3849861
3849862
3849890
3849891
3849915
3849931
3849942
3849949
3849954
3850038
3850051
3850054
3850194
3850366
3850386
3850400
3850566
3850572
3850573
3850575
3850580
3850582
3850583
3850585
3850586
3850591
3850803
3850826
3851217
3851222
3851229
3851234
3851681
3851685
3851816
3851829
3851850
3851851
3851862
3851864
3851868
3851869
3851870
3851875
3851876
3851877
3851893
3851896
3851897
3851898
3851899
3851901
3851902
3851917
3851918
3851921
3851922
3851925
3851926
3851985
3851997
3852041
3852102
3852103
3852128
3852141
3852143
3852149
3852169
3852174
3852176
3852212
3852272
3852273
3852328
3852357
3852358
3852376
3852378
3852430
3852431
3852435
3852437
3852497
3852513
3852522
3852525
3852528
3852532
3852536
3852537
3852561
3852589
3852612
3852613
3852616
3852618
3852623
3852624
3852634
3852642
3852643
3852650
3852651
3852661
3852662
3852663
3852667
3852680
3852681
3852684
3852685
3852693
3852697
3852704
3852708
3852711
3852714
3852717
3852757
3852764
3852767
3852773
3852774
3852788
3852827
3852843
3853394
3853400
3853409
3853410
3853411
3853413
3853418
3853504
3853581
3853600
3853719
3853728
3853752
3853757
3853759
3853838
3853916
3853956
3853961
3853964
3853965
3853975
3854005
3854133
3854135
3854137
3854150
3854157
3854257
3854265
3854272
3854273
3854275
3854373
3854408
3854412
3854439
3854675
3854682
3854684
3854690
3854695
3854696
3854932
3854948
3854962
3854963
3854966
3854975
3854976
3854978
3854994
3855015
3855038
3855098
3855103
3855104
3855106
3855107
3855108
3855217
3855299
3855310
3855335
3855339
3855352
3855360
3855380
3855411
3855413
3855474
3855490
3855804
3855816
3856078
3856088
3856247
3856262
3856270
3856274
3856458
3856464
3856929
3857119
3857210
3857211
3857263
3857266
3857273
3857303
3857318
3857320
3857411
3857545
3857552
3857659
3858471
3858954
3858956
3858962
3858964
3858967
3858969
3858970
3858999
3859000
3859001
3859005
3859006
3859012
3859022
3859033
3859034
3859042
3859054
3859065
3859078
3859298
3859324
3859335
3859403
3859404
3859418
3859466
3859473
3859474
3859478
3859480
3859482
3859484
3859603
3859606
3859616
3859617
3859618
3859622
3859629
3859647
3859657
3859660
3859667
3859668
3859733
3859735
3859740
3859741
3859742
3859743
3859744
3859750
3859753
3859760
3859762
3859770
3859773
3859781
3859782
3859786
3859809
3859812
3859816
3859821
3859840
3859844
3859845
3859848
3859850
3859852
3859854
3859874
3859879
3859882
3859994
3860023
3860126
3860133
3860135
3860138
3860140
3860143
3860152
3860153
3860154
3860157
3860164
3860166
3860169
3860172
3860181
3860182
3860183
3860184
3860187
3860196
3860250
3860254
3860263
3860272
3860273
3860278
3860281
3860290
3860292
3860293
3860295
3860305
3860306
3860333
3860337
3860340
3860345
3860347
3860467
3860468
3860470
3860473
3860476
3860479
3860480
3860481
3860482
3860487
3860488
3860489
3860495
3860496
3860498
3860511
3860513
3860516
3860519
3860521
3860523
3860526
3860527
3860533
3860536
3860538
3860541
3860548
3860550
3860551
3860552
3860555
3860566
3860568
3860571
3860578
3860579
3860583
3860584
3860734
3860736
3860774
3860799
3860800
3860881
3860918
3860944
3861011
3861031
3861036
3861037
3861040
3861042
3861044
3861096
3861099
3861102
3861108
3861144
3861197
3861220
3861242
3861307
3861339
3861413
3861440
3861458
3861481
3861497
3861552
3861587
3861599
3861693
3861829
3861843
3861869
3861877
3861880
3861882
3861884
3861888
3861997
3862009
3862015
3862040
3862100
3862115
3862130
3862146
3862167
3862190
3862245
3862250
3862269
3862291
3862297
3862299
3862350
3862376
3862377
3862619
3862620
3862621
3862783
3862992
3863026
3863047
3863049
3863053
3863056
3863057
3863058
3863059
3863068
3863116
3863128
3863146
3863211
3863333
3863369
3863392
3863410
3863447
3863536
3863774
3863778
3863782
3863792
3863793
3863799
3863805
3863814
3863823
3863869
3863883
3863903
3863908
3863920
3863968
3863975
3863980
3863997
3864030
3864040
3864061
3864071
3864095
3864139
3864207
3864227
3864331
3864334
3864364
3864411
3864458
3864464
3864467
3864469
3864471
3864472
3864473
3864475
3864544
3864552
3864553
3864558
3864560
3864562
3864563
3864564
3864571
3864619
3864664
3864686
3864783
3864789
3864790
3864816
3864825
3864827
3864830
3864987
3864988
3864989
3865006
3865010
3865082
3865177
3865178
3865190
3865204
3865286
3865296
3865323
3865324
3865358
3865361
3865362
3865373
3865378
3865553
3865555
3865558
3865561
3865563
3865564
3865565
3865566
3865567
3865568
3865614
3865622
3865623
3865626
3865632
3865650
3865806
3865828
3865836
3865909
3865918
3866007
3866015
3866017
3866055
3866320
3866574
3866578
3866583
3866586
3866622
3866625
3866626
3866629
3866634
3866637
3866639
3866642
3866643
3866646
3866647
3866685
3866687
3866746
3866747
3866797
3866798
3866841
3866847
3866864
3866886
3866947
3867119
3867151
3867182
3867327
3867354
3867359
3867367
3867372
3867464
3867468
3867474
3867478
3867552
3867620
3867623
3867629
3867631
3867633
3867635
3867659
3867672
3867711
3867791
3867792
3867793
3867819
3867826
3867830
3867832
3867833
3867837
3867844
3867845
3867846
3867847
3867848
3868447
3868448
3868479
3868506
3868656
3868676
3868681
3868794
3868872
3869262
3869740
3869821
3871082
3871589
3871642
3871654
3871798
3872236
3873287
3873302
3873562
3873595
3873605
3873611
3873612
3873625
3873629
3873642
3873651
3873672
3873676
3873684
3873715
3873719
3873729
3873740
3873806
3873811
3873818
3873821
3873826
3873831
3873844
3873862
3873866
3873867
3873868
3873872
3873882
3873887
3873917
3873918
3873938
3873941
3873947
3873950
3874007
3874008
3874009
3874013
3874017
3874019
3874031
3874050
3874067
3874070
3874073
3874082
3874089
3874094
3874096
3874097
3874098
3874116
3874122
3874123
3874124
3874126
3874128
3874135
3874143
3874145
3874146
3874147
3874148
3874154
3874156
3874167
3874183
3874186
3874189
3874205
3874216
3874219
3874272
3874273
3874277
3874282
3874284
3874286
3874288
3874292
3874294
3874297
3874310
3874313
3874359
3874361
3874362
3874363
3874364
3874365
3874395
3874561
3875019
3875025
3875114
3875214
3875215
3875223
3875224
3875320
3875509
3875759
3875813
3875818
3875854
3875860
3875862
3875901
3876084
3876142
3876464
3876468
3876469
3876470
3876471
3876543
3876570
3876624
3876663
3876732
3876740
3876748
3876772
3876933
3877048
3877089
3877197
3877198
3877208
3877665
3877688
3877708
3877751
3877777
3877785
3878432
3878543
3879022
3879091
3879198
3879256
3879352
3879467
3879939
3880228
3880329
3880632
3881074
3881075
3881230
3881244
3881560
3881695
3881770
3881831
3881907
3881936
3881972
3882104
3882342
3882457
3882461
3882476
3882477
3882478
3882486
3882487
3882491
3882575
3882578
3882581
3882582
3882743
3882746
3882749
3882764
3882766
3882778
3882875
3882885
3882886
3882946
3882956
3882967
3882969
3883027
3883039
3883040
3883058
3883077
3883078
3883091
3883114
3883120
3883143
3883148
3883151
3883161
3883162
3883164
3883165
3883170
3883209
3883246
3883248
3883392
3883406
3883407
3883415
3883416
3883421
3883427
3883430
3883433
3883449
3883455
3883461
3883463
3883464
3883465
3883466
3883469
3883470
3883471
3883531
3883537
3883542
3883547
3883548
3883552
3883553
3883575
3883583
3883689
3883829
3883830
3883859
3883863
3883868
3883891
3883905
3883936
3883955
3884031
3884044
3884254
3884361
3884363
3884432
3884437
3884438
3884439
3884489
3884510
3884719
3884771
3884779
3884784
3884785
3884808
3884986
3884991
3885248
3885258
3885261
3885338
3885351
3885430
3885431
3885456
3885472
3885607
3885620
3885639
3885836
3885837
3885847
3885854
3885866
3885870
3885885
3885886
3885887
3885888
3885889
3885890
3885892
3885894
3885897
3885900
3885902
3885903
3885904
3885905
3885906
3885944
3885986
3885991
3885995
3886020
3886119
3886120
3886126
3886129
3886140
3886238
3886239
3886254
3886258
3886293
3886296
3886297
3886337
3886338
3886343
3886346
3886347
3886348
3886356
3886357
3886438
3886493
3886495
3886501
3886506
3886508
3886514
3886537
3886539
3886540
3886544
3886546
3886547
3886551
3886554
3886557
3886559
3886574
3886577
3886619
3886626
3886630
3886631
3886633
3886634
3886649
3886652
3886653
3886689
3886695
3886718
3886722
3886726
3886733
3886734
3886744
3886745
3886749
3886750
3886755
3886756
3886758
3886768
3886773
3886774
3886775
3886781
3886785
3886787
3886789
3886790
3886791
3886792
3886793
3886853
3886921
3886925
3886929
3886944
3886947
3886949
3886951
3886954
3886959
3886987
3886990
3886991
3886996
3887001
3887010
3887018
3887051
3887061
3887065
3887066
3887067
3887068
3887078
3887110
3887138
3887145
3887154
3887156
3887158
3887171
3887172
3887179
3887180
3887184
3887247
3887248
3887254
3887255
3887258
3887260
3887339
3887344
3887349
3887380
3887389
3887395
3887396
3887398
3887402
3887412
3887414
3887416
3887435
3887462
3887466
3887493
3887494
3887560
3887566
3887605
3887606
3887612
3887620
3887639
3887672
3887675
3887676
3887678
3887693
3887696
3887698
3887704
3887705
3887714
3887774
3887780
3887782
3887784
3887788
3887790
3887794
3887795
3887796
3887806
3887817
3887818
3887819
3887827
3887830
3887832
3887833
3887834
3887848
3887851
3887853
3887855
3887859
3887861
3887862
3887863
3887864
3887865
3887866
3887882
3887890
3887893
3887895
3887901
3887911
3887923
3887926
3887928
3887929
3887942
3887953
3887964
3887967
3887968
3887970
3887983
3887988
3887992
3887998
3888004
3888008
3888028
3888029
3888032
3888035
3888036
3888039
3888061
3888067
3888079
3888100
3888108
3888111
3888121
3888122
3888124
3888126
3888137
3888138
3888139
3888140
3888145
3888146
3888148
3888166
3888167
3888174
3888175
3888177
3888227
3888230
3888231
3888233
3888234
3888235
3888240
3888258
3888283
3888311
3888312
3888324
3888331
3888358
3888365
3888366
3888409
3888410
3888429
3888442
3888449
3888452
3888455
3888503
3888525
3888527
3888528
3888597
3888608
3888616
3888633
3888648
3888662
3888705
3888728
3888730
3888740
3888745
3888757
3888772
3888784
3888785
3888787
3888797
3888803
3888808
3888809
3888811
3888812
3888853
3888858
3888861
3888864
3888883
3888884
3888886
3888888
3888991
3888996
3889007
3889010
3889042
3889045
3889089
3889155
3889463
3889497
3889502
3889514
3889522
3889699
3889700
3889752
3889830
3890107
3890377
3890379
3890404
3890420
3890462
3890489
3890494
3890528
3890534
3890559
3890566
3890597
3890599
3890605
3890673
3890708
3890729
3890741
3890757
3890763
3890766
3890768
3890797
3890843
3890854
3890855
3890865
3890866
3890868
3890882
3890891
3890893
3890895
3890907
3890920
3890921
3890922
3890924
3890947
3890948
3890949
3890973
3890979
3890982
3890984
3890986
3891019
3891046
3891130
3891131
3891133
3891169
3891174
3891219
3891225
3891243
3891248
3891289
3891291
3891319
3891329
3891332
3891343
3891363
3891368
3891372
3891374
3891377
3891379
3891420
3891421
3891430
3891480
3891482
3891496
3891507
3891543
3891545
3891598
3891619
3891622
3891626
3891629
3891647
3891648
3891684
3891686
3891689
3891691
3891821
3891845
3891847
3891859
3891860
3891864
3891865
3891868
3891869
3892036
3892048
3892063
3892170
3892179
3892182
3892233
3892244
3892246
3892247
3892275
3892279
3892280
3892281
3892282
3892318
3892329
3892330
3892335
3892338
3892339
3892340
3892341
3892362
3892366
3892367
3892368
3892369
3892370
3892371
3892372
3892373
3892384
3892385
3892389
3892391
3892394
3892395
3892396
3892397
3892398
3892401
3892402
3892403
3892405
3892406
3892407
3892409
3892618
3892620
3892624
3892722
3892723
3892724
3892729
3892771
3892772
3892773
3892774
3892775
3892779
3892783
3892787
3892792
3892797
3892912
3892913
3892914
3892960
3892963
3893004
3893008
3893010
3893108
3893109
3893112
3893113
3893116
3893199
3893241
3893253
3893271
3893279
3893280
3893281
3893282
3893287
3893288
3893474
3893475
3893476
3893482
3893500
3893504
3893525
3893526
3893528
3893536
3893608
3893666
3893670
3893672
3893673
3893675
3893708
3893714
3893721
3893730
3893731
3893734
3893748
3893749
3893750
3893753
3893755
3893759
3893765
3893766
3893846
3893847
3893849
3893850
3893851
3893852
3893891
3893892
3893894
3893895
3893896
3893897
3893900
3893903
3893904
3893905
3893906
3893907
3893910
3893912
3893933
3893957
3893981
3893984
3893997
3894002
3894007
3894014
3894022
3894069
3894072
3894081
3894088
3894091
3894101
3894248
3894256
3894399
3894401
3894442
3894464
3894608
3894633
3894639
3894642
3894649
3894652
3894667
3894681
3894685
3894686
3894700
3894837
3894904
3894907
3894912
3894920
3894928
3894976
3895008
3895009
3895012
3895014
3895028
3895029
3895212
3895217
3895220
3895224
3895226
3895227
3895228
3895232
3895247
3895248
3895255
3895263
3895274
3895336
3895356
3895404
3895406
3895409
3895423
3895424
3895425
3895428
3895439
3895442
3895463
3895496
3895498
3895544
3895562
3895565
3895586
3895645
3895652
3895661
3895662
3895665
3895666
3895669
3895767
3895774
3895776
3895777
3895824
3895845
3895846
3895877
3895881
3895887
3895889
3896019
3896025
3896037
3896043
3896045
3896049
3896052
3896060
3896065
3896066
3896074
3896132
3896215
3896255
3896261
3896296
3896297
3896298
3896318
3896321
3896324
3896338
3896479
3896481
3896485
3896504
3896511
3896622
3896624
3896648
3896702
3897157
3897351
3897357
3897363
3897364
3897365
3897367
3897503
3897507
3897510
3897527
3897529
3897535
3897538
3897539
3897568
3897586
3897587
3897655
3897930
3897940
3897949
3897952
3897962
3897963
3897966
3897972
3898063
3898071
3898077
3898093
3898095
3898142
3898158
3898232
3898235
3898239
3898240
3898294
3898296
3898297
3898308
3898372
3898403
3898457
3898476
3898478
3898493
3898616
3898631
3898633
3898643
3898646
3898664
3898756
3898759
3898760
3898770
3898771
3898772
3898780
3898783
3898794
3898796
3898845
3898846
3898850
3898862
3898863
3898874
3898875
3898962
3898964
3899016
3899017
3899019
3899020
3899023
3899036
3899044
3899285
3899304
3899360
3899362
3899366
3899368
3899377
3899392
3899394
3899396
3899397
3899471
3899475
3899504
3899509
3899512
3899522
3899526
3899537
3899589
3899592
3899599
3899633
3899717
3899722
3900017
3900021
3900025
3900183
3900184
3900206
3900254
3900255
3900260
3900263
3900264
3900293
3900384
3900391
3900403
3900411
3900417
3900419
3900420
3900500
3900568
3900583
3900617
3900620
3900623
3900624
3900625
3900626
3900703
3900706
3900710
3900715
3900787
3900788
3900803
3900816
3900827
3900909
3900911
3900933
3900978
3900984
3900985
3901016
3901084
3901150
3901192
3901463
3901466
3901468
3901493
3901500
3901509
3901510
3901514
3901525
3901527
3901564
3901569
3901571
3901600
3901608
3901622
3901624
3901625
3901630
3901692
3901694
3901709
3901714
3901763
3901764
3901772
3901773
3901823
3901862
3901865
3901926
3901945
3901963
3901964
3901965
3901971
3902052
3902062
3902065
3902080
3902082
3902142
3902148
3902150
3902154
3902207
3902225
3902295
3902320
3902323
3902361
3902376
3902385
3902401
3902405
3902415
3902434
3902437
3902443
3902556
3902559
3902563
3902564
3902565
3902567
3902568
3902581
3902582
3902584
3902585
3902586
3902590
3902591
3902594
3902644
3902652
3902697
3902713
3902714
3902726
3902843
3902851
3902877
3902906
3902910
3902913
3902922
3902923
3902925
3902926
3902927
3902929
3902937
3903008
3903009
3903040
3903044
3903119
3903136
3903178
3903183
3903186
3903241
3903247
3903273
3903281
3903285
3903288
3903293
3903300
3903306
3903344
3903413
3903422
3903428
3903489
3903490
3903494
3903499
3903505
3903519
3903539
3903613
3903615
3903616
3903741
3903743
3903768
3903789
3903791
3903795
3903800
3903802
3903803
3903806
3903807
3903816
3903927
3903932
3903934
3903936
3903940
3903945
3903964
3903990
3903991
3904054
3904077
3904078
3904102
3904111
3904117
3904118
3904138
3904143
3904147
3904156
3904157
3904158
3904163
3904166
3904183
3904184
3904185
3904187
3904202
3904218
3904219
3904220
3904225
3904248
3904257
3904259
3904262
3904263
3904270
3904274
3904275
3904276
3904277
3904278
3904279
3904283
3904284
3904286
3904301
3904310
3904371
3904379
3904380
3904401
3904425
3904433
3904434
3904453
3904458
3904468
3904473
3904474
3904491
3904498
3904501
3904502
3904515
3904525
3904527
3904537
3904550
3904551
3904561
3904564
3904578
3904617
3904618
3904619
3904627
3904630
3904632
3904633
3904635
3904636
3904803
3904808
3904816
3904818
3904923
3904931
3905012
3905014
3905039
3905080
3905085
3905088
3905091
3905094
3905241
3905322
3905332
3905402
3905404
3905437
3905448
3905492
3905512
3905576
3905580
3905581
3905582
3905583
3905604
3905607
3905634
3905641
3905643
3905646
3905743
3905899
3905904
3905972
3906016
3906023
3906069
3906074
3906080
3906081
3906094
3906099
3906124
3906125
3906183
3906189
3906191
3906195
3906197
3906198
3906235
3906245
3906249
3906251
3906254
3906255
3906297
3906304
3906316
3906329
3906330
3906339
3906401
3906472
3906475
3906530
3906563
3906573
3906576
3906585
3906592
3906596
3906599
3906603
3906608
3906609
3906659
3906672
3906718
3906726
3906729
3906730
3906732
3906736
3906848
3906854
3906872
3906873
3906883
3906884
3906885
3906886
3906888
3906889
3906890
3906891
3906892
3906893
3906895
3906899
3906902
3906904
3906910
3906918
3906919
3906922
3906923
3906924
3906925
3906926
3906930
3906932
3906933
3906934
3906935
3906937
3906938
3906939
3906940
3907012
3907023
3907060
3907086
3907088
3907092
3907093
3907094
3907095
3907097
3907098
3907099
3907100
3907101
3907103
3907104
3907105
3907106
3907117
3907118
3907120
3907121
3907122
3907123
3907124
3907125
3907127
3907128
3907130
3907131
3907134
3907135
3907136
3907137
3907138
3907139
3907140
3907142
3907143
3907146
3907147
3907148
3907149
3907151
3907153
3907154
3907155
3907156
3907168
3907178
3907217
3907254
3907270
3907317
3907325
3907331
3907334
3907349
3907351
3907354
3907371
3907379
3907380
3907382
3907386
3907399
3907404
3907405
3907412
3907413
3907414
3907415
3907416
3907417
3907418
3907423
3907432
3907438
3907442
3907443
3907444
3907446
3907448
3907449
3907450
3907451
3907481
3907486
3907489
3907490
3907515
3907548
3907561
3907571
3907606
3907607
3907613
3907614
3907620
3907626
3907630
3907639
3907651
3907653
3907654
3907655
3907656
3907658
3907659
3907660
3907661
3907663
3907665
3907666
3907667
3907668
3907671
3907672
3907675
3907706
3907709
3907712
3907720
3907724
3907725
3907728
3907760
3907776
3908038
3908040
3908041
3908051
3908053
3908063
3908066
3908072
3908079
3908080
3908082
3908086
3908094
3908095
3908108
3908109
3908118
3908120
3908128
3908129
3908134
3908145
3908146
3908148
3908149
3908153
3908155
3908156
3908157
3908158
3908159
3908160
3908164
3908166
3908167
3908168
3908169
3908183
3908184
3908196
3908202
3908208
3908212
3908272
3908285
3908286
3908288
3908300
3908301
3908302
3908317
3908322
3908331
3908349
3908394
3908396
3908481
3908535
3908543
3908545
3908551
3908568
3908569
3908689
3908711
3908721
3908735
3908746
3908749
3908775
3908779
3908791
3908835
3908886
3908903
3908928
3908939
3908951
3908954
3908969
3908970
3908971
3908972
3908975
3908976
3908977
3908978
3908979
3908997
3909003
3909004
3909008
3909016
3909017
3909022
3909107
3909109
3909110
3909114
3909115
3909116
3909129
3909139
3909185
3909186
3909199
3909200
3909208
3909209
3909210
3909226
3909227
3909228
3909229
3909230
3909233
3909299
3909306
3909401
3909402
3909424
3909425
3909428
3909438
3909445
3909448
3909452
3909510
3909536
3909542
3909588
3909591
3909599
3909609
3909611
3909625
3909627
3909629
3909634
3909635
3909641
3909656
3909676
3909677
3909678
3909693
3909694
3909698
3909699
3909700
3909701
3909702
3909703
3909705
3909706
3909707
3909708
3909709
3909710
3909712
3909713
3909715
3909716
3909717
3909719
3909721
3909723
3909724
3909725
3909727
3909730
3909732
3909733
3909734
3909735
3909736
3909742
3909744
3909745
3909746
3909747
3909748
3909753
3909755
3909756
3909757
3909760
3909762
3909763
3909764
3909765
3909770
3909771
3909773
3909781
3909785
3909787
3909788
3909789
3909790
3909791
3909792
3909805
3909806
3909807
3909809
3909811
3909832
3909835
3909846
3909849
3909857
3909871
3909874
3909879
3909880
3909882
3909883
3909886
3909887
3909888
3909890
3909901
3909907
3909908
3909910
3909916
3909918
3909941
3909946
3910039
3910057
3910062
3910064
3910067
3910080
3910166
3910168
3910218
3910232
3910248
3910250
3910252
3910281
3910283
3910310
3910315
3910319
3910346
3910355
3910356
3910366
3910369
3910370
3910371
3910375
3910376
3910388
3910389
3910395
3910396
3910471
3910493
3910494
3910524
3910532
3910550
3910557
3910558
3910559
3910560
3910561
3910562
3910563
3910564
3910588
3910590
3910594
3910595
3910596
3910599
3910600
3910601
3910602
3910606
3910607
3910608
3910609
3910610
3910612
3910618
3910619
3910620
3910623
3910624
3910625
3910626
3910627
3910628
3910629
3910630
3910631
3910632
3910633
3910634
3910635
3910640
3910643
3910645
3910652
3910710
3910712
3910719
3910722
3910735
3910738
3910742
3910757
3910758
3910761
3910764
3910779
3910784
3910787
3910789
3910790
3910791
3910792
3910793
3910794
3910795
3910796
3910797
3910800
3910801
3910802
3910803
3910807
3910809
3910810
3910813
3910816
3910817
3910819
3910826
3910829
3910830
3910831
3910858
3910869
3910872
3910875
3910877
3910899
3910920
3910928
3910950
3910955
3910958
3910960
3910964
3910965
3910966
3911041
3911046
3911114
3911123
3911348
3911352
3911376
3911703
3911707
3911710
3911712
3911726
3911739
3911741
3911744
3911747
3911749
3911753
3911832
3911847
3911910
3911913
3911917
3911920
3911982
3911987
3911988
3911993
3911994
3911996
3912031
3912033
3912034
3912035
3912036
3912044
3912056
3912060
3912065
3912078
3912084
3912148
3912152
3912153
3912154
3912156
3912157
3912196
3912354
3912356
3912443
3912446
3912448
3912449
3912451
3912452
3912453
3912514
3912515
3912526
3912569
3912570
3912584
3912591
3912645
3912699
3912700
3912717
3912728
3912757
3912762
3912764
3912765
3912767
3912769
3912770
3912776
3912779
3912786
3912796
3912799
3912800
3912814
3912861
3912863
3912870
3913033
3913046
3913160
3913163
3913299
3913362
3913393
3913438
3913447
3913470
3913473
3913477
3913478
3913498
3913518
3913525
3913547
3913552
3913638
3913647
3913654
3913657
3913663
3913666
3913667
3913673
3913677
3913679
3913698
3913716
3913724
3913726
3913756
3913969
3914026
3914064
3914066
3914067
3914073
3914105
3914267
3914268
3914339
3914341
3914395
3914507
3914534
3914545
3914553
3914557
3914560
3914561
3914567
3914568
3914577
3914585
3914602
3914603
3914632
3914638
3914644
3914645
3914647
3914649
3914650
3914658
3914668
3914673
3914678
3914679
3914722
3914735
3914742
3914743
3914756
3914765
3914786
3914804
3914863
3914893
3914900
3914906
3914953
3915071
3915075
3915076
3915090
3915165
3915176
3915216
3915238
3915240
3915245
3915250
3915291
3915298
3915301
3915302
3915334
3915335
3915336
3915530
3915540
3915558
3915649
3915706
3915707
3915734
3915747
3915749
3915750
3915756
3915757
3915759
3915815
3915816
3915831
3915880
3915882
3916010
3916013
3916014
3916209
3916216
3916218
3916219
3916233
3916400
3916525
3916588
3916589
3916634
3916640
3916641
3916693
3916879
3916882
3916885
3916888
3916889
3916890
3916942
3916952
3916954
3916956
3916958
3916961
3916962
3916963
3916965
3916990
3917008
3917011
3917026
3917030
3917031
3917093
3917118
3917393
3917406
3917462
3917488
3917501
3917519
3917520
3917521
3917524
3917755
3917757
3917760
3917844
3917986
3918011
3918019
3918027
3918030
3918071
3918073
3918074
3918075
3918076
3918077
3918079
3918281
3918284
3918286
3918287
3918305
3918327
3918330
3918333
3918334
3918335
3918337
3918346
3918350
3918352
3918353
3918355
3918356
3918399
3918424
3918432
3918436
3918439
3918475
3918575
3918622
3918629
3918630
3918632
3918634
3918640
3918641
3918642
3918644
3918703
3918756
3918822
3918898
3918955
3919022
3919046
3919048
3919049
3919055
3919112
3919116
3919169
3919171
3919202
3919203
3919204
3919209
3919210
3919211
3919237
3919241
3919247
3919255
3919256
3919257
3919261
3919262
3919274
3919281
3919285
3919290
3919360
3919380
3919381
3919395
3919397
3919398
3919399
3919401
3919402
3919421
3919422
3919423
3919424
3919426
3919441
3919444
3919445
3919453
3919466
3919468
3919469
3919476
3919478
3919491
3919643
3919644
3919659
3919662
3919664
3919666
3919669
3919679
3919680
3919684
3919687
3919689
3919690
3919695
3919696
3919703
3919706
3919710
3919711
3919723
3919728
3919730
3919731
3919733
3919734
3919735
3919736
3919741
3919742
3919769
3919771
3919774
3919816
3919831
3919833
3919852
3919864
3919875
3919879
3919880
3919912
3919929
3919936
3919965
3919969
3920018
3920056
3920060
3920062
3920063
3920083
3920085
3920088
3920090
3920091
3920108
3920121
3920123
3920157
3920165
3920168
3920176
3920188
3920209
3920214
3920216
3920220
3920222
3920228
3920232
3920261
3920262
3920276
3920284
3920286
3920287
3920288
3920289
3920290
3920292
3920329
3920384
3920386
3920389
3920390
3920404
3920407
3920493
3920509
3920511
3920513
3920532
3920536
3920537
3920539
3920556
3920563
3920566
3920567
3920569
3920602
3920636
3920700
3920710
3920714
3920716
3920721
3920733
3920735
3920738
3920739
3920741
3920743
3920752
3920761
3920765
3920781
3920782
3920785
3920835
3920836
3920859
3920863
3920869
3920891
3920894
3920896
3920897
3920900
3920901
3920902
3920913
3920916
3920928
3920991
3920996
3920998
3920999
3921002
3921009
3921016
3921017
3921079
3921084
3921087
3921088
3921097
3921100
3921146
3921305
3921306
3921307
3921308
3921309
3921310
3921312
3921313
3921406
3921407
3921409
3921449
3921462
3921464
3921486
3921493
3921494
3921528
3921534
3921554
3921564
3921567
3921582
3921585
3921590
3921604
3921617
3921618
3921623
3921636
3921651
3921664
3921698
3921699
3921705
3921714
3921729
3921769
3921774
3921775
3921808
3921809
3921821
3921824
3921828
3921837
3921839
3921949
3921956
3921958
3921959
3921961
3921962
3921965
3921970
3921976
3922006
3922018
3922023
3922024
3922032
3922033
3922036
3922063
3922072
3922112
3922114
3922115
3922120
3922123
3922134
3922148
3922174
3922176
3922177
3922182
3922184
3922185
3922188
3922189
3922214
3922215
3922216
3922217
3922218
3922221
3922247
3922293
3922338
3922342
3922358
3922364
3922368
3922371
3922375
3922376
3922377
3922378
3922380
3922381
3922390
3922392
3922397
3922398
3922400
3922402
3922403
3922404
3922405
3922406
3922482
3922495
3922498
3922501
3922521
3922522
3922524
3922526
3922572
3922578
3922582
3922586
3922591
3922593
3922612
3922622
3922623
3922627
3922649
3922651
3922653
3922658
3922659
3922665
3922666
3922738
3922743
3922745
3922800
3922823
3922829
3922830
3922832
3922834
3922835
3922837
3922865
3922868
3922869
3922887
3922888
3922890
3922891
3922892
3922893
3922894
3922918
3922919
3922955
3922959
3922961
3922964
3922971
3922974
3922975
3922976
3922978
3922983
3922988
3922989
3922990
3922991
3923004
3923007
3923010
3923017
3923023
3923032
3923034
3923036
3923048
3923076
3923080
3923081
3923094
3923097
3923101
3923105
3923106
3923107
3923108
3923111
3923148
3923150
3923151
3923224
3923228
3923229
3923231
3923234
3923237
3923247
3923248
3923249
3923252
3923264
3923267
3923270
3923279
3923281
3923299
3923300
3923341
3923374
3923376
3923384
3923386
3923396
3923399
3923400
3923412
3923455
3923457
3923460
3923469
3923470
3923472
3923487
3923493
3923501
3923570
3923605
3923608
3923616
3923624
3923626
3923627
3923628
3923630
3923632
3923657
3923659
3923660
3923662
3923664
3923670
3923707
3923709
3923710
3923756
3923761
3923765
3923810
3923814
3923849
3923860
3923862
3923865
3923893
3923902
3923907
3923910
3923912
3923928
3923966
3923968
3923976
3923977
3923981
3924017
3924018
3924024
3924025
3924036
3924038
3924041
3924044
3924045
3924048
3924054
3924055
3924060
3924100
3924131
3924141
3924142
3924190
3924193
3924205
3924223
3924224
3924243
3924256
3924275
3924282
3924283
3924382
3924411
3924414
3924508
3924569
3924573
3924577
3924579
3924580
3924581
3924582
3924584
3924634
3924640
3924760
3924815
3924817
3924858
3924864
3924871
3924875
3924881
3924914
3924985
3925003
3925004
3925018
3925031
3925032
3925033
3925063
3925080
3925085
3925088
3925098
3925099
3925152
3925173
3925178
3925189
3925197
3925198
3925299
3925323
3925330
3925331
3925332
3925338
3925346
3925349
3925350
3925386
3925538
3925632
3925633
3925635
3925639
3925640
3925643
3925662
3925685
3925689
3925690
3925722
3925771
3925776
3925784
3925787
3925818
3925826
3925828
3925829
3925841
3925847
3925857
3925867
3925870
3925883
3925929
3925932
3925941
3925967
3925986
3925991
3925997
3926011
3926012
3926014
3926015
3926018
3926051
3926090
3926092
3926093
3926094
3926104
3926122
3926271
3926280
3926287
3926291
3926303
3926310
3926315
3926355
3926433
3926441
3926447
3926450
3926456
3926527
3926574
3926642
3926644
3926646
3926652
3926653
3926654
3926656
3926657
3926658
3926659
3926662
3926665
3926673
3926674
3926675
3926679
3926681
3926705
3926716
3926718
3926720
3926721
3926722
3926724
3926725
3926738
3926740
3926756
3926776
3926900
3926913
3926932
3927086
3927115
3927118
3927127
3927219
3927221
3927231
3927245
3927250
3927254
3927255
3927256
3927257
3927262
3927263
3927264
3927280
3927295
3927305
3927309
3927359
3927371
3927374
3927379
3927384
3927388
3927404
3927408
3927409
3927413
3927417
3927419
3927421
3927425
3927426
3927428
3927431
3927456
3927461
3927462
3927486
3927490
3927491
3927492
3927493
3927494
3927495
3927498
3927499
3927500
3927501
3927503
3927514
3927515
3927541
3927573
3927576
3927577
3927581
3927639
3927643
3927655
3927662
3927677
3927703
3927708
3927711
3927713
3927714
3927715
3927717
3927724
3927729
3927731
3927735
3927736
3927742
3927743
3927745
3927832
3927848
3927878
3927902
3927929
3927940
3927948
3927953
3927990
3927999
3928007
3928019
3928041
3928044
3928048
3928052
3928053
3928056
3928065
3928066
3928079
3928080
3928111
3928169
3928214
3928219
3928225
3928233
3928236
3928251
3928257
3928277
3928278
3928280
3928310
3928312
3928313
3928331
3928342
3928361
3928385
3928386
3928406
3928431
3928433
3928470
3928475
3928496
3928609
3928631
3928632
3928634
3928635
3928639
3928640
3928641
3928644
3928646
3928649
3928653
3928660
3928667
3928695
3928945
3928963
3929125
3929126
3929154
3929176
3929177
3929185
3929189
3929191
3929195
3929197
3929217
3929236
3929273
3929385
3929394
3929479
3929480
3929487
3929488
3929489
3929498
3929507
3929525
3929550
3929568
3929575
3929639
3929644
3929653
3929662
3929663
3929668
3929674
3929751
3929752
3929789
3929793
3929805
3929806
3929807
3929808
3929812
3929885
3929886
3929887
3929889
3929890
3929899
3929902
3929926
3929933
3929990
3929997
3930219
3930232
3930246
3930247
3930252
3930273
3930285
3930310
3930353
3930413
3930415
3930577
3930579
3930589
3930593
3930615
3930616
3930620
3930621
3930647
3930658
3930663
3930666
3930667
3930669
3930731
3930733
3930790
3930797
3930798
3930800
3930802
3930805
3930825
3930826
3930828
3930829
3930830
3930831
3930848
3930854
3930950
3930961
3930964
3930965
3930967
3930968
3930969
3930970
3930995
3931008
3931012
3931015
3931023
3931037
3931066
3931070
3931072
3931073
3931074
3931075
3931078
3931084
3931086
3931087
3931091
3931092
3931095
3931096
3931114
3931128
3931137
3931140
3931142
3931143
3931160
3931167
3931168
3931170
3931172
3931174
3931176
3931179
3931180
3931184
3931187
3931194
3931197
3931198
3931199
3931219
3931221
3931236
3931247
3931253
3931254
3931263
3931264
3931271
3931276
3931286
3931293
3931294
3931295
3931296
3931298
3931307
3931308
3931310
3931317
3931318
3931319
3931324
3931326
3931327
3931358
3931364
3931365
3931366
3931368
3931377
3931388
3931392
3931397
3931406
3931420
3931435
3931437
3931438
3931440
3931442
3931457
3931458
3931460
3931461
3931462
3931465
3931466
3931470
3931471
3931474
3931477
3931478
3931484
3931485
3931490
3931495
3931496
3931505
3931507
3931508
3931509
3931547
3931550
3931559
3931561
3931572
3931578
3931581
3931611
3931613
3931618
3931621
3931624
3931625
3931626
3931630
3931637
3931638
3931653
3931664
3931668
3931697
3931698
3931699
3931700
3931701
3931703
3931758
3931770
3931771
3931829
3931873
3931923
3931928
3931950
3931951
3931985
3931986
3931990
3932006
3932007
3932009
3932013
3932053
3932058
3932068
3932085
3932101
3932102
3932176
3932179
3932212
3932255
3932305
3932306
3932308
3932322
3932348
3932352
3932359
3932361
3932396
3932417
3932423
3932454
3932462
3932480
3932481
3932483
3932487
3932493
3932494
3932501
3932509
3932514
3932518
3932528
3932530
3932532
3932538
3932539
3932540
3932555
3932557
3932558
3932731
3932734
3932741
3932742
3932786
3932823
3932829
3932831
3932836
3932841
3932849
3932858
3932880
3932882
3932887
3932888
3932893
3932918
3932919
3932959
3932960
3932971
3932976
3932980
3932981
3932986
3933005
3933017
3933018
3933062
3933068
3933098
3933105
3933106
3933132
3933133
3933142
3933143
3933149
3933150
3933153
3933154
3933188
3933197
3933199
3933242
3933244
3933271
3933284
3933292
3933293
3933295
3933296
3933297
3933298
3933299
3933301
3933302
3933304
3933308
3933314
3933316
3933339
3933363
3933364
3933366
3933390
3933397
3933399
3933400
3933402
3933403
3933414
3933418
3933419
3933420
3933421
3933422
3933423
3933428
3933431
3933432
3933433
3933434
3933440
3933441
3933442
3933448
3933449
3933452
3933461
3933465
3933466
3933468
3933471
3933489
3933490
3933491
3933492
3933493
3933494
3933495
3933496
3933518
3933521
3933528
3933529
3933532
3933536
3933538
3933542
3933563
3933583
3933586
3933592
3933593
3933594
3933595
3933644
3933648
3933654
3933669
3933673
3933674
3933676
3933682
3933685
3933693
3933717
3933722
3933731
3933737
3933758
3933779
3933780
3933782
3933787
3933792
3933794
3933800
3933801
3933829
3933835
3933836
3933837
3933842
3933843
3933881
3933882
3933887
3933900
3933901
3933926
3933932
3933933
3933939
3933968
3933976
3934005
3934007
3934015
3934028
3934052
3934053
3934069
3934073
3934075
3934118
3934119
3934128
3934151
3934152
3934162
3934195
3934197
3934201
3934202
3934222
3934255
3934260
3934261
3934262
3934272
3934276
3934278
3934291
3934293
3934296
3934299
3934300
3934301
3934302
3934304
3934305
3934307
3934308
3934309
3934310
3934319
3934328
3934329
3934330
3934333
3934336
3934349
3934363
3934370
3934372
3934375
3934377
3934387
3934388
3934389
3934396
3934397
3934398
3934404
3934407
3934486
3934492
3934498
3934502
3934508
3934519
3934520
3934556
3934558
3934561
3934585
3934591
3934596
3934601
3934606
3934636
3934637
3934638
3934642
3934646
3934648
3934649
3934652
3934656
3934664
3934670
3934687
3934688
3934691
3934711
3934712
3934713
3934714
3934715
3934721
3934727
3934728
3934732
3934736
3934740
3934744
3934747
3934750
3934752
3934756
3934764
3934773
3934774
3934802
3934807
3934808
3934813
3934822
3934827
3934848
3934849
3934851
3934854
3934864
3934865
3934887
3934892
3934895
3934896
3934928
3934942
3934943
3934944
3934961
3934962
3934992
3934996
3934998
3935001
3935002
3935003
3935036
3935042
3935043
3935079
3935087
3935088
3935090
3935095
3935104
3935106
3935107
3935109
3935116
3935121
3935125
3935142
3935154
3935157
3935159
3935163
3935166
3935167
3935172
3935176
3935186
3935191
3935193
3935194
3935195
3935200
3935204
3935205
3935206
3935216
3935231
3935239
3935240
3935244
3935247
3935250
3935254
3935257
3935277
3935291
3935325
3935343
3935347
3935352
3935391
3935403
3935405
3935410
3935411
3935417
3935430
3935431
3935433
3935442
3935453
3935456
3935481
3935485
3935489
3935516
3935522
3935545
3935558
3935560
3935574
3935584
3935596
3935599
3935601
3935603
3935670
3935703
3935705
3935730
3935737
3935738
3935758
3935797
3935801
3935805
3935920
3935933
3936054
3936069
3936071
3936174
3936175
3936176
3936177
3936178
3936179
3936211
3936230
3936243
3936244
3936245
3936246
3936247
3936248
3936279
3936282
3936283
3936293
3936299
3936302
3936307
3936308
3936310
3936311
3936315
3936330
3936337
3936344
3936365
3936368
3936372
3936373
3936393
3936397
3936402
3936408
3936413
3936414
3936418
3936425
3936429
3936434
3936435
3936445
3936452
3936463
3936465
3936467
3936470
3936472
3936473
3936474
3936475
3936476
3936479
3936480
3936483
3936485
3936486
3936487
3936489
3936491
3936494
3936496
3936497
3936498
3936499
3936500
3936504
3936507
3936508
3936509
3936511
3936513
3936515
3936519
3936524
3936525
3936533
3936535
3936536
3936537
3936540
3936544
3936545
3936546
3936557
3936585
3936586
3936590
3936592
3936595
3936596
3936597
3936598
3936601
3936607
3936628
3936637
3936642
3936650
3936659
3936666
3936683
3936695
3936700
3936706
3936708
3936736
3936833
3936963
3936987
3937017
3937021
3937027
3937029
3937037
3937048
3937055
3937130
3937135
3937148
3937170
3937176
3937178
3937179
3937180
3937181
3937202
3937243
3937251
3937252
3937299
3937310
3937326
3937406
3937410
3937438
3937464
3937474
3937475
3937517
3937518
3937520
3937522
3937524
3937525
3937526
3937565
3937567
3937616
3937648
3937676
3937682
3937685
3937731
3937760
3937761
3937801
3937803
3937820
3937847
3937850
3937862
3937865
3937872
3937874
3937876
3937877
3937880
3938002
3938038
3938056
3938059
3938068
3938071
3938084
3938087
3938090
3938111
3938117
3938121
3938124
3938125
3938126
3938127
3938128
3938129
3938134
3938135
3938147
3938151
3938161
3938167
3938184
3938197
3938296
3938359
3938363
3938492
3938502
3938505
3938574
3938820
3938821
3938822
3938823
3938833
3938834
3938835
3938851
3938880
3938898
3938915
3938952
3938954
3939047
3939115
3939117
3939135
3939138
3939145
3939147
3939150
3939152
3939154
3939227
3939293
3939305
3939339
3939345
3939356
3939358
3939360
3939371
3939397
3939398
3939401
3939408
3939410
3939439
3939443
3939447
3939452
3939453
3939455
3939456
3939457
3939458
3939459
3939461
3939462
3939465
3939469
3939470
3939472
3939476
3939481
3939483
3939484
3939485
3939486
3939487
3939488
3939490
3939492
3939493
3939495
3939500
3939502
3939503
3939504
3939505
3939506
3939507
3939508
3939509
3939510
3939519
3939524
3939527
3939529
3939532
3939535
3939542
3939544
3939545
3939546
3939547
3939548
3939549
3939554
3939556
3939557
3939558
3939559
3939560
3939564
3939565
3939566
3939568
3939570
3939573
3939575
3939576
3939577
3939578
3939580
3939582
3939583
3939584
3939585
3939586
3939589
3939594
3939595
3939599
3939603
3939605
3939649
3939652
3939661
3939662
3939663
3939664
3939685
3939686
3939687
3939688
3939718
3939723
3939725
3939728
3939750
3939751
3939755
3939777
3939779
3939819
3939822
3939824
3939829
3939854
3939855
3939880
3939890
3939892
3939893
3939894
3939896
3939898
3939899
3939915
3939919
3939920
3939924
3939925
3939926
3939927
3939929
3939943
3939944
3939951
3939952
3939965
3939969
3939970
3939973
3939979
3940029
3940037
3940067
3940071
3940072
3940073
3940074
3940075
3940121
3940122
3940125
3940126
3940130
3940133
3940134
3940135
3940141
3940142
3940155
3940157
3940158
3940159
3940160
3940163
3940169
3940170
3940172
3940175
3940185
3940188
3940189
3940191
3940192
3940210
3940213
3940217
3940229
3940231
3940232
3940235
3940236
3940253
3940255
3940256
3940260
3940261
3940265
3940297
3940300
3940303
3940305
3940323
3940325
3940326
3940343
3940345
3940346
3940347
3940351
3940360
3940364
3940365
3940366
3940367
3940368
3940369
3940374
3940376
3940392
3940394
3940395
3940397
3940409
3940414
3940419
3940420
3940421
3940422
3940425
3940430
3940456
3940457
3940461
3940463
3940475
3940489
3940492
3940496
3940500
3940506
3940533
3940539
3940540
3940564
3940567
3940570
3940571
3940579
3940604
3940612
3940618
3940630
3940634
3940638
3940665
3940669
3940694
3940717
3940721
3940731
3940732
3940734
3940737
3940740
3940741
3940742
3940761
3940762
3940764
3940765
3940777
3940779
3940780
3940798
3940800
3940806
3940807
3940810
3940812
3940814
3940815
3940819
3940820
3940821
3940831
3940834
3940835
3940836
3940845
3940849
3940857
3940858
3940860
3940862
3940912
3940913
3940934
3940935
3940936
3940938
3940944
3940945
3940954
3940960
3940961
3940962
3940974
3940977
3940983
3940988
3940990
3941007
3941010
3941013
3941016
3941027
3941029
3941060
3941123
3941125
3941129
3941133
3941134
3941138
3941139
3941140
3941142
3941143
3941162
3941172
3941190
3941194
3941197
3941198
3941200
3941203
3941204
3941206
3941209
3941215
3941219
3941221
3941226
3941229
3941235
3941236
3941237
3941255
3941264
3941273
3941291
3941303
3941316
3941330
3941354
3941365
3941378
3941385
3941392
3941393
3941400
3941401
3941517
3941521
3941522
3941523
3941533
3941538
3941541
3941542
3941583
3941591
3941602
3941608
3941632
3941637
3941638
3941640
3941641
3941644
3941645
3941662
3941664
3941667
3941668
3941669
3941698
3941702
3941711
3941713
3941714
3941776
3941790
3941791
3941792
3941793
3941794
3941795
3941808
3941817
3941824
3941826
3941827
3941828
3941829
3941831
3941844
3941851
3941854
3941855
3941857
3941961
3941968
3941974
3942002
3942004
3942009
3942010
3942021
3942027
3942028
3942033
3942037
3942039
3942041
3942063
3942066
3942069
3942070
3942071
3942074
3942075
3942091
3942093
3942112
3942132
3942141
3942155
3942157
3942160
3942161
3942164
3942194
3942240
3942241
3942269
3942270
3942281
3942285
3942346
3942373
3942381
3942382
3942388
3942398
3942419
3942422
3942423
3942424
3942426
3942465
3942489
3942494
3942496
3942500
3942547
3942550
3942571
3942573
3942576
3942585
3942586
3942591
3942593
3942603
3942604
3942605
3942606
3942616
3942617
3942620
3942632
3942633
3942639
3942645
3942646
3942664
3942672
3942673
3942675
3942677
3942679
3942681
3942682
3942684
3942686
3942696
3942697
3942698
3942717
3942725
3942729
3942734
3942736
3942737
3942739
3942740
3942741
3942744
3942746
3942747
3942769
3942781
3942782
3942792
3942804
3942811
3942813
3942823
3942824
3942829
3942830
3942831
3942832
3942834
3942845
3942847
3942848
3942852
3942855
3942858
3942859
3942868
3942869
3942876
3942877
3942891
3942898
3942900
3942901
3942902
3942913
3942917
3942918
3942920
3942921
3942930
3942931
3942934
3942935
3942936
3942937
3942938
3942949
3942984
3942989
3943017
3943023
3943024
3943117
3943122
3943124
3943125
3943126
3943128
3943129
3943135
3943136
3943137
3943138
3943139
3943144
3943202
3943223
3943229
3943230
3943231
3943267
3943275
3943340
3943343
3943350
3943353
3943426
3943429
3943433
3943435
3943436
3943437
3943440
3943444
3943446
3943448
3943449
3943450
3943458
3943461
3943470
3943473
3943474
3943482
3943484
3943745
3943749
3943761
3943766
3943791
3943805
3943806
3943811
3943824
3943827
3943829
3943834
3943835
3943857
3943858
3943859
3943861
3943862
3943867
3943869
3943871
3943879
3943880
3943885
3943888
3943889
3943891
3943892
3943922
3943923
3943925
3943937
3943955
3943956
3943959
3943962
3943968
3943975
3943983
3943986
3943987
3943988
3943989
3943990
3943991
3943993
3943996
3944004
3944019
3944020
3944026
3944028
3944030
3944031
3944032
3944034
3944035
3944058
3944070
3944077
3944093
3944109
3944111
3944112
3944113
3944119
3944120
3944129
3944133
3944135
3944136
3944137
3944138
3944149
3944150
3944152
3944153
3944157
3944158
3944191
3944211
3944213
3944217
3944232
3944236
3944237
3944239
3944240
3944244
3944247
3944250
3944262
3944264
3944265
3944268
3944269
3944273
3944313
3944319
3944321
3944324
3944327
3944328
3944331
3944336
3944340
3944342
3944350
3944351
3944354
3944358
3944360
3944362
3944370
3944379
3944385
3944402
3944404
3944405
3944436
3944450
3944452
3944456
3944500
3944507
3944508
3944509
3944510
3944511
3944513
3944514
3944517
3944525
3944532
3944536
3944537
3944539
3944542
3944549
3944552
3944553
3944576
3944594
3944597
3944598
3944605
3944643
3944646
3944648
3944652
3944658
3944659
3944661
3944662
3944663
3944664
3944670
3944696
3944705
3944715
3944724
3944732
3944756
3944757
3944760
3944763
3944764
3944780
3944782
3944787
3944789
3944796
3944799
3944807
3944808
3944809
3944816
3944817
3944822
3944823
3944825
3944826
3944827
3944832
3944834
3944836
3944837
3944838
3944844
3944847
3944858
3944859
3944863
3944898
3944901
3944915
3944920
3944921
3944922
3944923
3944924
3944925
3944926
3944963
3944965
3944968
3944970
3944971
3944973
3944975
3944980
3944983
3944985
3944994
3944996
3944997
3945007
3945018
3945028
3945036
3945083
3945087
3945089
3945091
3945092
3945094
3945095
3945101
3945102
3945118
3945127
3945130
3945132
3945134
3945161
3945165
3945173
3945193
3945209
3945219
3945220
3945221
3945224
3945225
3945226
3945228
3945232
3945267
3945269
3945270
3945271
3945272
3945274
3945278
3945279
3945280
3945284
3945291
3945293
3945295
3945337
3945338
3945356
3945357
3945360
3945361
3945374
3945377
3945392
3945395
3945400
3945402
3945403
3945408
3945409
3945411
3945419
3945420
3945428
3945440
3945443
3945448
3945449
3945455
3945456
3945464
3945467
3945471
3945489
3945490
3945491
3945492
3945494
3945495
3945496
3945497
3945498
3945500
3945503
3945506
3945510
3945518
3945519
3945521
3945523
3945524
3945525
3945526
3945527
3945528
3945529
3945530
3945531
3945532
3945535
3945537
3945544
3945548
3945549
3945550
3945551
3945552
3945553
3945555
3945556
3945557
3945558
3945559
3945560
3945562
3945563
3945564
3945565
3945568
3945576
3945600
3945601
3945666
3945671
3945672
3945684
3945700
3945825
3945827
3945831
3945836
3945837
3945847
3945848
3945850
3945853
3945854
3945855
3945856
3945857
3945863
3945864
3945865
3945866
3945867
3945873
3945932
3945941
3945944
3945954
3946008
3946011
3946071
3946086
3946127
3946128
3946130
3946131
3946134
3946167
3946180
3946182
3946183
3946196
3946205
3946209
3946211
3946212
3946216
3946219
3946220
3946303
3946352
3946354
3946355
3946362
3946367
3946369
3946374
3946375
3946376
3946380
3946381
3946383
3946390
3946399
3946400
3946513
3946533
3946559
3946574
3946594
3946674
3946679
3946716
3946720
3946777
3946780
3946814
3946833
3946836
3946837
3946838
3946842
3946851
3946866
3946871
3946899
3946901
3946904
3946914
3946924
3946926
3946929
3946936
3946949
3946951
3946953
3946960
3946961
3946962
3946963
3946965
3946973
3946975
3946982
3947106
3947141
3947160
3947165
3947176
3947193
3947194
3947241
3947285
3947390
3947398
3947592
3947605
3947606
3947617
3947618
3947625
3947628
3947658
3947659
3947666
3947668
3947670
3947673
3947674
3947679
3947683
3947685
3947692
3947694
3947698
3947720
3947753
3947761
3947764
3947795
3947808
3947823
3947824
3947828
3947846
3947847
3947859
3947953
3947955
3948062
3948064
3948067
3948134
3948135
3948136
3948173
3948174
3948222
3948364
3948448
3948546
3948588
3948589
3948592
3948622
3948627
3948628
3948632
3948635
3948641
3948644
3948676
3948679
3948704
3948715
3948739
3948740
3948757
3948758
3948769
3948780
3948785
3948786
3948862
3948865
3948867
3948903
3948917
3948920
3948921
3948930
3948935
3948936
3948937
3948938
3948939
3948940
3948956
3948958
3948959
3948960
3949087
3949099
3949102
3949125
3949126
3949236
3949274
3949275
3949282
3949325
3949326
3949328
3949332
3949336
3949337
3949342
3949348
3949349
3949375
3949382
3949384
3949412
3949416
3949417
3949418
3949424
3949433
3949437
3949462
3949463
3949583
3949586
3949587
3949717
3949718
3949836
3949837
3949840
3949841
3949842
3949915
3949959
3949960
3949976
3949977
3949988
3950006
3950010
3950011
3950012
3950013
3950015
3950018
3950019
3950021
3950023
3950030
3950032
3950035
3950036
3950038
3950040
3950041
3950042
3950043
3950045
3950047
3950049
3950050
3950062
3950063
3950064
3950065
3950066
3950067
3950068
3950069
3950072
3950076
3950077
3950081
3950083
3950084
3950085
3950086
3950088
3950089
3950090
3950091
3950092
3950093
3950094
3950095
3950097
3950098
3950099
3950100
3950101
3950102
3950103
3950104
3950105
3950106
3950107
3950108
3950110
3950111
3950114
3950115
3950116
3950117
3950118
3950119
3950120
3950121
3950122
3950123
3950124
3950125
3950126
3950127
3950128
3950129
3950132
3950133
3950135
3950136
3950137
3950138
3950140
3950141
3950143
3950144
3950145
3950146
3950147
3950150
3950151
3950152
3950156
3950158
3950164
3950165
3950166
3950167
3950169
3950171
3950172
3950177
3950180
3950182
3950183
3950186
3950187
3950189
3950190
3950192
3950193
3950194
3950196
3950197
3950199
3950200
3950201
3950203
3950204
3950205
3950208
3950212
3950219
3950221
3950224
3950227
3950230
3950231
3950232
3950233
3950234
3950238
3950239
3950240
3950241
3950244
3950245
3950246
3950247
3950250
3950252
3950253
3950254
3950255
3950256
3950257
3950258
3950260
3950261
3950266
3950270
3950273
3950275
3950276
3950277
3950278
3950281
3950282
3950283
3950290
3950292
3950294
3950295
3950296
3950297
3950298
3950301
3950304
3950305
3950309
3950311
3950312
3950314
3950315
3950316
3950318
3950319
3950320
3950321
3950323
3950324
3950326
3950328
3950329
3950331
3950332
3950333
3950334
3950335
3950336
3950338
3950339
3950340
3950341
3950342
3950343
3950344
3950346
3950347
3950348
3950349
3950350
3950353
3950354
3950358
3950360
3950361
3950363
3950364
3950365
3950366
3950369
3950370
3950373
3950376
3950377
3950380
3950383
3950385
3950386
3950387
3950388
3950389
3950390
3950391
3950395
3950398
3950400
3950401
3950402
3950403
3950406
3950409
3950410
3950413
3950414
3950419
3950425
3950428
3950468
3950469
3950470
3950471
3950472
3950473
3950475
3950476
3950477
3950478
3950479
3950480
3950481
3950482
3950483
3950484
3950486
3950487
3950488
3950489
3950490
3950491
3950495
3950497
3950498
3950499
3950502
3950503
3950504
3950505
3950506
3950507
3950508
3950509
3950510
3950511
3950512
3950513
3950514
3950516
3950518
3950521
3950558
3950559
3950562
3950590
3950596
3950597
3950601
3950619
3950622
3950623
3950624
3950630
3950638
3950657
3950658
3950660
3950665
3950668
3950683
3950689
3950691
3950692
3950693
3950696
3950697
3950700
3950701
3950702
3950703
3950705
3950706
3950707
3950708
3950756
3950770
3950775
3950793
3950795
3950796
3950798
3950799
3950800
3950801
3950802
3950807
3950813
3950820
3950848
3950853
3950863
3950866
3950867
3950868
3950869
3950870
3950871
3950872
3950873
3950874
3950875
3950876
3950877
3950878
3950879
3950880
3950881
3950882
3950883
3950884
3950885
3950886
3950887
3950888
3950889
3950890
3950891
3950892
3950893
3950894
3950895
3950898
3950899
3950900
3950901
3950902
3950904
3950905
3950907
3950908
3950910
3950912
3950918
3950919
3950923
3950924
3950925
3950926
3950927
3950928
3950929
3950930
3950931
3950937
3950938
3950939
3950942
3950943
3950944
3950945
3950947
3950950
3950951
3950952
3950953
3950955
3950957
3950959
3950960
3950961
3950962
3950963
3950965
3950966
3950967
3950970
3950971
3950972
3950975
3950976
3950977
3950978
3951050
3951054
3951164
3951184
3951190
3951192
3951199
3951217
3951256
3951257
3951269
3951338
3951353
3951359
3951360
3951361
3951367
3951371
3951375
3951378
3951421
3951492
3951493
3951495
3951516
3951528
3951531
3951534
3951537
3951540
3951541
3951542
3951543
3951544
3951545
3951551
3951552
3951557
3951566
3951579
3951592
3951607
3951608
3951618
3951622
3951624
3951626
3951627
3951634
3951638
3951639
3951641
3951642
3951643
3951644
3951645
3951652
3951659
3951660
3951661
3951663
3951666
3951667
3951670
3951672
3951675
3951696
3951700
3951735
3951744
3951782
3951800
3951805
3951808
3951867
3951873
3951874
3951875
3951880
3951884
3951885
3951886
3951888
3951891
3951892
3951893
3951894
3951896
3951898
3951899
3951903
3951906
3951908
3951910
3951911
3951913
3951914
3951915
3951916
3951920
3951923
3951925
3951926
3951927
3951928
3951929
3951932
3951933
3951934
3951937
3951944
3951945
3951947
3951948
3951949
3951952
3951953
3951954
3951955
3951956
3951963
3951964
3951965
3951966
3951970
3951971
3951973
3951977
3951983
3951984
3951986
3951987
3951988
3951991
3951992
3951994
3951996
3951997
3951998
3952004
3952008
3952011
3952012
3952013
3952014
3952015
3952016
3952025
3952027
3952028
3952030
3952033
3952035
3952036
3952037
3952038
3952042
3952046
3952047
3952048
3952054
3952057
3952058
3952059
3952060
3952061
3952062
3952091
3952094
3952095
3952096
3952098
3952099
3952100
3952101
3952102
3952103
3952107
3952108
3952109
3952110
3952111
3952112
3952113
3952114
3952115
3952116
3952117
3952118
3952119
3952121
3952125
3952127
3952128
3952129
3952133
3952134
3952135
3952136
3952139
3952140
3952142
3952152
3952154
3952155
3952156
3952162
3952164
3952166
3952167
3952168
3952169
3952173
3952180
3952181
3952183
3952185
3952186
3952187
3952188
3952189
3952190
3952214
3952254
3952280
3952287
3952289
3952291
3952295
3952296
3952301
3952307
3952308
3952309
3952315
3952316
3952317
3952318
3952319
3952320
3952321
3952327
3952328
3952329
3952337
3952339
3952344
3952347
3952352
3952354
3952356
3952359
3952363
3952366
3952370
3952371
3952372
3952374
3952375
3952377
3952378
3952379
3952384
3952385
3952386
3952391
3952396
3952399
3952403
3952404
3952407
3952410
3952416
3952419
3952421
3952422
3952424
3952428
3952434
3952437
3952439
3952453
3952456
3952484
3952490
3952493
3952497
3952500
3952501
3952503
3952530
3952535
3952536
3952537
3952538
3952539
3952541
3952555
3952563
3952564
3952565
3952566
3952578
3952580
3952581
3952587
3952612
3952633
3952657
3952659
3952660
3952669
3952671
3952685
3952692
3952699
3952703
3952705
3952712
3952716
3952717
3952719
3952723
3952724
3952725
3952730
3952734
3952740
3952751
3952752
3952763
3952778
3952793
3952807
3952810
3952812
3952854
3952861
3952878
3952884
3952908
3952911
3952912
3952914
3952918
3952919
3952920
3952926
3952929
3952933
3952934
3952936
3952941
3952943
3952945
3952947
3952950
3952951
3952952
3953023
3953031
3953035
3953036
3953041
3953046
3953047
3953048
3953049
3953050
3953051
3953052
3953054
3953104
3953105
3953147
3953154
3953160
3953166
3953168
3953173
3953189
3953218
3953225
3953233
3953235
3953244
3953249
3953260
3953261
3953264
3953274
3953292
3953305
3953311
3953315
3953326
3953383
3953389
3953392
3953396
3953398
3953417
3953418
3953453
3953458
3953460
3953464
3953534
3953538
3953549
3953552
3953558
3953582
3953635
3953642
3953653
3953655
3953658
3953670
3953675
3953678
3953685
3953686
3953695
3953698
3953700
3953701
3953711
3953712
3953724
3953757
3953798
3953820
3953821
3953944
3953987
3954014
3954022
3954026
3954030
3954031
3954033
3954034
3954093
3954101
3954102
3954104
3954110
3954111
3954112
3954118
3954121
3954123
3954124
3954125
3954132
3954139
3954141
3954142
3954143
3954153
3954171
3954176
3954516
3954519
3954523
3954530
3954532
3954539
3954543
3954544
3954548
3954549
3954550
3954551
3954552
3954581
3954585
3954587
3954591
3954592
3954594
3954599
3954601
3954605
3954643
3954653
3954712
3954721
3954757
3954771
3954775
3954778
3954782
3954783
3954811
3954829
3954838
3954866
3954874
3954891
3954906
3954916
3954931
3954932
3954933
3954936
3954942
3954946
3954947
3954949
3954951
3954955
3954965
3954966
3954967
3954983
3954984
3954992
3955001
3955002
3955012
3955038
3955044
3955047
3955049
3955050
3955052
3955054
3955061
3955062
3955065
3955067
3955068
3955069
3955070
3955071
3955073
3955094
3955100
3955138
3955145
3955150
3955151
3955156
3955157
3955158
3955161
3955179
3955180
3955181
3955182
3955206
3955211
3955239
3955241
3955242
3955244
3955249
3955273
3955281
3955290
3955291
3955295
3955312
3955345
3955349
3955352
3955354
3955355
3955356
3955370
3955411
3955422
3955451
3955456
3955457
3955461
3955464
3955465
3955466
3955480
3955483
3955486
3955488
3955549
3955583
3955589
3955610
3955613
3955618
3955621
3955624
3955630
3955632
3955633
3955745
3955746
3955747
3955748
3955750
3955751
3955752
3955767
3955772
3955782
3955803
3955805
3955806
3955812
3955815
3955832
3955839
3955850
3955908
3955916
3955938
3955939
3955941
3955944
3955945
3955960
3955966
3955986
3955987
3955988
3955990
3955991
3955992
3955994
3955995
3955997
3956023
3956034
3956051
3956077
3956082
3956120
3956123
3956129
3956190
3956191
3956202
3956204
3956207
3956233
3956241
3956267
3956272
3956275
3956356
3956362
3956363
3956371
3956378
3956384
3956392
3956394
3956395
3956496
3956498
3956499
3956500
3956501
3956504
3956505
3956506
3956507
3956510
3956511
3956512
3956513
3956563
3956585
3956597
3956604
3956609
3956611
3956619
3956666
3956668
3956669
3956689
3956699
3956726
3956727
3956812
3956813
3956815
3956818
3956819
3956820
3956823
3956851
3956859
3956863
3956867
3956894
3956901
3956903
3956907
3956909
3956910
3956913
3956939
3956961
3956990
3956991
3957007
3957016
3957065
3957075
3957151
3957152
3957154
3957155
3957174
3957187
3957188
3957207
3957221
3957236
3957243
3957251
3957254
3957256
3957286
3957301
3957334
3957343
3957347
3957350
3957363
3957374
3957388
3957396
3957402
3957404
3957410
3957413
3957416
3957424
3957428
3957429
3957431
3957436
3957440
3957450
3957455
3957457
3957458
3957459
3957462
3957474
3957475
3957479
3957480
3957485
3957486
3957493
3957496
3957499
3957500
3957525
3957526
3957534
3957551
3957553
3957554
3957557
3957561
3957562
3957567
3957568
3957569
3957570
3957571
3957573
3957574
3957577
3957578
3957588
3957590
3957591
3957592
3957610
3957612
3957616
3957619
3957621
3957624
3957630
3957631
3957633
3957634
3957644
3957655
3957656
3957657
3957674
3957675
3957683
3957686
3957691
3957709
3957711
3957712
3957722
3957728
3957743
3957745
3957746
3957761
3957762
3957763
3957773
3957776
3957777
3957779
3957809
3957812
3957816
3957826
3957834
3957839
3957841
3957844
3957847
3957851
3957852
3957853
3957860
3957861
3957862
3957863
3957871
3957873
3957874
3957875
3957880
3957907
3957913
3957943
3957966
3957968
3957971
3957993
3958017
3958028
3958036
3958037
3958054
3958060
3958065
3958072
3958074
3958075
3958077
3958078
3958090
3958091
3958092
3958094
3958098
3958099
3958109
3958110
3958111
3958114
3958119
3958123
3958124
3958125
3958132
3958139
3958158
3958162
3958165
3958174
3958175
3958176
3958177
3958192
3958193
3958195
3958197
3958199
3958200
3958202
3958209
3958220
3958221
3958222
3958223
3958225
3958227
3958233
3958247
3958258
3958269
3958272
3958293
3958294
3958295
3958298
3958308
3958322
3958343
3958344
3958371
3958373
3958375
3958377
3958378
3958379
3958381
3958382
3958384
3958385
3958387
3958388
3958394
3958397
3958401
3958404
3958406
3958408
3958409
3958411
3958413
3958415
3958417
3958422
3958425
3958427
3958428
3958429
3958431
3958434
3958435
3958440
3958441
3958442
3958445
3958453
3958454
3958456
3958474
3958475
3958476
3958483
3958488
3958492
3958493
3958494
3958497
3958498
3958499
3958501
3958503
3958504
3958505
3958511
3958527
3958528
3958530
3958535
3958537
3958538
3958539
3958544
3958564
3958585
3958592
3958634
3958645
3958663
3958671
3958673
3958674
3958688
3958693
3958703
3958705
3958712
3958717
3958718
3958720
3958721
3958724
3958725
3958729
3958731
3958734
3958735
3958736
3958739
3958744
3958747
3958750
3958752
3958753
3958755
3958761
3958767
3958777
3958782
3958790
3958798
3958799
3958811
3958814
3958817
3958820
3958821
3958822
3958828
3958831
3958833
3958834
3958839
3958841
3958852
3958856
3958861
3958901
3958904
3958906
3958908
3958909
3958910
3958911
3958913
3958950
3958953
3958955
3958959
3958961
3958964
3958971
3958972
3958980
3958981
3958989
3959002
3959005
3959010
3959011
3959015
3959016
3959023
3959024
3959032
3959033
3959034
3959038
3959041
3959043
3959046
3959058
3959059
3959069
3959073
3959074
3959075
3959077
3959080
3959105
3959107
3959108
3959109
3959110
3959114
3959115
3959118
3959120
3959121
3959125
3959126
3959128
3959129
3959132
3959134
3959136
3959139
3959141
3959145
3959147
3959151
3959153
3959155
3959158
3959159
3959163
3959170
3959173
3959174
3959176
3959177
3959179
3959181
3959182
3959183
3959184
3959188
3959191
3959192
3959193
3959196
3959199
3959202
3959203
3959205
3959208
3959209
3959210
3959213
3959220
3959221
3959223
3959234
3959243
3959246
3959247
3959255
3959256
3959264
3959270
3959279
3959288
3959289
3959293
3959299
3959304
3959305
3959306
3959307
3959312
3959316
3959320
3959321
3959322
3959323
3959324
3959328
3959331
3959332
3959334
3959336
3959338
3959339
3959340
3959342
3959354
3959355
3959357
3959359
3959361
3959362
3959364
3959367
3959368
3959369
3959372
3959377
3959379
3959388
3959396
3959404
3959405
3959419
3959429
3959431
3959435
3959436
3959437
3959446
3959454
3959456
3959459
3959461
3959462
3959463
3959464
3959471
3959473
3959478
3959483
3959484
3959487
3959489
3959491
3959493
3959494
3959495
3959496
3959503
3959508
3959512
3959514
3959518
3959522
3959523
3959524
3959526
3959529
3959539
3959540
3959541
3959542
3959544
3959545
3959551
3959553
3959555
3959556
3959558
3959563
3959564
3959583
3959592
3959615
3959617
3959623
3959627
3959628
3959629
3959631
3959634
3959635
3959663
3959665
3959670
3959712
3959714
3959717
3959732
3959735
3959743
3959744
3959747
3959748
3959749
3959750
3959751
3959753
3959754
3959756
3959757
3959758
3959759
3959760
3959764
3959766
3959767
3959774
3959780
3959787
3959794
3959802
3959803
3959804
3959805
3959807
3959809
3959810
3959811
3959814
3959815
3959816
3959817
3959818
3959820
3959821
3959822
3959823
3959825
3959826
3959827
3959828
3959829
3959830
3959833
3959834
3959837
3959840
3959842
3959844
3959845
3959846
3959848
3959849
3959850
3959853
3959921
3959923
3959925
3959938
3959965
3959972
3959978
3959980
3959983
3959991
3959995
3959997
3959999
3960002
3960003
3960013
3960015
3960017
3960039
3960066
3960069
3960071
3960123
3960144
3960170
3960193
3960256
3960281
3960292
3960297
3960298
3960301
3960302
3960312
3960313
3960314
3960340
3960344
3960351
3960352
3960354
3960358
3960382
3960400
3960408
3960417
3960432
3960437
3960447
3960519
3960520
3960535
3960536
3960543
3960544
3960545
3960546
3960547
3960549
3960550
3960552
3960553
3960563
3960564
3960565
3960569
3960571
3960578
3960579
3960580
3960581
3960583
3960584
3960619
3960620
3960628
3960630
3960631
3960632
3960639
3960640
3960641
3960642
3960654
3960657
3960658
3960659
3960665
3960667
3960668
3960670
3960671
3960672
3960673
3960675
3960711
3960716
3960718
3960719
3960724
3960725
3960726
3960727
3960753
3960764
3960779
3960844
3960871
3960946
3960948
3960955
3960961
3960962
3960969
3960970
3960976
3960979
3960985
3960989
3961006
3961008
3961009
3961026
3961037
3961063
3961073
3961089
3961097
3961119
3961121
3961122
3961123
3961132
3961133
3961134
3961137
3961212
3961237
3961326
3961332
3961334
3961367
3961376
3961379
3961383
3961404
3961409
3961411
3961415
3961416
3961447
3961452
3961456
3961457
3961458
3961471
3961474
3961476
3961481
3961482
3961489
3961490
3961491
3961492
3961497
3961501
3961502
3961506
3961507
3961508
3961515
3961519
3961521
3961526
3961527
3961528
3961529
3961531
3961540
3961547
3961549
3961554
3961555
3961556
3961571
3961576
3961586
3961592
3961600
3961601
3961604
3961605
3961606
3961608
3961609
3961610
3961611
3961631
3961634
3961643
3961647
3961649
3961658
3961677
3961679
3961685
3961686
3961687
3961689
3961690
3961692
3961693
3961694
3961695
3961730
3961743
3961747
3961748
3961749
3961759
3961760
3961761
3961763
3961775
3961781
3961792
3961794
3961801
3961819
3961820
3961835
3961836
3961837
3961839
3961841
3961851
3961853
3961855
3961858
3961860
3961869
3961871
3961873
3961874
3961878
3961882
3961896
3961897
3961899
3961915
3961917
3961918
3961927
3961938
3961948
3961977
3961980
3961990
3961991
3962011
3962012
3962013
3962014
3962016
3962018
3962023
3962026
3962027
3962055
3962088
3962089
3962107
3962116
3962118
3962121
3962126
3962134
3962141
3962145
3962170
3962189
3962190
3962201
3962205
3962207
3962208
3962216
3962222
3962230
3962231
3962239
3962244
3962248
3962249
3962257
3962291
3962300
3962302
3962314
3962317
3962318
3962320
3962322
3962342
3962352
3962363
3962370
3962377
3962378
3962382
3962384
3962386
3962425
3962455
3962469
3962472
3962473
3962476
3962479
3962495
3962496
3962497
3962503
3962504
3962534
3962566
3962585
3962588
3962650
3962662
3962678
3962827
3962835
3962836
3962838
3962868
3962869
3962883
3962946
3962998
3963002
3963005
3963007
3963038
3963043
3963045
3963046
3963054
3963066
3963069
3963070
3963072
3963073
3963074
3963078
3963084
3963088
3963089
3963103
3963164
3963179
3963189
3963198
3963199
3963202
3963203
3963243
3963247
3963251
3963311
3963323
3963324
3963330
3963331
3963334
3963336
3963362
3963379
3963381
3963383
3963391
3963399
3963400
3963427
3963434
3963440
3963443
3963448
3963461
3963472
3963476
3963483
3963485
3963491
3963493
3963495
3963496
3963503
3963507
3963563
3963564
3963583
3963596
3963598
3963627
3963633
3963634
3963661
3963677
3963679
3963681
3963688
3963718
3963754
3963765
3963766
3963767
3963768
3963770
3963771
3963773
3963774
3963785
3963796
3963833
3963900
3963926
3963944
3963946
3963958
3963971
3963973
3963977
3963979
3963980
3963990
3964016
3964017
3964047
3964048
3964076
3964099
3964150
3964155
3964161
3964177
3964178
3964188
3964189
3964201
3964204
3964205
3964211
3964217
3964221
3964237
3964246
3964264
3964267
3964344
3964356
3964360
3964394
3964400
3964401
3964412
3964414
3964419
3964433
3964435
3964535
3964537
3964538
3964539
3964551
3964562
3964563
3964594
3964626
3964627
3964629
3964635
3964640
3964681
3964697
3964698
3964703
3964729
3964730
3964731
3964732
3964736
3964737
3964781
3964783
3964795
3964796
3964797
3964798
3964806
3964807
3964816
3964849
3964853
3964856
3964860
3964865
3964926
3964936
3964952
3964965
3964970
3964980
3964988
3964991
3964996
3964997
3964998
3965020
3965021
3965023
3965024
3965026
3965027
3965028
3965029
3965034
3965036
3965037
3965038
3965082
3965083
3965085
3965088
3965089
3965090
3965097
3965099
3965100
3965103
3965104
3965106
3965109
3965110
3965112
3965113
3965114
3965119
3965120
3965141
3965144
3965146
3965160
3965169
3965170
3965176
3965177
3965178
3965183
3965223
3965258
3965312
3965346
3965419
3965423
3965430
3965432
3965433
3965435
3965438
3965439
3965441
3965444
3965515
3965532
3965560
3965570
3965597
3965621
3965775
3965777
3965781
3965782
3965783
3965784
3965785
3965794
3965862
3965866
3965896
3965940
3965957
3965983
3965985
3965986
3966069
3966072
3966075
3966076
3966081
3966090
3966103
3966130
3966148
3966164
3966166
3966385
3966393
3966395
3966397
3966399
3966405
3966422
3966423
3966426
3966454
3966455
3966458
3966459
3966507
3966510
3966520
3966539
3966554
3966557
3966563
3966567
3966568
3966569
3966575
3966577
3966582
3966585
3966586
3966589
3966596
3966598
3966605
3966630
3966633
3966634
3966635
3966636
3966637
3966652
3966659
3966666
3966747
3966748
3966767
3966782
3966793
3966864
3966871
3966875
3966878
3966883
3966884
3966885
3966886
3966889
3966893
3966894
3966895
3966896
3966904
3966906
3966919
3966920
3966923
3966924
3966925
3966931
3966933
3966948
3966951
3966952
3966993
3967002
3967003
3967015
3967017
3967020
3967024
3967025
3967042
3967059
3967063
3967064
3967065
3967082
3967085
3967086
3967087
3967088
3967149
3967164
3967166
3967184
3967195
3967197
3967205
3967210
3967218
3967220
3967222
3967223
3967224
3967277
3967285
3967305
3967309
3967315
3967357
3967360
3967385
3967406
3967408
3967439
3967444
3967473
3967538
3967542
3967556
3967559
3967688
3967689
3967716
3967717
3967719
3967720
3967723
3967754
3967763
3967764
3967767
3967770
3967771
3967795
3967797
3967799
3967812
3967827
3967847
3967865
3967866
3967867
3967868
3967870
3967880
3967887
3967888
3967903
3967904
3967910
3967929
3967931
3967933
3967935
3967937
3967939
3967942
3967945
3967947
3967950
3967952
3967953
3967954
3967955
3967956
3967963
3967966
3967972
3967974
3967976
3967977
3968035
3968043
3968054
3968055
3968060
3968062
3968066
3968073
3968075
3968078
3968080
3968081
3968088
3968100
3968103
3968104
3968114
3968117
3968120
3968129
3968133
3968136
3968139
3968140
3968142
3968144
3968156
3968162
3968163
3968167
3968168
3968172
3968176
3968177
3968178
3968179
3968183
3968184
3968185
3968188
3968216
3968220
3968229
3968238
3968239
3968240
3968241
3968245
3968246
3968267
3968279
3968280
3968290
3968292
3968293
3968294
3968296
3968308
3968311
3968312
3968328
3968333
3968337
3968345
3968351
3968359
3968367
3968369
3968398
3968399
3968404
3968407
3968408
3968412
3968413
3968436
3968438
3968442
3968445
3968449
3968452
3968459
3968460
3968486
3968488
3968490
3968491
3968497
3968510
3968512
3968515
3968517
3968518
3968520
3968524
3968579
3968581
3968582
3968586
3968671
3968742
3968754
3968786
3968787
3968790
3968794
3968795
3968797
3968798
3968799
3968801
3968806
3968807
3968808
3968809
3968810
3968815
3968816
3968822
3969010
3969020
3969025
3969031
3969032
3969039
3969046
3969050
3969051
3969132
3969208
3969290
3969295
3969299
3969300
3969301
3969306
3969310
3969312
3969377
3969380
3969390
3969394
3969396
3969409
3969415
3969416
3969423
3969484
3969499
3969505
3969530
3969531
3969532
3969537
3969618
3969667
3969676
3969681
3969686
3969692
3969716
3969717
3969721
3969722
3969723
3969789
3969790
3969792
3969794
3969798
3969799
3970046
3970047
3970055
3970070
3970071
3970078
3970135
3970136
3970147
3970160
3970170
3970222
3970282
3970350
3970352
3970356
3970357
3970358
3970359
3970362
3970364
3970366
3970367
3970368
3970369
3970370
3970372
3970374
3970375
3970381
3970384
3970385
3970405
3970424
3970437
3970438
3970439
3970447
3970448
3970449
3970477
3970485
3970486
3970487
3970488
3970493
3970506
3970507
3970516
3970517
3970518
3970519
3970521
3970527
3970528
3970536
3970540
3970541
3970543
3970544
3970548
3970550
3970551
3970554
3970561
3970578
3970579
3970582
3970613
3970614
3970615
3970726
3970730
3970732
3970746
3970747
3970752
3970820
3970835
3970836
3970846
3970847
3970887
3970888
3970891
3970893
3970894
3970895
3971098
3971099
3971108
3971115
3971157
3971234
3971237
3971239
3971240
3971242
3971257
3971266
3971268
3971269
3971270
3971271
3971276
3971280
3971281
3971287
3971294
3971308
3971315
3971316
3971332
3971339
3971344
3971401
3971402
3971404
3971436
3971504
3971549
3971550
3971578
3971631
3971632
3971633
3971634
3971635
3971639
3971654
3971660
3971662
3971669
3971670
3971671
3971676
3971717
3971724
3971726
3971731
3971758
3971760
3971765
3971770
3971775
3971776
3971777
